ts_ms,open,high,low,close
1780272000000,312.01,312.01,309.99,310.04
1780272900000,310.27,310.97,310.04,310.97
1780273800000,310.94,311.21,310.79,311.03
1780274700000,311.03,311.14,310.59,310.68
1780275600000,310.65,310.73,310.25,310.25
1780276500000,310.35,310.57,310.33,310.38
1780277400000,310.39,310.42,310.28,310.34
1780278300000,310.32,310.34,310.17,310.17
1780279200000,310.23,310.37,310.23,310.27
1780280100000,310.28,310.32,310.18,310.22
1780281000000,310.21,310.41,310.18,310.29
1780281900000,310.29,310.82,310.23,310.6
1780282800000,310.66,310.8,309.99,309.99
1780283700000,310.08,310.24,310.01,310.18
1780284600000,310.21,310.74,310.21,310.29
1780285500000,310.21,310.78,310.13,310.13
1780286400000,310.16,310.28,310.01,310.04
1780287300000,310.04,310.17,310.02,310.03
1780288200000,310.1,310.24,309.99,310.04
1780289100000,310.04,310.08,310.01,310.01
1780290000000,310.02,310.04,309.9,309.9
1780290900000,309.95,309.95,309.87,309.88
1780291800000,309.87,309.87,309.62,309.65
1780292700000,309.7,310.13,309.7,310.06
1780293600000,310.06,310.17,310.01,310.13
1780294500000,310.14,310.17,310.08,310.16
1780295400000,310.17,310.29,310.04,310.08
1780296300000,310.1,310.26,310.1,310.26
1780297200000,310.19,310.27,310.09,310.1
1780298100000,310.09,310.2,309.8,309.91
1780299000000,309.85,309.85,309.6,309.85
1780299900000,309.84,309.98,309.69,309.69
1780300800000,310.07,311.375,309.895,310.07
1780301700000,309.81,310.09,309.59,309.59
1780302600000,310.088,310.15,309.89,309.95
1780303500000,309.9,310.295,309.855,310.09
1780304400000,310.37,310.37,310.135,310.37
1780305300000,310.22,310.3,309.675,310.22
1780306200000,310.18,310.333,309.696,310.18
1780307100000,310.195,310.195,309.831,309.831
1780308000000,309.83,309.905,309.725,309.765
1780308900000,309.82,309.934,309.29,309.29
1780309800000,309.45,309.803,309.32,309.77
1780310700000,309.12,309.751,309.12,309.28
1780311600000,309.69,309.896,309.335,309.7
1780312500000,309.98,310.207,309.801,310
1780313400000,310.025,310.025,309.585,309.67
1780314300000,309.65,309.925,309.6,309.6
1780315200000,309.74,310.38,309.6,310.34
1780316100000,310.53,310.575,310.257,310.55
1780317000000,310.02,310.535,309.859,310.44
1780317900000,310.61,311.08,310.305,311.08
1780318800000,310.88,311.58,310.624,311.39
1780319700000,310.56,310.952,309.03,309.03
1780320600000,309.59,310.93,308.56,309.5
1780321500000,309.54,310.595,309.16,310.055
1780322400000,310.05,310.24,309.13,309.71
1780323300000,309.7,310.11,307.83,307.84
1780324200000,307.84,308.455,307.41,307.44
1780325100000,306.949,307.12,306.56,306.921
1780326000000,306.99,307.54,306.36,306.751
1780326900000,306.763,307.08,306.46,306.563
1780327800000,306.55,307.24,306.525,306.805
1780328700000,306.802,307.03,306.46,306.84
1780329600000,306.84,306.94,306.08,306.135
1780330500000,306.05,306.23,305.49,305.735
1780331400000,305.736,306.16,305.66,306.067
1780332300000,306.067,306.525,305.9,306.2
1780333200000,306.207,306.209,305.04,305.753
1780334100000,305.751,306.51,305.25,306.361
1780335000000,306.55,308.01,306.32,307.814
1780335900000,307.812,308.37,307.56,307.768
1780336800000,307.767,307.78,307.29,307.47
1780337700000,307.464,307.94,307.375,307.867
1780338600000,307.864,308.31,307.605,307.851
1780339500000,307.859,307.99,307.35,307.571
1780340400000,307.52,308.05,307.48,307.607
1780341300000,307.596,307.951,307.36,307.421
1780342200000,307.44,308.01,307.35,307.72
1780343100000,307.719,307.82,305.9,306.283
1780344000000,306.285,306.544,306.138,306.395
1780344900000,306.395,306.395,306.077,306.161
1780345800000,306.161,306.21,306,306.17
1780346700000,306.17,306.788,306.075,306.701
1780347600000,306.7,306.7,306.405,306.7
1780348500000,306.7,306.7,306.335,306.39
1780349400000,306.39,306.39,306.346,306.365
1780350300000,306.365,306.365,306.155,306.21
1780351200000,306.21,306.28,305.64,305.834
1780352100000,305.829,305.899,305.53,305.645
1780353000000,305.643,305.919,305.641,305.703
1780353900000,305.702,305.75,305.575,305.65
1780354800000,305.65,306,305.65,305.985
1780355700000,305.985,305.985,305.69,305.695
1780356600000,305.695,305.93,305.6,305.704
1780357500000,305.704,305.724,305.38,305.46
1780358400000,308.69,308.69,305.01,305.46
1780359300000,305.26,305.66,305.11,305.49
1780360200000,305.44,305.51,305,305.28
1780361100000,305.28,305.58,305.28,305.38
1780362000000,305.44,305.56,305.31,305.46
1780362900000,305.46,305.57,305.39,305.39
1780363800000,305.41,305.56,305.35,305.54
1780364700000,305.51,305.51,304.94,304.94
1780365600000,304.95,305.5,304.89,305.46
1780366500000,305.35,305.59,305.29,305.5
1780367400000,305.48,305.51,305.41,305.49
1780368300000,305.49,305.5,305.38,305.4
1780369200000,305.4,305.48,305.36,305.38
1780370100000,305.41,305.51,305.18,305.2
1780371000000,305.21,305.59,305.19,305.59
1780371900000,305.54,305.7,305.49,305.7
1780372800000,305.73,305.8,305.47,305.54
1780373700000,305.61,305.69,305.33,305.53
1780374600000,305.46,305.48,305.36,305.42
1780375500000,305.48,305.48,305,305.33
1780376400000,305.4,305.44,305,305.17
1780377300000,305.17,305.42,305.11,305.22
1780378200000,305.15,305.45,305.11,305.26
1780379100000,305.19,305.35,305.04,305.13
1780380000000,305.12,305.28,305.12,305.24
1780380900000,305.24,305.46,305.24,305.3
1780381800000,305.35,306.01,305.24,306.01
1780382700000,305.96,306.4,305.93,306.33
1780383600000,306.39,307.1,306.31,306.99
1780384500000,306.99,307.11,306.67,307.11
1780385400000,307.14,307.6,306.9,307.55
1780386300000,307.26,307.55,306.72,307.04
1780387200000,305.46,307.18,304.55,306.913
1780388100000,306.916,306.935,306.596,306.795
1780389000000,306.795,307.055,306.795,306.97
1780389900000,306.97,307.27,306.97,307.244
1780390800000,307.244,307.245,306.9,306.9
1780391700000,306.9,306.97,306.002,306.293
1780392600000,306.294,306.595,306.25,306.515
1780393500000,306.514,306.514,306.06,306.061
1780394400000,306.06,306.27,305.869,305.975
1780395300000,305.975,306.235,305.975,306.112
1780396200000,306.111,306.209,306.104,306.209
1780397100000,306.209,306.25,306.091,306.091
1780398000000,306.091,306.25,305.99,306.125
1780398900000,306.125,306.125,305.8,306.05
1780399800000,306.05,306.108,305.8,305.88
1780400700000,305.88,305.901,305.76,305.814
1780401600000,305.814,305.89,305.755,305.796
1780402500000,305.795,306.194,305.74,306.02
1780403400000,306.02,306.065,305.881,306.024
1780404300000,306.024,306.195,305.882,305.882
1780405200000,305.881,305.881,305.377,305.525
1780406100000,305.525,307.687,305.36,307.447
1780407000000,307.37,309.86,306.74,309.075
1780407900000,309.11,309.32,308.33,309.068
1780408800000,309.29,309.49,308.54,308.642
1780409700000,308.641,310.47,308.63,310.409
1780410600000,310.35,310.44,309.68,309.78
1780411500000,309.79,310.76,309.265,310.572
1780412400000,310.54,312.27,310.46,312.04
1780413300000,311.975,312.92,311.73,312.71
1780414200000,312.71,313.03,312.38,312.89
1780415100000,312.874,313.16,312.39,312.438
1780416000000,312.434,312.88,312.1,312.494
1780416900000,312.46,312.56,312.05,312.457
1780417800000,312.47,312.55,311.91,312.078
1780418700000,312.076,314.47,312.045,314.342
1780419600000,314.29,315.02,314.285,314.985
1780420500000,314.995,315.1,314.085,314.69
1780421400000,314.68,315.28,314.34,314.81
1780422300000,314.84,315.45,314.46,314.696
1780423200000,314.715,314.94,314.36,314.38
1780424100000,314.371,314.371,313.75,314.24
1780425000000,314.239,314.51,314.2,314.381
1780425900000,314.38,314.86,314.245,314.678
1780426800000,314.65,315.22,314.65,314.762
1780427700000,314.759,315.08,314.68,314.768
1780428600000,314.767,315.12,314.76,314.978
1780429500000,314.955,315.44,314.03,315.185
1780430400000,315.295,315.45,314.866,315.064
1780431300000,315.07,315.125,314.635,314.88
1780432200000,314.88,314.884,314.433,314.805
1780433100000,314.805,315,314.805,314.885
1780434000000,314.885,315.072,314.885,314.885
1780434900000,314.885,315.035,314.885,314.925
1780435800000,314.925,314.99,314.925,314.99
1780436700000,314.99,315,314.535,314.535
1780437600000,314.535,314.91,314.535,314.63
1780438500000,314.63,315.02,314.63,314.902
1780439400000,314.901,314.97,314.771,314.771
1780440300000,314.771,314.771,314.255,314.414
1780441200000,314.415,314.708,314.415,314.455
1780442100000,314.455,314.455,313.561,313.867
1780443000000,313.902,314.732,313.902,314.732
1780443900000,314.734,315.13,314.45,314.877
1780444800000,314.89,315.32,314.79,314.81
1780445700000,314.8,314.94,314.62,314.94
1780446600000,314.9,315.19,314.9,315.15
1780447500000,315.15,315.16,314.89,315.04
1780448400000,315.05,315.09,314.74,314.79
1780449300000,314.79,314.89,314.69,314.79
1780450200000,314.77,314.87,314.65,314.7
1780451100000,314.71,314.8,314.5,314.58
1780452000000,314.58,314.58,314.43,314.55
1780452900000,314.55,314.59,314.46,314.57
1780453800000,314.56,314.6,314.49,314.6
1780454700000,314.63,314.64,314.54,314.62
1780455600000,314.61,314.67,314.5,314.61
1780456500000,314.61,314.68,314.55,314.56
1780457400000,314.56,314.56,314.38,314.41
1780458300000,314.39,314.46,314.26,314.4
1780459200000,314.4,314.48,314.38,314.39
1780460100000,314.43,314.53,314.43,314.46
1780461000000,314.46,314.49,314.42,314.47
1780461900000,314.47,314.49,314.41,314.48
1780462800000,314.44,314.51,314.41,314.51
1780463700000,314.51,314.59,314.51,314.52
1780464600000,314.52,314.52,314.31,314.31
1780465500000,314.31,314.42,314.11,314.26
1780466400000,314.27,314.5,314.11,314.31
1780467300000,314.24,314.43,314.2,314.43
1780468200000,314.41,314.66,314.41,314.66
1780469100000,314.59,314.62,314.37,314.48
1780470000000,314.48,314.54,314.37,314.44
1780470900000,314.43,314.54,314.31,314.31
1780471800000,314.33,314.42,313.99,314.09
1780472700000,314.09,314.29,313.93,314.1
1780473600000,314.796,314.796,314.005,314.126
1780474500000,314.125,314.44,313.85,314.44
1780475400000,314.44,314.846,314.255,314.77
1780476300000,314.772,314.87,314.735,314.735
1780477200000,314.735,314.803,314.656,314.77
1780478100000,314.77,314.895,314.726,314.895
1780479000000,314.895,315.01,314.625,314.834
1780479900000,314.836,314.969,314.63,314.773
1780480800000,314.774,314.8,314.655,314.743
1780481700000,314.744,314.745,314.29,314.29
1780482600000,314.29,314.499,314.16,314.37
1780483500000,314.37,314.48,314.25,314.48
1780484400000,314.48,314.789,314.273,314.555
1780485300000,314.557,314.6,314.2,314.2
1780486200000,314.2,314.578,314.2,314.45
1780487100000,314.45,314.45,314.15,314.34
1780488000000,314.34,314.45,314.18,314.45
1780488900000,314.431,314.435,314.312,314.312
1780489800000,314.311,314.311,314,314.04
1780490700000,314.04,314.12,313.82,313.835
1780491600000,313.835,314.115,313.825,314
1780492500000,314,314.5,313.325,313.954
1780493400000,314.39,316.94,313.997,316.583
1780494300000,316.581,316.74,314.815,314.883
1780495200000,314.815,315.935,314.25,315.861
1780496100000,315.858,315.92,314.26,314.34
1780497000000,314.41,314.63,313.01,313.038
1780497900000,313.035,313.09,311.17,311.5
1780498800000,311.523,311.91,310.415,310.602
1780499700000,310.603,311.85,310.32,311.65
1780500600000,311.641,312.17,311.19,311.561
1780501500000,311.558,311.676,311.25,311.441
1780502400000,311.453,311.82,310.94,311.292
1780503300000,311.293,311.3,309.53,309.764
1780504200000,309.77,310.08,309.335,309.906
1780505100000,309.907,310.45,309.73,310.29
1780506000000,310.3,310.3,309.16,309.244
1780506900000,309.24,309.37,308.875,309.196
1780507800000,309.18,309.675,308.985,309.485
1780508700000,309.483,309.58,309.24,309.338
1780509600000,309.337,309.71,309.025,309.344
1780510500000,309.341,309.98,309.31,309.807
1780511400000,309.812,309.94,309.275,309.639
1780512300000,309.585,309.89,309.585,309.803
1780513200000,309.82,310,309.49,309.852
1780514100000,309.845,310.535,309.81,310.413
1780515000000,310.413,311.1,310.4,310.993
1780515900000,310.91,310.981,309.32,310.21
1780516800000,310.195,310.717,309.92,310.303
1780517700000,310.304,311.043,310.01,310.601
1780518600000,310.601,311.49,310.6,311.153
1780519500000,311.153,311.424,311.15,311.364
1780520400000,311.362,313.254,311.202,312.366
1780521300000,312.372,312.673,311.862,312.2
1780522200000,312.2,312.611,311.895,312.15
1780523100000,312.15,312.362,311.78,311.95
1780524000000,311.95,313.16,311.95,312.88
1780524900000,312.88,313.69,312.565,313.3
1780525800000,313.3,313.777,313.3,313.5
1780526700000,313.5,314.309,313.345,314.119
1780527600000,314.106,314.106,313.582,313.863
1780528500000,313.867,314.297,313.811,314.2
1780529400000,314.2,314.346,313.691,313.873
1780530300000,313.874,314.106,313.629,313.89
1780531200000,313.93,314.72,313.42,314.1
1780532100000,314.13,314.51,314.03,314.21
1780533000000,314.13,314.29,313.93,314.01
1780533900000,314.01,314.1,313.83,313.94
1780534800000,313.93,314,313.74,313.86
1780535700000,313.86,313.86,313.53,313.75
1780536600000,313.77,314.14,313.77,314.03
1780537500000,314.01,314.46,313.97,314.27
1780538400000,314.27,314.64,314.03,314.08
1780539300000,314.13,314.13,313.69,313.85
1780540200000,313.85,314.35,313.71,314.35
1780541100000,314.33,314.37,313.56,313.72
1780542000000,313.75,314.01,313.75,313.84
1780542900000,313.91,314.12,313.89,313.89
1780543800000,313.92,314.12,313.74,313.74
1780544700000,313.79,313.84,313.62,313.71
1780545600000,313.73,313.84,313.66,313.84
1780546500000,313.85,313.85,313.62,313.62
1780547400000,313.69,313.69,313.6,313.67
1780548300000,313.68,313.71,313.55,313.69
1780549200000,313.59,313.7,313.45,313.53
1780550100000,313.51,313.51,313.27,313.28
1780551000000,313.28,313.37,313.26,313.36
1780551900000,313.34,313.34,313.11,313.17
1780552800000,313.22,313.31,313.09,313.1
1780553700000,313.07,313.22,312.97,313.22
1780554600000,313.22,313.26,313.13,313.26
1780555500000,313.24,313.27,313.06,313.19
1780556400000,313.15,313.17,312.72,313.05
1780557300000,313.02,313.02,312.56,312.68
1780558200000,312.69,312.69,312.26,312.51
1780559100000,312.69,312.69,312.02,312.02
1780560000000,313.677,313.677,312.296,312.665
1780560900000,312.665,312.665,312.2,312.515
1780561800000,312.515,312.755,312.499,312.499
1780562700000,312.494,312.885,312.306,312.883
1780563600000,312.872,314.024,312.628,313.845
1780564500000,313.847,314.274,313.172,313.275
1780565400000,313.275,313.52,312.951,313.325
1780566300000,313.325,313.545,313.06,313.275
1780567200000,313.281,313.31,312.575,312.799
1780568100000,312.8,313.275,312.685,312.843
1780569000000,312.842,312.949,312.622,312.622
1780569900000,312.621,312.855,312.15,312.171
1780570800000,312.171,313.065,312.171,312.677
1780571700000,312.671,313.584,312.64,313.09
1780572600000,313.09,313.15,312.36,312.766
1780573500000,312.763,313.344,312.569,313.201
1780574400000,313.2,313.21,312.565,312.805
1780575300000,312.809,313,312.55,312.86
1780576200000,312.859,313.159,312.672,313.056
1780577100000,313.08,313.424,313.08,313.225
1780578000000,313.225,313.423,313.013,313.013
1780578900000,313.011,313.955,312.633,313.184
1780579800000,313.325,313.39,310.455,311.993
1780580700000,311.976,312.41,310.875,312.327
1780581600000,312.265,312.38,310.835,311.301
1780582500000,311.326,311.85,309.96,310.26
1780583400000,310.204,310.84,310.085,310.423
1780584300000,310.424,310.765,309.81,310.366
1780585200000,310.425,311.345,310.386,310.862
1780586100000,310.885,311.28,310.24,310.384
1780587000000,310.415,310.57,309.67,310.182
1780587900000,310.17,310.4,309.975,310.334
1780588800000,310.405,310.965,310.25,310.836
1780589700000,310.84,311.11,310.59,310.596
1780590600000,310.603,311.5,310.49,311.425
1780591500000,311.37,311.77,310.99,311.416
1780592400000,311.414,311.7,310.975,311.083
1780593300000,311.05,311.71,310.98,311.66
1780594200000,311.68,311.985,311.64,311.694
1780595100000,311.692,311.692,311.18,311.244
1780596000000,311.244,311.465,311,311.338
1780596900000,311.333,311.62,311.225,311.425
1780597800000,311.415,311.961,311.374,311.948
1780598700000,311.949,312,311.44,311.727
1780599600000,311.7,311.905,311.66,311.801
1780600500000,311.808,312.08,311.71,311.928
1780601400000,311.93,311.96,311.05,311.394
1780602300000,311.4,311.96,311.11,311.14
1780603200000,311.284,311.544,310.96,311.09
1780604100000,311.09,311.384,310.951,311.15
1780605000000,311.15,311.235,311,311.153
1780605900000,311.154,311.299,311.01,311.285
1780606800000,311.285,311.59,311.2,311.429
1780607700000,311.43,311.43,311.3,311.3
1780608600000,311.3,311.539,311.2,311.5
1780609500000,311.5,311.7,311.48,311.601
1780610400000,311.601,311.699,311.164,311.295
1780611300000,311.295,311.675,311.293,311.477
1780612200000,311.471,311.549,311.25,311.355
1780613100000,311.355,311.48,311.31,311.31
1780614000000,311.31,311.475,311.02,311.25
1780614900000,311.25,311.3,310.606,310.88
1780615800000,310.88,310.88,310.515,310.515
1780616700000,310.515,310.75,310.01,310.451
1780617600000,310.81,311.42,310.01,311.42
1780618500000,311.31,311.5,310.67,311.21
1780619400000,311.32,311.4,310.81,311.09
1780620300000,311.19,311.22,310.8,311.01
1780621200000,310.99,311.78,310.97,311.76
1780622100000,311.74,311.79,311.25,311.48
1780623000000,311.27,311.31,310.49,310.86
1780623900000,310.67,311,310.57,310.9
1780624800000,310.9,310.93,310.73,310.8
1780625700000,310.82,310.9,310.74,310.88
1780626600000,310.84,310.88,310.69,310.81
1780627500000,310.78,310.82,310.65,310.74
1780628400000,310.74,310.89,310.7,310.7
1780629300000,310.7,310.86,310.68,310.81
1780630200000,310.79,310.82,310.72,310.74
1780631100000,310.74,310.8,310.56,310.61
1780632000000,310.72,310.74,310.52,310.55
1780632900000,310.58,310.76,310.43,310.48
1780633800000,310.48,310.6,310.41,310.54
1780634700000,310.52,310.79,310.52,310.69
1780635600000,310.68,310.79,310.63,310.64
1780636500000,310.64,310.75,310.6,310.69
1780637400000,310.69,310.8,310.69,310.75
1780638300000,310.68,310.77,310.65,310.68
1780639200000,310.68,310.75,310.55,310.59
1780640100000,310.59,310.7,310.54,310.68
1780641000000,310.68,310.75,310.58,310.58
1780641900000,310.62,310.77,310.56,310.71
1780642800000,310.76,311.01,310.54,310.9
1780643700000,310.85,310.91,310.59,310.69
1780644600000,310.71,310.85,310.64,310.83
1780645500000,310.76,311.2,310.76,311.11
1780646400000,310.549,311.119,310.549,310.605
1780647300000,310.605,310.999,310.605,310.615
1780648200000,310.627,310.8,310.61,310.66
1780649100000,310.66,310.839,310.516,310.7
1780650000000,310.7,311.644,310.7,311.63
1780650900000,311.63,311.63,311.05,311.29
1780651800000,311.29,311.29,310.778,311
1780652700000,311,311.004,310.766,310.985
1780653600000,310.985,311.15,310.799,311.15
1780654500000,311.15,311.16,311,311
1780655400000,311,311.17,311,311.15
1780656300000,311.15,311.15,310.66,310.845
1780657200000,310.845,311.25,310.597,310.597
1780658100000,310.596,310.99,310.595,310.785
1780659000000,310.785,311.199,310.785,311.14
1780659900000,311.14,311.14,310.681,310.811
1780660800000,310.8,311.495,310.745,311.474
1780661700000,311.476,312.176,311.403,311.888
1780662600000,311.868,312.7,311.51,312.592
1780663500000,312.599,313.305,312.37,312.69
1780664400000,312.677,312.719,312.21,312.558
1780665300000,312.561,313.633,312.281,313.109
1780666200000,312.77,314.27,312.46,313.698
1780667100000,313.68,314.5,313.03,313.642
1780668000000,313.64,313.76,312.52,313.516
1780668900000,313.526,315.14,313.17,313.42
1780669800000,313.458,314.71,313.11,314.138
1780670700000,314.14,314.25,312.255,312.988
1780671600000,313.02,313.48,312.99,313.04
1780672500000,313.035,313.58,312.64,313.453
1780673400000,313.449,314.11,313.37,313.494
1780674300000,313.496,313.61,312.89,313.46
1780675200000,313.457,313.55,312.655,313.167
1780676100000,313.13,313.235,311.88,312.016
1780677000000,312.015,312.14,310.84,311.049
1780677900000,311.05,311.63,310.69,310.902
1780678800000,310.9,310.99,309.6,310.528
1780679700000,310.5,311.505,310.39,311.463
1780680600000,311.47,311.99,311.37,311.675
1780681500000,311.68,312.65,311.67,312.514
1780682400000,312.53,312.64,311.89,312.03
1780683300000,312.03,312.8,311.5,311.54
1780684200000,311.567,312.03,310.02,310.09
1780685100000,310.135,310.58,309.48,309.524
1780686000000,309.512,309.68,308.24,308.47
1780686900000,308.4,308.87,307.16,308.806
1780687800000,308.88,308.95,307.96,308.079
1780688700000,308.11,308.83,307.38,307.38
1780689600000,307.518,307.6,307.086,307.25
1780690500000,307.25,307.439,307.102,307.18
1780691400000,307.183,307.34,307.107,307.33
1780692300000,307.33,307.4,307.18,307.18
1780693200000,307.178,307.295,307.141,307.226
1780694100000,307.225,308.4,307.201,307.999
1780695000000,307.999,308.32,307.714,307.875
1780695900000,307.875,308.3,307.482,307.67
1780696800000,307.67,307.805,307.6,307.706
1780697700000,307.705,307.85,307.52,307.746
1780698600000,307.751,307.985,307.595,307.985
1780699500000,307.985,308.257,307.95,308.257
1780700400000,308.263,308.31,308.192,308.25
1780701300000,308.25,308.25,307.978,308.02
1780702200000,308.02,308.499,307.85,308.13
1780703100000,308.13,308.13,307.42,307.71
1780704000000,307.711,307.714,307.711,307.714
1780876800000,308.01,309.97,307.51,308.41
1780877700000,308.41,308.49,307.99,308.21
1780878600000,308.22,308.37,307.27,307.27
1780879500000,307.25,308.46,307.25,307.95
1780880400000,308.02,308.74,307.67,308.21
1780881300000,308,308.96,307.99,308.95
1780882200000,308.96,309.7,308.57,308.8
1780883100000,308.8,308.8,308.59,308.71
1780884000000,308.72,308.78,308.49,308.57
1780884900000,308.59,308.59,308.2,308.36
1780885800000,308.4,308.58,308.2,308.26
1780886700000,308.2,308.47,308.15,308.45
1780887600000,308.45,308.77,308.42,308.74
1780888500000,308.71,308.71,308.16,308.32
1780889400000,308.37,308.49,308.25,308.32
1780890300000,308.33,308.45,308.31,308.4
1780891200000,308.42,308.5,308.21,308.28
1780892100000,308.26,308.37,308.14,308.22
1780893000000,308.23,308.24,307.96,307.96
1780893900000,307.96,308.2,307.9,308.03
1780894800000,308.14,308.23,307.84,308.21
1780895700000,308.17,308.59,308,308.43
1780896600000,308.43,308.54,307.95,308.36
1780897500000,308.48,309.49,308.35,309.29
1780898400000,309.46,309.61,308.71,309.01
1780899300000,309.07,309.84,309.03,309.52
1780900200000,309.55,309.95,309.1,309.27
1780901100000,309.22,309.29,309.1,309.17
1780902000000,309.17,309.3,309.09,309.12
1780902900000,309.12,309.29,308.6,308.82
1780903800000,308.92,309.04,308.75,308.93
1780904700000,308.95,309.09,307.714,308.71
1780905600000,307.714,308.915,307.714,308.865
1780906500000,308.865,308.865,307.98,308.135
1780907400000,308.135,308.145,307.905,308.07
1780908300000,308.07,308.145,308.05,308.145
1780909200000,308.145,308.669,308.145,308.645
1780910100000,308.645,308.645,308.315,308.522
1780911000000,308.523,309.044,308.015,308.015
1780911900000,308.015,308.365,307.75,307.894
1780912800000,307.912,308.64,307.912,308.28
1780913700000,308.28,308.435,307.92,308.035
1780914600000,308.038,308.421,308.025,308.025
1780915500000,308.025,308.093,307.563,307.565
1780916400000,307.567,308.353,307.38,308.077
1780917300000,308.123,308.796,308.123,308.613
1780918200000,308.597,308.988,308.507,308.58
1780919100000,308.58,308.8,308.375,308.375
1780920000000,308.375,308.51,308.181,308.181
1780920900000,308.181,308.499,308.18,308.39
1780921800000,308.405,308.62,308.285,308.563
1780922700000,308.562,308.685,308.383,308.67
1780923600000,308.67,308.74,307.903,307.903
1780924500000,307.9,308.84,307.59,308.576
1780925400000,308.625,315.115,308.576,311.508
1780926300000,311.515,312.73,310.595,310.958
1780927200000,310.935,312.44,310.755,310.96
1780928100000,310.87,312.235,309.93,311.95
1780929000000,311.954,312.94,311.815,312.871
1780929900000,312.895,315.35,312.876,315.258
1780930800000,315.25,315.35,314.275,314.305
1780931700000,314.31,314.6,313.9,313.952
1780932600000,313.92,314.29,313.32,314.139
1780933500000,314.154,314.62,313.45,313.596
1780934400000,313.601,314.39,313.32,314.056
1780935300000,314.06,314.98,313.66,313.68
1780936200000,313.682,313.76,312.88,313.253
1780937100000,313.257,314.05,313.215,313.556
1780938000000,313.551,314.48,312.615,313.465
1780938900000,313.515,314.7,312.215,314.471
1780939800000,314.53,317.38,308.77,309.004
1780940700000,308.835,310.29,307.66,308.542
1780941600000,308.51,309.05,303.77,304.73
1780942500000,304.73,306.01,303.75,304.851
1780943400000,304.9,305.51,302.71,302.79
1780944300000,302.85,304.29,302.8,303.873
1780945200000,303.87,304.77,303.51,304.27
1780946100000,304.25,304.88,302.07,302.705
1780947000000,302.705,303.23,301.81,302.863
1780947900000,302.81,302.851,301.19,301.529
1780948800000,301.534,301.96,301.332,301.348
1780949700000,301.347,301.41,300.498,300.905
1780950600000,300.905,300.905,300.64,300.731
1780951500000,300.732,300.801,300.476,300.619
1780952400000,300.634,300.634,300.13,300.13
1780953300000,300.13,300.13,299.855,299.964
1780954200000,299.966,300.224,299.86,300.16
1780955100000,300.16,300.27,300.1,300.164
1780956000000,300.164,300.28,299.56,299.844
1780956900000,299.843,299.846,299.158,299.554
1780957800000,299.553,300.308,299.552,300.294
1780958700000,300.295,300.799,300.055,300.799
1780959600000,300.802,301.265,300.64,301.18
1780960500000,301.183,301.2,300.677,300.862
1780961400000,300.859,301.205,300.845,301.019
1780962300000,301.016,301.016,300.375,300.61
1780963200000,301.79,301.79,300.11,300.22
1780964100000,300.24,300.38,300.02,300.31
1780965000000,300.31,300.34,299.79,299.87
1780965900000,299.87,299.99,299.78,299.9
1780966800000,299.91,300.09,299.84,299.99
1780967700000,300.06,300.62,299.94,300.54
1780968600000,300.53,300.94,300.43,300.85
1780969500000,300.86,301.19,300.75,300.84
1780970400000,300.91,301.03,300.76,301
1780971300000,300.99,300.99,300.69,300.79
1780972200000,300.79,301.07,300.79,301.04
1780973100000,301.03,301.18,301,301.11
1780974000000,301.16,301.38,301.12,301.38
1780974900000,301.38,301.4,301.14,301.25
1780975800000,301.27,301.29,301.07,301.16
1780976700000,301.18,301.2,300.97,300.98
1780977600000,301,301.06,300.85,300.99
1780978500000,301.01,301.14,300.84,300.84
1780979400000,300.94,301.2,300.82,301.01
1780980300000,301.07,301.4,301.07,301.39
1780981200000,301.39,301.71,301.33,301.58
1780982100000,301.55,301.6,301.39,301.46
1780983000000,301.41,301.54,301.19,301.33
1780983900000,301.32,301.4,301.11,301.27
1780984800000,301.34,301.4,301.11,301.38
1780985700000,301.4,301.63,301.36,301.37
1780986600000,301.39,301.43,301.25,301.26
1780987500000,301.31,301.36,301.24,301.32
1780988400000,301.32,301.71,301.32,301.69
1780989300000,301.62,301.7,300.84,300.84
1780990200000,300.87,300.97,300.56,300.61
1780991100000,300.61,300.86,300.39,300.59
1780992000000,300.614,301.295,300.341,300.775
1780992900000,300.779,301.01,300.67,300.79
1780993800000,300.79,300.915,300.75,300.915
1780994700000,300.915,301,300.64,300.64
1780995600000,300.64,300.965,300.605,300.965
1780996500000,300.965,301.17,300.875,301.1
1780997400000,301.1,301.17,301.1,301.11
1780998300000,301.11,301.3,301.11,301.3
1780999200000,301.3,301.557,301.145,301.3
1781000100000,301.3,301.375,301.155,301.155
1781001000000,301.155,301.155,300.752,300.77
1781001900000,300.77,300.899,300.68,300.825
1781002800000,300.822,301.107,300.622,300.853
1781003700000,300.854,300.93,300.32,300.355
1781004600000,300.355,300.361,299.705,300.15
1781005500000,300.179,300.255,299.428,299.668
1781006400000,299.661,299.793,299.4,299.5
1781007300000,299.498,299.51,298.818,298.818
1781008200000,298.816,299.692,298.717,299.664
1781009100000,299.665,300.491,299.665,300.491
1781010000000,300.492,300.964,300.126,300.964
1781010900000,300.967,302.174,299.97,300.055
1781011800000,300.285,300.58,297.05,297.168
1781012700000,297.25,298.25,295.96,296.132
1781013600000,296.18,296.18,293.5,294.046
1781014500000,294.044,294.044,292.205,292.54
1781015400000,292.589,293.87,291.8,293.142
1781016300000,293.167,293.3,291.925,293.048
1781017200000,293.255,293.725,292.51,293.559
1781018100000,293.51,293.665,291.5,291.598
1781019000000,291.66,291.99,291.145,291.21
1781019900000,291.26,291.85,290.91,291.196
1781020800000,291.17,291.5,290.36,291.015
1781021700000,291.034,291.12,289.49,289.519
1781022600000,289.514,289.85,287.79,288.33
1781023500000,288.34,289.34,287.825,289.275
1781024400000,289.23,290.2,289.2,290.003
1781025300000,290.004,291.12,289.635,290.442
1781026200000,290.42,290.76,289.91,290.106
1781027100000,290.097,290.14,289.49,289.677
1781028000000,289.695,290.12,289.36,289.98
1781028900000,289.98,290.955,289.489,290.891
1781029800000,290.895,291.805,290.46,290.502
1781030700000,290.491,291.515,290.4,291.36
1781031600000,291.34,291.93,291,291.052
1781032500000,291.056,291.246,290.3,291.141
1781033400000,291.12,291.26,289.16,289.189
1781034300000,289.21,291.68,288.84,290.35
1781035200000,290.48,291.13,290.48,290.8
1781036100000,290.8,291.119,290.58,291.015
1781037000000,291.015,291.265,290.85,291.201
1781037900000,291.201,291.263,291,291.17
1781038800000,291.17,291.195,291.045,291.175
1781039700000,291.175,291.175,290.726,291
1781040600000,290.983,290.983,290.576,290.629
1781041500000,290.631,290.631,290.323,290.535
1781042400000,290.604,291.179,290.604,291.112
1781043300000,291.113,291.349,290.801,290.823
1781044200000,290.824,290.91,290.676,290.758
1781045100000,290.744,290.78,290.231,290.69
1781046000000,290.69,291.207,290.567,290.906
1781046900000,290.899,290.988,290.3,290.45
1781047800000,290.45,290.655,290.405,290.445
1781048700000,290.458,291.126,290.458,291.081
1781049600000,291.079,291.73,290.9,291.17
1781050500000,291.14,291.16,290.96,291.09
1781051400000,291.08,291.09,290.44,290.69
1781052300000,290.69,291.48,290.68,291.38
1781053200000,291.4,291.51,291.2,291.35
1781054100000,291.37,291.44,291.19,291.39
1781055000000,291.35,291.45,291.16,291.38
1781055900000,291.37,291.43,291.02,291.06
1781056800000,291.06,291.19,290.69,291.17
1781057700000,291.06,291.7,291.02,291.5
1781058600000,291.57,291.73,291.32,291.69
1781059500000,291.65,291.81,291.43,291.56
1781060400000,291.51,291.77,291.49,291.6
1781061300000,291.6,291.96,291.6,291.94
1781062200000,291.91,291.96,291.47,291.51
1781063100000,291.52,291.95,291.38,291.77
1781064000000,291.81,291.94,291.45,291.51
1781064900000,291.5,292.21,291.42,292.01
1781065800000,292.07,292.07,291.6,291.6
1781066700000,291.89,292.12,291.64,291.71
1781067600000,291.71,292.08,291.62,291.67
1781068500000,291.68,291.73,291.22,291.72
1781069400000,291.7,292.07,291.34,291.63
1781070300000,291.78,291.81,291.52,291.62
1781071200000,291.52,291.61,291.43,291.49
1781072100000,291.49,291.49,291.03,291.16
1781073000000,291.13,291.27,290.79,290.87
1781073900000,290.9,290.9,290.55,290.58
1781074800000,290.57,290.67,290.42,290.58
1781075700000,290.6,290.69,290.38,290.38
1781076600000,290.37,290.64,290.33,290.51
1781077500000,290.47,290.8,290.4,290.41
1781078400000,291.023,291.15,290.658,290.658
1781079300000,290.657,290.83,290.634,290.821
1781080200000,290.822,290.825,290.152,290.154
1781081100000,290.153,290.762,289.657,289.657
1781082000000,289.676,290.276,289.676,289.82
1781082900000,289.852,290.34,289.454,290.34
1781083800000,290.34,290.5,290.13,290.42
1781084700000,290.42,290.42,289.995,290.19
1781085600000,290.19,291.198,290.19,291.198
1781086500000,291.199,291.42,290.7,291.42
1781087400000,291.42,291.42,291.15,291.15
1781088300000,291.15,291.38,291.055,291.38
1781089200000,291.347,291.347,289.364,290.084
1781090100000,290.085,290.45,289.707,290.2
1781091000000,290.2,290.33,289.6,289.77
1781091900000,289.772,289.783,289.326,289.463
1781092800000,289.468,289.8,289.44,289.674
1781093700000,289.679,290.03,289.307,289.94
1781094600000,289.938,291,289.85,290.609
1781095500000,290.611,291.167,290.45,290.843
1781096400000,290.842,290.993,290.11,290.11
1781097300000,290.11,291.058,290.082,290.874
1781098200000,290.7,290.98,287.37,289.941
1781099100000,289.89,290.39,288.4,289.46
1781100000000,289.45,291.13,289.38,290.72
1781100900000,290.75,290.89,289.325,289.74
1781101800000,289.73,290.61,288.72,288.771
1781102700000,288.72,289.84,288.46,289.684
1781103600000,289.72,290.66,289.12,290.466
1781104500000,290.43,290.6,289.66,289.962
1781105400000,289.969,291.51,289.76,291.421
1781106300000,291.37,291.54,290.1,291.241
1781107200000,291.33,291.63,290.52,290.857
1781108100000,290.866,291.73,290.58,291.725
1781109000000,291.7,292.96,291.44,292.866
1781109900000,292.865,292.88,291.77,292.283
1781110800000,292.285,292.87,291.85,292.097
1781111700000,292.1,293.22,291.74,293.121
1781112600000,293.123,293.17,292.55,292.682
1781113500000,292.69,294.07,292.51,294.027
1781114400000,294.02,294.66,293.87,294.495
1781115300000,294.495,294.75,294.01,294.312
1781116200000,294.307,294.307,293.38,293.562
1781117100000,293.58,293.7,292.74,292.875
1781118000000,292.88,293.36,292.61,292.81
1781118900000,292.815,292.86,291.63,291.923
1781119800000,291.93,292.56,291.74,292.178
1781120700000,292.12,292.94,291.42,291.49
1781121600000,291.594,291.991,290.832,291.766
1781122500000,291.738,292.2,291.602,291.969
1781123400000,291.974,292.239,291.836,291.985
1781124300000,291.985,292.268,291.58,291.958
1781125200000,291.956,292.2,291.68,291.825
1781126100000,291.834,291.96,291.725,291.845
1781127000000,291.845,291.925,291.78,291.925
1781127900000,291.925,291.925,291.62,291.875
1781128800000,291.875,291.935,290.758,291.125
1781129700000,291.125,291.55,291.099,291.18
1781130600000,291.18,291.643,291.045,291.302
1781131500000,291.295,291.795,290.596,290.596
1781132400000,290.542,290.985,290.25,290.25
1781133300000,290.25,291.064,290.132,290.795
1781134200000,290.795,290.993,290.348,290.81
1781135100000,290.81,290.868,290.467,290.675
1781136000000,290.85,291.1,290.48,290.77
1781136900000,290.76,292.01,290.75,291.41
1781137800000,291.41,291.71,291.35,291.5
1781138700000,291.46,291.92,291.4,291.45
1781139600000,291.51,291.83,291.4,291.72
1781140500000,291.73,292.36,291.73,292.36
1781141400000,292.31,292.38,292.12,292.26
1781142300000,292.26,292.41,292.06,292.09
1781143200000,292.08,292.89,292.03,292.89
1781144100000,292.75,292.78,291.97,292.03
1781145000000,292.02,292.09,291.79,291.88
1781145900000,291.88,292.03,291.75,291.88
1781146800000,291.89,292.07,291.66,291.72
1781147700000,291.88,291.92,291.7,291.83
1781148600000,291.9,292.31,291.85,292.17
1781149500000,292.25,293.46,292.15,293.41
1781150400000,293.26,293.46,292.87,292.87
1781151300000,292.87,293.52,292.6,293.01
1781152200000,293.36,294.41,293.28,293.99
1781153100000,294.03,294.03,293.26,293.58
1781154000000,293.39,293.6,293.16,293.2
1781154900000,293.18,293.32,293,293
1781155800000,292.93,293.19,292.92,293.06
1781156700000,293.04,293.1,292.99,293.01
1781157600000,293.01,293.01,292.26,292.73
1781158500000,292.86,293.05,292.79,292.79
1781159400000,292.8,292.91,292.61,292.91
1781160300000,292.88,293,292.72,293
1781161200000,293,293.32,292.77,292.77
1781162100000,292.83,293.6,292.77,293.32
1781163000000,293.32,293.56,293.32,293.32
1781163900000,293.36,293.36,293,293.03
1781164800000,291.061,293.282,291.061,291.886
1781165700000,291.886,292.37,291.885,292.155
1781166600000,292.155,292.4,291.94,292.01
1781167500000,292.01,292.11,291.835,292.11
1781168400000,292.11,292.235,291.915,291.915
1781169300000,291.915,292.225,291.915,292.12
1781170200000,292.12,292.545,291.985,292.545
1781171100000,292.545,292.585,292.385,292.57
1781172000000,292.57,292.783,292.41,292.435
1781172900000,292.44,292.56,292.241,292.298
1781173800000,292.346,292.59,292.346,292.485
1781174700000,292.485,292.53,292.485,292.53
1781175600000,292.53,292.88,292.515,292.515
1781176500000,292.513,292.8,292.5,292.685
1781177400000,292.677,293.17,292.64,293
1781178300000,293,293.218,292.95,293.2
1781179200000,293.2,293.487,292.877,292.996
1781180100000,292.995,292.995,291.99,292.379
1781181000000,292.369,292.554,291.904,292.313
1781181900000,292.314,292.519,292.151,292.5
1781182800000,292.5,292.554,292.161,292.246
1781183700000,292.247,294.165,292.181,293.714
1781184600000,293.405,293.685,290.39,292.07
1781185500000,292.06,293.94,291.49,291.62
1781186400000,291.6,291.765,290.065,290.244
1781187300000,290.22,291.27,289.76,290.573
1781188200000,290.585,291.15,289.89,290.62
1781189100000,290.56,290.98,289.6,289.903
1781190000000,289.925,290.945,289.84,290.863
1781190900000,290.785,291.805,290.68,291.195
1781191800000,291.165,293.06,291.09,292.653
1781192700000,292.659,293.55,292.45,293.449
1781193600000,293.44,293.95,293.3,293.495
1781194500000,293.56,293.865,292.57,292.978
1781195400000,292.979,294.51,292.89,293.949
1781196300000,293.925,294.155,293.635,293.76
1781197200000,293.762,293.92,293.055,293.402
1781198100000,294.72,296.01,294.72,296.01
1781199000000,295.99,297,295.775,296.592
1781199900000,296.595,296.84,295.44,295.792
1781200800000,295.793,295.99,295.14,295.78
1781201700000,295.78,296.415,295.5,295.539
1781202600000,295.56,295.785,295.25,295.46
1781203500000,295.459,296.06,295.14,295.188
1781204400000,295.188,295.51,295.03,295.341
1781205300000,295.348,295.61,295.07,295.376
1781206200000,295.39,296.17,295.3,296.014
1781207100000,295.51,295.58,295.25,295.36
1781208000000,295.561,296.097,295.195,295.936
1781208900000,295.936,295.99,295.665,295.742
1781209800000,295.739,295.89,295.421,295.619
1781210700000,295.598,295.825,295.435,295.76
1781211600000,295.76,295.76,295.4,295.565
1781212500000,295.565,295.665,295.491,295.565
1781213400000,295.565,295.754,295.507,295.65
1781214300000,295.65,295.9,295.65,295.73
1781215200000,295.73,295.805,295.495,295.735
1781216100000,295.735,295.82,295.655,295.655
1781217000000,295.655,295.715,295.575,295.583
1781217900000,295.584,295.722,295.49,295.624
1781218800000,295.628,295.65,295.575,295.65
1781219700000,295.65,295.65,295.2,295.252
1781220600000,295.251,295.8,295.251,295.554
1781221500000,295.553,295.85,295.55,295.825
1781222400000,295.88,296.39,294.57,295.1
1781223300000,295.22,295.39,294.67,295.23
1781224200000,295.34,295.34,295.01,295.24
1781225100000,295.24,295.53,295.13,295.3
1781226000000,295.39,295.41,295.21,295.31
1781226900000,295.32,296.04,295.07,295.62
1781227800000,295.72,295.8,295.38,295.62
1781228700000,295.63,295.87,295.47,295.79
1781229600000,295.74,295.99,295.7,295.71
1781230500000,295.75,295.75,295.36,295.36
1781231400000,295.36,295.46,295.29,295.46
1781232300000,295.4,295.55,295.36,295.41
1781233200000,295.41,295.52,295.36,295.46
1781234100000,295.5,295.59,295.41,295.46
1781235000000,295.51,295.62,295.44,295.54
1781235900000,295.59,295.69,295.44,295.63
1781236800000,295.68,295.7,295.42,295.44
1781237700000,295.51,295.57,295.36,295.57
1781238600000,295.59,295.59,295.41,295.45
1781239500000,295.45,295.63,295.45,295.58
1781240400000,295.62,295.67,295.36,295.5
1781241300000,295.5,295.63,295.48,295.54
1781242200000,295.68,295.68,295.39,295.48
1781243100000,295.48,295.57,295.3,295.36
1781244000000,295.36,295.71,295.15,295.55
1781244900000,295.64,295.64,295.36,295.4
1781245800000,295.4,295.44,295.23,295.32
1781246700000,295.41,295.8,295.32,295.65
1781247600000,295.69,295.79,295.28,295.36
1781248500000,295.36,295.59,295.28,295.29
1781249400000,295.3,295.53,295.25,295.52
1781250300000,295.55,296.52,295.43,295.97
1781251200000,295.825,296.447,295.636,296.26
1781252100000,296.26,296.615,296.26,296.4
1781253000000,296.409,296.55,296.25,296.425
1781253900000,296.425,296.425,296.32,296.33
1781254800000,296.33,296.439,296.33,296.375
1781255700000,296.375,296.81,296.375,296.785
1781256600000,296.785,296.925,296.6,296.924
1781257500000,296.924,296.925,296.721,296.85
1781258400000,296.85,296.85,296.6,296.85
1781259300000,296.85,296.85,296.24,296.24
1781260200000,296.24,296.45,296.126,296.31
1781261100000,296.31,296.42,296.248,296.31
1781262000000,296.292,296.44,296.253,296.375
1781262900000,296.375,296.925,296.375,296.6
1781263800000,296.6,296.825,296.01,296.277
1781264700000,296.281,296.85,296.164,296.75
1781265600000,296.75,296.81,296.44,296.504
1781266500000,296.503,296.587,296.225,296.535
1781267400000,296.535,296.772,296.26,296.366
1781268300000,296.366,296.5,295.623,295.899
1781269200000,295.898,296.263,295.745,296.171
1781270100000,296.171,296.46,295.793,296.074
1781271000000,296,297.11,291.9,292.395
1781271900000,292.375,292.85,290.99,291.078
1781272800000,291.12,292.22,290.6,291.948
1781273700000,291.954,293.22,291.725,292.021
1781274600000,292.035,292.31,290.91,291.138
1781275500000,291.133,291.85,290.03,291.728
1781276400000,291.735,292.89,291.01,292.755
1781277300000,292.79,292.99,292.24,292.889
1781278200000,292.88,292.88,291.495,291.855
1781279100000,291.85,292.055,291.07,291.34
1781280000000,291.35,292.19,290.81,291.969
1781280900000,291.964,292.15,291.48,291.578
1781281800000,291.576,291.71,290.86,291.006
1781282700000,291.002,291.51,290.75,291.127
1781283600000,291.19,291.58,291.17,291.53
1781284500000,291.48,292.24,291.4,291.489
1781285400000,291.48,291.51,290.39,290.464
1781286300000,290.449,290.64,289.825,289.89
1781287200000,289.91,290.58,289.625,290.251
1781288100000,290.254,290.37,289.935,290.243
1781289000000,290.239,290.71,290.215,290.642
1781289900000,290.642,290.735,290.42,290.47
1781290800000,290.464,290.97,290.37,290.638
1781291700000,290.637,290.88,290.435,290.644
1781292600000,290.64,290.73,290.2,290.568
1781293500000,290.54,291.65,290.51,291.095
1781294400000,291.124,291.85,291.097,291.627
1781295300000,291.626,291.85,291.43,291.5
1781296200000,291.5,291.675,291.387,291.42
1781297100000,291.42,291.44,291.265,291.285
1781298000000,291.285,291.415,291.285,291.35
1781298900000,291.35,291.48,291.32,291.416
1781299800000,291.415,291.508,291.385,291.4
1781300700000,291.4,291.4,291.22,291.3
1781301600000,291.3,291.395,291.275,291.291
1781302500000,291.291,291.39,291.215,291.295
1781303400000,291.295,291.36,291.22,291.265
1781304300000,291.265,291.45,291.265,291.323
1781305200000,291.324,291.373,291.3,291.34
1781306100000,291.34,291.43,291.337,291.356
1781307000000,291.368,291.43,291.36,291.4
1781307900000,291.4,291.53,291.375,291.505
1781309700000,291.52,291.52,291.52,291.52
1781338500000,291.34,291.34,291.33,291.33
1781425800000,291.35,291.35,291.33,291.33
1781481600000,293.01,294.35,290.44,291.52
1781482500000,291.63,291.99,291.26,291.43
1781483400000,291.44,291.99,291.21,291.66
1781484300000,291.69,291.92,291.62,291.7
1781485200000,291.7,292.42,291.64,292.28
1781486100000,292.31,292.44,292.19,292.39
1781487000000,292.39,292.5,292.33,292.38
1781487900000,292.38,292.49,292.25,292.35
1781488800000,292.34,292.4,292.28,292.35
1781489700000,292.34,292.5,292.29,292.37
1781490600000,292.39,292.5,292.24,292.28
1781491500000,292.28,292.5,292.26,292.47
1781492400000,292.47,292.47,292.32,292.43
1781493300000,292.43,292.54,292.2,292.2
1781494200000,292.21,292.32,292.15,292.2
1781495100000,292.22,292.52,292.01,292.04
1781496000000,292.17,292.18,291.99,292.13
1781496900000,292.08,292.18,291.99,292.18
1781497800000,292.19,292.29,292.06,292.16
1781498700000,292.17,292.2,292.04,292.19
1781499600000,292.2,292.77,292.18,292.76
1781500500000,292.75,293.03,292.75,292.9
1781501400000,292.89,293.08,292.87,293.08
1781502300000,293.06,293.4,293.06,293.38
1781503200000,293.42,293.72,293.4,293.71
1781504100000,293.71,294.07,293.67,293.94
1781505000000,293.94,294,293.59,293.81
1781505900000,293.82,293.96,293.61,293.79
1781506800000,293.74,293.92,293.52,293.79
1781507700000,293.79,294.07,293.76,294.04
1781508600000,294.05,294.16,293.87,294.05
1781509500000,294.04,294.1,293.8,293.81
1781510400000,291.908,294.05,291.908,293.304
1781511300000,293.303,293.75,293.06,293.75
1781512200000,293.75,293.75,293.145,293.4
1781513100000,293.4,293.539,293.356,293.482
1781514000000,293.481,293.549,293.325,293.345
1781514900000,293.345,293.45,293.345,293.385
1781515800000,293.385,293.549,293.385,293.54
1781516700000,293.54,293.75,293.44,293.75
1781517600000,293.75,293.81,293.69,293.69
1781518500000,293.69,293.69,293.396,293.475
1781519400000,293.475,293.475,293.295,293.3
1781520300000,293.3,293.369,293.13,293.295
1781521200000,293.295,293.5,292.858,292.925
1781522100000,292.925,293.165,292.925,293.035
1781523000000,293.035,293.299,292.975,293
1781523900000,293,293.16,292.803,292.969
1781524800000,292.969,293,292.678,292.678
1781525700000,292.671,292.671,292.01,292.481
1781526600000,292.483,292.95,292.483,292.802
1781527500000,292.786,293.097,292.625,292.999
1781528400000,293,293.219,292.918,293.08
1781529300000,293.08,294.47,292.7,294.109
1781530200000,293.99,295.84,291.72,295.105
1781531100000,295.06,295.9,294.66,295.271
1781532000000,295.283,296.33,295.06,295.806
1781532900000,295.87,296.3,295.38,295.7
1781533800000,295.71,296.33,295.41,296.172
1781534700000,296.22,296.7,296.18,296.496
1781535600000,296.498,296.88,296.16,296.32
1781536500000,296.33,296.833,296.29,296.545
1781537400000,296.51,297.21,296.22,297.011
1781538300000,297.04,297.78,297.015,297.484
1781539200000,297.475,297.775,296.89,296.999
1781540100000,297.011,297.35,296.86,297.265
1781541000000,297.23,297.35,296.85,296.975
1781541900000,296.986,296.986,296.57,296.931
1781542800000,296.932,296.932,296.275,296.696
1781543700000,296.698,297.2,296.54,296.665
1781544600000,296.665,297,296.4,296.58
1781545500000,296.582,296.625,295.63,295.73
1781546400000,295.735,295.82,295.19,295.65
1781547300000,295.65,295.73,294.985,295.064
1781548200000,295.08,296.28,295.02,296.2
1781549100000,296.218,296.405,296.15,296.387
1781550000000,296.388,296.47,296.16,296.388
1781550900000,296.388,296.62,295.97,296.497
1781551800000,296.505,296.66,295.875,296.307
1781552700000,296.325,296.55,295.6,296.52
1781553600000,296.416,296.587,295.925,296.219
1781554500000,296.216,296.315,296.09,296.14
1781555400000,296.14,296.255,296.065,296.065
1781556300000,296.065,296.265,296.065,296.14
1781557200000,296.14,296.14,296.01,296.016
1781558100000,296.016,296.016,295.86,295.86
1781559000000,295.86,296.225,295.85,296.16
1781559900000,296.16,296.16,296.04,296.095
1781560800000,296.095,296.2,295.459,295.5
1781561700000,295.5,295.7,295.108,295.56
1781562600000,295.56,295.575,295.25,295.325
1781563500000,295.325,295.825,295.325,295.56
1781564400000,295.6,295.84,295.6,295.735
1781565300000,295.735,295.815,295.69,295.815
1781566200000,295.815,295.873,295.755,295.755
1781567100000,295.755,296.36,295.755,296.301
1781568000000,295.87,296.57,295.85,296.45
1781568900000,296.51,296.76,296.09,296.68
1781569800000,296.69,296.9,296.3,296.75
1781570700000,296.7,297.85,296.42,297.8
1781571600000,297.78,298.01,297.23,297.31
1781572500000,297.35,297.36,296.69,296.78
1781573400000,296.78,296.87,296.63,296.87
1781574300000,296.87,296.92,296.68,296.69
1781575200000,296.71,296.78,296.58,296.7
1781576100000,296.69,296.88,296.63,296.73
1781577000000,296.73,296.89,296.71,296.84
1781577900000,296.83,296.83,296.59,296.61
1781578800000,296.6,296.67,296.52,296.64
1781579700000,296.63,296.74,296.61,296.71
1781580600000,296.65,296.99,296.62,296.76
1781581500000,296.74,296.88,296.56,296.56
1781582400000,296.57,296.57,296.33,296.36
1781583300000,296.35,296.35,295.75,295.85
1781584200000,295.85,295.86,295.68,295.7
1781585100000,295.73,295.84,295.55,295.66
1781586000000,295.7,295.8,295.65,295.79
1781586900000,295.82,295.96,295.72,295.75
1781587800000,295.76,295.78,295.49,295.63
1781588700000,295.75,295.78,295.65,295.68
1781589600000,295.67,295.8,295.63,295.72
1781590500000,295.71,295.84,295.67,295.75
1781591400000,295.76,295.98,295.64,295.64
1781592300000,295.63,295.66,295.54,295.66
1781593200000,295.65,295.84,295.65,295.82
1781594100000,295.78,295.83,295.72,295.72
1781595000000,295.74,295.95,295.71,295.75
1781595900000,295.77,295.96,295.63,295.64
1781596800000,296.3,297.125,295.835,297.065
1781597700000,297.065,297.339,296.69,296.697
1781598600000,296.696,296.748,296.515,296.515
1781599500000,296.515,296.515,296.259,296.365
1781600400000,296.365,296.44,296.05,296.21
1781601300000,296.21,296.425,296.171,296.21
1781602200000,296.21,296.305,296.097,296.097
1781603100000,296.096,296.17,295.967,295.967
1781604000000,295.966,296.074,295.865,295.865
1781604900000,295.865,296.075,295.815,295.855
1781605800000,295.855,296.075,295.802,295.81
1781606700000,295.81,295.98,295.81,295.96
1781607600000,295.967,295.981,295.805,295.86
1781608500000,295.866,295.992,295.8,295.992
1781609400000,295.994,296.499,295.83,296.441
1781610300000,296.441,297,295.64,295.761
1781611200000,295.762,295.849,295.481,295.497
1781612100000,295.498,295.799,294.818,295.41
1781613000000,295.41,295.53,295.347,295.463
1781613900000,295.469,296.01,295.405,295.876
1781614800000,295.81,296.27,295.495,295.875
1781615700000,295.875,295.988,295.221,295.221
1781616600000,295.245,296.47,293.98,295.4
1781617500000,295.38,297.94,295.24,297.14
1781618400000,297.105,297.79,296.865,297.39
1781619300000,297.401,298.01,296.74,297.54
1781620200000,297.512,297.88,296.965,297.325
1781621100000,297.324,298.01,297.285,297.504
1781622000000,297.49,298.22,297.49,298.127
1781622900000,298.12,298.46,297.22,298.243
1781623800000,298.24,298.43,297.5,298.064
1781624700000,298.068,298.56,298,298.23
1781625600000,298.223,299.17,298.08,299.124
1781626500000,299.119,299.26,298.73,298.914
1781627400000,298.93,299.27,298.82,299.071
1781628300000,299.075,299.76,299.05,299.454
1781629200000,299.47,299.68,299.08,299.665
1781630100000,299.68,300.46,299.671,300.265
1781631000000,300.28,300.445,299.815,299.868
1781631900000,299.86,299.945,299.365,299.592
1781632800000,299.591,299.76,298.94,299.005
1781633700000,298.995,299.07,298.58,298.728
1781634600000,298.727,299.62,298.63,299.539
1781635500000,299.539,299.58,299.165,299.177
1781636400000,299.16,299.24,298.7,298.898
1781637300000,298.904,299.09,298.24,298.338
1781638200000,298.35,298.72,298.28,298.569
1781639100000,299.38,299.45,299.055,299.3
1781640000000,299.268,299.268,298.927,298.991
1781640900000,298.991,298.995,298.835,298.88
1781641800000,298.88,299.069,298.765,298.9
1781642700000,298.9,298.997,298.755,298.876
1781643600000,298.876,299.074,298.701,298.88
1781644500000,298.88,298.925,298.67,298.89
1781645400000,298.89,298.95,298.89,298.89
1781646300000,298.89,298.995,298.82,298.995
1781647200000,298.995,299.25,298.995,299.25
1781648100000,299.25,299.495,299.245,299.495
1781649000000,299.495,299.503,299.218,299.218
1781649900000,299.214,299.345,299.102,299.248
1781650800000,299.249,299.28,298.816,298.816
1781651700000,298.816,299.199,298.816,299.065
1781652600000,299.065,299.068,298.9,298.9
1781653500000,298.9,299.045,298.702,298.975
1781654400000,299,299.21,298.73,298.73
1781655300000,298.73,298.9,298.49,298.6
1781656200000,298.62,298.69,298.52,298.6
1781657100000,298.66,298.67,298.54,298.63
1781658000000,298.59,298.99,298.56,298.91
1781658900000,298.93,299.23,298.93,299.21
1781659800000,299.23,299.37,299.21,299.27
1781660700000,299.28,299.34,299.25,299.3
1781661600000,299.28,299.31,299.24,299.3
1781662500000,299.3,299.31,299.18,299.21
1781663400000,299.24,299.51,299.23,299.29
1781664300000,299.26,299.36,299.13,299.16
1781665200000,299.15,299.47,299.15,299.26
1781666100000,299.26,299.37,299.24,299.37
1781667000000,299.38,299.42,299.34,299.4
1781667900000,299.43,299.54,299.42,299.43
1781668800000,299.44,299.45,299.29,299.45
1781669700000,299.5,299.53,299.29,299.31
1781670600000,299.39,299.39,299.13,299.2
1781671500000,299.25,299.45,299.12,299.34
1781672400000,299.32,299.44,299.25,299.32
1781673300000,299.33,299.38,299.12,299.17
1781674200000,299.17,299.47,299.15,299.44
1781675100000,299.44,299.64,299.41,299.43
1781676000000,299.46,299.58,299.28,299.54
1781676900000,299.56,299.59,299.36,299.48
1781677800000,299.49,299.64,299.4,299.52
1781678700000,299.52,299.62,299.52,299.58
1781679600000,299.58,299.74,299.53,299.68
1781680500000,299.68,299.68,299.14,299.18
1781681400000,299.21,299.37,299.12,299.18
1781682300000,299.23,299.62,299.22,299.5
1781683200000,299.087,299.606,298.6,298.6
1781684100000,298.6,298.835,298.48,298.835
1781685000000,298.835,298.982,298.64,298.965
1781685900000,298.965,298.965,298.79,298.965
1781686800000,298.965,298.965,298.915,298.915
1781687700000,298.915,298.915,298.74,298.743
1781688600000,298.744,298.82,298.726,298.82
1781689500000,298.82,299.119,298.82,298.86
1781690400000,298.86,298.86,298.705,298.772
1781691300000,298.774,298.785,298.665,298.665
1781692200000,298.665,298.665,298.53,298.53
1781693100000,298.53,298.639,298.53,298.615
1781694000000,298.615,298.971,298.545,298.971
1781694900000,298.974,299.236,298.898,299.11
1781695800000,299.11,299.11,298.702,298.805
1781696700000,298.802,298.879,298.6,298.61
1781697600000,298.61,298.79,298.61,298.79
1781698500000,298.79,298.79,298.662,298.687
1781699400000,298.691,298.744,298.48,298.525
1781700300000,298.525,298.733,298.464,298.7
1781701200000,298.7,299.706,298.655,299.394
1781702100000,299.395,300.85,299.203,300.637
1781703000000,300.855,302,299.565,301.343
1781703900000,301.23,301.328,299.235,300.359
1781704800000,300.22,300.49,299.385,300.411
1781705700000,300.45,300.965,299.96,300.469
1781706600000,300.42,300.5,298.7,299.622
1781707500000,299.617,299.84,298.35,298.581
1781708400000,298.58,298.66,297.08,297.447
1781709300000,297.448,298.14,297.22,297.443
1781710200000,297.443,297.45,296.68,296.83
1781711100000,296.788,298.74,296.64,298.577
1781712000000,298.56,299.17,298.183,298.423
1781712900000,298.429,298.865,298.35,298.624
1781713800000,298.626,298.73,298.235,298.449
1781714700000,298.451,298.515,298.105,298.167
1781715600000,298.175,298.22,296.65,296.726
1781716500000,296.722,297.235,296.57,296.795
1781717400000,296.81,297.11,296.459,296.857
1781718300000,296.858,297.595,296.858,297.54
1781719200000,297.53,297.53,295.66,295.953
1781720100000,295.845,296.52,295.33,295.834
1781721000000,295.83,296.43,295.21,296.317
1781721900000,296.308,296.308,294.395,294.616
1781722800000,294.613,295.83,294.4,295.566
1781723700000,295.562,295.62,294.858,295.175
1781724600000,295.15,295.45,294.59,294.882
1781725500000,294.91,296.22,294.59,295.89
1781726400000,295.981,296.36,295.631,295.745
1781727300000,295.745,296.119,295.73,295.957
1781728200000,295.956,296.322,295.95,296.005
1781729100000,296.005,296.005,295.77,295.77
1781730000000,295.77,299.202,295.77,297.873
1781730900000,297.827,297.827,296.878,297.07
1781731800000,297.07,297.399,297.07,297.265
1781732700000,297.265,297.528,297.265,297.475
1781733600000,297.475,297.495,297.1,297.3
1781734500000,297.3,297.645,297.102,297.6
1781735400000,297.6,297.61,297.3,297.35
1781736300000,297.35,297.495,296.946,297.045
1781737200000,297.045,297.045,296.8,296.855
1781738100000,296.855,297.196,296.855,297.1
1781739000000,297.1,297.314,297.1,297.265
1781739900000,297.265,297.4,296.971,297.07
1781740800000,297.12,298.5,297.12,298.1
1781741700000,298.49,298.7,297.96,298
1781742600000,298,298.55,297.99,298.45
1781743500000,298.32,298.59,298.14,298.37
1781744400000,298.41,299.46,298.4,299.09
1781745300000,299.04,299.07,298.69,298.83
1781746200000,298.82,298.91,298.73,298.82
1781747100000,298.82,298.95,298.72,298.84
1781748000000,298.83,298.89,298.72,298.86
1781748900000,298.71,298.83,298.64,298.67
1781749800000,298.69,298.91,298.67,298.91
1781750700000,298.88,298.91,298.79,298.81
1781751600000,298.82,298.82,298.64,298.64
1781752500000,298.62,298.73,298.59,298.66
1781753400000,298.65,298.7,298.35,298.36
1781754300000,298.38,298.56,298.35,298.52
1781755200000,298.51,298.56,298.37,298.4
1781756100000,298.4,298.44,298.02,298.17
1781757000000,298.04,298.07,297.68,297.72
1781757900000,297.71,297.75,297.2,297.49
1781758800000,297.53,297.68,297.4,297.55
1781759700000,297.54,297.67,297.52,297.67
1781760600000,297.68,297.86,297.68,297.84
1781761500000,297.8,297.8,297.45,297.51
1781762400000,297.52,297.66,297.49,297.6
1781763300000,297.67,297.81,297.61,297.81
1781764200000,297.75,297.8,297.64,297.75
1781765100000,297.75,298.34,297.75,298.34
1781766000000,298.3,298.37,298.04,298.04
1781766900000,298.04,298.15,297.99,298.11
1781767800000,298.11,298.11,297.98,298.02
1781768700000,298.03,298.03,297.81,297.99
1781769600000,297.07,298.089,297.07,297.921
1781770500000,297.913,298.048,297.624,297.75
1781771400000,297.75,297.75,297.65,297.65
1781772300000,297.65,297.875,297.58,297.606
1781773200000,297.608,297.73,297.535,297.535
1781774100000,297.535,297.735,297.535,297.6
1781775000000,297.6,297.63,297.48,297.58
1781775900000,297.58,297.755,297.58,297.59
1781776800000,297.59,297.62,297.586,297.586
1781777700000,297.585,297.595,297.576,297.59
1781778600000,297.59,297.59,296.905,297.24
1781779500000,297.24,297.6,297.24,297.489
1781780400000,297.477,297.499,297.245,297.436
1781781300000,297.442,297.47,296.849,296.849
1781782200000,296.847,297.1,295.88,296.479
1781783100000,296.479,296.797,296.479,296.68
1781784000000,296.68,296.89,296.385,296.486
1781784900000,296.479,296.848,296.455,296.77
1781785800000,296.775,296.933,296.646,296.91
1781786700000,296.91,296.929,296.445,296.546
1781787600000,296.541,297.341,296.455,297.317
1781788500000,297.32,298.688,296.812,298.552
1781789400000,298.45,300.41,295.635,297.615
1781790300000,297.625,298.67,297.155,298.199
1781791200000,298.33,299.43,298.045,298.885
1781792100000,298.899,299.625,298.23,299.573
1781793000000,299.61,299.755,298.52,299.675
1781793900000,299.676,300.57,299.15,299.218
1781794800000,299.212,299.212,297.91,298.131
1781795700000,298.126,298.126,296.97,297.07
1781796600000,297.077,297.36,296.165,296.207
1781797500000,296.16,297.61,295.95,297.392
1781798400000,297.415,297.725,296.72,297.061
1781799300000,297.065,297.52,296.94,297.47
1781800200000,297.473,297.7,297.05,297.448
1781801100000,297.457,297.49,296.84,297.119
1781802000000,297.118,298.23,297.04,298.209
1781802900000,298.19,298.345,297.59,297.819
1781803800000,297.84,297.98,297.5,297.582
1781804700000,297.581,297.865,297.36,297.567
1781805600000,297.565,297.625,297.01,297.554
1781806500000,297.56,297.67,297.04,297.104
1781807400000,297.106,297.65,297.08,297.643
1781808300000,297.665,298.07,297.605,297.714
1781809200000,297.713,297.75,297.08,297.116
1781810100000,297.125,297.495,297.04,297.418
1781811000000,297.406,297.68,297.08,297.606
1781811900000,298.47,298.52,297.85,297.85
1781812800000,298.016,298.813,297.985,298.41
1781813700000,298.41,298.41,297.945,297.945
1781814600000,297.945,298,297.945,297.945
1781815500000,297.945,297.955,297.615,297.75
1781816400000,297.75,298.198,297.728,298.005
1781817300000,298.005,298.058,298.005,298.01
1781818200000,298.01,298.255,298.001,298.255
1781819100000,298.255,298.255,298.093,298.25
1781820000000,298.02,298.209,297.604,297.7
1781820900000,297.7,297.7,297.07,297.32
1781821800000,297.32,297.32,297.05,297.11
1781822700000,297.134,297.315,297.05,297.2
1781823600000,297.2,297.248,297.06,297.124
1781824500000,297.125,297.25,297.1,297.25
1781825400000,297.258,297.297,297.1,297.102
1781826300000,297.101,297.49,297.1,297.233
1781827200000,297.232,297.41,296.98,296.98
1781829900000,297.41,297.41,296.97,296.97
1781830800000,297.43,297.43,297.12,297.12
1781831700000,297.43,297.49,296.95,297.09
1781832600000,297.51,297.53,297.09,297.1
1781834400000,297.55,297.55,297.55,297.55
1781835300000,297.34,297.34,297.13,297.13
1781836200000,297.31,297.31,296.94,296.94
1781842500000,297.42,297.42,296.94,296.94
1781855100000,297.57,297.62,297.04,297.62
1781856000000,297.69,297.75,297.12,297.12
1781859600000,297.78,297.78,297.39,297.39
1781862300000,297.45,297.8,297.03,297.43
1781863200000,297.74,297.8,297.42,297.43
1781864100000,297.69,297.8,297.13,297.17
1781868600000,297.31,297.81,297.21,297.21
1781869500000,297.57,297.82,297.16,297.16
1781870400000,297.54,297.9,297.19,297.87
1781871300000,297.9,297.93,297.15,297.53
1781872200000,297.96,297.96,297.52,297.52
1781873100000,297.73,298.01,297.41,297.41
1781874000000,298.02,298.25,297.3,297.94
1781874900000,298.25,298.45,297.6,297.6
1781875800000,298,298,297.08,297.36
1781876700000,297.35,297.78,297.08,297.08
1781877600000,297.25,297.69,296.98,297.58
1781878500000,297.69,297.69,296.92,297.41
1781879400000,297.51,297.65,296.89,297.4
1781880300000,297.39,297.75,296.94,297.46
1781882100000,297.54,297.92,297.23,297.23
1781883000000,297.23,298.22,297.2,297.51
1781883900000,297.69,298.26,297.51,297.51
1781884800000,297.8,298.39,297.42,297.47
1781885700000,297.94,297.94,297.94,297.94
1781886600000,297.5,297.57,296.82,296.82
1781887500000,297.07,297.65,296.8,296.8
1781892000000,297.18,297.18,296.8,296.8
1781892900000,297.18,297.46,297,297
1781893800000,297.41,297.5,297,297.06
1781895600000,297.23,297.5,297.23,297.26
1781896500000,297.31,297.59,297.14,297.14
1781897400000,297.44,297.61,297.16,297.16
1781898300000,297.63,297.65,297.14,297.15
1781901900000,297.4,297.4,297.14,297.14
1781909100000,297.27,297.7,297.07,297.35
1781912700000,297.53,297.53,297.35,297.35
1781919900000,297.5,297.71,297.12,297.12
1781925300000,297.53,298.41,297,297.84
1781926200000,298.18,298.9,297.93,298.45
1781927100000,298.82,298.96,298.44,298.44
1781928000000,298.85,299.75,298.47,299.17
1781928900000,299.78,299.86,298.28,298.7
1781929800000,299.37,299.9,298.7,299.9
1781930700000,299.92,299.94,297,299.94
1781931600000,299.96,300.06,299.45,299.53
1781933400000,299.9,300.12,299.49,299.77
1781934300000,300.12,300.31,299.58,299.77
1781937000000,300.2,300.81,299.46,300.81
1781937900000,300.81,302.56,300.17,301.61
1781938800000,302.57,302.59,301.61,302
1781939700000,302.6,303.47,299.46,303.47
1781941500000,303.26,303.48,300.07,303.48
1781942400000,303.66,303.66,303.31,303.31
1781943300000,303.66,303.66,303.08,303.08
1781944200000,303.08,303.64,299.46,303.18
1781945100000,303.79,303.88,300.37,303.5
1781949600000,303.88,303.88,303.78,303.78
1781951400000,303.79,304.09,299.46,303.54
1781952300000,304.12,304.12,303.63,303.63
1781955900000,304.18,304.18,303.95,303.95
1781956800000,304.18,304.2,303.79,303.79
1781958600000,303.81,304.24,303.81,304.24
1781960400000,304.05,304.12,304.02,304.02
1781961300000,304.01,304.41,303.84,304.16
1781962200000,304.42,304.42,303.85,303.85
1781965800000,304.15,304.49,304.08,304.22
1781967600000,304.18,304.18,304.18,304.18
1781968500000,304.22,304.55,304.1,304.11
1781970300000,304.2,304.35,304.2,304.35
1781971200000,304.3,304.61,304.12,304.4
1781972100000,304.37,304.73,304.02,304.18
1781973000000,304.4,304.76,304.4,304.4
1781973900000,304.6,305.03,304.23,304.71
1781974800000,304.7,305.27,303.88,305.27
1781976600000,305.26,305.28,297,297
1781977500000,305.25,305.3,297,304.98
1781979300000,305.3,305.3,299.56,299.56
1781982000000,305.3,305.31,305.1,305.1
1781984700000,305.1,305.31,299.56,299.56
1781985600000,305.33,305.36,299.56,299.56
1781991000000,305.38,305.38,299.56,299.56
1781991900000,305.38,305.38,304.99,304.99
1781995500000,304.99,304.99,304.99,304.99
1782000900000,304.9,304.9,299.56,299.56
1782003600000,304.5,304.5,299.56,299.56
1782004500000,305.38,305.38,305.03,305.03
1782007200000,305.38,305.4,305,305.4
1782009000000,305.41,305.43,305.39,305.39
1782009900000,305.48,305.62,305.01,305.13
1782010800000,305.74,305.81,305.16,305.23
1782011700000,305.84,306.02,305.24,305.24
1782012600000,306.06,306.06,305.23,305.23
1782013500000,306.06,306.27,304.92,304.92
1782015300000,306.31,307.17,304.92,305.8
1782016200000,305.6,305.6,305.25,305.25
1782017100000,305.6,305.6,305,305.24
1782018000000,305.24,307.19,299.57,299.57
1782018900000,307.22,307.32,297.1,297.1
1782021600000,307.32,307.32,297.1,297.1
1782022500000,297.5,306.32,292.06,296.03
1782023400000,297.31,297.62,297.31,297.62
1782024300000,297.66,298.17,297.15,297.67
1782025200000,296.63,297.71,296.03,297.71
1782026100000,297.52,297.52,296.83,296.83
1782027000000,297.21,297.24,296.8,296.8
1782027900000,297.03,297.45,296.64,296.64
1782028800000,296.98,297.5,296.41,297.09
1782029700000,296.7,297.25,296.61,296.61
1782032400000,296.7,296.83,296.58,296.83
1782033300000,296.58,297.15,296.55,296.55
1782034200000,296.8,297.2,296.52,296.52
1782035100000,296.86,297.29,296.03,296.03
1782036000000,296.37,296.59,295.93,295.93
1782036900000,296.21,296.49,295.85,295.85
1782038700000,296.07,296.35,295.74,295.74
1782039600000,295.95,296.32,295.71,296
1782041400000,295.8,295.84,294.24,294.29
1782042300000,294.64,295.75,294.24,294.24
1782043200000,294.47,294.47,294.24,294.24
1782044100000,294.56,297,294.15,294.15
1782045000000,294.14,294.66,293.91,293.91
1782045900000,293.89,294.26,293.63,293.7
1782046800000,294.02,296.18,293.21,293.21
1782047700000,293.84,296.36,292.38,292.38
1782048600000,292.54,292.86,292.12,292.12
1782049500000,292.37,297.16,291.79,291.79
1782051300000,291.96,297.41,291.76,291.76
1782052200000,291.96,297.17,291.71,291.75
1782054000000,291.89,300.7,291.56,296.92
1782054900000,297.14,297.46,295.8,295.8
1782055800000,295.99,296.28,295.65,295.65
1782056700000,295.9,297.36,295.52,295.52
1782057600000,295.5,296.06,295.38,295.38
1782058500000,295.55,295.9,295.55,295.84
1782059400000,295.84,297.84,295.36,296.67
1782060300000,297.28,297.67,296.43,296.81
1782061200000,296.81,297.92,296.65,296.78
1782062100000,297.76,298.81,296.29,296.94
1782063000000,297.28,297.75,296.86,297.19
1782063900000,297.75,297.75,297.35,297.35
1782064800000,297.76,298.21,297.35,298.2
1782065700000,298.22,298.22,297.99,298.22
1782066600000,298.05,298.34,297.79,297.97
1782067500000,298.38,298.4,297.91,298
1782068400000,298.45,298.46,297.97,298
1782072000000,298.47,298.7,297.98,298.7
1782072900000,298.47,298.75,298.23,298.3
1782082800000,298.75,298.75,298.17,298.17
1782083700000,298.75,299.39,298.01,299.21
1782084600000,299.21,299.52,298.01,299.01
1782085500000,299.01,299.64,298.01,299.05
1782086400000,297.25,297.27,295.38,296.26
1782087300000,296.07,296.37,295.99,296.03
1782088200000,296.27,296.3,295.68,295.71
1782089100000,295.9,296.04,295.45,295.49
1782090000000,295.49,295.98,295.49,295.89
1782090900000,295.91,296.16,295.56,295.64
1782091800000,295.69,295.98,295.64,295.84
1782092700000,295.84,295.84,295.52,295.59
1782093600000,295.5,295.6,295.2,295.26
1782094500000,295.3,295.44,294.98,295.06
1782095400000,295.01,295.17,294.87,294.88
1782096300000,294.9,294.96,294.86,294.9
1782097200000,294.87,295.5,294.87,295.35
1782098100000,295.35,295.55,295.35,295.53
1782099000000,295.54,295.69,295.54,295.55
1782099900000,295.54,295.68,294.99,295.1
1782100800000,295.09,295.4,294.99,295.22
1782101700000,295.24,295.33,295.06,295.16
1782102600000,295.16,295.42,295.07,295.17
1782103500000,295.29,295.92,295.27,295.87
1782104400000,295.81,296.72,295.7,296.63
1782105300000,296.63,296.75,296.35,296.64
1782106200000,296.49,296.64,296.4,296.63
1782107100000,296.62,296.63,296.42,296.56
1782108000000,296.57,296.8,296.44,296.79
1782108900000,296.7,297.37,296.57,297.35
1782109800000,297.26,297.26,296.89,297.02
1782110700000,297.07,297.25,297.07,297.19
1782111600000,297.13,297.61,297.08,297.09
1782112500000,297.09,297.41,297.09,297.13
1782113400000,297.2,297.22,296.9,297.02
1782114300000,296.92,297.37,296.92,297.26
1782115200000,297.231,297.35,296.845,296.937
1782116100000,296.936,297.038,296.655,296.655
1782117000000,296.655,297,296.65,296.855
1782117900000,296.855,297,296.62,296.95
1782118800000,296.95,296.95,296.71,296.795
1782119700000,296.795,296.975,296.68,296.945
1782120600000,296.945,296.975,296.85,296.9
1782121500000,296.9,296.915,296.74,296.915
1782122400000,296.915,297.384,296.915,297.255
1782123300000,297.255,297.265,297.09,297.09
1782124200000,297.09,297.09,296.35,296.5
1782125100000,296.5,296.5,294.433,294.835
1782126000000,294.876,296.035,294.819,295.239
1782126900000,295.241,295.535,295.236,295.34
1782127800000,295.34,295.906,295.337,295.46
1782128700000,295.45,295.9,295.4,295.9
1782129600000,295.9,296.758,295.89,296.145
1782130500000,296.145,296.485,295.835,296.231
1782131400000,296.229,296.73,296.075,296.498
1782132300000,296.513,296.589,296.246,296.326
1782133200000,296.326,296.74,296.163,296.274
1782134100000,296.274,297.811,296.001,297.811
1782135000000,297.31,301.95,297.31,301.594
1782135900000,301.615,302.04,300.5,301.717
1782136800000,301.7,302.42,301.515,301.846
1782137700000,301.847,301.93,300.905,301.223
1782138600000,301.21,301.22,299.555,299.677
1782139500000,299.68,300.115,299.39,299.789
1782140400000,299.791,300.38,299.04,300.092
1782141300000,300.085,300.23,299.2,299.942
1782142200000,299.92,301.235,299.79,301.046
1782143100000,301.051,301.43,300.275,300.883
1782144000000,300.9,300.96,300.35,300.808
1782144900000,300.79,300.96,300.16,300.542
1782145800000,300.53,300.675,299.93,300.175
1782146700000,300.181,300.475,299.932,299.932
1782147600000,299.93,300.03,299.45,299.594
1782148500000,299.63,300.135,299.598,299.811
1782149400000,299.81,299.86,299.285,299.332
1782150300000,299.333,299.83,299.24,299.319
1782151200000,299.317,299.34,298.59,298.709
1782152100000,298.72,299.2,298.635,298.917
1782153000000,298.918,299.04,298.59,298.86
1782153900000,298.861,299.21,298.68,299.061
1782154800000,299.07,299.34,298.9,299.089
1782155700000,299.09,299.3,298.9,299.08
1782156600000,299.06,299.1,296.985,297.268
1782157500000,297.29,297.68,296.82,296.86
1782158400000,296.996,297.344,296.725,296.765
1782159300000,296.765,296.975,296.601,296.78
1782160200000,296.78,297.01,296.702,296.702
1782161100000,296.701,296.825,296.54,296.753
1782162000000,296.761,296.8,296.505,296.505
1782162900000,296.505,296.54,296.505,296.505
1782163800000,296.505,296.525,296.505,296.525
1782164700000,296.525,296.525,296.177,296.325
1782165600000,296.325,296.74,296.2,296.2
1782166500000,296.2,296.48,296.2,296.435
1782167400000,296.435,296.453,295.968,296.1
1782168300000,296.1,296.3,295.756,296.026
1782169200000,296.024,296.024,295.49,295.826
1782170100000,295.825,295.825,295.328,295.7
1782171000000,295.7,295.79,295.51,295.51
1782171900000,295.51,295.728,295.26,295.6
1782172800000,295.85,296.08,295.54,295.73
1782173700000,295.74,297.75,295.67,296.59
1782174600000,296.59,297.21,295.99,296.99
1782175500000,296.99,297.47,296.82,297.37
1782176400000,297.39,298.01,297.35,297.76
1782177300000,297.67,297.84,297.41,297.84
1782178200000,297.88,298.19,296.96,297.04
1782179100000,296.92,298.63,296.75,298.55
1782180000000,298.52,299.34,298.08,298.8
1782180900000,298.91,299.39,298.66,298.96
1782181800000,298.96,298.96,298.19,298.26
1782182700000,298.46,298.49,298.05,298.15
1782183600000,298.3,299.2,298.16,298.69
1782184500000,298.76,299.65,298.65,299.65
1782185400000,299.35,300.73,299.24,300.22
1782186300000,300.22,300.31,298.85,298.99
1782187200000,298.95,299.36,298.22,298.3
1782188100000,298.3,298.4,297.67,297.76
1782189000000,297.76,297.76,297.49,297.52
1782189900000,297.57,298.14,297.55,298.14
1782190800000,298.14,298.28,297.93,298.07
1782191700000,298.04,298.49,297.47,297.79
1782192600000,297.91,298.87,297.1,297.6
1782193500000,297.81,299.94,297.53,299.23
1782194400000,299.14,299.99,298.54,299.23
1782195300000,299.01,299.1,297.9,298.06
1782196200000,298.05,298.05,297.19,297.2
1782197100000,297.2,297.28,295.89,295.99
1782198000000,296.06,296.21,295.36,295.47
1782198900000,295.43,296,294.83,295.16
1782199800000,295.13,295.69,294.87,295.1
1782200700000,295.12,295.3,294.69,294.81
1782201600000,295.6,295.6,294.281,295.068
1782202500000,295.069,295.51,295.033,295.075
1782203400000,295.075,295.515,294.974,295.375
1782204300000,295.375,295.949,294.775,295.602
1782205200000,295.601,295.677,295.505,295.61
1782206100000,295.61,295.67,295.55,295.615
1782207000000,295.615,296.27,295.61,296.27
1782207900000,296.27,296.27,295.75,296.065
1782208800000,296.065,296.11,295.755,295.755
1782209700000,295.755,296.125,295.755,295.985
1782210600000,295.985,296.15,295.955,295.983
1782211500000,295.984,295.985,295.815,295.909
1782212400000,295.909,296.074,294.57,295.344
1782213300000,295.344,295.45,294.845,295.4
1782214200000,295.4,295.4,294.859,295.08
1782215100000,295.08,295.1,294.575,294.75
1782216000000,294.75,294.757,294.13,294.66
1782216900000,294.66,294.895,294.46,294.7
1782217800000,294.7,294.784,294.11,294.501
1782218700000,294.501,295.25,294.5,295.11
1782219600000,295.112,295.933,294.94,295.659
1782220500000,295.666,297.759,295.121,297.698
1782221400000,297.61,300.56,295.31,300.495
1782222300000,300.44,301.645,298.16,299.049
1782223200000,299.06,300,298.8,299.503
1782224100000,299.475,300.535,298.92,300.5
1782225000000,300.51,300.84,299.6,300.316
1782225900000,300.327,300.47,299.54,300.035
1782226800000,300.16,300.31,299.1,299.14
1782227700000,299.12,299.26,298.42,298.55
1782228600000,298.53,298.59,297.375,297.769
1782229500000,297.766,298.235,297.46,298.079
1782230400000,298.06,298.755,297.96,298.181
1782231300000,298.182,298.9,298.182,298.616
1782232200000,298.55,298.82,298.2,298.575
1782233100000,298.565,299.275,298.45,298.99
1782234000000,299.031,299.38,297.895,299.086
1782234900000,299.079,299.46,298.93,299.398
1782235800000,299.44,299.79,299.045,299.34
1782236700000,299.297,300.085,298.905,299.005
1782237600000,298.99,299.37,298.455,298.772
1782238500000,298.78,298.85,298.33,298.552
1782239400000,298.549,298.63,297.74,297.862
1782240300000,297.91,298.22,297.47,297.559
1782241200000,297.51,298.06,296.795,296.843
1782242100000,296.85,296.87,295.31,295.863
1782243000000,295.859,296.41,295.5,295.753
1782243900000,295.72,296.51,294.24,294.27
1782244800000,294.402,294.805,293.99,294.805
1782245700000,294.805,295.1,294.31,295.1
1782246600000,295.1,295.25,294.901,295.003
1782247500000,295.002,295.002,294.801,294.896
1782248400000,294.897,295,294.74,294.8
1782249300000,294.8,294.8,294.75,294.785
1782250200000,294.785,294.785,294.74,294.76
1782251100000,294.76,294.8,294.76,294.76
1782252000000,294.76,294.76,294.17,294.55
1782252900000,294.55,294.725,293.986,294.001
1782253800000,293.997,294.157,293.54,293.811
1782254700000,293.824,293.995,293.668,293.895
1782255600000,293.887,293.895,293.681,293.875
1782256500000,293.875,294.51,293.875,294.41
1782257400000,294.41,294.41,293.967,294.13
1782258300000,294.13,294.815,294.13,294.654
1782259200000,296.2,296.2,294.3,294.4
1782260100000,294.51,294.61,293.76,293.96
1782261000000,293.85,294.21,292.06,292.93
1782261900000,292.93,293.33,292.89,293.3
1782262800000,293.35,293.49,293.27,293.43
1782263700000,293.25,293.41,292.51,293.12
1782264600000,293.12,294.2,292.69,293.02
1782265500000,293.02,293.34,292.51,292.91
1782266400000,292.93,293.38,292.77,292.99
1782267300000,293.09,293.1,292.6,292.93
1782268200000,293.01,293.27,292.65,293.01
1782269100000,293.03,293.29,292.74,293.29
1782270000000,293.11,294.17,293.11,294.16
1782270900000,294,294.24,293.48,293.81
1782271800000,293.86,294.34,293.74,294.02
1782272700000,294.04,294.32,293.91,294.2
1782273600000,294.29,294.29,293.93,293.95
1782274500000,293.97,294.08,293.8,293.89
1782275400000,293.9,294.76,293.9,294.48
1782276300000,294.49,294.7,294.48,294.51
1782277200000,294.6,294.82,294.52,294.67
1782278100000,294.67,294.71,294.43,294.49
1782279000000,294.49,294.98,294.49,294.51
1782279900000,294.68,294.68,294.3,294.46
1782280800000,294.46,294.58,294.01,294.51
1782281700000,294.47,294.5,293.7,293.89
1782282600000,293.88,294.37,293.88,293.92
1782283500000,294.07,294.21,293.82,294.12
1782284400000,294.04,294.29,293.82,294.24
1782285300000,294.24,294.5,294.16,294.35
1782286200000,294.42,294.49,294.04,294.27
1782287100000,294.27,294.47,294.05,294.21
1782288000000,294.613,294.613,293.512,293.8
1782288900000,293.8,293.8,293.6,293.6
1782289800000,293.6,293.78,293.6,293.725
1782290700000,293.725,293.725,293.695,293.695
1782291600000,293.695,293.82,293.66,293.775
1782292500000,293.775,293.775,293.515,293.544
1782293400000,293.539,293.575,293.35,293.35
1782294300000,293.35,293.805,293.35,293.79
1782295200000,293.79,293.89,293.575,293.76
1782296100000,293.76,293.858,293.66,293.858
1782297000000,293.86,294.75,293.86,294.75
1782297900000,294.75,294.75,294.48,294.485
1782298800000,294.538,295.267,294.538,294.9
1782299700000,294.9,295.29,294.79,295.29
1782300600000,295.29,296.577,295.225,296.02
1782301500000,296.017,296.486,295.817,295.928
1782302400000,295.923,296.075,295.5,295.646
1782303300000,295.645,296.152,295.641,296.047
1782304200000,296.035,296.142,295.525,295.687
1782305100000,295.689,295.817,295.112,295.29
1782306000000,295.278,295.637,295.2,295.504
1782306900000,295.507,296.053,294.901,295.166
1782307800000,295.355,296.4,293.23,295.618
1782308700000,295.68,296.26,294.485,294.768
1782309600000,294.765,295.51,294.245,294.801
1782310500000,294.814,296.15,294.725,295.44
1782311400000,295.455,296.67,295.13,296.518
1782312300000,296.514,297.255,296.49,297.118
1782313200000,297.105,297.58,296.695,297.509
1782314100000,297.48,298.865,297.14,298.771
1782315000000,298.75,299.5,298.175,298.209
1782315900000,298.22,299.675,298.09,299.461
1782316800000,299.463,299.485,298.62,298.753
1782317700000,298.74,298.9,297.85,298.066
1782318600000,298.065,298.065,297.22,297.338
1782319500000,297.255,297.6,296.875,297.322
1782320400000,297.326,297.39,296.31,296.62
1782321300000,296.61,296.91,295.815,296.424
1782322200000,296.423,296.86,295.77,295.864
1782323100000,295.91,296.33,295.59,295.619
1782324000000,295.63,296.5,295.385,295.555
1782324900000,295.585,296.195,295.585,295.983
1782325800000,296.01,296.18,294.88,295.196
1782326700000,295.18,295.25,294.16,295.114
1782327600000,295.15,295.4,294.81,295.043
1782328500000,295.03,295.24,294.81,294.926
1782329400000,294.925,295.12,294.48,295.048
1782330300000,293.015,293.33,292.94,293.3
1782331200000,293.156,294.888,293.125,294.45
1782332100000,294.45,294.644,293.51,293.989
1782333000000,293.963,294.1,293.066,293.198
1782333900000,293.198,293.429,292.659,293.198
1782334800000,293.198,293.32,293.01,293.18
1782335700000,293.18,293.645,293.18,293.644
1782336600000,293.644,293.7,293.45,293.45
1782337500000,293.45,293.534,293.12,293.39
1782338400000,293.39,293.608,293.09,293.201
1782339300000,293.197,293.297,293.05,293.053
1782340200000,293.052,293.052,292.375,292.606
1782341100000,292.607,292.615,292.001,292.175
1782342000000,292.175,292.214,291.306,291.519
1782342900000,291.524,291.999,291.524,291.881
1782343800000,291.88,292.093,290.726,290.964
1782344700000,290.97,291.489,290.951,290.97
1782345600000,291.01,291.43,290.49,291.06
1782346500000,291.09,291.23,291.04,291.14
1782347400000,291.17,291.21,291.02,291.04
1782348300000,291.03,291.41,290.94,291.17
1782349200000,291.26,291.63,291.17,291.51
1782350100000,291.56,291.77,291.45,291.45
1782351000000,291.54,291.55,291.35,291.37
1782351900000,291.42,291.51,291.35,291.35
1782352800000,291.38,291.5,291.32,291.35
1782353700000,291.47,291.51,291.36,291.4
1782354600000,291.43,291.59,291.36,291.48
1782355500000,291.53,291.53,290.97,291.16
1782356400000,291.24,291.32,291.14,291.31
1782357300000,291.24,291.33,291.05,291.33
1782358200000,291.31,291.51,291.19,291.23
1782359100000,291.34,291.34,291.1,291.11
1782360000000,291.19,291.26,290.84,290.84
1782360900000,290.84,291.1,290.65,290.81
1782361800000,290.85,290.94,290.69,290.77
1782362700000,290.79,291.26,290.79,291.01
1782363600000,291.19,291.19,290.73,290.86
1782364500000,290.86,290.99,290.79,290.86
1782365400000,290.84,291.01,290.78,290.86
1782366300000,290.96,290.97,290.59,290.64
1782367200000,290.67,291.13,290.57,291.06
1782368100000,291.18,291.2,290.96,291.14
1782369000000,291.15,291.28,291,291.17
1782369900000,291.22,291.37,291,291.35
1782370800000,291.37,291.79,291.32,291.34
1782371700000,291.42,293.01,291.31,292.77
1782372600000,292.73,292.97,292.4,292.6
1782373500000,292.6,292.6,292.14,292.22
1782374400000,291.173,292.59,291.173,291.84
1782375300000,291.84,292.019,291.685,291.685
1782376200000,291.685,291.85,291.685,291.685
1782377100000,291.685,292.03,291.685,291.685
1782378000000,291.685,291.79,291.44,291.44
1782378900000,291.44,291.59,291.44,291.53
1782379800000,291.532,291.59,291.532,291.59
1782380700000,291.59,291.671,291.59,291.671
1782381600000,291.702,291.88,291.702,291.88
1782382500000,291.882,291.89,291.55,291.55
1782383400000,291.55,291.55,291.42,291.425
1782384300000,291.425,291.61,291.315,291.595
1782385200000,291.593,291.593,291.13,291.47
1782386100000,291.47,291.635,291.426,291.475
1782387000000,291.496,291.63,291.1,291.446
1782387900000,291.437,291.442,290.8,291.055
1782388800000,291.055,291.593,291.055,291.06
1782389700000,291.06,291.47,291.024,291.205
1782390600000,291.205,293.94,290.74,291.043
1782391500000,291.047,291.5,290.78,291.045
1782392400000,291.045,291.067,290.108,290.345
1782393300000,290.345,290.573,287.31,287.5
1782394200000,287.51,288.715,277.88,278.13
1782395100000,278.145,279.93,277.67,278.96
1782396000000,278.95,280.16,277.97,278.46
1782396900000,278.455,279.77,277.495,279.651
1782397800000,279.62,280.11,278.59,279.668
1782398700000,279.74,279.98,277.48,277.595
1782399600000,277.655,278.085,276.78,277.01
1782400500000,277.03,277.99,276.44,277.634
1782401400000,277.64,279.47,277.59,279.284
1782402300000,279.28,279.64,277.64,277.847
1782403200000,277.863,278.18,276.32,276.47
1782404100000,276.48,276.64,274.46,274.56
1782405000000,274.565,275,273.78,274.701
1782405900000,274.765,275.145,274.11,275.12
1782406800000,275.14,277.54,275.009,277.181
1782407700000,277.18,278.39,277.04,277.991
1782408600000,278.05,278.1,276.985,277.067
1782409500000,277.075,277.075,276.2,276.79
1782410400000,276.727,278.855,276.22,278.28
1782411300000,278.285,280.155,278.075,279.374
1782412200000,279.375,280.19,278.81,279.757
1782413100000,279.74,279.746,279.03,279.435
1782414000000,279.41,279.426,276.3,276.52
1782414900000,276.52,278.07,276.04,276.72
1782415800000,276.72,277.03,275.34,275.401
1782416700000,274.31,275.22,274.13,275.22
1782417600000,274.921,275.231,274.207,274.943
1782418500000,274.942,275.672,274.94,275.598
1782419400000,275.599,275.653,275.106,275.25
1782420300000,275.25,275.355,275.096,275.324
1782421200000,275.322,275.443,275.29,275.29
1782422100000,275.29,275.42,275.29,275.385
1782423000000,275.387,275.394,275.08,275.15
1782423900000,275.15,275.15,275.115,275.115
1782424800000,275.115,275.31,274.918,275.204
1782425700000,275.199,275.36,275.06,275.324
1782426600000,275.325,275.615,275.325,275.429
1782427500000,275.426,275.6,275.4,275.461
1782428400000,275.459,276.189,275.452,276.189
1782429300000,276.191,277.81,276.031,277.73
1782430200000,277.73,277.84,276.62,276.65
1782431100000,276.65,276.809,275.985,276.285
1782432000000,276.76,277.34,276.37,277.34
1782432900000,277.3,277.36,276.64,277.28
1782433800000,277.28,277.28,276.53,277.2
1782434700000,277.19,277.2,276.89,276.99
1782435600000,276.9,276.99,276.1,276.68
1782436500000,276.65,277.12,276.61,276.78
1782437400000,276.77,276.77,275.95,275.99
1782438300000,275.98,276.12,275.57,275.66
1782439200000,275.72,276.01,275.63,275.94
1782440100000,275.94,277.01,275.74,276.74
1782441000000,276.76,276.76,275.82,276.04
1782441900000,276.02,276.02,275.3,275.3
1782442800000,275.31,275.38,274.69,274.95
1782443700000,274.86,275.4,274.77,275.21
1782444600000,275.26,275.26,274.79,275.15
1782445500000,275.12,275.38,274.97,275.12
1782446400000,275.29,275.3,274.12,274.21
1782447300000,274.29,274.47,274.19,274.47
1782448200000,274.48,274.5,273.58,273.75
1782449100000,273.76,273.9,273.32,273.89
1782450000000,273.87,274.38,273.75,274.19
1782450900000,274.16,274.44,273.9,274.41
1782451800000,274.45,274.72,273.96,274
1782452700000,274,274.24,273.82,274.06
1782453600000,274,274.07,273.63,273.93
1782454500000,273.93,274.49,273.8,274.49
1782455400000,274.48,275.05,274.4,275.02
1782456300000,275.05,275.5,274.97,275.24
1782457200000,275.28,275.3,274.55,274.75
1782458100000,274.96,275.12,274.66,274.91
1782459000000,274.97,275.46,274.9,275.04
1782459900000,275.13,275.51,275.02,275.49
1782460800000,275.44,276.137,275.256,276.01
1782461700000,276.36,276.36,275.456,275.72
1782462600000,275.68,275.735,275.406,275.65
1782463500000,275.393,275.543,275.1,275.1
1782464400000,275.1,275.323,274.91,275.323
1782465300000,275.324,275.325,274.915,275.155
1782466200000,275.153,276.366,275.045,276.029
1782467100000,275.77,276.254,275.76,275.8
1782468000000,275.884,276.53,275.805,276.46
1782468900000,276.46,277.204,276.34,277.18
1782469800000,276.88,277.21,276.645,276.88
1782470700000,276.48,276.735,276.48,276.48
1782471600000,276.59,276.669,276.53,276.587
1782472500000,276.34,276.8,276.3,276.61
1782473400000,276.65,276.77,275.918,276.16
1782474300000,276.03,276.409,275.865,276.24
1782475200000,276.23,277.7,276.23,277.61
1782476100000,277.68,278.1,277.46,277.51
1782477000000,277.62,277.707,277.498,277.62
1782477900000,277.51,277.62,276.905,277.07
1782478800000,276.7,276.915,275.76,275.87
1782479700000,275.929,276.064,274.49,275.098
1782480600000,275.13,278.18,274.25,276.9
1782481500000,276.95,277.26,275.45,275.75
1782482400000,275.72,278.34,275.555,278.21
1782483300000,278.155,278.92,276.94,278.28
1782484200000,278.3,280,278.09,279.318
1782485100000,279.36,280.23,278.945,279.835
1782486000000,279.86,280.45,279.17,279.59
1782486900000,279.59,280.01,278.41,279
1782487800000,279.03,279.44,277.55,278.16
1782488700000,278.145,278.36,277,277.16
1782489600000,277.18,277.33,275.59,275.99
1782490500000,275.98,276.605,275.24,275.89
1782491400000,275.92,278.145,275.882,278.1
1782492300000,278.105,279.35,277.95,278.9
1782493200000,278.89,279.34,278.435,278.86
1782494100000,278.87,279.305,278.6,279.23
1782495000000,279.22,279.86,279.02,279.45
1782495900000,279.4,279.73,278.66,279.21
1782496800000,279.21,281.27,278.9,281.046
1782497700000,281.055,281.29,279.83,280.185
1782498600000,280.21,281.81,280.09,281.18
1782499500000,281.155,281.325,280.265,280.705
1782500400000,280.735,281.83,280.39,281.42
1782501300000,281.46,281.83,279.43,280.176
1782502200000,280.14,281.42,280.095,281.23
1782503100000,281.23,285.96,280.99,281.86
1782504000000,281.28,283.448,281.28,282.95
1782504900000,282.44,282.736,282.407,282.52
1782505800000,282.26,282.573,282.188,282.28
1782506700000,282.29,282.523,282.146,282.29
1782507600000,282.325,282.435,282.26,282.35
1782508500000,282.15,282.449,282.15,282.31
1782509400000,282.375,282.397,281.5,281.747
1782510300000,281.749,282.134,281.645,281.755
1782511200000,281.718,282.24,281.535,282.24
1782512100000,282.24,282.374,281.827,282.275
1782513000000,282.65,282.8,282.289,282.65
1782513900000,282.8,282.973,282.325,282.425
1782514800000,282.425,282.425,282.205,282.328
1782515700000,282.335,282.485,282.175,282.48
1782516600000,282.48,282.724,282.235,282.325
1782517500000,282.308,282.8,282.283,282.621
1782518400000,282.609,282.609,282.552,282.552
1782519300000,285.22,285.27,285.22,285.27
1782520200000,285.31,285.31,285.31,285.31
1782540900000,285.39,285.43,285.18,285.18
1782541800000,285.11,285.11,285.07,285.07
1782542700000,285.07,285.07,285.07,285.07
1782545400000,285.07,285.07,284.89,284.89
1782564300000,285.47,285.57,285.04,285.04
1782565200000,284.79,284.99,281.31,281.93
1782570600000,282.19,282.67,281.72,281.72
1782572400000,281.93,282.43,281.63,281.63
1782573300000,281.8,281.96,281.56,281.84
1782574200000,281.83,282.02,281.83,282.02
1782575100000,282.02,282.14,281.83,282.14
1782576000000,281.83,281.83,281.83,281.83
1782576900000,282.15,282.15,281.83,281.83
1782577800000,282.15,282.2,282.15,282.15
1782579600000,282.2,283.25,282.15,282.68
1782590400000,283.29,283.29,283.29,283.29
1782603000000,283.29,283.29,283.08,283.08
1782609300000,283.29,283.29,282.99,282.99
1782625500000,283.3,283.3,283.3,283.3
1782626400000,283,283,283,283
1782641700000,283.33,283.39,283.33,283.39
1782650700000,283.39,283.42,283.39,283.42
1782655200000,283.42,283.53,283.42,283.53
1782658800000,283.25,283.25,283.25,283.25
1782660600000,283.16,283.16,283.13,283.13
1782662400000,283.57,283.57,283.33,283.33
1782665100000,283.59,283.59,283.3,283.3
1782683100000,283.3,283.3,283.12,283.12
1782686700000,283.59,283.59,283.23,283.23
1782691200000,285.15,285.15,282.49,284.56
1782692100000,284.53,284.56,283.83,283.88
1782693000000,283.88,286,283.8,285.49
1782693900000,285.51,285.51,284.73,285.04
1782694800000,285.03,285.15,284.64,284.69
1782695700000,284.69,284.74,284.38,284.43
1782696600000,284.4,285.5,284.37,285.16
1782697500000,285.18,285.37,284.92,285.11
1782698400000,285.01,285.03,283.77,283.77
1782699300000,283.89,284.69,283.8,284.66
1782700200000,284.65,285.14,284.3,285.03
1782701100000,285.13,285.23,284.79,284.85
1782702000000,284.85,285.61,284.85,285.3
1782702900000,285.29,285.32,284.9,285.11
1782703800000,285.04,285.04,284.52,284.62
1782704700000,284.63,285.65,284.6,285.5
1782705600000,285.48,285.5,285.04,285.1
1782706500000,285.16,285.41,284.69,284.69
1782707400000,284.74,284.78,284.59,284.59
1782708300000,284.6,285.24,284.6,284.91
1782709200000,284.8,285.21,284.61,285.19
1782710100000,285.17,285.18,284.99,285.18
1782711000000,285.14,285.36,285.08,285.26
1782711900000,285.3,285.35,284.98,285.14
1782712800000,285.12,285.12,284.8,285
1782713700000,285.04,285.11,284.91,285.09
1782714600000,285,285.29,284.99,285.1
1782715500000,285.06,285.06,284.57,284.86
1782716400000,284.81,284.81,284.12,284.3
1782717300000,284.33,284.57,284.33,284.5
1782718200000,284.5,284.56,284.19,284.54
1782719100000,284.49,284.58,284.3,284.3
1782720000000,282.915,284.727,282.915,283.773
1782720900000,283.26,283.769,283.148,283.25
1782721800000,283.9,283.965,283.276,283.51
1782722700000,283.485,283.574,282.93,282.93
1782723600000,282.942,283.4,282.942,283.4
1782724500000,283.4,283.84,283.368,283.84
1782725400000,284.01,284.01,283.485,283.74
1782726300000,283.469,284.05,283.385,283.875
1782727200000,284.01,284.145,283.875,284.035
1782728100000,283.88,284.135,283.8,283.88
1782729000000,283.884,284.075,283.731,283.731
1782729900000,283.74,283.85,283.73,283.74
1782730800000,284.21,284.3,283.532,284.16
1782731700000,284.2,284.22,283.826,284.055
1782732600000,284,284.4,284,284.19
1782733500000,284.205,284.4,284.19,284.38
1782734400000,284.22,284.55,284.195,284.49
1782735300000,284.3,284.453,283.84,283.84
1782736200000,283.81,283.935,283.04,283.04
1782737100000,283.42,283.778,283.161,283.53
1782738000000,283.67,284.833,283.619,284.79
1782738900000,284.78,286.757,284.456,286.67
1782739800000,286.7,288.34,283.74,284.025
1782740700000,284.05,285.21,283.535,283.97
1782741600000,283.985,284.02,281.82,281.82
1782742500000,281.75,282.37,280.45,280.785
1782743400000,280.661,282.29,280.335,281.506
1782744300000,281.585,282.82,281.28,281.81
1782745200000,281.83,282.15,280.72,281.94
1782746100000,281.96,282.43,281.645,282.36
1782747000000,282.39,282.74,281.88,282.67
1782747900000,282.699,283,281.485,281.527
1782748800000,281.54,281.62,280.35,280.41
1782749700000,280.43,281.3,280.22,280.6
1782750600000,280.58,280.79,279.94,280.13
1782751500000,280.19,280.76,279.865,280.3
1782752400000,280.32,280.49,279.86,280.075
1782753300000,280.11,281.55,280.095,281.47
1782754200000,281.47,281.89,281.33,281.51
1782755100000,281.5,282.29,281.44,282.02
1782756000000,282.035,282.036,280.995,281.451
1782756900000,281.42,281.68,280.86,281.545
1782757800000,281.55,282.345,281.49,282.14
1782758700000,282.14,282.29,281.46,282.055
1782759600000,282.075,283.04,281.93,282.63
1782760500000,282.63,282.89,282.3,282.69
1782761400000,282.69,282.74,281.66,281.835
1782762300000,281.8,282.41,281.5,281.7
1782763200000,281.79,281.881,281.197,281.45
1782764100000,281.67,281.7,281.467,281.7
1782765000000,281.717,281.798,281.615,281.654
1782765900000,281.55,281.7,281.36,281.56
1782766800000,281.511,281.583,281.39,281.42
1782767700000,281.42,281.544,281.42,281.431
1782768600000,281.51,281.529,281.376,281.51
1782769500000,281.41,281.53,281.41,281.525
1782770400000,281.27,281.583,281.123,281.5
1782771300000,281.45,281.585,281.156,281.27
1782772200000,281.156,281.255,281.07,281.25
1782773100000,281.25,281.25,281.083,281.115
1782774000000,281.17,281.35,281.1,281.17
1782774900000,281.35,281.35,281.136,281.175
1782775800000,281.175,281.225,281.157,281.224
1782776700000,281.24,281.359,281.036,281.24
1782777600000,281.25,281.55,280.75,281.06
1782778500000,281.05,281.14,280.85,280.88
1782779400000,280.87,280.88,280.59,280.63
1782780300000,280.63,281.2,280.63,281.14
1782781200000,281.1,281.1,280.89,280.99
1782782100000,280.98,281.47,280.82,281.39
1782783000000,281.45,281.48,281.14,281.44
1782783900000,281.43,281.45,281.23,281.42
1782784800000,281.43,281.43,281.19,281.19
1782785700000,281.19,281.39,281.08,281.37
1782786600000,281.37,281.37,281.07,281.1
1782787500000,281.11,281.24,280.96,280.98
1782788400000,280.97,281.16,280.82,281
1782789300000,281.04,281.18,280.87,280.93
1782790200000,281.02,281.18,280.87,281.08
1782791100000,281.09,281.29,281.09,281.1
1782792000000,281.16,281.4,281.16,281.19
1782792900000,281.19,281.34,281.15,281.27
1782793800000,281.25,281.6,281.14,281.53
1782794700000,281.53,281.59,281.41,281.5
1782795600000,281.57,281.68,281.52,281.57
1782796500000,281.57,281.66,281.51,281.58
1782797400000,281.57,281.57,281.34,281.52
1782798300000,281.52,281.62,281.43,281.56
1782799200000,281.64,281.66,281.51,281.57
1782800100000,281.57,281.69,281.4,281.55
1782801000000,281.55,281.55,281.36,281.43
1782801900000,281.43,281.58,281.38,281.57
1782802800000,281.58,281.59,281.46,281.58
1782803700000,281.55,281.67,281.49,281.56
1782804600000,281.57,281.7,281.52,281.59
1782805500000,281.54,281.54,281.21,281.25
1782806400000,281.42,281.42,281.158,281.42
1782807300000,281.41,281.41,281.045,281.41
1782808200000,280.98,281.27,280.722,280.98
1782809100000,280.89,280.905,280.65,280.89
1782810000000,280.895,280.96,280.895,280.96
1782810900000,280.91,280.96,280.901,280.945
1782811800000,280.975,281.152,280.96,281.15
1782812700000,281.15,281.415,281.08,281.28
1782813600000,281.32,281.32,281.24,281.32
1782814500000,281.4,281.425,281.24,281.4
1782815400000,281.52,281.72,281.425,281.55
1782816300000,281.655,281.72,281.615,281.64
1782817200000,281.655,281.855,281.6,281.8
1782818100000,281.69,281.8,281.459,281.69
1782819000000,281.5,281.91,281.37,281.91
1782819900000,281.85,282.045,281.5,281.85
1782820800000,281.4,281.649,281.228,281.45
1782821700000,281.44,281.49,281.179,281.4
1782822600000,281.2,281.849,281.025,281.2
1782823500000,281.88,282.201,281.605,282.01
1782824400000,282.15,282.389,282.06,282.06
1782825300000,282.05,282.207,280.321,281.4
1782826200000,281.145,284.83,280.71,283.28
1782827100000,283.34,285.32,282.845,285.32
1782828000000,285.29,285.98,284.75,285.855
1782828900000,285.85,286.285,285.52,285.99
1782829800000,285.99,286.26,285.28,285.55
1782830700000,285.585,287.07,285.415,286.98
1782831600000,286.99,287.335,286.65,286.94
1782832500000,286.955,288.635,286.62,288.27
1782833400000,288.265,289.15,288.18,288.46
1782834300000,288.47,289.38,288.414,288.745
1782835200000,288.76,289.175,287.82,288.25
1782836100000,288.25,288.48,287.955,288.17
1782837000000,288.16,288.745,288.14,288.71
1782837900000,288.71,289.22,288.63,289.185
1782838800000,289.2,289.67,288.945,288.98
1782839700000,288.96,288.974,288.343,288.44
1782840600000,288.49,288.58,288.23,288.38
1782841500000,288.42,288.7,288.2,288.4
1782842400000,288.4,289.19,288.09,288.95
1782843300000,288.92,289,287.85,288.115
1782844200000,288.09,288.18,287.17,287.45
1782845100000,287.51,287.51,286.68,286.97
1782846000000,286.98,287.7,286.978,287.55
1782846900000,287.55,288.13,287.26,287.505
1782847800000,287.55,288.075,287.49,287.895
1782848700000,287.935,289.9,287.44,289.23
1782849600000,288.97,289.46,288.844,289.46
1782850500000,288.815,289.343,288.815,288.84
1782851400000,288.87,288.9,288.795,288.87
1782852300000,288.835,289.496,288.71,288.835
1782853200000,288.971,289.5,288.885,289.375
1782854100000,289.375,289.375,289.064,289.1
1782855000000,289.092,289.092,288.842,288.945
1782855900000,288.945,289.1,288.945,288.999
1782856800000,288.997,289.179,288.931,289.14
1782857700000,289.122,289.2,289.03,289.07
1782858600000,289.075,289.1,288.985,289.07
1782859500000,289.07,289.179,289.009,289.145
1782860400000,289.1,289.22,289.07,289.1
1782861300000,289.195,289.265,289.195,289.195
1782862200000,289.18,289.229,289.001,289.08
1782863100000,288.99,289.144,288.9,288.99
1782864000000,288.85,289.16,288.82,288.99
1782864900000,288.92,289.21,288.79,289.19
1782865800000,289.2,289.37,289.19,289.28
1782866700000,289.28,289.39,289.24,289.35
1782867600000,289.35,289.51,289,289.51
1782868500000,289.49,289.85,289.43,289.72
1782869400000,289.58,289.59,289.36,289.41
1782870300000,289.4,289.44,289.23,289.23
1782871200000,289.17,290.01,289.11,289.96
1782872100000,289.73,289.79,289.46,289.47
1782873000000,289.48,289.52,289.38,289.52
1782873900000,289.52,289.72,289.51,289.72
1782874800000,289.79,289.8,289.65,289.68
1782875700000,289.76,289.76,289.55,289.59
1782876600000,289.58,289.73,289.47,289.63
1782877500000,289.68,289.77,289.67,289.7
1782878400000,289.71,289.73,289.61,289.61
1782879300000,289.59,289.64,289.54,289.62
1782880200000,289.59,289.68,289.42,289.68
1782881100000,289.68,289.71,289.6,289.6
1782882000000,289.59,289.68,289.59,289.68
1782882900000,289.67,289.67,289.61,289.65
1782883800000,289.61,289.68,289.61,289.63
1782884700000,289.65,289.71,289.64,289.67
1782885600000,289.67,289.7,289.54,289.57
1782886500000,289.57,289.64,289.49,289.59
1782887400000,289.58,289.69,289.58,289.68
1782888300000,289.68,289.68,289.5,289.51
1782889200000,289.52,289.52,288.6,288.84
1782890100000,288.83,289.49,288.83,289.34
1782891000000,289.34,289.52,289.34,289.41
1782891900000,289.4,289.72,289.34,289.72
1782892800000,288.95,289.48,288.95,289.48
1782893700000,289.48,289.69,289.39,289.445
1782894600000,289.39,289.445,289.13,289.39
1782895500000,289.31,289.39,289.15,289.2
1782896400000,289.2,289.275,289.055,289.27
1782897300000,289.27,289.275,289.17,289.17
1782898200000,289.17,289.17,289.115,289.115
1782899100000,289.29,289.29,289.115,289.29
1782900000000,289.15,289.33,289.056,289.056
1782900900000,289.054,289.35,289.05,289.35
1782901800000,289.28,289.48,289.205,289.38
1782902700000,289.39,289.54,289.325,289.325
1782903600000,289.325,289.399,289.101,289.2
1782904500000,289.49,289.57,289.2,289.57
1782905400000,289.349,289.475,289.26,289.26
1782906300000,288.97,289.37,288.97,288.97
1782907200000,288.88,289.018,288.805,288.85
1782908100000,288.963,289.2,288.891,289.075
1782909000000,288.58,289.44,288.58,289.44
1782909900000,289.62,293.722,289.179,293.46
1782910800000,293.36,293.73,292.046,293.63
1782911700000,294,294.3,293.105,293.38
1782912600000,293.43,293.43,290.38,291.106
1782913500000,291.03,292.63,289.195,292.438
1782914400000,292.5,293.15,291.68,292.95
1782915300000,292.945,293.46,291.98,293.06
1782916200000,293.05,294.8,292.73,294.79
1782917100000,294.79,295.05,294,294.68
1782918000000,294.53,295.35,294.27,294.61
1782918900000,294.61,296.58,294.503,295.78
1782919800000,295.78,295.78,294.73,294.915
1782920700000,294.95,295.41,294.64,295.245
1782921600000,295.245,295.71,295.05,295.284
1782922500000,295.25,295.47,294.95,294.96
1782923400000,294.985,295.05,294.29,294.56
1782924300000,294.58,294.83,294.12,294.21
1782925200000,294.22,294.59,293.91,294.43
1782926100000,294.45,294.45,293.95,294.08
1782927000000,294.07,294.59,293.93,294.11
1782927900000,294.11,294.99,293.1,293.75
1782928800000,293.73,294.82,292.79,294.5
1782929700000,294.565,295.08,294.34,294.81
1782930600000,294.8,295.52,294.735,295.37
1782931500000,295.355,295.45,294.66,294.725
1782932400000,294.73,294.95,294.42,294.57
1782933300000,294.58,294.81,294,294.03
1782934200000,293.985,294.35,293.94,294.235
1782935100000,294.22,295.51,293.76,294.28
1782936000000,293.8,294.444,293.254,294.35
1782936900000,294.11,294.225,293.863,294.19
1782937800000,293.91,294.271,293.79,293.84
1782938700000,293.99,294.13,293.99,293.99
1782939600000,294.106,294.215,294.03,294.1
1782940500000,293.82,294.167,293.7,293.8
1782941400000,293.92,293.937,293.75,293.75
1782942300000,293.75,293.897,293.75,293.897
1782943200000,293.88,294.108,293.802,293.891
1782944100000,293.91,294.03,293.89,293.91
1782945000000,294.025,294.025,293.902,294.025
1782945900000,294.025,294.045,293.9,294.045
1782946800000,294.045,294.045,293.925,294
1782947700000,294,294.098,293.995,293.995
1782948600000,294.24,294.24,293.995,294.24
1782949500000,294.49,294.545,294.165,294.49
1782950400000,294.25,294.89,294.01,294.43
1782951300000,294.49,295.87,294.43,295.81
1782952200000,295.81,295.81,295.26,295.32
1782953100000,295.27,296.07,295.24,295.59
1782954000000,295.59,295.9,295.58,295.88
1782954900000,295.88,295.88,295.23,295.31
1782955800000,295.29,295.35,294.99,295.33
1782956700000,295.31,295.31,295.06,295.13
1782957600000,295.07,295.32,295.06,295.21
1782958500000,295.22,295.24,294.9,295.04
1782959400000,295.1,295.11,294.98,295.08
1782960300000,295.05,295.19,295.05,295.15
1782961200000,295.15,296.12,295.1,296.12
1782962100000,296.06,296.2,295.68,296.2
1782963000000,296.2,296.45,296.11,296.15
1782963900000,296.12,296.49,296.04,296.42
1782964800000,296.43,296.59,296.24,296.24
1782965700000,296.2,296.56,296,296.27
1782966600000,296.25,296.35,295.92,296.18
1782967500000,296.01,296.24,295.96,296.02
1782968400000,296.02,296.15,295.74,296.12
1782969300000,296.11,296.48,295.99,296.35
1782970200000,296.35,296.36,295.85,295.99
1782971100000,295.96,296.41,295.82,296.25
1782972000000,296.25,296.66,296.04,296.63
1782972900000,296.62,296.8,296.45,296.51
1782973800000,296.51,296.64,296.01,296.12
1782974700000,296.07,296.86,295.89,296.7
1782975600000,296.77,296.86,296.36,296.68
1782976500000,296.63,297.56,296.55,297.34
1782977400000,297.08,297.31,297.06,297.19
1782978300000,297.25,297.32,296.65,296.71
1782979200000,297.2,297.375,294.805,297.2
1782980100000,297.375,297.485,297.167,297.167
1782981000000,297.01,297.166,296.925,297.01
1782981900000,296.925,297.063,296.799,296.85
1782982800000,296.85,296.85,296.425,296.425
1782983700000,296.425,296.68,296.365,296.68
1782984600000,296.68,296.945,296.365,296.913
1782985500000,296.918,296.944,295.84,295.987
1782986400000,295.986,296.195,295.4,296.195
1782987300000,296.195,296.195,295.495,295.77
1782988200000,295.9,295.9,295.75,295.76
1782989100000,295.78,296.295,295.78,296.295
1782990000000,296.246,296.246,295.23,295.5
1782990900000,295.5,295.7,295.411,295.609
1782991800000,295.608,295.7,295.049,295.096
1782992700000,295.097,295.11,294.74,294.9
1782993600000,294.9,295.079,294.006,294.3
1782994500000,294.57,294.865,294.25,294.25
1782995400000,294.81,295.375,294.4,294.99
1782996300000,294.67,295.053,294.537,294.64
1782997200000,294.6,294.808,293.956,294.06
1782998100000,294,294.79,293.968,294.01
1782999000000,294.085,301.14,293.88,300.365
1782999900000,300.48,302.86,300.392,302.86
1783000800000,302.86,304.515,302.645,303.71
1783001700000,303.8,305.33,303.597,305.106
1783002600000,305.06,306.61,304.9,306.42
1783003500000,306.43,307.015,305.33,306.9
1783004400000,306.89,307.8,305.41,307.395
1783005300000,307.365,307.446,305.28,305.425
1783006200000,305.465,306.88,305.428,305.696
1783007100000,305.75,306.1,305.295,305.615
1783008000000,305.675,307.085,305.62,307.06
1783008900000,307.06,308.44,306.985,308.095
1783009800000,308.1,308.475,307.05,307.51
1783010700000,307.45,308.52,306.66,308.274
1783011600000,308.31,308.425,306.3,308.22
1783012500000,308.185,308.31,307.28,307.81
1783013400000,307.805,308.15,307.425,308.15
1783014300000,308.21,308.3,307.115,307.32
1783015200000,307.275,307.8,307.16,307.645
1783016100000,307.65,307.79,306.86,307.32
1783017000000,307.345,307.89,307.13,307.53
1783017900000,307.53,308.09,307.345,307.635
1783018800000,307.65,308.32,307.395,307.817
1783019700000,307.78,308.04,307.27,307.44
1783020600000,307.46,308.5,307.36,307.985
1783021500000,308.01,309.405,307.19,308.35
1783022400000,308.36,308.591,308.01,308.31
1783023300000,308.065,308.264,307.871,308.14
1783024200000,308.02,308.309,308.02,308.02
1783025100000,308,308.225,307.845,307.99
1783026000000,307.845,308.005,307.845,307.941
1783026900000,307.952,308.09,307.952,308.09
1783027800000,308.06,308.09,308.001,308.06
1783028700000,308.01,308.072,308,308.04
1783029600000,308.11,308.259,308.02,308.105
1783030500000,308.08,308.189,307.97,308.08
1783031400000,308.158,308.16,308.045,308.045
1783032300000,308.01,308.207,307.96,308.01
1783033200000,308.15,308.294,308.08,308.15
1783034100000,307.93,308.177,307.93,307.93
1783035000000,308.121,308.275,308.102,308.268
1783035900000,308.267,308.47,308.135,308.47
1783048500000,308.51,308.51,308.51,308.51
1783055700000,308.1,308.1,308.01,308.01
1783060200000,308.24,308.24,308.01,308.01
1783062900000,308.01,308.25,308,308
1783076400000,308.25,308.26,308,308
1783079100000,308.26,308.26,308.26,308.26
1783081800000,308.35,308.35,308.35,308.35
1783082700000,308,308,308,308
1783083600000,308,308,307.96,307.96
1783084500000,307.96,307.96,307.96,307.96
1783088100000,307.96,307.96,306.29,306.29
1783089000000,306.23,306.23,306.23,306.23
1783089900000,306.23,306.23,306.23,306.23
1783090800000,306.2,306.2,306.2,306.2
1783094400000,306.29,306.29,305.9,305.9
1783095300000,306.12,306.12,305.88,305.88
1783097100000,305.88,305.88,305.88,305.88
1783110600000,306.13,306.13,305.86,305.86
1783111500000,306.17,306.17,305.82,305.82
1783117800000,306.17,306.17,305.8,305.8
1783120500000,306.07,306.07,306.07,306.07
1783134900000,305.78,305.78,305.78,305.78
1783138500000,306.04,306.04,305.72,305.72
1783139400000,306.17,306.17,306.17,306.17
1783167300000,305.72,305.72,305.72,305.72
1783172700000,305.69,305.69,305.69,305.69
1783180800000,305.69,306,305.66,305.66
1783181700000,306,306.18,305.48,305.48
1783182600000,305.88,305.88,305.88,305.88
1783183500000,306,306.02,305.48,305.48
1783184400000,305.69,305.82,305.46,305.46
1783187100000,305.72,305.72,305.46,305.46
1783190700000,305.46,305.46,305.43,305.43
1783215000000,305.72,305.82,305.72,305.82
1783215900000,305.43,305.87,305.43,305.43
1783223100000,305.67,305.93,305.43,305.43
1783237500000,305.59,305.65,305.24,305.24
1783242000000,305.4,305.51,305.13,305.13
1783256400000,305.13,305.13,305.13,305.13
1783268100000,305.45,305.59,305.02,305.02
1783277100000,305.33,305.82,305.33,305.82
1783285200000,305.02,305.02,305,305
1783289700000,305.35,305.93,305.35,305.93
1783291500000,305.92,305.94,304.97,304.97
1783294200000,305.43,306.03,305.43,306.03
1783296000000,308.91,309.09,305.2,305.45
1783296900000,305.39,306.2,305.32,305.94
1783297800000,305.84,306.09,305.71,305.98
1783298700000,306.05,306.33,305.97,306.13
1783299600000,306.09,306.6,305.78,306.47
1783300500000,306.39,306.39,305.76,306.02
1783301400000,306.1,306.35,306.05,306.05
1783302300000,306.05,306.18,305.81,306.12
1783303200000,306.07,306.25,305.97,306.07
1783304100000,305.97,306.94,305.9,306.86
1783305000000,306.81,307.36,306.71,306.88
1783305900000,306.93,307.16,306.63,306.7
1783306800000,306.87,306.96,306.71,306.71
1783307700000,306.74,306.77,306.53,306.67
1783308600000,306.75,306.76,306.15,306.27
1783309500000,306.25,306.4,306.16,306.33
1783310400000,306.39,306.68,306.36,306.68
1783311300000,306.68,306.72,306.52,306.64
1783312200000,306.63,306.71,306.36,306.43
1783313100000,306.43,306.48,306.39,306.47
1783314000000,306.47,306.52,306.35,306.52
1783314900000,306.52,307.14,306.31,306.66
1783315800000,306.58,306.58,306.43,306.48
1783316700000,306.48,306.49,306.21,306.32
1783317600000,306.33,306.39,306.05,306.09
1783318500000,306.02,306.27,306.02,306.23
1783319400000,306.22,306.51,306.12,306.38
1783320300000,306.39,306.41,305.68,305.7
1783321200000,305.71,306.05,305.45,306
1783322100000,305.76,305.99,305.76,305.89
1783323000000,305.91,306.18,305.91,306.12
1783323900000,306.27,306.28,306.01,306.01
1783324800000,306.22,308.101,305.585,306.22
1783325700000,305.585,305.585,305.31,305.55
1783326600000,305.55,305.55,305.225,305.225
1783327500000,305.225,306.125,305.225,306.125
1783328400000,306.125,306.125,305.325,305.325
1783329300000,305.32,305.465,305.32,305.32
1783330200000,305.336,305.465,305.31,305.31
1783331100000,305.53,305.76,305.31,305.73
1783332000000,305.75,305.84,305.75,305.75
1783332900000,305.66,305.75,305.66,305.66
1783333800000,305.745,305.778,305.655,305.655
1783334700000,305.655,305.84,305.655,305.84
1783335600000,306,306.885,305.84,306
1783336500000,306.56,306.864,306.333,306.56
1783337400000,306.62,306.991,306.53,306.77
1783338300000,306.62,307.15,306.595,306.98
1783339200000,307.045,307.6,306.79,307.2
1783340100000,307.44,307.44,306.8,307.41
1783341000000,307.52,307.99,307.4,307.91
1783341900000,307.76,307.888,307.4,307.46
1783342800000,307.23,307.6,307.2,307.23
1783343700000,307.29,307.515,306,307.42
1783344600000,307.37,309.86,307.01,309.29
1783345500000,309.26,309.945,308.43,309.595
1783346400000,309.575,309.98,308.875,309.855
1783347300000,309.88,311.74,309.47,311.673
1783348200000,311.71,311.84,311.23,311.41
1783349100000,311.39,312.57,311.29,312.56
1783350000000,312.54,313.21,312.46,312.865
1783350900000,312.89,313.6,312.685,313.58
1783351800000,313.57,314.11,313.37,314.1
1783352700000,314.105,314.19,313.4,313.7
1783353600000,313.64,313.79,312.82,313.025
1783354500000,313.02,313.02,312.23,312.23
1783355400000,312.245,312.74,311.89,312.615
1783356300000,312.57,312.97,312.48,312.54
1783357200000,312.52,312.91,312.33,312.74
1783358100000,312.765,312.88,312.36,312.36
1783359000000,312.39,312.58,312.13,312.395
1783359900000,312.42,312.745,312.305,312.703
1783360800000,312.76,312.965,312.43,312.94
1783361700000,312.945,313.15,312.79,313.06
1783362600000,313.09,313.48,312.925,313.275
1783363500000,313.3,313.47,313.06,313.28
1783364400000,313.31,313.39,312.98,313.19
1783365300000,313.215,313.55,313.02,313.42
1783366200000,313.42,313.735,313.34,313.63
1783367100000,313.61,313.69,312.17,312.755
1783368000000,312.739,312.922,312.595,312.83
1783368900000,312.62,312.83,312.61,312.62
1783369800000,312.62,312.755,312.605,312.696
1783370700000,312.74,312.785,312.617,312.74
1783371600000,312.6,312.785,312.551,312.6
1783372500000,312.615,312.88,312.6,312.696
1783373400000,312.698,312.81,312.63,312.653
1783374300000,312.654,312.8,312.653,312.653
1783375200000,312.76,312.78,312.625,312.76
1783376100000,312.78,312.83,312.705,312.8
1783377000000,312.8,312.8,312.58,312.645
1783377900000,312.648,312.69,312.435,312.69
1783378800000,312.7,312.75,312.65,312.7
1783379700000,312.7,312.7,312.5,312.59
1783380600000,312.77,312.86,312.576,312.86
1783381500000,312.83,312.84,312.665,312.84
1783382400000,312.87,313.01,312.64,313.01
1783383300000,313.11,313.76,313.11,313.42
1783384200000,313.48,313.58,313.25,313.49
1783385100000,313.49,313.5,313.25,313.31
1783386000000,313.25,313.48,313.19,313.34
1783386900000,313.34,313.96,313.28,313.96
1783387800000,313.95,314.99,313.87,314.41
1783388700000,314.6,314.6,314.02,314.11
1783389600000,314.02,314.29,314.02,314.11
1783390500000,314.07,314.23,314.07,314.08
1783391400000,314.08,314.11,313.65,313.73
1783392300000,313.7,314.37,313.7,313.8
1783393200000,313.7,314.36,313.49,313.65
1783394100000,313.67,313.7,313.44,313.59
1783395000000,313.64,314.44,313.64,314.25
1783395900000,314.24,314.25,313.76,314.14
1783396800000,314.2,314.37,314.01,314.27
1783397700000,314.14,314.4,314.08,314.38
1783398600000,314.36,314.51,314.18,314.23
1783399500000,314.24,314.81,314.18,314.66
1783400400000,314.65,315.94,314.6,315.65
1783401300000,315.65,315.94,314.85,314.98
1783402200000,314.99,315.04,314.23,314.24
1783403100000,314.2,314.26,313.25,313.4
1783404000000,313.41,313.41,312.97,313.16
1783404900000,313.16,313.2,313.01,313.12
1783405800000,313.08,313.19,313,313.03
1783406700000,313.03,313.03,312.79,312.88
1783407600000,312.84,313.4,312.74,313.38
1783408500000,313.38,313.4,313.18,313.38
1783409400000,313.36,313.69,313.17,313.69
1783410300000,313.67,313.68,313.15,313.31
1783411200000,313.84,313.85,312.75,313.71
1783412100000,313.848,314.376,313.845,314.295
1783413000000,314.295,314.5,314.15,314.15
1783413900000,314.15,314.485,314.1,314.485
1783414800000,314.486,314.494,313.855,314.156
1783415700000,314.157,314.424,313.995,314.29
1783416600000,314.52,314.97,314.29,314.97
1783417500000,315.03,315.15,314.455,314.93
1783418400000,315.08,315.45,314.54,315.19
1783419300000,314.9,314.908,314.417,314.417
1783420200000,314.416,314.841,314.415,314.725
1783421100000,314.6,314.82,314.6,314.6
1783422000000,314.48,314.861,314.4,314.73
1783422900000,314.795,314.825,314.625,314.785
1783423800000,314.785,315.05,314.761,314.995
1783424700000,314.82,315,314.7,314.82
1783425600000,315.13,315.411,314.935,315.39
1783426500000,315.44,315.49,314.777,315.49
1783427400000,315.05,315.109,314.761,315.05
1783428300000,315.01,315.111,314.747,315.01
1783429200000,315.16,315.325,315.008,315.16
1783430100000,315.28,315.49,314.642,315.04
1783431000000,315.29,315.47,310.17,312.01
1783431900000,312.06,312.775,311.13,311.475
1783432800000,311.465,312.54,311.125,311.89
1783433700000,311.8,312.205,311.21,311.485
1783434600000,311.43,313.425,311,312.53
1783435500000,312.53,313,312.04,312.82
1783436400000,312.845,313.85,312.67,313.332
1783437300000,313.32,314.125,313.15,314.075
1783438200000,314.105,314.415,313.75,314.345
1783439100000,314.405,314.73,314.155,314.3
1783440000000,314.29,314.37,313.14,313.14
1783440900000,313.13,314.03,312.69,313.13
1783441800000,313.2,313.91,312.78,313.61
1783442700000,313.64,313.99,313.591,313.62
1783443600000,313.61,313.643,312.27,312.77
1783444500000,312.789,313.23,312.7,312.852
1783445400000,312.84,312.98,312.58,312.72
1783446300000,312.78,312.93,311.886,311.92
1783447200000,311.86,312.41,311.86,312.19
1783448100000,312.16,312.71,311.96,312.62
1783449000000,312.6,313.16,312.4,313.056
1783449900000,313.04,313.07,311.855,312.01
1783450800000,312.03,312.5,311.565,311.87
1783451700000,311.86,312.26,311.56,311.88
1783452600000,311.9,312.31,311.57,311.725
1783453500000,311.72,312.05,310.34,310.69
1783454400000,311.12,311.437,310.525,311.11
1783455300000,310.94,311.094,310.825,310.94
1783456200000,310.94,310.975,310.835,310.91
1783457100000,310.911,311.139,310.895,311.139
1783458000000,311.139,311.334,311.057,311.215
1783458900000,311.219,311.227,310.502,310.785
1783459800000,310.804,310.895,310.5,310.841
1783460700000,310.842,310.944,310.5,310.85
1783461600000,310.71,311.075,310.71,311
1783462500000,311.075,311.2,311.075,311.075
1783463400000,311.075,311.36,311.075,311.16
1783464300000,311.16,311.165,311.16,311.165
1783465200000,311.165,311.588,311.11,311.4
1783466100000,311.4,312.39,311.4,312.39
1783467000000,312.39,312.39,311.59,311.59
1783467900000,311.59,311.8,311.37,311.37
1783468800000,311.54,311.96,311.12,311.57
1783469700000,311.76,311.78,311.25,311.28
1783470600000,311.51,311.9,311.27,311.89
1783471500000,311.9,311.91,311.44,311.5
1783472400000,311.59,311.79,311.5,311.62
1783473300000,311.64,311.64,311.26,311.34
1783474200000,311.34,311.39,311.21,311.39
1783475100000,311.32,311.38,311.2,311.26
1783476000000,311.27,311.35,311.06,311.16
1783476900000,311.15,311.2,310.63,310.63
1783477800000,310.62,310.88,309.88,310.76
1783478700000,310.86,310.91,310.71,310.76
1783479600000,310.8,311.03,310.8,310.86
1783480500000,310.89,311.02,310.87,310.93
1783481400000,310.94,311,310.58,310.73
1783482300000,310.67,310.67,310.51,310.58
1783483200000,310.57,310.6,310.43,310.6
1783484100000,310.49,310.97,310.47,310.92
1783485000000,310.89,310.91,310.71,310.79
1783485900000,310.72,310.75,310.49,310.49
1783486800000,310.5,310.79,310.5,310.78
1783487700000,310.76,311.08,310.59,310.91
1783488600000,310.91,311.21,310.85,311.07
1783489500000,311.06,311.17,310.88,311.03
1783490400000,311.03,311.26,310.91,311.2
1783491300000,311.17,311.44,311.14,311.23
1783492200000,311.33,311.39,311.11,311.14
1783493100000,311.15,311.69,311.06,311.19
1783494000000,311.19,311.26,310.98,311.17
1783494900000,311.04,311.16,310.96,311.15
1783495800000,311.19,311.48,311.19,311.37
1783496700000,311.38,311.44,311.27,311.34
1783497600000,311.287,311.287,310.14,310.69
1783498500000,310.54,310.69,309.5,310.24
1783499400000,309.02,309.849,309.02,309.02
1783500300000,309.27,309.637,309.08,309.42
1783501200000,309.42,309.558,308.711,309.44
1783502100000,309.83,310.15,309.345,309.79
1783503000000,309.74,309.74,309.25,309.25
1783503900000,309.25,309.55,309.095,309.115
1783504800000,308.82,309.115,308.82,308.95
1783505700000,308.845,309.026,308.835,308.865
1783506600000,308.82,309.63,308.82,308.82
1783507500000,309.455,309.7,309.455,309.7
1783508400000,309.67,309.8,309.41,309.51
1783509300000,309.33,309.6,309.22,309.22
1783510200000,309.4,309.8,309.4,309.654
1783511100000,309.84,309.9,309.6,309.84
1783512000000,309.74,309.999,309.526,309.83
1783512900000,309.86,310.324,309.714,310.196
1783513800000,310.25,310.529,309.9,310.3
1783514700000,309.87,309.984,309.605,309.91
1783515600000,309.93,310.608,309.782,310.56
1783516500000,310.63,311.912,309.96,311.84
1783517400000,311.9,311.92,307.815,307.92
1783518300000,307.91,309.62,307.1,309.15
1783519200000,309.089,310.23,308.45,309.912
1783520100000,309.95,310.65,308.83,308.85
1783521000000,308.8,310.43,308.795,310.27
1783521900000,310.19,310.545,308.725,308.91
1783522800000,308.9,310.25,308.75,309.98
1783523700000,309.93,310.835,309.89,310.08
1783524600000,310.13,310.13,309.3,309.545
1783525500000,309.55,310.44,309.46,310.24
1783526400000,310.25,311.2,310.075,310.475
1783527300000,310.52,311.77,310.514,311.659
1783528200000,311.615,312.26,311.335,312.19
1783529100000,312.19,313.32,312.13,313.11
1783530000000,313.12,314.08,313.02,313.88
1783530900000,313.865,314.18,313.245,314.1
1783531800000,314.13,314.56,313.93,314.487
1783532700000,314.47,314.63,314.21,314.37
1783533600000,314.39,314.815,314.21,314.565
1783534500000,314.59,314.62,314.105,314.105
1783535400000,314.13,314.22,313.75,313.95
1783536300000,313.94,314.405,313.85,313.899
1783537200000,313.91,314.19,313.73,313.93
1783538100000,313.93,314.08,313.65,313.815
1783539000000,313.835,314.21,313.09,313.09
1783539900000,313.1,313.96,312.75,313.34
1783540800000,313.304,313.44,313.062,313.205
1783541700000,313.11,313.345,313.11,313.28
1783542600000,313.32,313.32,313.095,313.23
1783543500000,313.38,313.38,313.19,313.38
1783544400000,313.37,313.7,313.2,313.38
1783545300000,313.22,313.4,313.195,313.2
1783546200000,313.4,313.544,313.4,313.54
1783547100000,313.54,313.54,313.44,313.44
1783548000000,313.44,313.44,313.065,313.35
1783548900000,313.348,313.38,313.141,313.2
1783549800000,313.33,313.348,313.11,313.33
1783550700000,313.255,313.255,313.202,313.225
1783551600000,313.225,313.278,313.225,313.251
1783552500000,313.03,313.251,312.952,313.03
1783553400000,312.947,313.397,312.91,313.227
1783554300000,313.226,313.25,313.14,313.205
1783555200000,313.24,313.51,313.05,313.39
1783556100000,313.24,313.29,312.88,313
1783557000000,313.14,313.15,312.92,312.94
1783557900000,312.94,313.03,312.73,312.84
1783558800000,312.8,313.11,312.66,313.05
1783559700000,313,313.27,312.96,313.03
1783560600000,313.04,313.07,312.86,312.88
1783561500000,312.94,313.02,312.73,312.77
1783562400000,312.75,313.37,312.72,313.34
1783563300000,313.21,313.69,313.21,313.41
1783564200000,313.42,313.49,313.2,313.21
1783565100000,313.21,313.32,313.02,313.3
1783566000000,313.31,313.61,313.28,313.51
1783566900000,313.51,313.69,313.29,313.65
1783567800000,313.61,313.96,313.48,313.71
1783568700000,313.82,314.2,313.82,314.05
1783569600000,314.03,314.03,313.82,313.82
1783570500000,313.83,313.9,313.58,313.74
1783571400000,313.73,314.11,313.72,314.05
1783572300000,314.12,314.49,314.06,314.27
1783573200000,314.24,314.94,314.22,314.73
1783574100000,314.73,314.73,314.26,314.31
1783575000000,314.28,314.39,314.21,314.26
1783575900000,314.34,314.6,314.34,314.51
1783576800000,314.53,314.61,314.46,314.57
1783577700000,314.52,314.61,314.42,314.42
1783578600000,314.45,314.46,314.03,314.05
1783579500000,314.07,314.07,313.4,313.49
1783580400000,313.49,313.5,313.1,313.21
1783581300000,313.31,313.38,313.03,313.13
1783582200000,313.12,313.16,312.9,312.96
1783583100000,312.96,313.15,312.82,313.12
1783584000000,313.215,313.44,312.697,312.77
1783584900000,312.77,313.08,312.77,313.08
1783585800000,313.08,313.08,312.715,312.805
1783586700000,312.805,312.805,312.74,312.74
1783587600000,312.29,312.74,312.272,312.29
1783588500000,312.37,312.41,312.27,312.41
1783589400000,312.275,312.275,312.22,312.27
1783590300000,312.39,312.55,312.27,312.53
1783591200000,312.395,312.395,312.35,312.35
1783592100000,312.35,312.45,312.35,312.367
1783593000000,312.12,312.375,312.12,312.18
1783593900000,312.29,312.45,312.14,312.29
1783594800000,312.47,312.6,312.26,312.43
1783595700000,312.545,312.545,312.1,312.1
1783596600000,312.02,312.26,311.881,311.99
1783597500000,312.15,312.43,312.105,312.41
1783598400000,312.36,312.38,312.02,312.38
1783599300000,312.38,312.4,311.835,312.315
1783600200000,312.37,312.65,312.315,312.35
1783601100000,311.94,312.485,311.208,311.55
1783602000000,311.46,311.97,311.442,311.85
1783602900000,311.89,312.1,310.195,310.54
1783603800000,310.45,312.05,308.16,310.753
1783604700000,310.92,311.84,310.68,310.99
1783605600000,310.99,311.935,310.195,310.87
1783606500000,310.86,312.27,310.43,312.08
1783607400000,312.11,312.39,311.57,311.61
1783608300000,311.635,311.7,310.73,311.529
1783609200000,311.53,312.45,311.53,312.445
1783610100000,312.43,314.83,312.418,314.45
1783611000000,314.45,315.02,314.33,314.61
1783611900000,314.58,314.925,314.48,314.79
1783612800000,314.84,315.21,314.255,314.52
1783613700000,314.49,315.205,314.09,314.86
1783614600000,314.9,315.51,314.88,315
1783615500000,315.01,315.1,314.435,314.71
1783616400000,314.714,315.18,314.61,315.02
1783617300000,315.065,315.065,314.31,314.74
1783618200000,314.74,314.86,314.42,314.86
1783619100000,314.875,315.08,314.62,314.98
1783620000000,314.98,315.305,314.5,314.785
1783620900000,314.79,314.88,314.24,314.56
1783621800000,314.585,314.785,314.38,314.725
1783622700000,314.65,314.76,314.275,314.48
1783623600000,314.42,315.15,314.4,315.15
1783624500000,315.145,315.7,315.145,315.434
1783625400000,315.42,316.19,315.39,316.13
1783626300000,316.11,316.53,315.66,316.16
1783627200000,316.02,316.272,315.85,315.88
1783628100000,315.8,316.175,315.655,315.74
1783629000000,315.745,315.87,315.697,315.87
1783629900000,315.86,315.92,315.475,315.5
1783630800000,315.63,315.845,315.59,315.845
1783631700000,315.845,316,315.795,315.8
1783632600000,315.79,315.819,315.72,315.79
1783633500000,315.75,315.75,315.75,315.75
1783634400000,315.75,315.83,315.6,315.695
1783635300000,315.695,315.798,315.491,315.57
1783636200000,315.572,315.585,315.485,315.515
1783637100000,315.515,315.515,315.38,315.4
1783638000000,315.4,315.55,315.4,315.505
1783638900000,315.505,315.725,315.505,315.61
1783639800000,315.61,315.645,315.48,315.48
1783640700000,315.471,315.494,315.13,315.256
1783641600000,315.34,315.77,315,315.22
1783642500000,315.17,315.68,315.17,315.37
1783643400000,315.43,315.53,315.24,315.24
1783644300000,315.24,315.32,315.02,315.1
1783645200000,315.1,315.2,315.02,315.05
1783646100000,315.11,315.11,315.01,315.02
1783647000000,315.08,315.09,314.84,315.02
1783647900000,314.93,315.14,314.93,315.04
1783648800000,315.03,315.1,315.02,315.03
1783649700000,315.03,315.04,314.69,314.88
1783650600000,314.88,315.05,314.86,314.99
1783651500000,315.01,315.31,314.98,315.27
1783652400000,315.24,315.3,315.09,315.18
1783653300000,315.2,315.36,315.13,315.23
1783654200000,315.24,315.45,315.12,315.4
1783655100000,315.4,315.4,315.13,315.23
1783656000000,315.25,315.34,315.07,315.07
1783656900000,315.09,315.11,315,315
1783657800000,315,315.1,314.97,315
1783658700000,315,315.01,314.95,314.96
1783659600000,314.89,314.95,314.83,314.94
1783660500000,314.94,315.1,314.94,315.02
1783661400000,315,315.03,314.92,314.94
1783662300000,315,315.06,314.85,315.05
1783663200000,315.03,315.15,314.95,315.05
1783664100000,315.03,315.23,315.03,315.17
1783665000000,315.16,315.18,315.03,315.12
1783665900000,315.17,315.3,315.06,315.15
1783666800000,315.12,315.47,315.01,315.39
1783667700000,315.38,315.51,315.35,315.5
1783668600000,315.45,315.45,315.25,315.41
1783669500000,315.39,315.42,315.32,315.39
1783670400000,315.45,315.847,315.291,315.45
1783671300000,315.375,315.7,315.365,315.7
1783672200000,315.7,315.7,315.585,315.585
1783673100000,315.584,315.584,315.305,315.305
1783674000000,315.305,315.305,315.015,315.285
1783674900000,315.302,315.7,315.302,315.385
1783675800000,315.377,315.385,315.286,315.292
1783676700000,315.291,315.384,315.06,315.169
1783677600000,315.17,315.515,315.16,315.49
1783678500000,315.49,315.525,315.37,315.391
1783679400000,315.39,315.39,315.385,315.385
1783680300000,315.385,315.385,315.155,315.225
1783681200000,314.56,315.387,314.4,314.56
1783682100000,314.5,314.799,314.469,314.575
1783683000000,314.38,314.75,314.38,314.38
1783683900000,314.71,314.72,314.29,314.29
1783684800000,314.11,314.489,313.636,313.74
1783685700000,313.88,314.27,313.61,314.01
1783686600000,313.99,314.6,313.95,314.38
1783687500000,314.63,314.8,314.296,314.51
1783688400000,314.725,315.193,314.535,314.8
1783689300000,314.76,314.883,313.756,314.14
1783690200000,314.73,316.39,313.22,314.77
1783691100000,314.755,315.14,314.015,314.34
1783692000000,314.29,314.75,313.37,313.76
1783692900000,313.758,313.95,312.94,313.14
1783693800000,313.12,313.35,312.16,312.975
1783694700000,312.925,313.92,312.69,313.78
1783695600000,313.77,314.11,313.01,313.865
1783696500000,313.91,314.11,313.33,313.34
1783697400000,313.37,313.82,312.945,313.16
1783698300000,313.17,313.45,312.32,313.25
1783699200000,313.27,314.25,313.09,314.185
1783700100000,314.21,314.52,314.08,314.32
1783701000000,314.38,314.63,314.005,314.41
1783701900000,314.49,314.78,314.39,314.69
1783702800000,314.73,314.73,314.15,314.28
1783703700000,314.26,314.54,314.22,314.48
1783704600000,314.475,314.555,313.93,313.96
1783705500000,313.915,314.45,313.915,314.12
1783706400000,314.12,314.35,314.015,314.175
1783707300000,314.18,314.88,314.155,314.86
1783708200000,314.855,314.985,314.74,314.95
1783709100000,314.96,315.405,314.925,315.26
1783710000000,315.28,316.15,315.23,316.005
1783710900000,316,316.46,315.92,316.185
1783711800000,316.16,316.915,316.05,316.645
1783712700000,316.61,316.755,314.79,315.32
1783713600000,315.28,315.372,314.5,314.5
1783714500000,315.15,315.224,314.99,314.99
1783715400000,315.1,315.105,314.98,315.08
1783716300000,315.16,315.16,315.015,315.16
1783717200000,315.08,315.14,315.044,315.14
1783718100000,315.08,315.209,315.041,315.2
1783719000000,315.17,315.17,315.11,315.12
1783719900000,315.12,315.12,315.12,315.12
1783720800000,315.01,315.12,314.987,315.01
1783721700000,315.06,315.061,314.985,315.06
1783722600000,315.062,315.065,314.905,314.905
1783723500000,314.905,315.05,314.905,315.02
1783724400000,315.02,315.08,314.9,315.059
1783725300000,315.06,315.06,314.9,315.025
1783726200000,315.025,315.025,314.99,314.99
1783727100000,314.99,314.99,314.891,314.975
1783728000000,314.973,314.973,314.971,314.971
1783730700000,314.91,314.91,313.96,313.96
1783737900000,314.38,315.07,314.38,315.07
1783744200000,314.92,314.92,314.92,314.92
1783745100000,313.96,313.96,313.96,313.96
1783764900000,314.39,314.75,314.39,314.75
1783772100000,314.96,314.96,314.96,314.96
1783774800000,313.95,313.95,313.93,313.93
1783777500000,314.14,314.63,313.93,313.93
1783783800000,314.09,314.09,313.9,313.9
1783785600000,314.09,314.14,314.09,314.14
1783796400000,314.14,314.14,313.9,313.9
1783797300000,314.14,314.16,314.14,314.16
1783798200000,313.9,313.9,313.9,313.9
1783804500000,313.9,313.9,313.83,313.83
1783805400000,313.8,313.8,313.7,313.7
1783825200000,313.64,313.64,313.64,313.64
1783826100000,313.81,313.81,313.81,313.81
1783828800000,313.81,313.81,313.81,313.81
1783829700000,313.99,313.99,313.99,313.99
1783832400000,313.99,313.99,313.99,313.99
1783835100000,313.6,313.6,313.55,313.55
1783866600000,313.84,313.84,313.84,313.84
1783870200000,313.53,313.53,313.53,313.53
1783875600000,313.53,313.53,313.53,313.53
1783890000000,313.84,313.84,313.84,313.84
1783900800000,314.94,314.94,313.69,314.53
1783901700000,314.54,314.62,314.04,314.12
1783902600000,314.12,314.24,313.76,313.84
1783903500000,313.91,313.98,313.44,313.64
1783904400000,313.66,313.9,313.65,313.73
1783905300000,313.73,314.11,313.71,314.11
1783906200000,314.08,314.46,314.02,314.15
1783907100000,314.34,314.65,314.09,314.54
1783908000000,314.73,314.93,314.59,314.93
1783908900000,314.79,314.89,314.69,314.86
1783909800000,314.88,314.93,314.64,314.67
1783910700000,314.61,314.71,314.56,314.69
1783911600000,314.66,314.99,314.33,314.99
1783912500000,314.97,315.01,314.75,314.91
1783913400000,314.91,315.01,314.69,314.77
1783914300000,314.77,315,314.77,315
1783915200000,315,316.1,314.97,316.1
1783916100000,316.07,316.15,315.72,315.74
1783917000000,315.72,315.95,315.3,315.31
1783917900000,315.33,315.45,315.19,315.45
1783918800000,315.37,315.53,315.23,315.36
1783919700000,315.37,315.37,314.8,314.88
1783920600000,314.88,315.46,314.88,315.4
1783921500000,315.4,315.4,315,315.3
1783922400000,315.3,315.3,314.72,314.87
1783923300000,314.87,315.97,314.77,315.97
1783924200000,315.97,316.17,315.46,315.75
1783925100000,315.79,315.91,315.5,315.76
1783926000000,315.77,316.13,315.5,315.6
1783926900000,315.65,315.7,315.54,315.55
1783927800000,315.54,315.78,315.43,315.78
1783928700000,315.56,315.86,315.56,315.86
1783929600000,314.999,316.22,314.999,316.22
1783930500000,316.19,316.19,315.41,316.05
1783931400000,316.17,316.195,316.055,316.16
1783932300000,316.055,316.055,315.31,315.31
1783933200000,315.31,315.31,315.31,315.31
1783934100000,315.31,315.84,315.31,315.84
1783935000000,315.84,315.84,315.19,315.61
1783935900000,315.61,315.738,315.377,315.611
1783936800000,315.61,315.615,315.42,315.56
1783937700000,315.56,315.56,315.425,315.56
1783938600000,315.56,315.94,315.56,315.94
1783939500000,317,317.015,315.94,317
1783940400000,316.51,316.513,315.685,316.51
1783941300000,315.88,316.07,315.651,315.88
1783942200000,315.69,316.335,315.675,315.9
1783943100000,315.9,316.059,315.8,315.851
1783944000000,315.72,315.973,315.685,315.74
1783944900000,315.78,315.982,315.672,315.78
1783945800000,315.92,316.192,315.844,316.08
1783946700000,316.35,316.72,315.9,316.72
1783947600000,317.01,317.458,316.689,317.26
1783948500000,317.22,317.42,316.285,316.49
1783949400000,322.391,322.391,322.391,322.391
1783950300000,322.41,323.42,320.52,321.15
1783951200000,321.23,321.76,320.64,321.13
1783952100000,321.25,321.43,319.39,320.195
1783953000000,320.21,320.3,318.67,318.82
1783953900000,318.78,319.512,318.36,319.06
1783954800000,319.13,319.23,317.91,317.97
1783955700000,317.88,318.15,316.87,317.22
1783956600000,317.22,317.243,316.11,316.45
1783957500000,316.43,317.23,316.43,317.148
1783958400000,317.09,317.88,316.79,317.65
1783959300000,317.66,317.7,316.87,317.385
1783960200000,317.31,317.401,315.96,316.52
1783961100000,316.515,316.79,316.19,316.595
1783962000000,316.59,316.705,316.015,316.105
1783962900000,316.11,316.58,315.78,316.42
1783963800000,316.47,316.66,316.155,316.38
1783964700000,316.385,316.73,316.04,316.16
1783965600000,316.14,316.52,315.99,316.335
1783966500000,316.26,316.83,316.15,316.819
1783967400000,316.8,317.09,316.645,316.94
1783968300000,316.97,317.47,316.936,317.16
1783969200000,317.21,317.49,316.18,316.28
1783970100000,316.27,317.12,316.23,316.28
1783971000000,316.33,316.94,316.08,316.85
1783971900000,316.895,317.76,316.725,317.48
1783972800000,317.44,317.623,317.32,317.44
1783973700000,317.34,317.45,316.15,316.15
1783974600000,317.29,317.5,317.075,317.29
1783975500000,317.355,317.41,317.14,317.14
1783976400000,317.14,317.3,317.14,317.25
1783977300000,317.425,317.499,317.25,317.425
1783978200000,317.25,317.38,317.216,317.25
1783979100000,317.215,317.29,317.215,317.29
1783980000000,317.36,317.56,317.29,317.56
1783980900000,317.485,317.58,317.45,317.485
1783981800000,317.485,317.485,317.325,317.325
1783982700000,317.14,317.404,317.102,317.14
1783983600000,317.28,317.305,317.1,317.29
1783984500000,317.2,317.2,317.065,317.177
1783985400000,317.24,317.25,317.145,317.24
1783986300000,317.22,317.823,317.135,317.45
1783987200000,318.03,318.26,317.39,317.72
1783988100000,317.81,317.9,317.34,317.44
1783989000000,317.37,317.61,317.02,317.02
1783989900000,317.18,317.73,317.18,317.62
1783990800000,317.53,317.57,317.31,317.33
1783991700000,317.21,317.27,316.8,317.01
1783992600000,316.98,317.12,316.79,316.83
1783993500000,316.84,317.04,316.64,316.88
1783994400000,316.9,316.99,316.49,316.57
1783995300000,316.57,316.8,316.5,316.7
1783996200000,316.75,316.87,316.63,316.8
1783997100000,316.77,316.85,316.3,316.34
1783998000000,316.35,316.36,314.99,315.26
1783998900000,315.25,316.05,314.92,316.05
1783999800000,316.03,316.33,315.6,315.92
1784000700000,315.94,316.08,315.81,316.08
1784001600000,316.08,316.48,316.08,316.17
1784002500000,316.17,316.33,316.17,316.31
1784003400000,316.27,316.28,315.94,315.95
1784004300000,315.95,316.56,315.92,316.55
1784005200000,316.51,316.68,316.31,316.32
1784006100000,316.32,316.32,315.95,316.05
1784007000000,316.07,316.21,315.7,315.7
1784007900000,315.7,315.72,315.05,315.41
1784008800000,315.42,315.65,315.42,315.65
1784009700000,315.65,315.77,315.59,315.7
1784010600000,315.71,315.89,315.65,315.7
1784011500000,315.69,315.71,315.01,315.01
1784012400000,315,315.32,314.88,314.89
1784013300000,314.87,315.1,314.62,314.73
1784014200000,314.75,314.86,314.02,314.03
1784015100000,314.03,314.76,313.91,314.5
1784016000000,313.8,317.151,312.565,313.29
1784016900000,313.66,314.235,313.122,313.66
1784017800000,313.285,313.285,313.18,313.18
1784018700000,313.2,314.155,313.18,313.3
1784019600000,312.85,314.155,312.615,312.85
1784020500000,313.2,313.455,313.17,313.31
1784021400000,313.455,313.875,313.455,313.875
1784022300000,313.72,313.95,313.72,313.72
1784023200000,313.68,313.875,313.482,313.66
1784024100000,313.83,313.93,313.83,313.93
1784025000000,313.74,313.972,313.616,313.74
1784025900000,313.76,313.89,313.675,313.7
1784026800000,313.82,315.335,313.623,314.58
1784027700000,314.63,315.774,314.56,314.56
1784028600000,314.76,315.058,314.585,314.6
1784029500000,315.12,315.196,314.5,314.9
1784030400000,314.52,315.01,314.202,315.01
1784031300000,314.8,315.368,314.5,315.26
1784032200000,316,316.649,314.854,315.13
1784033100000,314.79,314.94,313.85,314
1784034000000,313.89,314.203,313.544,313.95
1784034900000,313.5,314.366,312.975,313.8
1784035800000,313.76,315.64,311.95,314.8
1784036700000,314.81,315.575,313.05,314.5
1784037600000,314.445,314.518,313.06,314.26
1784038500000,314.23,315.14,313.365,314.97
1784039400000,314.96,316.14,314.76,315.45
1784040300000,315.44,315.515,314.02,314.97
1784041200000,315.015,316.04,314.81,315.74
1784042100000,315.68,315.755,314.25,314.305
1784043000000,314.33,314.79,313.81,314.435
1784043900000,314.48,314.5,313.19,313.26
1784044800000,313.24,314.23,312.88,314.095
1784045700000,314.04,314.12,312.88,313.25
1784046600000,313.27,313.87,313.11,313.44
1784047500000,313.485,314.2,313.415,314.07
1784048400000,314.125,314.96,313.89,314.43
1784049300000,314.45,314.95,314.24,314.88
1784050200000,314.88,315,314.62,314.76
1784051100000,314.81,315.24,314.61,315.17
1784052000000,315.23,315.355,315.06,315.27
1784052900000,315.275,315.275,314.855,315.22
1784053800000,315.21,315.45,314.81,315.2
1784054700000,315.165,315.6,315.04,315.48
1784055600000,315.49,315.86,315.12,315.41
1784056500000,315.42,315.86,315.315,315.7
1784057400000,315.68,315.74,315.14,315.33
1784058300000,315.315,315.66,314.6,314.89
1784059200000,315,315.03,314.44,314.92
1784060100000,314.75,314.8,314.685,314.75
1784061000000,314.61,314.86,313.95,314.83
1784061900000,314.5,315.047,314.313,314.78
1784062800000,314.715,314.89,314.6,314.681
1784063700000,314.85,314.88,314.68,314.85
1784064600000,314.715,314.78,314.715,314.78
1784065500000,314.92,315,314.784,314.92
1784066400000,314.9,314.9,314.69,314.9
1784067300000,314.69,314.845,314.601,314.725
1784068200000,314.99,314.99,314.725,314.99
1784069100000,314.795,314.82,314.575,314.65
1784070000000,314.65,314.86,314.6,314.775
1784070900000,314.775,315.2,314.427,315.16
1784071800000,315.16,315.399,315,315.225
1784072700000,315.59,315.689,315.18,315.59
1784073600000,315.4,315.77,315.02,315.6
1784074500000,315.4,315.42,315.14,315.2
1784075400000,315.12,315.58,314.81,314.9
1784076300000,315,315.24,315,315.1
1784077200000,315.1,315.15,314.96,315.05
1784078100000,315.02,315.13,315,315.13
1784079000000,315.11,315.15,315.02,315.03
1784079900000,315.02,315.28,315.01,315.28
1784080800000,315.2,315.39,315.16,315.38
1784081700000,315.37,315.49,315.28,315.32
1784082600000,315.31,315.59,315.31,315.57
1784083500000,315.58,315.58,315.45,315.55
1784084400000,315.54,315.57,315.31,315.44
1784085300000,315.44,315.44,315.29,315.32
1784086200000,315.33,315.45,315.31,315.39
1784087100000,315.42,315.6,315.41,315.41
1784088000000,315.4,315.46,315.26,315.36
1784088900000,315.35,315.55,315.29,315.36
1784089800000,315.37,315.56,315.37,315.45
1784090700000,315.45,315.55,315.41,315.44
1784091600000,315.45,315.79,315.45,315.49
1784092500000,315.49,315.74,315.4,315.59
1784093400000,315.58,315.7,315.44,315.66
1784094300000,315.64,315.81,315.42,315.65
1784095200000,315.67,315.79,315.39,315.41
1784096100000,315.38,315.4,315.27,315.3
1784097000000,315.3,315.35,315.18,315.29
1784097900000,315.29,315.29,315.1,315.12
1784098800000,315.2,315.2,314.61,314.78
1784099700000,314.75,314.82,314.56,314.69
1784100600000,314.69,315.04,314.69,315
1784101500000,314.98,315.02,314.83,314.83
1784102400000,315.01,317.111,314.64,316.76
1784103300000,316.78,317.12,316.05,317.09
1784104200000,316.88,317.27,316.66,316.88
1784105100000,317.55,319.434,316.74,318.77
1784106000000,317.46,318.395,317.364,317.67
1784106900000,317.76,317.76,317.545,317.76
1784107800000,317.545,317.7,317.545,317.7
1784108700000,317.7,317.7,317.51,317.51
1784109600000,317.37,317.506,317.34,317.37
1784110500000,317.34,317.34,317.315,317.318
1784111400000,317.319,317.49,317.319,317.49
1784112300000,317.69,317.745,317.1,317.69
1784113200000,317.147,317.435,316.495,316.695
1784114100000,316.51,317.045,316.2,316.51
1784115000000,316.8,317.246,316.73,316.916
1784115900000,316.85,317.05,316.4,316.72
1784116800000,316.4,316.532,316.2,316.478
1784117700000,316.479,316.644,316.2,316.35
1784118600000,316.64,317.67,316.35,317.67
1784119500000,317.04,317.475,316.835,317.04
1784120400000,316.914,317.18,316.695,317.088
1784121300000,317.12,317.406,316.645,316.9
1784122200000,317.47,321.22,317.4,321.13
1784123100000,321.16,321.79,319.93,320.75
1784124000000,320.8,324.97,320.685,324.77
1784124900000,324.73,325.675,324.24,324.746
1784125800000,324.222,324.222,324.222,324.222
1784126700000,324.165,325.41,323.69,323.9
1784127600000,323.9,324.34,323.54,324.235
1784128500000,324.2,325.67,324.045,325.57
1784129400000,325.612,327.11,325.16,326.557
1784130300000,326.58,327.015,325.24,326.29
1784131200000,326.34,327.34,326.31,327.13
1784132100000,327.16,328.53,327.12,328.175
1784133000000,328.16,328.51,327.345,328.205
1784133900000,328.212,328.29,327.39,327.951
1784134800000,327.985,328.06,326.47,326.63
1784135700000,326.64,327.21,326.01,326.99
1784136600000,327.02,327.99,326.655,327.21
1784137500000,327.235,327.7,327.21,327.58
1784138400000,327.61,327.665,327.2,327.61
1784139300000,327.61,327.86,327.2,327.775
1784140200000,327.75,327.835,327.48,327.66
1784141100000,327.63,327.71,327.09,327.52
1784142000000,327.49,328.73,327.49,327.795
1784142900000,327.818,327.975,326.88,327.012
1784143800000,327.045,327.07,325.86,325.885
1784144700000,325.91,328.34,325.72,327.57
1784145600000,327.69,327.7,327.36,327.43
1784146500000,327.6,327.69,327.36,327.61
1784147400000,327.56,327.56,327.413,327.56
1784148300000,327.44,327.53,327.291,327.44
1784149200000,327.48,327.545,327.48,327.499
1784150100000,327.49,327.699,327.41,327.41
1784151000000,327.49,327.49,327.41,327.41
1784151900000,327.41,327.484,327.405,327.415
1784152800000,327.49,327.653,327.409,327.5
1784153700000,327.56,327.625,327.54,327.61
1784154600000,327.66,327.77,327.587,327.66
1784155500000,327.615,327.999,327.561,327.886
1784156400000,327.825,327.985,327.775,327.85
1784157300000,327.891,327.927,327.8,327.862
1784158200000,327.89,327.95,327.702,327.75
1784159100000,327.805,327.895,327.789,327.8
1784160000000,327.51,328.32,327.26,328.23
1784160900000,328.31,328.32,327.87,328.12
1784161800000,328.11,328.33,328,328.14
1784162700000,328.17,328.48,328.07,328.14
1784163600000,328.1,328.17,328,328
1784164500000,327.94,327.95,327.51,327.86
1784165400000,327.83,327.98,327.58,327.77
1784166300000,327.73,328,327.65,327.85
1784167200000,327.85,327.94,327.5,327.5
1784168100000,327.59,327.79,327.54,327.64
1784169000000,327.64,327.75,327.61,327.72
1784169900000,327.71,327.88,327.69,327.72
1784170800000,327.76,327.84,327.74,327.81
1784171700000,327.81,327.81,327.67,327.69
1784172600000,327.73,327.87,327.7,327.74
1784173500000,327.76,327.99,327.75,327.97
1784174400000,327.96,328.14,327.92,328.14
1784175300000,328.1,328.23,328.03,328.23
1784176200000,328.21,328.39,328.18,328.31
1784177100000,328.31,328.31,328.13,328.24
1784178000000,328.25,328.42,328.24,328.4
1784178900000,328.43,328.45,328.29,328.33
1784179800000,328.38,328.41,327.73,327.8
1784180700000,327.81,327.9,327.7,327.85
1784181600000,327.85,327.9,327.53,327.7
1784182500000,327.76,327.76,327.27,327.49
1784183400000,327.5,327.52,327.33,327.51
1784184300000,327.52,327.79,327.51,327.67
1784185200000,327.72,327.72,327.44,327.58
1784186100000,327.58,327.91,327.53,327.89
1784187000000,327.89,327.98,327.68,327.91
1784187900000,327.91,328.04,327.38,327.41
1784188800000,327.52,329.228,327.52,329
1784189700000,328.83,329,328.301,328.83
1784190600000,328.695,329.222,328.695,329.222
1784191500000,329.225,329.47,329.225,329.25
1784192400000,328.86,329.25,328.86,328.86
1784193300000,328.99,328.99,328.35,328.99
1784194200000,328.34,328.84,328.25,328.34
1784195100000,328.87,328.956,328.4,328.87
1784196000000,328.01,328.595,326.893,327.51
1784196900000,327.763,328.15,327.72,327.72
1784197800000,327.65,327.72,327.65,327.65
1784198700000,327.77,327.88,327.72,327.83
1784199600000,327.77,328.99,327.77,328.75
1784200500000,328.751,329.141,328.619,328.676
1784201400000,328.28,328.705,328.179,328.28
1784202300000,328.35,328.729,327.942,328.49
1784203200000,328.87,328.988,328.416,328.59
1784204100000,328.416,328.453,328.216,328.304
1784205000000,328.4,328.99,328.232,328.79
1784205900000,328.895,328.902,328.361,328.42
1784206800000,328.52,328.768,328.32,328.35
1784207700000,328.48,328.689,327.6,327.6
1784208600000,328.135,328.99,326.8,327.845
1784209500000,327.905,331.11,327.86,331.11
1784210400000,331.105,331.365,327.91,328.7
1784211300000,328.68,330.6,328.36,330.37
1784212200000,330.37,331.16,330.21,330.637
1784213100000,330.69,330.86,329.775,330.2
1784214000000,330.17,330.6,329.365,330.485
1784214900000,330.44,330.91,329.815,330.64
1784215800000,330.6,331.62,330.5,331.29
1784216700000,331.288,332.25,331.26,331.771
1784217600000,331.88,331.96,330.63,330.66
1784218500000,330.62,331.455,330.45,331.16
1784219400000,331.18,331.4,329.86,330.43
1784220300000,330.41,332.075,330.36,332.075
1784221200000,332.11,332.38,331.74,331.779
1784222100000,331.78,332.96,331.74,332.9
1784223000000,332.92,333.545,332.34,332.39
1784223900000,332.37,332.5,330.845,331.61
1784224800000,331.65,331.82,329.59,329.78
1784225700000,329.68,331.99,329.39,331.247
1784226600000,331.2,332.09,330.93,331.96
1784227500000,331.94,333.52,331.83,333.205
1784228400000,333.18,334.65,333.01,334.21
1784229300000,334.18,334.36,332.98,333
1784230200000,333.02,333.115,332.1,332.264
1784231100000,332.25,333.695,330.77,333.24
1784232000000,333.015,333.231,332.651,332.87
1784232900000,332.76,333.09,332.702,332.76
1784233800000,332.78,332.969,332.7,332.87
1784234700000,332.935,332.985,332.6,332.66
1784235600000,332.821,332.821,332.775,332.8
1784236500000,332.78,332.825,332.635,332.75
1784237400000,332.99,333.049,332.745,332.99
1784238300000,333.049,333.15,333.049,333.125
1784239200000,333.24,333.535,333.125,333.3
1784240100000,333.48,333.88,333.255,333.75
1784241000000,333.73,333.795,333.542,333.73
1784241900000,333.99,334.628,333.715,334.3
1784242800000,334.335,334.664,334.172,334.658
1784243700000,334.705,334.726,334.336,334.705
1784244600000,334.89,335.186,334.614,335.02
1784245500000,334.929,335,334.658,334.738
1784246400000,334.62,335.09,333.79,334.6
1784247300000,334.73,334.93,334.43,334.86
1784248200000,334.89,336.78,334.6,335.61
1784249100000,335.51,335.92,334.91,335.1
1784250000000,335.1,335.42,334.69,334.73
1784250900000,334.68,334.81,334.57,334.79
1784251800000,334.79,337,334.68,336.87
1784252700000,336.87,339.21,336.87,337.99
1784253600000,337.98,338.73,337.03,337.39
1784254500000,337.08,338.85,336.99,338.52
1784255400000,338.54,338.91,338.19,338.71
1784256300000,338.64,338.64,336.22,336.98
1784257200000,336.9,336.96,335.6,335.75
1784258100000,335.74,336.51,335.07,336.23
1784259000000,336.06,336.1,335.05,335.05
1784259900000,335.06,335.67,335.06,335.09
1784260800000,335.09,335.25,334.21,334.31
1784261700000,334.55,335.69,334.08,335.67
1784262600000,335.67,335.68,334.51,334.8
1784263500000,334.84,335.26,334.22,334.39
1784264400000,334.39,335.01,334.29,335.01
1784265300000,335,335.97,334.6,335.6
1784266200000,335.6,336.37,335.03,335.81
1784267100000,335.96,336.5,335.52,335.86
1784268000000,335.86,336.09,334.99,335.39
1784268900000,335.22,335.38,334.6,335.1
1784269800000,335.1,335.41,334.78,335.11
1784270700000,335.31,335.59,334.84,334.95
1784271600000,334.98,335.61,334.6,335.49
1784272500000,335.49,337.38,335.49,337.18
1784273400000,337.07,337.26,336.87,336.91
1784274300000,336.73,336.91,336.2,336.72
1784275200000,336.19,337.455,334.73,335.72
1784276100000,336.22,336.44,335.378,335.76
1784277000000,335.53,335.53,335.165,335.255
1784277900000,335.16,335.425,334.836,334.99
1784278800000,335,335.115,334.12,334.19
1784279700000,334.55,334.649,333.301,333.4
1784280600000,333.387,333.39,333.162,333.227
1784281500000,333.24,333.325,332.785,333
1784282400000,333.09,333.257,332.455,332.48
1784283300000,332.38,333.49,332.38,333.49
1784284200000,332.64,333.45,332.389,332.64
1784285100000,332.65,333.468,332.245,333.05
1784286000000,332.43,333.389,332.315,332.43
1784286900000,332.477,333.05,332.401,332.627
1784287800000,332.9,333.082,332.46,332.65
1784288700000,333.036,333.435,332.853,332.927
1784289600000,333.08,333.27,332.66,332.66
1784290500000,332.99,333.273,332.734,332.99
1784291400000,333.28,333.51,333.025,333.51
1784292300000,333.42,333.55,333.06,333.06
1784293200000,333.088,333.725,332.872,333.376
1784294100000,333.41,333.562,330,332.01
1784295000000,331.99,334.97,331.305,333.89
1784295900000,333.85,334.41,330.89,330.95
1784296800000,330.95,330.95,329.01,330.462
1784297700000,330.48,331.81,329.85,331.749
1784298600000,331.88,333.96,331.776,333.05
1784299500000,333.06,333.57,331.93,333.15
1784300400000,333.22,333.98,332.51,333.66
1784301300000,333.66,334.725,333.37,334.645
1784302200000,334.67,334.85,333.24,333.71
1784303100000,333.735,333.735,332.02,332.425
1784304000000,332.365,332.365,330.02,330.335
1784304900000,330.325,331.885,330.308,331.75
1784305800000,331.71,332.335,331.49,332.24
1784306700000,332.195,333.51,330.44,330.529
1784307600000,330.5,330.78,329.46,329.47
1784308500000,329.48,330.86,329.17,330.5
1784309400000,330.49,330.94,330.12,330.88
1784310300000,330.85,331.91,330.52,331.78
1784311200000,331.77,333.21,331.54,332.615
1784312100000,332.5,332.71,332.1,332.35
1784313000000,332.36,333.7,332.115,333.63
1784313900000,333.58,334.665,333.515,333.935
1784314800000,333.969,334.64,333.64,333.736
1784315700000,333.713,333.965,332.37,332.737
1784316600000,332.78,334.05,332.28,333.91
1784317500000,333.89,334.39,333.45,333.74
1784318400000,333.58,333.828,333.461,333.675
1784319300000,333.66,333.92,333.623,333.79
1784320200000,333.85,333.976,333.78,333.9
1784321100000,333.89,334.33,333.84,334.33
1784322000000,334.1,334.1,333.768,333.93
1784322900000,333.794,333.82,333.72,333.82
1784323800000,333.82,333.83,333.675,333.83
1784324700000,333.935,334.047,333.802,333.92
1784325600000,333.95,334.075,333.865,333.95
1784326500000,333.87,334.01,333.81,333.83
1784327400000,333.875,333.95,333.87,333.87
1784328300000,333.87,333.959,333.86,333.86
1784329200000,333.873,333.939,333.805,333.805
1784330100000,333.805,333.805,333.74,333.74
1784331000000,333.74,333.805,333.645,333.71
1784331900000,333.71,333.825,333.615,333.625
1784336400000,332.47,332.47,332.1,332.1
1784337300000,332.41,332.41,332.1,332.1
1784340900000,332.47,332.47,332.09,332.09
1784350800000,332.47,332.47,332.09,332.09
1784354400000,332.47,332.47,332.47,332.47
1784355300000,332.09,332.53,332.09,332.53
1784356200000,332.53,332.53,332.05,332.05
1784365200000,332.05,332.05,332.05,332.05
1784367000000,332.23,332.23,332.23,332.23
1784367900000,332.23,332.23,332.04,332.04
1784376000000,332.23,332.23,332.23,332.23
1784377800000,332.23,332.65,332.04,332.04
1784379600000,332.04,332.04,332.04,332.04
1784380500000,332.53,332.53,332.04,332.04
1784381400000,332.53,332.53,332.04,332.04
1784382300000,332.04,332.04,332.04,332.04
1784390400000,332.53,332.53,332.03,332.03
1784391300000,332.45,332.45,332.03,332.03
1784393100000,332.45,332.45,332.45,332.45
1784405700000,332.44,332.66,332.44,332.66
1784408400000,332.03,332.03,332.03,332.03
1784409300000,332.43,332.66,332.43,332.66
1784416500000,332.67,332.67,332.66,332.66
1784421900000,332.67,332.67,332.67,332.67
1784428200000,332.67,332.67,332.66,332.66
1784434500000,332.67,332.67,332.66,332.66
1784435400000,332.67,332.67,331.99,331.99
1784439000000,332.2,332.34,331.95,331.95
1784439900000,332.15,332.35,331.88,331.88
1784447100000,332.32,332.32,331.88,331.88
1784448000000,332.11,332.27,331.88,331.88
1784466000000,331.89,331.89,331.88,331.88
1784470500000,332.11,332.75,332.11,332.75
1784472300000,332.65,332.65,331.85,331.85
1784476800000,332.56,332.56,332.56,332.56
1784498400000,332.56,332.56,332.56,332.56
1784502900000,331.82,331.82,331.82,331.82
1784503800000,332.02,332.82,332.02,332.82
1784505600000,333.74,335.74,333.5,333.6
1784506500000,333.81,334,333.28,333.3
1784507400000,333.29,333.29,332.35,332.83
1784508300000,332.73,333.14,332.68,333.14
1784509200000,333.12,333.2,332.67,332.67
1784510100000,332.67,332.76,332.36,332.36
1784511000000,332.4,333.01,332.4,333.01
1784511900000,332.95,334.3,332.86,334.24
1784512800000,334.23,335.41,334.22,334.55
1784513700000,334.37,334.51,334.24,334.28
1784514600000,334.29,335.5,334.29,334.56
1784515500000,334.7,335.49,334.43,334.84
1784516400000,334.85,334.96,334.6,334.63
1784517300000,334.63,334.83,334.41,334.43
1784518200000,334.45,334.64,334.39,334.64
1784519100000,334.71,334.78,334.21,334.35
1784520000000,334.33,334.33,334.2,334.2
1784520900000,334.2,334.23,333.95,334.23
1784521800000,333.99,334.04,333.88,334.04
1784522700000,334.04,334.08,333.7,333.72
1784523600000,333.71,333.93,333.62,333.77
1784524500000,333.69,333.69,333.11,333.38
1784525400000,333.31,333.31,333.17,333.22
1784526300000,333.2,333.29,333.03,333.17
1784527200000,333.17,333.26,333.17,333.18
1784528100000,333.18,333.23,333.01,333.09
1784529000000,333.09,333.19,332.91,333.07
1784529900000,333.08,333.16,333.01,333.1
1784530800000,333.09,333.16,332.97,333.06
1784531700000,333.06,333.22,332.98,333.11
1784532600000,333.07,333.35,333.03,333.24
1784533500000,333.23,333.37,333.08,333.33
1784534400000,333.29,334.088,333.29,333.29
1784535300000,334.095,334.13,333.395,333.435
1784536200000,333.435,333.75,333.38,333.415
1784537100000,333.415,333.56,333.325,333.56
1784538000000,333.56,333.56,333.292,333.33
1784538900000,333.24,333.61,333.24,333.24
1784539800000,333.565,333.565,333.495,333.495
1784540700000,333.495,333.515,333.255,333.38
1784541600000,333.367,333.715,332.847,332.895
1784542500000,332.895,332.895,332.711,332.766
1784543400000,333.22,334.285,332.765,333.22
1784544300000,333.015,333.015,332.65,332.895
1784545200000,332.11,333.036,332.043,332.11
1784546100000,332.12,332.4,331.43,331.49
1784547000000,332.45,332.963,331.781,332.51
1784547900000,332.08,332.08,331.545,331.6
1784548800000,331.36,331.649,331.308,331.44
1784549700000,331.59,332.489,331.394,332.19
1784550600000,332.07,332.498,332,332.03
1784551500000,332.12,332.635,332.11,332.59
1784552400000,332.5,332.634,332.092,332.495
1784553300000,332.36,333.54,332.11,332.11
1784554200000,332.245,333.63,330.03,330.46
1784555100000,330.56,330.87,328.42,328.94
1784556000000,328.87,328.98,327.12,327.16
1784556900000,327.17,327.42,326.125,326.98
1784557800000,326.93,328.02,326.59,327.98
1784558700000,327.93,327.93,326.05,326.425
1784559600000,326.46,327.005,324.83,324.96
1784560500000,324.98,325.35,324.43,324.915
1784561400000,324.99,326.53,324.91,326.04
1784562300000,325.99,326.54,325.13,326
1784563200000,325.975,326.03,324.93,325.24
1784564100000,325.23,325.64,324.86,325
1784565000000,324.98,325.08,323.7,324.4
1784565900000,324.41,324.855,324,324.25
1784566800000,324.275,325.14,323.93,324.78
1784567700000,324.78,324.95,324.42,324.705
1784568600000,324.731,325.04,324.21,324.349
1784569500000,324.345,325.1,324.325,324.77
1784570400000,324.8,325.795,324.76,325.45
1784571300000,325.49,326.495,325.42,325.98
1784572200000,325.95,326.91,325.33,325.49
1784573100000,325.479,327.355,325.46,326.77
1784574000000,326.76,328.565,326.76,328.2
1784574900000,328.19,329.1,327.775,329.01
1784575800000,329.02,329.75,327.97,328.055
1784576700000,326.69,326.82,326.52,326.64
1784577600000,326.658,326.859,326.58,326.675
1784578500000,326.6,327.352,326.451,326.64
1784579400000,326.97,327.355,326.735,326.97
1784580300000,326.98,327.19,326.735,326.98
1784581200000,326.899,327.135,326.805,326.805
1784582100000,326.805,326.93,326.748,326.748
1784583000000,326.79,326.835,326.681,326.79
1784583900000,326.725,326.805,326.696,326.725
1784584800000,326.44,326.725,325.981,326.2
1784585700000,326.07,326.415,325.782,326.07
1784586600000,325.96,325.96,325.525,325.81
1784587500000,325.6,325.62,325.28,325.3
1784588400000,325.35,325.899,325.35,325.6
1784589300000,325.6,326.364,325.6,326.364
1784590200000,326.366,326.445,326.232,326.232
1784591100000,326,326.588,325.82,325.98
1784592000000,325.96,326.01,325.68,325.69
1784592900000,325.82,325.93,325.28,325.81
1784593800000,325.86,326.54,325.86,326.39
1784594700000,326.33,326.6,326.29,326.59
1784595600000,326.58,326.58,326.19,326.46
1784596500000,326.41,326.41,326.05,326.05
1784597400000,326.08,326.09,325.83,325.86
1784598300000,325.85,326.04,325.85,325.96
1784599200000,326.05,326.32,326.01,326.17
1784600100000,326.16,326.33,326.02,326.21
1784601000000,326.15,326.59,326.15,326.36
1784601900000,326.36,326.59,326.36,326.45
1784602800000,326.39,326.46,326.39,326.46
1784603700000,326.4,326.66,326.36,326.62
1784604600000,326.66,326.83,326.21,326.21
1784605500000,326.24,326.37,326.23,326.25
1784606400000,326.24,326.62,326.24,326.62
1784607300000,326.63,326.85,326.54,326.85
1784608200000,326.78,326.82,326.43,326.5
1784609100000,326.51,326.51,326.3,326.4
1784610000000,326.44,326.79,326.44,326.69
1784610900000,326.68,326.72,326.42,326.72
1784611800000,326.68,326.72,326.49,326.6
1784612700000,326.6,326.65,326.54,326.6
1784613600000,326.61,326.71,326.31,326.31
1784614500000,326.31,326.43,326.29,326.42
1784615400000,326.43,326.48,326.22,326.24
1784616300000,326.25,326.36,326.25,326.3
1784617200000,326.26,326.49,326.15,326.15
1784618100000,326.15,326.15,325.91,325.95
1784619000000,325.95,325.99,325.65,325.65
1784619900000,325.61,325.64,325.38,325.56
1784620800000,324.81,326.095,324.5,324.81
1784621700000,324.868,325.109,324.545,324.625
1784622600000,324.68,325.01,324.333,325.01
1784623500000,324.49,324.879,324.379,324.49
1784624400000,324.595,324.725,324.45,324.593
1784625300000,325.06,325.06,324.605,325.06
1784626200000,324.959,325.079,324.725,324.929
1784627100000,324.94,325.09,324.87,324.95
1784628000000,325.01,325.53,324.965,325.32
1784628900000,325.3,325.63,325.132,325.26
1784629800000,324.95,325.131,324.95,324.95
1784630700000,324.955,325.085,324.935,324.935
1784631600000,324.95,325.21,324.74,324.95
1784632500000,324.835,325.114,324.8,325.114
1784633400000,325.34,325.4,325.105,325.31
1784634300000,325.31,325.399,324.976,325
1784635200000,325,325.13,324.975,325.13
1784636100000,325.1,325.165,324.556,324.62
1784637000000,324.9,325.41,324.545,325.36
1784637900000,325.11,325.264,324.86,325.11
1784638800000,325.3,325.46,324.975,325.46
1784639700000,325.49,325.569,322.19,322.19
1784640600000,323.355,325.6,322.59,324.896
1784641500000,324.81,324.881,322.23,324.025
1784642400000,324.03,326.15,323.98,326.075
1784643300000,326.06,327.025,325.7,326.72
1784644200000,326.7,327.33,326.26,327.31
1784645100000,327.3,327.45,326.73,327.125
1784646000000,327.125,327.97,326.1,327.44
1784646900000,327.51,328.44,327.215,328.355
1784647800000,328.36,328.69,327.75,328.475
1784648700000,328.455,328.98,328.01,328.71
1784649600000,328.71,329.59,328.58,329.59
1784650500000,329.565,329.58,328.59,328.59
1784651400000,328.61,328.82,327.6,327.93
1784652300000,327.965,328.48,327.41,328.44
1784653200000,328.45,328.77,327.725,328.24
1784654100000,328.2,328.441,327,327.04
1784655000000,327.06,327.29,326.753,326.89
1784655900000,326.96,327.87,326.91,327.76
1784656800000,327.65,327.79,327.225,327.49
1784657700000,327.52,327.63,326.94,327.26
1784658600000,327.24,328.34,327.2,328.3
1784659500000,328.19,328.385,327.985,328.18
1784660400000,328.15,328.48,327.605,327.71
1784661300000,327.699,328.1,327.52,327.931
1784662200000,327.93,328.1,327.6,327.84
1784663100000,327.76,328.1,327.405,327.66
1784664000000,327,327.853,325.22,325.22
1784664900000,325.54,326.019,325.176,325.51
1784665800000,325.691,325.8,325.51,325.652
1784666700000,325.5,325.651,325.26,325.49
1784667600000,325.22,325.374,325.21,325.36
1784668500000,325.25,325.375,325.107,325.2
1784669400000,325.19,325.445,325.1,325.19
1784670300000,325.415,325.515,325.285,325.515
1784671200000,325.32,325.545,325.165,325.32
1784672100000,325.01,325.275,324.923,325.01
1784673000000,324.49,325,324.35,324.35
1784673900000,324.85,324.86,324.34,324.852
1784674800000,324.39,324.86,324.37,324.42
1784675700000,324.41,324.555,324.321,324.47
1784676600000,324.3,324.926,324.3,324.3
1784677500000,324.19,324.557,324.188,324.19
1784678400000,324.83,324.84,323.99,324.19
1784679300000,324.19,324.34,323.74,324.04
1784680200000,324.07,324.2,323.73,324.15
1784681100000,324,324.4,323.99,324.3
1784682000000,324.35,324.62,324.23,324.49
1784682900000,324.49,324.52,324.41,324.5
1784683800000,324.48,324.82,324.48,324.76
1784684700000,324.78,324.92,324.76,324.89
1784685600000,324.82,324.89,324.77,324.89
1784686500000,324.89,324.94,324.83,324.94
1784687400000,324.91,325.23,324.91,325.23
1784688300000,325.23,326.21,325.19,326.21
1784689200000,326.21,326.89,326.2,326.89
1784690100000,326.98,327.36,326.43,326.75
1784691000000,326.56,326.73,326,326
1784691900000,326.01,326.31,325.78,326.16
1784692800000,325.92,326.54,325.91,326.35
1784693700000,326.35,326.56,326.16,326.16
1784694600000,326.16,326.4,326.11,326.13
1784695500000,326.06,326.21,326.06,326.07
1784696400000,326.17,326.66,326.08,326.66
1784697300000,326.64,327.61,326.56,327.01
1784698200000,327.32,327.41,327.09,327.16
1784699100000,327.14,327.6,327.12,327.42
1784700000000,327.41,327.75,327.32,327.38
1784700900000,327.4,327.42,327.05,327.05
1784701800000,327.14,327.14,326.79,326.84
1784702700000,326.77,326.84,326.33,326.36
1784703600000,326.56,326.99,326.29,326.68
1784704500000,326.58,327.01,326.51,326.96
1784705400000,326.76,326.89,326.44,326.45
1784706300000,326.59,326.96,326.42,326.9
1784707200000,324.896,327.27,324.896,327
1784708100000,327,327,326.375,326.585
1784709000000,326.585,327.215,326.585,327.215
1784709900000,327.215,327.745,327.066,327.255
1784710800000,327.254,327.745,327.25,327.455
1784711700000,327.455,327.475,326.595,327.122
1784712600000,327.104,327.37,327.015,327.225
1784713500000,327.225,327.445,326.87,326.87
1784714400000,326.87,326.969,326.87,326.87
1784715300000,327.19,327.425,326.94,327.19
1784716200000,326.97,327.286,326.97,326.97
1784717100000,326.985,327.215,326.96,326.96
1784718000000,326.76,327.043,326.645,326.99
1784718900000,327.09,327.495,326.863,327.3
1784719800000,327.24,327.559,327.18,327.35
1784720700000,327.11,327.515,326.99,326.99
1784721600000,327.515,327.949,327.4,327.759
1784722500000,327.76,327.912,327.525,327.75
1784723400000,327.96,328.05,327.36,327.63
1784724300000,327.609,327.739,327.16,327.739
1784725200000,327.67,327.824,327.315,327.73
1784726100000,327.51,327.775,326.866,327.741
1784727000000,327.89,328.92,325.74,326.22
1784727900000,326.32,327.31,325.74,325.92
1784728800000,325.92,326.11,324.92,324.98
1784729700000,325.006,325.37,324.345,324.444
1784730600000,324.39,325.01,324.1,324.79
1784731500000,324.77,325.62,324.73,325.58
1784732400000,325.58,325.62,324.14,324.27
1784733300000,324.33,325.815,324.24,325.75
1784734200000,325.78,325.88,325.23,325.346
1784735100000,325.37,325.515,324.94,325.09
1784736000000,325.04,325.059,324.39,324.47
1784736900000,324.45,325.04,324.45,324.87
1784737800000,324.87,324.95,323.83,324.495
1784738700000,324.53,324.63,324.08,324.22
1784739600000,324.205,324.255,323.64,323.96
1784740500000,323.94,324.115,323.365,323.68
1784741400000,323.66,324.005,323.57,323.9
1784742300000,323.87,323.955,323.72,323.93
1784743200000,323.93,324.01,323.61,323.875
1784744100000,323.905,324,323.73,323.94
1784745000000,323.92,324.5,323.86,324.42
1784745900000,324.43,324.7,324.2,324.28
1784746800000,324.3,324.51,324.18,324.42
1784747700000,324.455,324.57,324.265,324.39
1784748600000,324.44,324.595,323.97,324.46
1784749500000,324.47,326.89,324.41,325.85
1784750400000,325.999,326.685,325.89,326.054
1784751300000,326.053,326.053,325.4,325.4
1784752200000,325.4,325.9,325.4,325.9
1784753100000,326,326,325.755,326
1784754000000,325.802,325.973,325.287,325.568
1784754900000,325.558,325.945,325.425,325.9
1784755800000,325.9,325.989,325.75,325.911
1784756700000,325.99,325.99,325.52,325.99
1784757600000,325.529,325.925,325.501,325.88
1784758500000,326.03,326.099,325.01,325.01
1784759400000,325.546,325.546,325.05,325.304
1784760300000,325.36,325.445,325.11,325.36
1784761200000,325.26,325.59,325.23,325.59
1784762100000,325.542,326,325.308,325.565
1784763000000,325.565,325.655,325.495,325.586
1784763900000,325.587,325.798,325.587,325.63
1784764800000,325.73,325.88,325.45,325.58
1784765700000,325.54,325.71,325.04,325.45
1784766600000,325.4,325.67,325.29,325.58
1784767500000,325.59,326.08,325.52,325.99
1784768400000,325.97,325.97,325.63,325.63
1784769300000,325.63,325.72,325.41,325.69
1784770200000,325.7,325.86,325.59,325.67
1784771100000,325.83,326,325.69,325.69
1784772000000,325.7,326.01,325.61,325.75
1784772900000,325.84,326.11,325.84,325.91
1784773800000,326,326,325.49,325.61
1784774700000,325.6,325.75,325.56,325.56
1784775600000,325.61,325.61,325.28,325.28
1784776500000,325.28,325.39,325.26,325.29
1784777400000,325.38,325.51,325.32,325.35
1784778300000,325.41,325.42,325.39,325.41
1784779200000,325.41,325.5,325.24,325.5
1784780100000,325.45,325.72,325.41,325.62
1784781000000,325.73,325.89,325.69,325.88
1784781900000,325.73,325.79,325.62,325.73
1784782800000,325.71,325.71,325.46,325.51
1784783700000,325.5,325.6,325.45,325.49
1784784600000,325.53,325.69,325.44,325.44
1784785500000,325.44,325.46,325,325.18
1784786400000,325.18,325.2,324.58,324.9
1784787300000,324.9,325.62,324.79,324.9
1784788200000,324.89,324.91,324.29,324.51
1784789100000,324.5,324.69,324.09,324.44
1784790000000,324.41,324.52,323.84,324.33
1784790900000,324.24,324.27,324.02,324.23
1784791800000,324.14,324.14,323.61,323.63
1784792700000,323.65,324.54,323.61,324.51
1784793600000,325.63,325.63,324.135,324.85
1784794500000,324.85,324.85,324.336,324.355
1784795400000,324.355,324.355,324.23,324.23
1784796300000,324.23,324.29,324.155,324.261
1784797200000,324.26,324.29,323.786,324.08
1784798100000,324.08,324.265,324.08,324.265
1784799000000,324.249,324.265,324.17,324.265
1784799900000,324.06,324.265,323.98,324.06
1784800800000,323.98,323.98,323.895,323.895
1784801700000,323.94,323.94,323.84,323.94
1784802600000,323.895,324.03,323.895,324.03
1784803500000,324.08,324.08,324.03,324.08
1784804400000,324.02,324.08,323.276,323.77
1784805300000,324.09,324.18,323.275,324.01
1784806200000,323.6,323.973,323,323.28
1784807100000,323.1,323.409,322.461,323.38
1784808000000,322.71,323.925,322.71,323.73
1784808900000,323.89,324,323.591,323.73
1784809800000,323.94,324.43,323.679,324.12
1784810700000,323.89,324.19,323.191,323.24
1784811600000,323.38,324.15,323.319,324.15
1784812500000,323.93,324.266,320.79,320.95
1784813400000,321.72,323.25,320.82,320.907
1784814300000,320.85,321.02,319.355,320.07
1784815200000,320.215,321.925,319.845,320.825
1784816100000,320.655,321.755,320.255,321.535
1784817000000,321.47,322.88,321.47,321.92
1784817900000,321.9,322.01,320.83,321.265
1784818800000,321.33,322.01,320.715,321.87
1784819700000,321.835,322.27,321.18,321.25
1784820600000,321.23,321.3,320.59,320.87
1784821500000,320.81,321.07,320.44,320.91
1784822400000,320.9,321.52,320.39,321.468
1784823300000,321.45,321.51,320.12,320.33
1784824200000,320.325,320.56,320,320.56
1784825100000,320.53,320.84,320.301,320.67
1784826000000,320.545,321.01,320.36,320.65
1784826900000,320.63,321.04,320.305,320.87
1784827800000,320.88,321.03,320.38,320.67
1784828700000,320.615,321.39,320.38,320.53
1784829600000,320.525,320.63,319.99,320.14
1784830500000,320.15,320.44,320.035,320.265
1784831400000,320.27,320.5,319.77,319.98
1784832300000,320.08,320.725,319.992,320.71
1784833200000,320.76,321.01,320.36,320.72
1784834100000,320.74,321.2,320.35,320.41
1784835000000,320.402,321.21,320.07,321.136
1784835900000,321.08,321.99,320.46,321.575
1784836800000,321.37,321.828,320.518,320.64
1784837700000,320.69,320.861,320.545,320.69
1784838600000,321.01,321.405,320.735,321.01
1784839500000,320.765,320.92,320.62,320.623
1784840400000,320.622,320.85,320.62,320.849
1784841300000,320.93,321.105,320.85,320.93
1784842200000,321.105,321.105,320.855,320.978
1784843100000,320.979,321,320.809,320.999
1784844000000,321,321.145,320.801,321.01
1784844900000,321.26,321.315,321.091,321.26
1784845800000,321.225,321.629,321.204,321.375
1784846700000,321.375,321.61,321.275,321.578
1784847600000,321.585,321.638,321.38,321.446
1784848500000,321.3,321.655,321.3,321.3
1784849400000,321.22,321.43,321.161,321.22
1784850300000,321.33,321.33,321.152,321.21
1784851200000,321.51,321.53,321,321
1784852100000,320.98,321.24,320.97,321.08
1784853000000,320.93,321.6,320.87,321.6
1784853900000,321.61,321.61,321.14,321.49
1784854800000,321.49,321.49,321.19,321.33
1784855700000,321.27,321.34,321.09,321.21
1784856600000,321.14,321.39,321.13,321.39
1784857500000,321.39,321.47,320.76,321
1784858400000,320.91,321.04,320.83,321.03
1784859300000,320.96,321.1,320.95,321.09
1784860200000,321.04,321.05,320.74,320.75
1784861100000,320.73,320.98,320.73,320.94
1784862000000,320.78,321.14,320.74,320.99
1784862900000,321.01,321.1,320.86,320.9
1784863800000,320.91,320.94,320.54,320.54
1784864700000,320.54,320.8,320.54,320.7
1784865600000,320.75,321.34,320.64,321.08
1784866500000,321.05,321.15,320.85,321.09
1784867400000,321.1,321.14,320.92,320.98
1784868300000,320.93,321.21,320.93,321.09
1784869200000,321.11,321.11,320.8,320.88
1784870100000,320.77,320.97,320.75,320.97
1784871000000,320.94,320.95,320.78,320.95
1784871900000,320.92,321.07,320.79,320.89
1784872800000,320.9,320.9,320.41,320.46
1784873700000,320.52,320.82,320.47,320.68
1784874600000,320.64,320.64,320.24,320.35
1784875500000,320.28,320.62,319.81,320.62
1784876400000,320.28,321.06,320.28,321.06
1784877300000,321.01,321.48,320.98,321.42
1784878200000,321.39,321.5,321.38,321.5
1784879100000,321.45,321.84,321.45,321.54
1784880000000,321.96,322.05,320.687,322.05
1784880900000,322,322.6,321.99,322.48
1784881800000,322.405,322.85,321.85,321.893
1784882700000,321.894,321.895,321.894,321.895
1784883600000,321.895,322.065,321.84,321.84
1784884500000,321.85,322.375,321.471,321.64
1784885400000,322.375,322.425,322.045,322.414
1784886300000,322.415,322.415,322.005,322.291
1784887200000,322.291,322.291,321.955,321.955
1784888100000,321.955,322.179,321.936,321.955
1784889000000,321.955,322.355,321.851,322.354
1784889900000,322.354,322.795,322.155,322.355
1784890800000,322.355,322.898,322.261,322.682
1784891700000,322.704,322.81,322.59,322.6
1784892600000,322.6,322.625,322.4,322.4
1784893500000,322.39,322.635,322.246,322.5
1784894400000,322.51,322.768,322.395,322.51
1784895300000,322.79,322.79,322.326,322.63
1784896200000,322.23,322.617,322.006,322.23
1784897100000,322.08,322.163,321.591,321.78
1784898000000,321.795,321.795,321.57,321.57
1784898900000,321.57,322.118,321.57,321.623
1784899800000,321.86,325.985,321.622,325.71
1784900700000,325.525,327.74,325.525,326.795
1784901600000,326.865,328.62,326.847,328.025
1784902500000,328.02,329.435,327.85,328.8
1784903400000,328.83,329.79,328.7,329.36
1784904300000,329.42,330.225,329.19,329.96
1784905200000,329.91,331.39,329.72,331.31
1784906100000,331.29,331.93,331.03,331.775
1784907000000,331.785,333.26,331.71,332.815
1784907900000,332.82,333.63,332.76,333
1784908800000,333.05,334.1,332.68,333.2
1784909700000,333.22,334.35,332.97,333.675
1784910600000,333.72,333.93,333.365,333.6
1784911500000,333.54,333.7,332.69,333.19
1784912400000,333.225,334.05,332.39,332.49
1784913300000,332.515,332.745,332.16,332.4
1784914200000,332.42,333.17,332.35,332.94
1784915100000,332.955,333.09,332.67,332.67
1784916000000,332.655,333.155,332.42,332.42
1784916900000,332.45,332.745,332.14,332.26
1784917800000,332.35,332.6,332.07,332.225
1784918700000,332.22,333.17,332.22,332.93
1784919600000,333.01,333.23,332.54,332.78
1784920500000,332.735,333.08,332.47,332.524
1784921400000,332.49,332.77,332.26,332.765
1784922300000,332.75,333.43,331.86,333.06
1784923200000,333.07,333.49,332.964,333.49
1784924100000,333.51,333.68,333.288,333.59
1784925000000,333.3,333.625,333.185,333.49
1784925900000,333.6,333.65,333.28,333.49
1784926800000,333.395,333.43,333.282,333.365
1784927700000,333.365,333.474,333.365,333.474
1784928600000,333.61,334,333.466,333.84
1784929500000,333.765,333.88,333.47,333.88
1784930400000,333.88,333.88,333.69,333.733
1784931300000,333.734,333.734,333.567,333.645
1784932200000,333.55,333.645,333.463,333.55
1784933100000,333.41,333.519,333.38,333.44
1784934000000,333.43,333.582,333.395,333.505
1784934900000,333.505,333.615,333.505,333.595
1784935800000,333.595,333.629,333.552,333.552
1784936700000,333.56,333.8,333.54,333.67
1784937600000,332.62,332.62,332.62,332.62
1784938500000,332.8,333.81,332.8,333.81
1784941200000,333.75,333.78,332.59,332.59
1784942100000,332.56,332.56,332.56,332.56
1784951100000,332.8,332.94,332.8,332.94
1784952000000,332.5,332.5,332.5,332.5
1784953800000,332.78,332.86,332.47,332.47
1784954700000,332.71,332.93,332.28,332.28
1784959200000,332.27,332.27,332.27,332.27
1784964600000,332.55,332.64,332.55,332.64
1784965500000,332.23,332.23,332.23,332.23
1784966400000,332.58,332.64,332.18,332.18
1784967300000,332.14,332.14,332.14,332.14
1784968200000,332.36,332.4,332.09,332.09
1784975400000,332.28,332.3,332.06,332.06
1784984400000,331.93,331.93,331.93,331.93
1784989800000,331.91,331.91,331.91,331.91
1784991600000,332.29,332.29,332.16,332.16
1784995200000,332.16,332.16,332.16,332.16
1784997000000,332.16,332.16,332.16,332.16
1785006900000,332.29,332.47,331.79,331.79
1785015900000,331.75,331.75,331.75,331.75
1785048300000,332.03,332.15,331.75,331.75
1785055500000,332.06,332.37,332.06,332.37
1785059100000,331.75,331.75,331.74,331.74
1785068100000,331.7,331.7,331.7,331.7
1785072600000,331.7,331.7,331.7,331.7
1785074400000,332.12,332.12,332.12,332.12
1785087000000,332.12,332.15,331.67,331.67
1785093300000,331.98,332.86,331.98,332.86
1785108600000,332.62,332.62,332.62,332.62
1785110400000,333.8,339,333.67,337.8
1785111300000,337.93,337.93,335.85,336.13
1785112200000,336.12,336.12,335.29,335.51
1785113100000,335.6,336.18,335.36,335.77
1785114000000,335.62,336.22,335.34,335.54
1785114900000,335.55,336.59,335.35,336.59
1785115800000,336.59,336.73,335.78,336.26
1785116700000,336.2,336.45,335.88,335.88
1785117600000,335.94,336.14,335.74,335.87
1785118500000,335.81,336.11,335.61,335.98
1785119400000,335.86,336.1,335.6,335.66
1785120300000,335.7,335.8,335.59,335.69
1785121200000,335.68,335.77,335.61,335.72
1785122100000,335.76,335.99,335.64,335.99
1785123000000,336.01,336.01,335.74,335.92
1785123900000,335.91,336.14,335.85,335.92
1785124800000,335.91,335.99,335.85,335.91
1785125700000,335.93,335.96,335.49,335.49
1785126600000,335.48,335.51,334.98,335
1785127500000,335,335.13,334.35,334.49
1785128400000,334.49,334.89,334.26,334.38
1785129300000,334.37,334.48,333.99,334
1785130200000,334.19,334.21,333.47,333.99
1785131100000,334.01,334.32,333.98,334.2
1785132000000,334.19,334.49,334.02,334.08
1785132900000,334.03,334.47,334,334.4
1785133800000,334.27,334.3,334.09,334.22
1785134700000,334.22,334.29,333.91,333.97
1785135600000,333.99,334.9,333.99,334.56
1785136500000,334.79,334.81,334.55,334.6
1785137400000,334.72,334.97,334.58,334.59
1785138300000,334.59,334.59,334.45,334.55
1785139200000,334.3,334.624,333.78,334.3
1785140100000,334.5,334.5,334.261,334.46
1785141000000,334.46,334.46,334.26,334.26
1785141900000,334.26,334.26,333.77,333.77
1785142800000,333.86,334.081,333.725,333.83
1785143700000,333.98,333.98,333.9,333.95
1785144600000,333.9,333.9,333.257,333.4
1785145500000,333.4,333.65,333.4,333.547
1785146400000,333.522,333.522,333.4,333.4
1785147300000,333.4,333.649,333.4,333.5
1785148200000,333.5,333.595,333.4,333.595
1785149100000,333.61,333.65,333.466,333.61
1785150000000,333.65,334.383,333.65,333.776
1785150900000,333.98,334.355,333.62,333.62
1785151800000,333.54,333.951,333.04,333.7
1785152700000,334.06,334.309,333.68,334.24
1785153600000,334.6,334.749,334.185,334.53
1785154500000,334.45,334.56,334.203,334.31
1785155400000,334.25,334.295,333.835,333.92
1785156300000,334,334.132,333.8,334
1785157200000,333.98,334.368,333.901,333.98
1785158100000,334.08,334.99,333.409,334.706
1785159000000,335.72,337.065,334.11,335.04
1785159900000,335.025,336.77,334.035,335.53
1785160800000,335.72,336.91,335.335,336.645
1785161700000,336.62,338.12,336.57,337.72
1785162600000,337.695,337.86,336.23,336.35
1785163500000,336.36,338.33,336.13,338.23
1785164400000,338.24,339.46,338.18,339.04
1785165300000,339.06,339.21,338.27,338.7
1785166200000,338.72,339.55,337.09,338.218
1785167100000,338.29,338.54,336.74,337.072
1785168000000,337.09,337.53,336.945,337.335
1785168900000,337.32,337.99,337.185,337.485
1785169800000,337.45,338.12,336.585,336.745
1785170700000,336.731,336.775,336.01,336.669
1785171600000,336.66,336.8,335.91,336.25
1785172500000,336.34,336.75,335.67,336.04
1785173400000,336.06,336.79,336.03,336.235
1785174300000,336.27,336.29,335.31,335.49
1785175200000,335.54,335.87,335.075,335.674
1785176100000,335.6,336.01,335.09,335.14
1785177000000,335.165,335.165,334.73,335.04
1785177900000,335.05,336.22,335.01,335.84
1785178800000,335.805,335.848,335.255,335.59
1785179700000,335.6,335.94,335.53,335.71
1785180600000,335.74,336.399,335.67,336.235
1785181500000,336.22,337.22,335.75,336.92
1785182400000,336.863,337.075,336.788,336.972
1785183300000,336.971,336.971,336.55,336.726
1785184200000,336.87,337,336.677,336.7
1785185100000,336.9,336.995,336.604,336.604
1785186000000,336.602,336.602,336.149,336.485
1785186900000,336.483,336.485,336.335,336.444
1785187800000,336.446,336.455,336.446,336.455
1785188700000,336.455,336.955,336.455,336.665
1785189600000,336.94,336.99,336.56,336.99
1785190500000,336.81,336.953,336.665,336.685
1785191400000,336.685,336.685,336.342,336.342
1785192300000,336.339,336.8,336.325,336.5
1785193200000,336.96,336.96,336.5,336.96
1785194100000,336.98,336.998,336.566,336.98
1785195000000,336.77,336.95,336.77,336.775
1785195900000,336.788,337.425,336.788,337.333
1785196800000,337.21,337.343,336.8,336.91
1785197700000,336.9,337.19,336.73,337.04
1785198600000,337.04,337.4,336.82,337.36
1785199500000,337.33,337.36,336.97,337.32
1785200400000,337.29,337.51,336.65,336.88
1785201300000,336.8,337.49,336.79,337.49
1785202200000,337.47,337.52,336.9,337.52
1785203100000,337.51,337.61,337.31,337.33
1785204000000,337.32,337.6,337.26,337.31
1785204900000,337.31,338.12,337.31,337.96
1785205800000,337.91,338.13,337.83,338.11
1785206700000,338.1,338.49,337.88,338.2
1785207600000,338.2,338.44,338.05,338.33
1785208500000,338.28,338.67,338,338.09
1785209400000,338.09,338.36,338,338.22
1785210300000,338.22,338.5,338.13,338.2
1785211200000,338.19,338.32,337.93,337.94
1785212100000,337.9,337.9,337.64,337.64
1785213000000,337.65,337.85,337.61,337.75
1785213900000,337.8,337.93,337.34,337.51
1785214800000,337.62,337.69,337.49,337.56
1785215700000,337.56,337.59,337.36,337.43
1785216600000,337.4,337.43,337.12,337.21
1785217500000,337.21,337.41,337.21,337.33
1785218400000,337.4,337.75,337.21,337.62
1785219300000,337.58,337.74,337.26,337.26
1785220200000,337.29,337.53,337.27,337.44
1785221100000,337.44,337.52,337.29,337.37
1785222000000,337.37,337.7,337.2,337.63
1785222900000,337.51,337.72,337.4,337.57
1785223800000,337.55,337.88,337.54,337.85
1785224700000,337.88,338.11,337.81,338.05
1785225600000,338.18,338.31,337.362,338.31
1785226500000,338.13,338.33,337.935,338.19
1785227400000,338.27,338.318,338.145,338.23
1785228300000,338.13,338.535,338.025,338.34
1785229200000,338.53,338.739,338.136,338.25
1785230100000,338.34,338.588,338.175,338.4
1785231000000,338.48,338.845,338.405,338.55
1785231900000,338.87,339.24,338.776,338.87
1785232800000,338.88,339.005,338.775,338.83
1785233700000,338.97,339.005,338.825,338.95
1785234600000,338.99,339.025,338.726,338.96
1785235500000,338.84,339.025,338.55,338.95
1785236400000,338.55,339,338.471,338.75
1785237300000,339.01,339.01,338.617,338.835
1785238200000,338.43,338.731,338.293,338.34
1785239100000,338.595,338.6,338.129,338.59
1785240000000,338.41,338.615,338.193,338.42
1785240900000,338.81,338.945,338.21,338.85
1785241800000,338.99,339.389,338.76,339.27
1785242700000,339.34,339.4,338.99,339.05
1785243600000,338.57,339.74,338.2,339.74
1785244500000,339.41,340.265,338.09,340.11
1785245400000,340.02,342.88,337.77,338.44
1785246300000,338.41,339.59,337.19,337.54
1785247200000,337.58,338.11,335.59,336.87
1785248100000,336.96,338.255,336.912,337.99
1785249000000,337.99,338.79,337.21,338.165
1785249900000,338.17,338.385,336.92,337.07
1785250800000,337.08,339.47,336.62,339.07
1785251700000,339.1,339.64,338.63,339.25
1785252600000,339.23,339.89,339.01,339.67
1785253500000,339.71,339.87,339.04,339.67
1785254400000,339.65,339.99,339.46,339.82
1785255300000,339.83,340.14,339.515,339.81
1785256200000,339.825,340.58,339.4,339.45
1785257100000,339.474,339.965,338.94,339.79
1785258000000,339.805,339.885,339.035,339.1
1785258900000,339.12,339.51,338.93,339.05
1785259800000,339.01,339.79,339,339.52
1785260700000,339.5,340.01,339.47,339.76
1785261600000,339.755,339.83,339.42,339.57
1785262500000,339.56,340.155,339.445,339.83
1785263400000,339.88,339.89,338.265,338.4
1785264300000,338.42,339.55,338.403,339.37
1785265200000,339.37,339.685,339.17,339.175
1785266100000,339.15,339.495,339.04,339.195
1785267000000,339.17,340.14,339.1,340.015
1785267900000,340,340.54,339.14,340.015
1785268800000,340,340.452,339.84,340.19
1785269700000,340.16,340.34,340.101,340.16
1785270600000,340.14,340.184,339.75,339.81
1785271500000,339.8,339.9,339.74,339.8
1785272400000,339.91,340.065,339.804,339.91
1785273300000,339.79,339.895,339.79,339.79
1785274200000,339.8,339.909,339.8,339.909
1785275100000,339.91,339.96,339.91,339.92
1785276000000,340.01,340.01,339.7,339.81
1785276900000,339.837,339.84,339.425,339.82
1785277800000,339.33,339.82,339.255,339.33
1785278700000,340.25,340.54,339.255,340.32
1785279600000,340.054,340.569,339.925,340.569
1785280500000,340.35,340.715,340.06,340.69
1785281400000,340.23,340.751,340.125,340.75
1785282300000,340.81,341.555,340.429,341.42
1785283200000,341.01,341.5,340.38,340.5
1785284100000,340.49,341.15,340.47,341.15
1785285000000,340.96,341.21,340.82,341
1785285900000,341.03,341.12,340.72,340.75
1785286800000,340.75,340.77,340.48,340.58
1785287700000,340.57,341.38,340.54,341.16
1785288600000,341.07,341.13,340.64,340.89
1785289500000,340.76,340.96,340.55,340.81
1785290400000,340.65,341.49,340.6,341.31
1785291300000,341.29,341.35,341.07,341.08
1785292200000,341.1,341.33,341.05,341.22
1785293100000,341.2,341.77,341.2,341.73
1785294000000,341.72,342.65,341.6,342.27
1785294900000,342.28,343.4,342.24,343.26
1785295800000,343.13,343.33,342.34,342.59
1785296700000,342.57,342.92,342.22,342.66
1785297600000,342.65,343.7,342.34,342.58
1785298500000,342.59,344.67,342.58,344.09
1785299400000,344.09,344.15,342.48,342.49
1785300300000,342.49,342.51,341.6,341.8
1785301200000,342,342.17,341.58,341.67
1785302100000,341.67,341.67,340.97,340.97
1785303000000,341.09,341.13,340.28,340.48
1785303900000,340.48,340.69,340.4,340.57
1785304800000,340.54,340.71,340.07,340.11
1785305700000,340.14,340.34,339.99,340.31
1785306600000,340.31,341.59,340.31,341.4
1785307500000,341.42,341.42,340.79,341.33
1785308400000,341.36,341.51,340.96,340.96
1785309300000,341.08,341.35,340.99,341.15
1785310200000,341.11,341.57,341.1,341.56
1785311100000,341.52,341.82,341.52,341.82
1785312000000,341.62,342.1,341.296,341.62
1785312900000,341.59,341.675,341.347,341.59
1785313800000,341.6,341.615,341.3,341.3
1785314700000,341.3,341.375,341.3,341.35
1785315600000,341.21,341.35,340.31,341.02
1785316500000,340.81,340.81,340.626,340.63
1785317400000,339.56,340.79,339.415,339.56
1785318300000,339.55,339.89,338.895,339.55
1785319200000,339.75,339.825,339.27,339.48
1785320100000,339.68,339.76,339.6,339.74
1785321000000,340.02,340.269,339.689,340.02
1785321900000,340.269,341.25,340.269,341.245
1785322800000,341.17,341.45,340.652,340.78
1785323700000,340.71,341,340.6,340.859
1785324600000,340.98,341.053,340.5,340.99
1785325500000,341.03,341.126,340.665,341.03
1785326400000,340.75,340.802,340.212,340.5
1785327300000,340.31,340.394,339.53,339.54
1785328200000,338.89,339.75,338.01,339.36
1785329100000,339.3,339.456,338.664,338.89
1785330000000,338.975,339.047,338.503,339.047
1785330900000,339,339.791,338.51,339.21
1785331800000,340.43,342.1,339.668,341.585
1785332700000,341.67,343.68,341.53,342.78
1785333600000,342.815,343.47,341.71,341.84
1785334500000,341.835,342.06,340.735,341.185
1785335400000,341.14,341.73,340.91,341.54
1785336300000,341.57,341.71,340.16,340.38
1785337200000,340.425,340.55,339.52,339.98
1785338100000,339.98,340.305,339.68,339.831
1785339000000,339.834,340.67,339.79,340.075
1785339900000,340.07,341.23,340.05,341.05
1785340800000,341.075,341.16,340.655,340.83
1785341700000,340.815,341.56,340.685,341.33
1785342600000,341.285,341.39,340.07,340.542
1785343500000,340.51,341.32,340.33,341.291
1785344400000,341.34,342.28,341.12,342.25
1785345300000,342.32,343.44,342.13,342.7
1785346200000,342.71,343.39,342.365,343.055
1785347100000,343.082,343.3,342.67,343.237
1785348000000,343.205,344.545,343.205,343.62
1785348900000,343.695,344.01,343.19,343.6
1785349800000,343.57,343.93,342.98,343.69
1785350700000,343.67,343.86,342.76,342.89
1785351600000,342.91,343.01,341.92,342.401
1785352500000,342.395,342.87,341.34,341.53
1785353400000,341.49,341.52,339.33,339.58
1785354300000,339.595,340.34,337.36,338.33
1785355200000,337.56,338.399,337.51,337.51
1785356100000,338.04,338.599,337.97,338.26
1785357000000,338.42,339.18,338.295,338.48
1785357900000,338.617,339.095,338.187,339.095
1785358800000,339.1,339.967,339.025,339.6
1785359700000,339.91,340.154,339.29,340.09
1785360600000,339.355,339.355,338.955,338.955
1785361500000,338.955,339.513,338.955,339.4
1785362400000,339.89,340.74,339.393,339.79
1785363300000,339.58,339.737,338.946,339.01
1785364200000,339.29,339.365,338.94,339.1
1785365100000,339.25,339.543,339.025,339.25
1785366000000,339.78,340.19,339.375,340.19
1785366900000,340.05,340.1,339.425,340.05
1785367800000,339.91,340.099,339.625,339.91
1785368700000,340.4,340.48,339.875,340.4
1785369600000,339.64,340.86,339.64,340.04
1785370500000,340.04,340.16,339.24,339.45
1785371400000,339.47,339.68,339.29,339.68
1785372300000,339.68,340.11,339.38,339.86
1785373200000,339.63,340.27,339.62,340
1785374100000,339.94,340.21,339.49,339.51
1785375000000,339.5,339.56,338.02,338.44
1785375900000,338.43,338.54,338.11,338.2
1785376800000,338.27,338.48,338.2,338.48
1785377700000,338.53,339.36,338.53,339.07
1785378600000,339.07,339.2,338.98,338.98
1785379500000,338.97,339.04,338.7,338.79
1785380400000,338.89,339.08,338.66,338.8
1785381300000,338.75,338.77,338.57,338.62
1785382200000,338.57,338.63,338.43,338.46
1785383100000,338.53,338.72,338.46,338.65
1785384000000,338.69,338.85,338.61,338.7
1785384900000,338.67,338.79,338.61,338.65
1785385800000,338.69,338.85,338.65,338.67
1785386700000,338.67,338.94,338.62,338.88
1785387600000,338.89,338.89,338.6,338.75
1785388500000,338.76,338.93,338.63,338.68
1785389400000,338.62,338.65,338.16,338.21
1785390300000,338.21,338.22,337.52,337.52
1785391200000,337.5,337.94,337.5,337.81
1785392100000,337.7,338.36,337.58,338.27
1785393000000,338.27,338.27,337.82,338.16
1785393900000,338,338.29,338,338.28
1785394800000,338.26,338.77,338.08,338.28
1785395700000,338.18,338.3,337.72,337.92
1785396600000,337.91,338.5,337.8,338.48
1785397500000,338.47,338.6,338.2,338.49
1785398400000,339.42,340.05,338.6,339.27
1785399300000,339.04,339.475,339.04,339.04
1785400200000,339.175,339.175,338.835,338.835
1785401100000,338.835,338.835,338.635,338.795
1785402000000,338.795,338.795,338.55,338.634
1785402900000,338.635,338.855,338.605,338.855
1785403800000,338.855,338.855,338.676,338.676
1785404700000,338.34,338.763,338.34,338.34
1785405600000,338.478,338.543,337.965,337.97
1785406500000,337.33,337.969,336.69,337.33
1785407400000,336.76,337.2,335.553,336.76
1785408300000,336.68,337.33,336.428,336.66
1785409200000,336.5,336.945,335.611,336.81
1785410100000,336.49,336.749,336.014,336.44
1785411000000,336.44,336.72,336,336.12
1785411900000,336.26,336.38,335.974,336.25
1785412800000,336.5,336.847,336.113,336.49
1785413700000,336.111,336.5,335.692,335.729
1785414600000,335.726,336.295,334.795,335.249
1785415500000,335.26,335.33,334.85,335.12
1785416400000,335.14,335.905,334.876,335.04
1785417300000,335.81,336.588,333.16,333.91
1785418200000,332.83,334.46,330.8,332.18
1785419100000,332.18,333.15,331.25,332.17
1785420000000,332.01,332.86,330.35,331.309
1785420900000,331.42,332.31,331.12,331.3
1785421800000,331.255,332.19,329.59,332.085
1785422700000,332.07,332.61,331.505,332.27
1785423600000,332.27,333.04,331.4,331.536
1785424500000,331.46,332.06,331.05,331.239
1785425400000,331.22,332.34,331.17,332.16
1785426300000,332.15,332.39,331.38,331.725
1785427200000,331.745,331.785,330.65,331.19
1785428100000,331.195,332.59,331.11,332.1
1785429000000,332.1,332.24,331.42,332.115
1785429900000,332.115,332.37,331.555,331.6
1785430800000,331.635,332.845,331.606,332.71
1785431700000,332.69,332.76,331.995,332.07
1785432600000,332.099,332.78,331.73,332.644
1785433500000,332.647,333.32,332.465,333.272
1785434400000,333.33,333.98,333,333.27
1785435300000,333.28,333.75,332.77,333.18
1785436200000,333.11,333.76,332.92,333.52
1785437100000,333.56,334.06,333.425,333.75
1785438000000,333.72,334.01,333.405,333.64
1785438900000,333.73,333.96,333.12,333.185
1785439800000,333.16,333.58,332.79,333.02
1785440700000,332.98,334.13,332.3,333.08
1785441600000,333.558,335.6,333.34,334.48
1785442500000,334.37,335.65,334.15,335.36
1785443400000,335.8,338.99,319,320.23
1785444300000,319.99,321.07,317.66,318.19
1785445200000,317.93,320.01,316.97,319.01
1785446100000,319.25,320.75,305.84,307.333
1785447000000,308.36,310.79,305.1,309.99
1785447900000,309.51,312.07,307.98,311.52
1785448800000,311.39,312.422,310.79,311.01
1785449700000,311.21,312.17,311.01,311.73
1785450600000,311.719,313.776,311.719,313.776
1785451500000,313.73,313.784,312.705,313.23
1785452400000,313.25,314.01,313.2,313.81
1785453300000,313.99,315.01,313.44,314.49
1785454200000,314.45,314.664,312.16,312.2
1785455100000,312.82,313.332,312.332,312.4
1785456000000,313.7,313.96,312.03,313.39
1785456900000,313.39,314.61,313.26,313.84
1785457800000,313.84,314.22,312.99,314.1
1785458700000,314.09,314.11,313.29,313.41
1785459600000,313.41,313.41,312.43,313.08
1785460500000,313.09,313.99,313.06,313.89
1785461400000,314,314.7,313.57,314.5
1785462300000,314.49,315.1,314.29,314.56
1785463200000,314.61,315.21,314.3,315.08
1785464100000,315.11,315.11,314.09,314.3
1785465000000,314.36,314.51,313.46,313.49
1785465900000,313.49,313.98,313.43,313.83
1785466800000,313.84,314.06,313.59,313.73
1785467700000,313.67,314.15,313.64,314.03
1785468600000,313.98,314.39,313.91,313.98
1785469500000,313.98,314.07,313.8,313.98
1785470400000,314,314.19,313.61,313.71
1785471300000,313.69,313.71,313.25,313.28
1785472200000,313.3,313.33,312.78,313.03
1785473100000,313.08,313.51,313.04,313.4
1785474000000,313.39,313.5,312.93,313.11
1785474900000,313.11,313.29,312.27,312.3
1785475800000,312.34,312.78,311.64,312.34
1785476700000,312.34,312.34,311.87,312.01
1785477600000,312.05,312.55,311.71,312.39
1785478500000,312.41,312.47,311.69,311.95
1785479400000,311.91,312.89,311.91,312.61
1785480300000,312.67,312.73,312.12,312.23
1785481200000,312.23,312.31,311.65,311.83
1785482100000,311.83,311.83,310.72,310.72
1785483000000,310.72,311.4,310.71,311.33
1785483900000,311.66,311.72,310.92,311.02
1785484800000,311.07,312.326,308.59,308.6
1785485700000,309.55,309.89,308.26,308.5
1785486600000,309.51,310.414,308.306,310.39
1785487500000,310.01,310.611,309.16,309.5
1785488400000,309.54,310.4,308.968,310.4
1785489300000,309.77,310.25,309.416,309.77
1785490200000,308.75,309.775,308.69,309.74
1785491100000,309.67,309.81,308.86,308.86
1785492000000,308.99,309.664,308.901,309.52
1785492900000,309.86,309.87,308.935,309.87
1785493800000,309.18,309.873,308.501,308.79
1785494700000,309.02,309.18,307.51,308.24
1785495600000,308.71,309.25,307,307.01
1785496500000,307.01,307.76,306.5,307.49
1785497400000,307.26,308.199,306.63,308.19
1785498300000,308.12,308.44,307.655,308.08
1785499200000,307.8,308.49,307.08,307.13
1785500100000,307.08,308.25,307.08,307.53
1785501000000,307.49,308.01,306.719,307.23
1785501900000,307.23,308.63,306.61,308.35
1785502800000,308,308.249,306.94,307.1
1785503700000,307,307.63,304,305.41
1785504600000,304.775,306.87,300.33,304.79
1785505500000,304.79,305.89,302.51,302.77
1785506400000,302.72,303.31,301.37,302.24
1785507300000,302.12,303.56,301.675,302.75
1785508200000,302.8,303,301.705,302.46
1785509100000,302.41,303.16,301.965,303.121
1785510000000,303.15,303.19,302.335,302.99
1785510900000,302.94,304.25,301.65,301.72
1785511800000,301.75,302.805,301.44,301.95
1785512700000,301.97,302.34,300.41,301.356
1785513600000,301.27,302.11,300.91,302.105
1785514500000,302.03,302.35,300.48,300.55
1785515400000,300.585,301.005,300,300.355
1785516300000,300.315,301.535,300.23,300.855
1785517200000,300.87,301.825,300.85,301.52
1785518100000,301.53,301.81,301.05,301.195
1785519000000,301.21,301.705,301.125,301.3
1785519900000,301.31,301.425,300.49,300.625
1785520800000,300.66,302.095,300.6,302
1785521700000,301.995,302.405,301.63,301.735
1785522600000,301.75,302.34,301.749,302.315
1785523500000,302.335,303,302.05,302.82
1785524400000,302.82,304.87,302.78,304.56
1785525300000,304.65,305.715,304.54,305.665
1785526200000,305.64,306.625,305.05,306.525
1785527100000,306.53,310.64,306.13,308.725
1785528000000,309.09,309.54,308.587,309.19
1785528900000,308.89,309.166,308.616,308.65
1785529800000,308.62,308.665,308.126,308.49
1785530700000,308.01,308.174,306.865,306.99
1785531600000,306.65,307.163,306.565,307.15
1785532500000,306.918,306.982,306.3,306.405
1785533400000,306.405,306.518,306.322,306.465
1785534300000,306.56,306.585,306.432,306.49
1785535200000,306.51,307.12,306.5,307.01
1785536100000,307.026,307.055,306.787,306.929
1785537000000,307.27,307.369,306.931,307.27
1785537900000,307.083,307.314,307.035,307.24
1785538800000,307.32,307.735,307.24,307.64
1785539700000,307.66,307.85,307.3,307.3
1785540600000,307.675,307.85,307.501,307.675
1785541500000,307.773,307.773,307.316,307.35
1785542400000,307.348,307.348,307.342,307.342
1785544200000,307.11,307.27,306.95,307.27
1785549600000,306.87,306.87,306.79,306.79
1785550500000,306.97,306.97,306.74,306.96
1785553200000,306.96,307,306.96,306.96
1785554100000,307,307,306.96,306.96
1785555000000,307,307.03,306.96,306.96
1785557700000,306.96,306.96,306.96,306.96
1785558600000,306.96,306.96,306.96,306.96
1785559500000,307.03,307.08,306.96,306.96
1785562200000,307.08,307.12,306.96,306.96
1785564000000,307.12,307.19,306.96,306.96
1785564900000,307.19,307.28,306.96,306.96
1785565800000,307.28,307.38,306.96,307.38
1785567600000,307.38,307.73,306.96,306.96
1785568500000,307.44,307.44,307.44,307.44
1785571200000,307.59,307.59,307.44,307.44
1785572100000,307.59,307.59,307.44,307.44
1785576600000,307.59,307.59,307.59,307.59
1785579300000,307.59,307.59,306.96,306.96
1785583800000,306.96,306.96,306.96,306.96
1785585600000,307.59,307.73,307.59,307.73
1785589200000,306.96,306.96,306.96,306.96
1785592800000,307.73,307.73,306.81,306.81
1785597300000,307.01,307.01,306.73,306.8
1785598200000,307.05,307.21,307.05,307.21
1785601800000,307.24,307.24,307.24,307.24
1785603600000,307.24,307.24,307.24,307.24
1785618900000,306.72,306.72,306.72,306.72
1785620700000,306.72,306.72,306.72,306.72
1785628800000,307.2,307.52,307.2,307.52
1785629700000,307.52,307.52,307.52,307.52
1785631500000,307.44,307.44,307.44,307.44
1785632400000,306.71,306.71,306.71,306.71
1785633300000,306.88,306.88,306.57,306.57
1785640500000,306.57,306.57,306.57,306.57
1785646800000,306.9,306.9,306.9,306.9
1785649500000,306.95,306.95,306.95,306.95
1785653100000,307.03,307.52,307.03,307.52
1785654000000,307.1,307.1,307.1,307.1
1785654900000,307.1,308.18,307.1,308.18
1785655800000,308.42,308.52,308.42,308.52
1785656700000,308.58,309.08,308.58,309.08
1785657600000,309.09,309.59,309.09,309.59
1785658500000,309.62,309.69,309.62,309.69
1785659400000,309.41,309.78,309.41,309.78
1785663900000,309.92,310.08,309.92,310.08
1785667500000,309.68,309.68,309.68,309.68
1785671100000,309.68,309.68,309.58,309.6
1785672000000,309.6,310.09,309.02,309.02
1785672900000,309.92,309.92,309.92,309.92
1785673800000,309.92,309.92,309.92,309.92
1785678300000,309.33,309.33,308.88,308.88
1785682800000,309.92,309.92,309.92,309.92
1785684600000,309.92,310.05,309.92,310.05
1785686400000,310.16,310.16,310.16,310.16
1785689100000,310.17,310.19,310.17,310.19
1785690000000,310.01,310.32,310.01,310.32
1785693600000,310.33,310.33,310.33,310.33
1785694500000,310.33,310.33,310.33,310.33
1785699000000,310.38,310.38,310.21,310.21
1785702600000,310.21,310.21,309.07,310.21
1785708000000,310.31,310.39,310.31,310.39
1785711600000,310.17,310.17,306.77,306.77
1785713400000,309.75,309.75,309.75,309.75
1785714300000,309.35,309.35,307.16,308.56
1785715200000,309.99,309.99,308.36,308.8
1785716100000,308.8,308.84,308.12,308.4
1785717000000,308.33,308.35,307.99,308.15
1785717900000,308.1,308.41,307.91,308.39
1785718800000,308.39,308.44,308.02,308.04
1785719700000,308.04,308.1,307.89,307.91
1785720600000,307.91,308.36,307.83,308.2
1785721500000,308.2,308.3,308.04,308.21
1785722400000,308.23,308.48,308.23,308.4
1785723300000,308.4,308.65,308.31,308.58
1785724200000,308.59,308.76,308.43,308.64
1785725100000,308.63,308.89,308.51,308.8
1785726000000,308.79,309.08,308.79,309.07
1785726900000,309.07,309.3,309.06,309.24
1785727800000,309.24,309.24,308.96,309.06
1785728700000,309.09,309.11,308.65,308.69
1785729600000,308.69,308.73,308.64,308.71
1785730500000,308.7,309.01,308.7,309.01
1785731400000,309.01,309.01,308.71,308.78
1785732300000,308.77,308.98,308.71,308.91
1785733200000,308.9,308.9,308.6,308.66
1785734100000,308.65,308.66,308.6,308.63
1785735000000,308.66,308.73,308.49,308.59
1785735900000,308.59,308.61,308.51,308.51
1785736800000,308.51,308.91,308.46,308.8
1785737700000,308.82,308.98,308.7,308.95
1785738600000,308.97,308.97,308.69,308.92
1785739500000,308.87,308.95,308.87,308.94
1785740400000,308.91,308.94,308.54,308.78
1785741300000,308.71,308.83,308.53,308.71
1785742200000,308.68,308.78,308.62,308.74
1785743100000,308.71,308.94,308.71,308.93
1785744000000,307.663,309.205,307.642,307.684
1785744900000,307.675,307.95,307.425,307.9
1785745800000,307.99,307.99,307.73,307.93
1785746700000,307.73,307.94,307.73,307.92
1785747600000,307.92,307.973,307.92,307.943
1785748500000,307.96,307.965,307.905,307.93
1785749400000,308.01,308.01,307.85,307.85
1785750300000,307.92,308.39,307.845,308.02
1785751200000,308.37,309.77,308.305,309.7
1785752100000,309.36,310.23,309.125,309.9
1785753000000,309.9,310.656,309.835,310.36
1785753900000,309.73,310.576,309.626,309.9
1785754800000,310.01,310.22,309.667,309.7
1785755700000,309.86,310.909,309.791,310.8
1785756600000,310.795,311.677,310.795,311.569
1785757500000,311.59,311.919,311.124,311.68
1785758400000,311.44,312.71,311.308,311.8
1785759300000,311.39,311.536,311.032,311.4
1785760200000,311.3,311.545,310.65,310.65
1785761100000,310.779,311.12,310.522,310.522
1785762000000,310.83,310.839,310.092,310.52
1785762900000,310.59,310.79,309.068,309.15
1785763800000,309.59,311.77,305.21,306.19
1785764700000,306.125,308.25,305.545,305.91
1785765600000,305.91,306.67,304.365,306.54
1785766500000,306.5,307.2,305.53,305.57
1785767400000,305.55,306.15,305.245,305.75
1785768300000,305.89,306.41,305.02,305.36
1785769200000,305.335,305.645,304.6,305.187
1785770100000,305.14,305.785,303.92,304.194
1785771000000,304.225,304.39,303.125,303.175
1785771900000,303.165,303.77,302.55,303.77
1785772800000,303.785,305.03,303.716,304.04
1785773700000,304.04,306.34,304.04,306.34
1785774600000,306.37,307.19,306.055,306.665
1785775500000,306.67,306.755,305.91,306.62
1785776400000,306.615,307.065,306.365,306.715
1785777300000,306.69,307.53,306.665,307.21
1785778200000,307.22,307.244,306.19,306.795
1785779100000,306.78,306.785,305.54,306.09
1785780000000,306.085,306.445,305.865,305.94
1785780900000,306.015,306.39,305.495,305.515
1785781800000,305.525,305.855,305.01,305.09
1785782700000,305.085,305.56,304.91,305.22
1785783600000,305.23,305.97,305.145,305.915
1785784500000,305.92,305.955,304.79,305.045
1785785400000,305.045,305.08,304.455,304.825
1785786300000,304.829,304.829,302.68,303.344
1785787200000,303.14,303.569,302.997,303.54
1785788100000,303.57,303.707,303.469,303.53
1785789000000,303.32,303.55,303.32,303.41
1785789900000,303.44,303.594,303.434,303.49
1785790800000,303.545,303.693,303.49,303.693
1785791700000,303.76,303.856,303.694,303.77
1785792600000,303.835,303.95,303.7,303.7
1785793500000,303.695,303.83,303.695,303.83
1785794400000,303.82,303.82,303.506,303.64
1785795300000,303.505,303.685,303.505,303.605
1785796200000,303.65,303.738,303.605,303.63
1785797100000,303.64,303.775,303.525,303.59
1785798000000,303.67,303.768,303.655,303.7
1785798900000,303.77,303.855,303.731,303.8
1785799800000,303.86,303.861,303.62,303.71
1785800700000,303.61,303.685,303.5,303.5
1785801600000,303.6,304.1,303.58,304.1
1785802500000,304.1,304.7,304.08,304.59
1785803400000,304.59,305,304.51,304.68
1785804300000,304.6,304.62,304.2,304.48
1785805200000,304.51,304.67,304.32,304.6
1785806100000,304.61,304.64,304.42,304.42
1785807000000,304.44,304.57,304.14,304.17
1785807900000,304.15,304.61,304.14,304.54
1785808800000,304.58,304.76,304.52,304.63
1785809700000,304.65,304.82,304.59,304.59
1785810600000,304.59,304.76,304.59,304.74
1785811500000,304.77,304.8,304.65,304.74
1785812400000,304.73,304.74,304.49,304.5
1785813300000,304.5,304.64,304.39,304.64
1785814200000,304.64,304.76,304.58,304.73
1785815100000,304.73,304.73,304.56,304.56
1785816000000,304.65,304.76,304.57,304.74
1785816900000,304.71,304.82,304.65,304.74
1785817800000,304.73,304.74,304.4,304.59
1785818700000,304.62,304.77,304.6,304.72
1785819600000,304.72,304.72,304.59,304.63
1785820500000,304.67,304.76,304.63,304.63
1785821400000,304.64,304.75,304.49,304.51
1785822300000,304.52,304.62,304.32,304.37
1785823200000,304.38,304.51,304.11,304.24
1785824100000,304.24,304.25,303.44,303.79
1785825000000,303.87,304.08,303.86,303.92
1785825900000,303.95,304,303.7,303.75
1785826800000,303.73,303.81,303.57,303.76
1785827700000,303.78,304.07,303.71,304.02
1785828600000,304.03,304.05,303.8,303.95
1785829500000,303.97,304.19,303.83,304.05
1785830400000,303.65,303.819,303.316,303.45
1785831300000,303.575,303.758,303.285,303.285
1785832200000,303.31,303.596,303.225,303.31
1785833100000,303.56,303.6,303.505,303.57
1785834000000,303.53,303.715,303.35,303.715
1785834900000,303.65,303.905,303.58,303.8
1785835800000,303.79,303.915,303.776,303.85
1785836700000,303.93,304.17,303.865,304.17
1785837600000,304.18,304.21,304.092,304.21
1785838500000,303.99,304.105,303.386,303.51
1785839400000,303.479,303.945,302.99,303.159
1785840300000,303.159,303.16,302.544,302.852
1785841200000,302.45,302.852,302.11,302.3
1785842100000,302.19,302.909,302.14,302.65
1785843000000,302.6,303.199,302.51,302.91
1785843900000,302.71,303.053,302.4,302.49
1785844800000,302.7,302.97,302.476,302.64
1785845700000,302.5,302.74,302.445,302.5
1785846600000,302.75,303,302.74,302.9
1785847500000,302.902,302.972,302.5,302.68
1785848400000,302.67,302.88,302.19,302.28
1785849300000,302.43,303.8,302.26,302.87
1785850200000,302.73,304.47,301.38,303.795
1785851100000,303.83,305.4,303.69,305.31
1785852000000,305.295,305.86,304.42,305.76
1785852900000,305.74,307.13,305.725,306.83
1785853800000,306.78,306.87,305.24,305.48
1785854700000,305.52,306.49,305.41,306.25
1785855600000,306.215,306.495,305.91,306.24
1785856500000,306.26,306.56,305.605,305.651
1785857400000,305.7,306.74,305.49,306.26
1785858300000,306.28,306.67,306.09,306.34
1785859200000,306.29,306.438,305.675,306.34
1785860100000,306.327,306.715,305.83,306.508
1785861000000,306.509,307.81,306.355,307.761
1785861900000,307.73,308.59,307.42,308.24
1785862800000,308.25,310.415,308.21,310.13
1785863700000,310.13,310.25,308.88,308.905
1785864600000,308.89,309.6,308.675,309.577
1785865500000,309.585,310.11,309.335,309.335
1785866400000,309.33,310.078,309.26,310.015
1785867300000,310.03,310.12,309.2,309.3
1785868200000,309.29,309.5,308.65,308.81
1785869100000,308.81,309.26,308.48,308.535
1785870000000,308.532,308.88,308.28,308.73
1785870900000,308.73,309.81,308.58,309.53
1785871800000,309.59,310.3,309.55,310.27
1785872700000,310.25,310.43,308.91,309.335
1785873600000,309.394,309.869,309.01,309.37
1785874500000,310.1,310.823,308.963,310.65
1785875400000,310.4,311,310.1,310.87
1785876300000,310.99,311.544,310.56,311.45
1785877200000,310.89,311.127,310.291,310.53
1785878100000,310.486,310.859,310.48,310.745
1785879000000,310.34,310.745,310.202,310.34
1785879900000,310.199,310.21,310.076,310.076
1785880800000,310.17,310.671,310.075,310.19
1785881700000,310.52,310.65,310.4,310.52
1785882600000,310.41,310.6,310.41,310.49
1785883500000,310.49,310.574,310.327,310.46
1785884400000,310.75,310.799,310.361,310.68
1785885300000,310.62,310.9,310.519,310.62
1785886200000,310.49,310.675,310.075,310.43
1785887100000,310.288,310.768,310.265,310.45
1785888000000,310.58,310.66,310,310.08
1785888900000,310.06,310.39,309.6,309.83
1785889800000,309.83,310.09,309.54,310.03
1785890700000,310.02,310.45,309.91,310.3
1785891600000,310.23,310.8,310.2,310.68
1785892500000,310.56,310.93,310.47,310.5
1785893400000,310.52,311.2,310.52,311.17
1785894300000,311.18,311.54,311.05,311.47
1785895200000,311.48,311.6,311.24,311.25
1785896100000,311.29,311.43,310.92,310.92
1785897000000,310.97,311.15,310.93,311.13
1785897900000,311.15,311.44,311.14,311.35
1785898800000,311.3,311.3,310.94,311.04
1785899700000,311.03,311.08,310.83,310.91
1785900600000,310.86,311.28,310.8,311.13
1785901500000,311.14,311.23,311.09,311.23
1785902400000,311.23,311.59,311.21,311.54
1785903300000,311.54,311.54,311.29,311.41
1785904200000,311.41,311.46,311.12,311.2
1785905100000,311.26,311.5,311.26,311.39
1785906000000,311.42,311.5,311.09,311.38
1785906900000,311.33,311.51,311.11,311.15
1785907800000,311.16,311.37,311.1,311.34
1785908700000,311.37,311.4,310.68,310.81
1785909600000,310.83,310.96,310.77,310.92
1785910500000,310.87,311,310.52,310.58
1785911400000,310.59,310.9,310.58,310.9
1785912300000,310.89,311.09,310.85,310.89
1785913200000,310.92,311.11,310.79,311
1785914100000,310.86,311.06,310.79,310.97
1785915000000,310.97,311.21,310.93,311.16
1785915900000,311.16,311.27,311.02,311.12
1785916800000,311,311.336,310.411,310.9
1785917700000,310.696,311.754,310.684,311.623
1785918600000,312.17,313.459,311.638,312.99
1785919500000,312.59,312.875,311.803,312.38
1785920400000,311.89,312.365,311.49,312.265
1785921300000,312.23,313.22,312.115,313.09
1785922200000,312.83,312.95,312.033,312.3
1785923100000,311.96,312.35,311.87,311.87
1785924000000,311.82,312.305,311.547,312.08
1785924900000,312.298,312.298,311.375,311.375
1785925800000,311.54,311.71,311.305,311.54
1785926700000,311.48,311.879,311.305,311.71
1785927600000,310.69,311.592,310.1,310.81
1785928500000,310.46,310.819,310.386,310.386
1785929400000,310.386,310.59,307.918,307.918
1785930300000,306.99,308.424,305.15,307.49
1785931200000,307.5,308.879,306.712,308.25
1785932100000,308.48,308.716,308.221,308.65
1785933000000,308.61,308.99,308.211,308.79
1785933900000,308.883,309.098,307.765,308.415
1785934800000,308.423,310.39,308.364,310.341
1785935700000,310.1,310.768,308.763,308.93
1785936600000,309.26,309.26,305.66,308.21
1785937500000,308.14,308.21,306.93,307.98
1785938400000,307.99,308.505,307.36,308.4
1785939300000,306.778,306.778,306.778,306.778
1785940200000,306.71,308.87,306.29,308.86
1785941100000,308.845,311.37,308.793,311.335
1785942000000,311.36,311.71,310.57,310.57
1785942900000,310.51,310.6,308.435,308.61
1785943800000,308.608,308.98,308.15,308.265
1785944700000,308.25,308.51,307.81,307.94
1785945600000,307.995,309.45,307.98,309.08
1785946500000,309.1,309.34,308.61,308.62
1785947400000,308.64,309.33,308.46,309.28
1785948300000,309.27,309.34,308.75,308.806
1785949200000,308.811,309.77,308.811,309.71
1785950100000,309.73,309.98,309.59,309.74
1785951000000,309.76,310.22,309.425,309.66
1785951900000,309.6,309.639,308.74,308.93
1785952800000,308.95,308.97,308.35,308.5
1785953700000,308.507,308.675,308.105,308.182
1785954600000,308.2,308.73,308.08,308.62
1785955500000,308.69,309.105,308.48,308.95
1785956400000,308.955,309.12,308.71,308.91
1785957300000,308.955,309.88,308.927,309.645
1785958200000,309.62,310.05,309.41,309.927
1785959100000,309.92,311.555,309.835,310.95
1785960000000,310.65,312.143,310.65,312
1785960900000,311.84,312.71,311.644,312.3
1785961800000,311.64,311.872,311.36,311.75
1785962700000,311.624,312,311.459,311.459
1785963600000,311.458,311.749,311.318,311.375
1785964500000,311.77,312.002,311.375,311.98
1785965400000,311.99,312.09,311.74,311.99
1785966300000,311.883,312.15,311.875,312.095
1785967200000,312.2,312.669,312.095,312.45
1785968100000,312.7,312.855,312.503,312.71
1785969000000,313.01,313.153,312.67,313.08
1785969900000,313.01,313.119,312.626,312.82
1785970800000,312.76,312.76,312.48,312.494
1785971700000,312.494,313.14,312.494,312.691
1785972600000,312.69,312.795,312.24,312.55
1785973500000,312.55,312.55,312.225,312.5
1785974400000,312.36,312.41,311.71,311.98
1785975300000,311.92,312.09,311.46,312.03
1785976200000,312.03,312.67,312.02,312.47
1785977100000,312.45,312.58,312.22,312.34
1785978000000,312.36,312.56,312.16,312.46
1785978900000,312.52,313.33,312.37,313.33
1785979800000,313.34,313.86,313.04,313.13
1785980700000,313.12,313.47,312.98,313.24
1785981600000,313.27,313.51,313.11,313.16
1785982500000,313.15,313.49,313.05,313.4
1785983400000,313.38,313.51,313.24,313.51
1785984300000,313.49,313.56,313.33,313.41
1785985200000,313.37,313.48,313.22,313.42
1785986100000,313.39,313.4,313.06,313.16
1785987000000,313.16,313.29,313.02,313.28
1785987900000,313.28,313.48,313.12,313.43
1785988800000,313.44,313.45,313.18,313.42
1785989700000,313.42,313.52,313.37,313.42
1785990600000,313.46,313.46,313.13,313.18
1785991500000,313.17,313.2,312.99,313.2
1785992400000,313.21,313.33,313.08,313.33
1785993300000,313.27,313.33,313.1,313.19
1785994200000,313.16,313.29,313.1,313.16
1785995100000,313.22,313.24,313.05,313.19
1785996000000,313.14,313.18,312.49,312.55
1785996900000,312.62,312.99,312.4,312.99
1785997800000,312.99,313.13,312.69,313.12
1785998700000,313.15,313.66,313.09,313.64
1785999600000,313.63,313.86,313.49,313.81
1786000500000,313.87,313.87,313.47,313.55
1786001400000,313.58,313.58,313.14,313.32
1786002300000,313.33,313.47,313.24,313.25
1786003200000,313.21,314.27,312.628,313.21
1786004100000,314.18,314.54,314.09,314.23
1786005000000,314.45,314.54,313.85,314.41
1786005900000,313.9,314.13,313.895,313.9
1786006800000,313.57,314.144,313.5,314.09
1786007700000,314.26,314.321,314.12,314.26
1786008600000,314.16,314.21,314.08,314.21
1786009500000,314.25,314.325,314.02,314.25
1786010400000,313.95,314.191,313.95,313.95
1786011300000,313.99,314,313.83,314
1786012200000,313.865,313.979,313.609,313.609
1786013100000,313.61,313.842,313.52,313.73
1786014000000,313.751,314.74,313.75,314.595
1786014900000,314.61,314.66,314.099,314.36
1786015800000,314.36,314.399,313.74,313.74
1786016700000,313.91,314.04,313.797,313.91
1786017600000,313.7,313.866,313.65,313.79
1786018500000,313.94,314.465,313.605,314.39
1786019400000,314.41,314.41,313.846,314.32
1786020300000,314.01,314.01,313.715,313.79
1786021200000,313.89,314.131,313.651,313.89
1786022100000,313.654,314.91,313.51,314.316
1786023000000,314.55,316.12,313.49,314.741
1786023900000,314.75,316.28,314.57,314.89
1786024800000,314.81,315.2,312.72,313.36
1786025700000,313.32,313.465,312.135,312.76
1786026600000,312.82,313.3,311.79,312.425
1786027500000,312.424,313.63,312.25,313.349
1786028400000,313.34,313.354,312.02,312.19
1786029300000,312.19,312.26,309.66,310.12
1786030200000,310.12,310.415,309.79,310.099
1786031100000,310.094,310.25,309.24,309.53
1786032000000,309.55,310.07,309.25,310.016
1786032900000,309.98,311.25,309.8,311.13
1786033800000,311.16,311.66,311.139,311.35
1786034700000,311.37,311.755,311.29,311.668
1786035600000,311.665,311.76,310.71,310.884
1786036500000,310.91,311.24,310.88,311.211
1786037400000,311.23,311.58,311.18,311.58
1786038300000,311.55,312.16,311.46,312.15
1786039200000,312.128,312.24,312,312.043
1786040100000,312,312.425,311.8,312.23
1786041000000,312.24,312.46,311.89,311.98
1786041900000,311.96,312.33,311.93,312.255
1786042800000,312.25,312.5,312.085,312.423
1786043700000,312.422,312.81,312.18,312.575
1786044600000,312.578,312.92,312.39,312.79
1786045500000,312.78,312.84,311.79,312.44
1786046400000,312.88,312.883,311.936,312.88
1786047300000,312.35,312.795,312.125,312.34
1786048200000,312.28,312.322,312.052,312.28
1786049100000,312.029,312.183,311.61,311.852
1786050000000,311.851,311.96,311.73,311.761
1786050900000,311.88,311.999,311.73,311.88
1786051800000,311.8,311.96,311.752,311.8
1786052700000,311.81,311.96,311.81,311.81
1786053600000,311.92,312.269,311.92,312.231
1786054500000,312.231,312.231,312.006,312.015
1786055400000,311.86,312.124,311.86,311.86
1786056300000,312.01,312.025,311.911,312.01
1786057200000,312.01,312.185,311.975,312.13
1786058100000,312.05,312.455,312.05,312.455
1786059000000,312.46,312.464,312.355,312.46
1786059900000,312.51,312.51,312.355,312.51
1786060800000,312.68,312.74,312.36,312.45
1786061700000,312.42,312.42,312.11,312.15
1786062600000,312.18,312.55,312.17,312.41
1786063500000,312.39,312.5,312.32,312.47
1786064400000,312.42,312.46,312.12,312.2
1786065300000,312.25,312.33,312.13,312.14
1786066200000,312.16,312.27,311.89,312.16
1786067100000,312.08,312.43,312.08,312.4
1786068000000,312.35,312.44,312.28,312.36
1786068900000,312.38,312.38,312.18,312.2
1786069800000,312.17,312.24,312.12,312.16
1786070700000,312.14,312.32,312.12,312.32
1786071600000,312.36,312.42,312.32,312.34
1786072500000,312.38,312.4,312.28,312.38
1786073400000,312.37,312.38,312.25,312.31
1786074300000,312.3,312.31,312.13,312.23
1786075200000,312.2,312.22,312.13,312.13
1786076100000,312.13,312.27,311.82,312.1
1786077000000,312.08,312.22,312.08,312.21
1786077900000,312.17,312.44,312.14,312.29
1786078800000,312.29,312.31,312.2,312.2
1786079700000,312.23,312.24,312.13,312.21
1786080600000,312.2,312.2,312.01,312.09
1786081500000,312.08,312.24,312.04,312.19
1786082400000,312.24,312.52,312.24,312.52
1786083300000,312.49,312.5,312.41,312.45
1786084200000,312.4,312.47,312.24,312.28
1786085100000,312.3,312.45,312.3,312.45
1786086000000,312.45,313.01,312.22,312.34
1786086900000,312.27,312.37,312.19,312.27
1786087800000,312.27,312.41,312.23,312.31
1786088700000,312.36,312.37,312.17,312.18
1786089600000,311.73,312.455,311.247,311.73
1786090500000,310.81,311.235,310.635,310.75
1786091400000,310.98,311.13,310.545,310.8
1786092300000,311.42,311.52,311.13,311.42
1786093200000,311.52,311.52,311.18,311.52
1786094100000,311.52,311.769,311.435,311.536
1786095000000,311.536,311.93,311.27,311.585
1786095900000,311.585,312.12,311.585,312.12
1786096800000,311.97,312.184,311.905,311.97
1786097700000,311.72,311.99,311.57,311.72
1786098600000,311.77,311.846,311.685,311.77
1786099500000,311.795,311.795,311.75,311.75
1786100400000,311.87,311.935,311.562,311.59
1786101300000,311.58,311.8,311.523,311.58
1786102200000,311.71,311.998,311.631,311.85
1786103100000,311.775,312.26,311.775,312.256
1786104000000,312.255,312.46,312.07,312.26
1786104900000,312.25,312.339,311.951,312.24
1786105800000,312.77,313.32,311.815,312.77
1786106700000,312.91,312.91,312.15,312.25
1786107600000,312.29,312.56,311.571,311.64
1786108500000,311.612,312.135,311.4,311.651
1786109400000,311.385,313.82,310.75,311.716
1786110300000,311.73,312.17,311.03,311.711
1786111200000,311.75,312.55,311.705,312.16
1786112100000,312.14,314.14,311.79,314.085
1786113000000,314.085,314.8,313.915,314.23
1786113900000,314.222,314.375,313.66,314.338
1786114800000,314.336,314.336,313.55,313.909
1786115700000,313.93,313.95,312.99,313.34
1786116600000,313.39,313.42,312.425,312.59
1786117500000,312.61,312.61,312.02,312.17
1786118400000,312.14,312.435,311.58,311.833
1786119300000,311.81,311.96,311.57,311.652
1786120200000,311.7,312.26,311.61,312.195
1786121100000,312.17,312.48,312.12,312.205
1786122000000,312.21,312.55,312.18,312.476
1786122900000,312.47,312.9,312.285,312.76
1786123800000,312.758,313.06,312.585,312.997
1786124700000,313.025,313.26,312.91,312.97
1786125600000,313,313.04,312.31,312.38
1786126500000,312.36,312.365,311.84,311.92
1786127400000,311.915,312.055,311.69,311.876
1786128300000,311.881,312.41,311.825,312.36
1786129200000,312.47,312.915,312.245,312.865
1786130100000,312.85,313.4,312.85,313.29
1786131000000,313.285,313.34,313.015,313.258
1786131900000,313.23,314.17,312.93,313.298
1786132800000,313.289,313.46,312.926,313.235
1786133700000,313.1,313.329,313.002,313.1
1786134600000,313.1,313.215,312.865,313.1
1786135500000,313.102,313.105,312.835,313.04
1786136400000,313.04,313.075,312.975,313
1786137300000,313,313.065,312.97,313.059
1786138200000,313.11,313.148,313.05,313.11
1786139100000,313.1,313.13,313.02,313.1
1786140000000,313.06,313.11,313.05,313.11
1786140900000,313.11,313.13,313.052,313.109
1786141800000,313.109,313.11,313.109,313.11
1786142700000,313.11,313.15,313.11,313.142
1786143600000,313.139,313.16,313.125,313.16
1786144500000,313.16,313.24,313.125,313.24
1786145400000,313.24,313.27,313.115,313.115
1786146300000,313.13,313.221,313.05,313.13
1786147200000,313.16,313.213,313.16,313.213
1786148100000,313.43,313.43,313.43,313.43
1786151700000,313.32,313.32,312.42,312.49
1786155300000,312.53,312.53,312.53,312.53
1786162500000,312.53,312.6,312.37,312.47
1786164300000,312.47,312.47,312.47,312.47
1786168800000,312.47,312.59,312.47,312.59
1786169700000,312.39,312.39,312.39,312.39
1786176000000,312.57,312.57,312.57,312.57
1786180500000,312.57,312.57,312.57,312.57
1786185900000,312.57,312.57,312.57,312.57
1786186800000,312.57,312.57,312.57,312.57
1786189500000,312.4,312.4,312.4,312.4
1786190400000,312.36,312.36,312.36,312.36
1786193100000,312.29,312.29,312.27,312.27
1786194000000,312.23,312.34,312.17,312.17
1786195800000,312.34,312.34,312.34,312.34
1786197600000,312.34,312.34,312.34,312.34
1786198500000,312.34,312.34,312.17,312.17
1786200300000,312.15,312.15,312.15,312.15
1786202100000,312.12,312.34,312.09,312.09
1786203000000,312.34,312.34,312.02,312.02
1786206600000,312.34,312.34,312.01,312.01
1786208400000,312.34,312.34,312.34,312.34
1786210200000,312.38,312.38,312.34,312.34
1786226400000,312.34,312.34,312.34,312.34
1786231800000,312.01,312.01,312.01,312.01
1786239000000,312.34,312.38,312.34,312.38
1786248900000,312.01,312.01,312.01,312.01
1786249800000,312.38,312.39,312.38,312.39
1786256100000,312.42,312.42,312.42,312.42
1786257900000,312.42,313.92,312.42,313.92
1786258800000,313.38,313.38,312.93,313.07
1786260600000,313.18,313.18,313.18,313.18
1786262400000,313.05,313.05,313.05,313.05
1786263300000,313.18,313.25,313.18,313.25
1786265100000,313.05,313.05,313.05,313.05
1786267800000,313.05,313.05,313.05,313.05
1786273200000,313.04,313.04,312.88,312.88
1786275900000,313.07,313.07,313.07,313.07
1786291200000,312.9,312.9,312.9,312.9
1786293000000,313.07,313.07,313.07,313.07
1786296600000,313.07,313.07,313.07,313.07
1786298400000,312.9,312.9,312.9,312.9
1786300200000,313.07,313.07,313.07,313.07
1786305600000,312.9,312.9,312.83,312.83
1786312800000,313.06,313.06,313.06,313.06
1786313700000,313.06,313.06,312.56,312.56
1786315500000,312.55,312.55,312.55,312.55
1786318200000,312.66,312.66,312.66,312.66
1786320000000,313.01,313.51,312.6,312.77
1786320900000,312.82,313,312.55,312.77
1786321800000,312.74,313.1,312.67,312.74
1786322700000,312.76,312.84,312.48,312.61
1786323600000,312.62,312.89,312.62,312.84
1786324500000,312.81,313.13,312.81,313.05
1786325400000,313.01,313.09,312.88,312.99
1786326300000,313.06,313.31,312.99,313.16
1786327200000,313.06,313.06,312.9,312.95
1786328100000,312.95,313.13,312.95,313.1
1786329000000,313.12,313.2,313.05,313.2
1786329900000,313.13,313.15,313.04,313.06
1786330800000,313.07,313.1,312.94,313.03
1786331700000,313.04,313.05,312.99,313.01
1786332600000,313.01,313.1,313.01,313.03
1786333500000,313.06,313.13,313.05,313.07
1786334400000,313.09,313.12,312.98,312.98
1786335300000,312.98,313.08,312.98,313.06
1786336200000,313.07,313.08,312.96,313.04
1786337100000,313.03,313.1,313,313.07
1786338000000,313.1,313.23,313.07,313.14
1786338900000,313.2,313.39,313.2,313.38
1786339800000,313.41,313.56,313.33,313.42
1786340700000,313.41,313.5,313.29,313.49
1786341600000,313.46,313.48,313.39,313.48
1786342500000,313.48,313.48,313.27,313.38
1786343400000,313.37,313.39,313.26,313.31
1786344300000,313.28,313.31,313.24,313.24
1786345200000,313.24,313.24,313,313.06
1786346100000,313.06,313.07,312.9,313.07
1786347000000,313.07,313.24,313.02,313.22
1786347900000,313.2,313.27,313.13,313.18
1786348800000,313.12,313.273,312.875,313.12
1786349700000,313.01,313.37,312.875,313.1
1786350600000,313.135,313.37,313.135,313.145
1786351500000,313.145,313.199,313.125,313.195
1786352400000,313.195,313.595,313.195,313.576
1786353300000,313.52,313.61,313.52,313.52
1786354200000,313.545,313.57,313.545,313.545
1786355100000,313.545,313.648,313.525,313.648
1786356000000,313.645,313.76,313.625,313.689
1786356900000,313.66,313.7,313.635,313.66
1786357800000,313.66,313.69,308.25,309.43
1786358700000,308.57,309.596,308.416,309.46
1786359600000,309.55,309.646,308.875,308.91
1786360500000,309.112,309.593,308.647,309.375
1786361400000,309.31,310.01,309.29,310.01
1786362300000,310.15,310.4,309.73,309.85
1786363200000,309.756,309.82,309.545,309.82
1786364100000,310.01,310.19,309.566,309.65
1786365000000,309.6,309.638,309.255,309.31
1786365900000,309.34,309.422,309.054,309.17
1786366800000,309.19,309.28,308.925,309.01
1786367700000,309.16,309.264,305.25,306.35
1786368600000,306.73,307.43,304.63,305.88
1786369500000,305.865,307.38,305.68,306.99
1786370400000,306.99,307.41,305.96,306.51
1786371300000,306.54,307.46,306.3,306.86
1786372200000,306.935,307.21,306.46,306.733
1786373100000,306.745,307.2,306.225,307.131
1786374000000,307.135,307.135,306.4,306.4
1786374900000,306.35,306.86,306.29,306.545
1786375800000,306.524,306.76,306.32,306.557
1786376700000,306.555,307.22,306.54,307.124
1786377600000,307.13,307.26,305.44,305.543
1786378500000,305.53,305.975,305.04,305.515
1786379400000,305.545,305.765,305.16,305.63
1786380300000,305.613,306.285,305.613,306.272
1786381200000,306.28,306.625,306.21,306.461
1786382100000,306.475,306.773,306.26,306.475
1786383000000,306.5,306.84,306.36,306.71
1786383900000,306.705,306.8,305.99,306.71
1786384800000,306.75,306.985,306.58,306.616
1786385700000,306.63,306.78,306.53,306.735
1786386600000,306.68,306.97,306.605,306.82
1786387500000,306.82,307.26,306.725,307.04
1786388400000,307.055,307.46,307.052,307.42
1786389300000,307.429,307.66,307.205,307.23
1786390200000,307.217,307.43,306.98,307.292
1786391100000,307.245,308.2,306.86,308.16
1786392000000,307.89,308.211,307,307
1786392900000,307.542,307.574,307.435,307.435
1786393800000,307.435,307.555,307.375,307.475
1786394700000,307.475,307.475,307.305,307.38
1786395600000,307.4,307.475,307.25,307.4
1786396500000,307.76,307.76,307.475,307.76
1786397400000,307.71,307.809,307.705,307.71
1786398300000,307.71,307.826,307.68,307.805
1786399200000,307.98,307.991,307.801,307.99
1786400100000,307.85,307.85,307.725,307.815
1786401000000,307.815,307.815,307.62,307.659
1786401900000,307.659,307.76,307.656,307.71
1786402800000,307.71,307.76,307.656,307.759
1786403700000,307.61,307.76,307.605,307.61
1786404600000,307.65,307.655,307.547,307.65
1786405500000,307.59,307.62,307.51,307.55
1786406400000,307.51,307.68,307.27,307.61
1786407300000,307.59,307.78,307.49,307.68
1786408200000,307.67,307.74,307.54,307.74
1786409100000,307.72,307.81,307.69,307.74
1786410000000,307.74,307.99,307.68,307.93
1786410900000,307.93,307.95,307.8,307.9
1786411800000,307.87,309.46,307.87,308.86
1786412700000,308.84,309.25,308.84,308.91
1786413600000,308.96,308.98,308.73,308.87
1786414500000,308.89,308.89,308.79,308.89
1786415400000,308.92,309.28,308.84,308.95
1786416300000,308.99,309.06,308.8,308.8
1786417200000,308.83,308.97,308.83,308.87
1786418100000,308.87,309.07,308.87,308.99
1786419000000,308.98,308.99,308.8,308.84
1786419900000,308.86,309.04,308.75,308.97
1786420800000,309,309,308.7,308.77
1786421700000,308.75,308.9,308.75,308.89
1786422600000,308.91,308.91,308.75,308.78
1786423500000,308.76,308.99,308.76,308.9
1786424400000,308.92,309.15,308.9,309.15
1786425300000,309.13,309.14,308.91,308.95
1786426200000,308.93,309.07,308.89,308.96
1786427100000,308.98,309.17,308.89,308.99
1786428000000,308.93,309.03,308.89,308.92
1786428900000,308.97,308.97,308.69,308.72
1786429800000,308.78,308.79,308.57,308.71
1786430700000,308.71,308.71,308.54,308.65
1786431600000,308.67,308.67,308.58,308.59
1786432500000,308.59,308.85,308.44,308.73
1786433400000,308.72,308.77,308.54,308.68
1786434300000,308.63,308.67,308.52,308.54
1786435200000,308.2,308.426,307.68,308.11
1786436100000,308.55,308.68,308.15,308.55
1786437000000,308.493,308.615,308.492,308.615
1786437900000,308.614,308.635,308.61,308.635
1786438800000,308.635,308.885,308.635,308.744
1786439700000,308.74,308.925,308.74,308.74
1786440600000,308.925,308.935,308.796,308.885
1786441500000,308.885,308.9,308.8,308.849
1786442400000,308.849,309.105,308.716,309.097
1786443300000,309.094,309.148,309.001,309.075
1786444200000,309.075,309.085,309,309.085
1786445100000,309.085,309.085,308.97,308.97
1786446000000,309.01,309.535,308.955,309.3
1786446900000,309.3,309.3,308.995,309.006
1786447800000,309.01,309.099,309.005,309.06
1786448700000,309.11,309.174,308.852,308.99
1786449600000,309.095,309.205,308.876,309.118
1786450500000,309,309.107,308.52,308.61
1786451400000,308.79,309.049,308.502,308.99
1786452300000,308.49,308.595,308.327,308.33
1786453200000,308.19,308.556,307.751,307.99
1786454100000,307.793,308.682,307.549,307.734
1786455000000,307.6,309.91,306.28,306.455
1786455900000,306.47,306.6,305.69,306.29
1786456800000,306.34,306.69,306.065,306.35
1786457700000,306.365,306.69,305.885,306.2
1786458600000,306.227,306.94,306.125,306.674
1786459500000,306.625,306.94,306.52,306.61
1786460400000,306.615,306.69,306.05,306.17
1786461300000,306.24,306.752,306.185,306.72
1786462200000,306.706,307.36,306.49,307.229
1786463100000,307.22,307.6,307.01,307.23
1786464000000,307.24,307.37,306.66,306.805
1786464900000,306.855,307.12,306.455,306.565
1786465800000,306.565,306.585,305.805,305.86
1786466700000,305.86,306.37,305.7,306.237
1786467600000,306.24,306.305,305.955,305.992
1786468500000,306.01,306.305,305.985,306.195
1786469400000,306.17,306.51,306.15,306.41
1786470300000,306.41,306.51,305.8,306.035
1786471200000,306.028,306.028,304.8,304.958
1786472100000,304.96,304.99,302.85,303.282
1786473000000,303.285,303.79,302.98,303.49
1786473900000,303.475,304.58,303.14,304.35
1786474800000,304.335,304.79,304.01,304.73
1786475700000,304.755,305.2,304.745,305.172
1786476600000,305.09,305.285,304.38,304.573
1786477500000,304.61,305.09,303.96,304.875
1786478400000,304.89,304.971,304.451,304.92
1786479300000,305,305.125,304.875,305.09
1786480200000,305.09,305.125,304.985,305.09
1786481100000,305.05,305.05,304.85,304.946
1786482000000,304.944,305.065,304.939,305.055
1786482900000,304.96,305.055,304.83,304.96
1786483800000,304.97,305.05,304.888,305.05
1786484700000,305.01,305.01,304.957,304.957
1786485600000,304.957,304.965,304.925,304.955
1786486500000,304.97,304.975,304.955,304.97
1786487400000,304.975,304.984,304.955,304.955
1786488300000,305.05,305.075,304.955,305.05
1786489200000,305.05,305.065,304.965,305.04
1786490100000,304.99,305.04,304.99,304.99
1786491000000,305.05,305.05,305.015,305.05
1786491900000,305.01,305.084,304.99,304.99
1786492800000,305.06,305.16,304.85,304.91
1786493700000,304.88,305.16,304.84,305.01
1786494600000,305.01,305.02,304.85,304.93
1786495500000,304.93,305.04,304.92,305
1786496400000,304.98,305.03,304.96,304.99
1786497300000,304.99,305.11,304.97,305.1
1786498200000,305.11,305.15,305.07,305.09
1786499100000,305.1,305.14,304.99,304.99
1786500000000,305.04,305.08,304.96,305.01
1786500900000,304.99,305.08,304.99,305.08
1786501800000,305.08,305.14,304.72,304.85
1786502700000,304.85,305,304.85,304.99
1786503600000,304.99,305.08,304.89,305.05
1786504500000,305.05,305.05,304.76,304.94
1786505400000,304.93,304.98,304.89,304.9
1786506300000,304.9,305.01,304.82,304.83
1786507200000,304.84,304.9,304.73,304.88
1786508100000,304.9,304.93,304.78,304.79
1786509000000,304.81,304.87,304.71,304.84
1786509900000,304.84,304.95,304.84,304.9
1786510800000,304.91,305.01,304.85,304.97
1786511700000,304.97,305,304.77,304.9
1786512600000,304.94,305.07,304.94,304.99
1786513500000,304.99,305.14,304.98,305.06
1786514400000,305.05,305.13,305.03,305.09
1786515300000,305.04,305.12,304.88,304.99
1786516200000,304.96,305.18,304.96,305.06
1786517100000,305.05,305.15,305.02,305.07
1786518000000,305.09,305.09,304.93,305.07
1786518900000,305.07,305.08,304.97,305.07
1786519800000,305.06,305.06,304.96,305
1786520700000,304.98,305.03,304.79,304.79
1786521600000,305.085,305.085,304.466,304.64
1786522500000,304.64,304.64,304.43,304.44
1786523400000,304.44,304.49,304.39,304.4
1786524300000,304.4,304.545,304.285,304.5
1786525200000,304.505,304.6,304.44,304.445
1786526100000,304.99,305.06,304.425,304.99
1786527000000,304.94,305.02,304.735,304.94
1786527900000,304.86,304.901,304.682,304.83
1786528800000,304.98,304.98,304.71,304.98
1786529700000,305.13,305.2,304.972,305.13
1786530600000,305.04,305.159,304.796,304.91
1786531500000,304.85,304.85,304.656,304.661
1786532400000,304.88,304.925,304.505,304.88
1786533300000,304.837,305,304.641,304.732
1786534200000,304.731,304.8,304.691,304.796
1786535100000,304.65,304.8,304.41,304.41
1786536000000,304.93,304.94,304.554,304.76
1786536900000,304.51,304.84,304.436,304.51
1786537800000,304.66,304.947,303.865,304.34
1786538700000,303.915,304.215,303.819,303.974
1786539600000,303.975,304.346,303.96,304.175
1786540500000,304,305.14,303.852,304.99
1786541400000,305.085,305.62,302.2,303.4
1786542300000,303.35,303.61,302.59,303.36
1786543200000,303.385,304.31,302.27,302.49
1786544100000,302.469,302.79,302.3,302.35
1786545000000,302.355,302.94,302.32,302.924
1786545900000,302.93,303.19,302.06,302.47
1786546800000,302.41,302.82,301.57,301.72
1786547700000,301.69,301.74,301.03,301.08
1786548600000,301.094,301.29,300.575,300.858
1786549500000,300.853,301.25,300.625,301.217
1786550400000,301.17,301.81,301.01,301.74
1786551300000,301.77,301.771,301.285,301.5
1786552200000,301.48,301.91,301.415,301.868
1786553100000,301.874,302.24,301.635,302.179
1786554000000,302.179,302.51,302.05,302.447
1786554900000,302.4,302.5,302.08,302.175
1786555800000,302.16,302.29,301.745,301.785
1786556700000,301.79,301.791,301.28,301.5
1786557600000,301.516,301.78,301.505,301.567
1786558500000,301.566,301.57,301.06,301.138
1786559400000,301.11,301.535,301.04,301.43
1786560300000,301.45,302.015,301.345,301.415
1786561200000,301.42,301.595,301.195,301.287
1786562100000,301.285,301.7,301.16,301.695
1786563000000,301.68,302.01,301,301.567
1786563900000,301.62,302.22,301.15,302.2
1786564800000,302.06,302.27,301.895,301.98
1786565700000,301.9,302.06,301.746,302.06
1786566600000,302.06,302.205,301.975,302.06
1786567500000,302.148,302.175,301.75,302
1786568400000,302,302.133,302,302.06
1786569300000,302.21,302.21,302.06,302.21
1786570200000,302.16,302.252,302.082,302.082
1786571100000,302.02,302.073,301.865,302.02
1786572000000,302.055,302.055,301.8,301.873
1786572900000,301.874,301.956,301.816,301.855
1786573800000,301.855,301.855,301.625,301.65
1786574700000,301.68,301.68,301.65,301.68
1786575600000,301.68,301.8,301.585,301.625
1786576500000,301.67,301.7,301.505,301.61
1786577400000,301.526,301.63,301.4,301.475
1786578300000,301.36,301.825,301.318,301.36
1786579200000,301.5,301.77,301.38,301.77
1786580100000,301.7,301.91,301.67,301.77
1786581000000,301.75,301.93,301.71,301.93
1786581900000,301.88,301.89,301.72,301.73
1786582800000,301.74,301.91,301.65,301.91
1786583700000,301.91,302.05,301.84,302.04
1786584600000,302.06,302.13,302.03,302.05
1786585500000,302.06,302.19,302.02,302.17
1786586400000,302.15,302.28,302.09,302.28
1786587300000,302.25,302.28,302.09,302.09
1786588200000,302.1,302.24,302.03,302.2
1786589100000,302.21,302.21,302.08,302.08
1786590000000,302.09,302.16,302.05,302.13
1786590900000,302.13,302.24,301.99,302.24
1786591800000,302.24,302.37,302.17,302.17
1786592700000,302.24,302.24,302.16,302.18
1786593600000,302.18,302.21,301.98,302.14
1786594500000,302.14,302.21,302.07,302.17
1786595400000,302.21,302.4,302.17,302.38
1786596300000,302.37,302.46,302.26,302.26
1786597200000,302.26,302.42,302.26,302.37
1786598100000,302.37,302.62,302.37,302.59
1786599000000,302.58,302.68,302.47,302.67
1786599900000,302.66,302.66,302.55,302.57
1786600800000,302.57,302.63,302.43,302.56
1786601700000,302.62,302.72,302.61,302.65
1786602600000,302.65,302.65,302.45,302.48
1786603500000,302.5,302.5,302.24,302.49
1786604400000,302.53,302.63,302.36,302.58
1786605300000,302.65,303.32,302.63,303.12
1786606200000,303.1,303.39,302.99,303.26
1786607100000,303.27,303.38,303.16,303.19
1786608000000,303.21,303.638,301.399,303.54
1786608900000,303.46,303.505,303.261,303.4
1786609800000,303.42,303.42,303.245,303.278
1786610700000,303.279,303.515,303.26,303.34
1786611600000,303.15,303.34,303.053,303.11
1786612500000,303.19,303.385,303.19,303.19
1786613400000,303.49,303.56,303.385,303.49
1786614300000,303.51,303.649,303.45,303.51
1786615200000,303.49,303.53,303.31,303.49
1786616100000,303.445,303.66,303.445,303.575
1786617000000,303.582,303.695,303.582,303.685
1786617900000,303.685,303.685,303.385,303.386
1786618800000,303.376,303.376,302.951,303.074
1786619700000,303.19,303.22,303.05,303.08
1786620600000,303.121,303.2,303.016,303.04
1786621500000,303.05,303.255,303.03,303.14
1786622400000,303.24,303.29,303.114,303.24
1786623300000,303.265,303.425,303.144,303.393
1786624200000,303.1,303.394,303.055,303.1
1786625100000,303.29,303.35,303.131,303.3
1786626000000,303.26,303.3,303.105,303.21
1786626900000,303.36,304.52,303.23,304.03
1786627800000,304.205,304.75,302.06,303.431
1786628700000,303.475,304.625,302.9,304.6
1786629600000,304.54,305.44,304.18,305.44
1786630500000,305.5,305.95,304.18,305.65
1786631400000,305.635,306,304.855,304.992
1786632300000,304.99,305.155,304.54,305.122
1786633200000,305.105,305.18,304.08,304.225
1786634100000,304.24,304.345,303.54,303.75
1786635000000,303.73,303.99,302.95,303.46
1786635900000,303.461,303.53,302.77,302.811
1786636800000,302.795,303.42,302.585,303.398
1786637700000,303.43,303.855,303.26,303.435
1786638600000,303.42,303.461,303.06,303.22
1786639500000,303.235,303.76,303.01,303.01
1786640400000,303.037,303.18,302.84,303.048
1786641300000,303.08,303.39,302.955,303.328
1786642200000,303.35,303.8,303.08,303.565
1786643100000,303.56,303.91,303.39,303.42
1786644000000,303.45,303.49,302.94,303.46
1786644900000,303.435,303.52,303.225,303.305
1786645800000,303.33,303.945,303.16,303.81
1786646700000,303.79,303.85,303.155,303.185
1786647600000,303.19,303.65,303.045,303.485
1786648500000,303.49,304.615,303.46,304.39
1786649400000,304.401,304.64,303.985,304.097
1786650300000,304.065,305.305,304.02,305.295
1786651200000,305.04,305.278,304.875,304.95
1786652100000,304.9,304.99,304.6,304.83
1786653000000,304.67,304.715,304.514,304.6
1786653900000,304.527,304.804,304.521,304.751
1786654800000,304.751,304.918,304.72,304.918
1786655700000,304.76,305.03,304.726,304.75
1786656600000,304.86,304.93,304.76,304.93
1786657500000,304.93,304.93,304.8,304.915
1786658400000,304.91,305.017,304.825,304.91
1786659300000,304.845,305,304.84,304.845
1786660200000,304.845,305.044,304.845,304.85
1786661100000,304.85,304.96,304.85,304.95
1786662000000,304.97,304.97,304.925,304.97
1786662900000,304.87,304.95,304.87,304.87
1786663800000,304.85,304.9,304.837,304.85
1786664700000,304.855,304.875,304.65,304.65
1786665600000,304.87,305,304.58,304.68
1786666500000,304.68,304.76,304.54,304.64
1786667400000,304.61,304.72,304.51,304.6
1786668300000,304.6,304.71,304.49,304.57
1786669200000,304.59,304.66,304.45,304.66
1786670100000,304.68,304.83,304.6,304.71
1786671000000,304.72,304.79,304.61,304.73
1786671900000,304.74,304.78,304.64,304.75
1786672800000,304.74,304.77,304.63,304.65
1786673700000,304.66,304.7,304.57,304.68
1786674600000,304.68,304.71,304.62,304.7
1786675500000,304.7,304.9,304.69,304.9
1786676400000,304.9,304.96,304.59,304.59
1786677300000,304.61,304.73,304.58,304.58
1786678200000,304.68,304.7,304.6,304.67
1786679100000,304.71,304.76,304.63,304.74
1786680000000,304.73,304.96,304.69,304.94
1786680900000,304.86,304.93,304.74,304.87
1786681800000,304.89,305.01,304.86,305.01
1786682700000,305.05,305.48,305.05,305.41
1786683600000,305.39,305.49,305.31,305.49
1786684500000,305.48,305.89,305.48,305.63
1786685400000,305.66,305.92,305.64,305.92
1786686300000,305.9,305.93,305.81,305.89
1786687200000,305.91,305.97,305.75,305.83
1786688100000,305.83,305.86,305.54,305.64
1786689000000,305.64,305.64,305.49,305.52
1786689900000,305.51,305.84,305.51,305.78
1786690800000,305.81,305.81,305.59,305.74
1786691700000,305.74,305.74,305.4,305.42
1786692600000,305.42,305.54,305.4,305.54
1786693500000,305.53,305.53,305.41,305.47
1786694400000,304.784,305.48,304.784,305.373
1786695300000,305.58,305.58,305.374,305.58
1786696200000,305.375,305.772,305.375,305.49
1786697100000,305.49,305.825,305.49,305.752
1786698000000,305.751,305.82,305.75,305.771
1786698900000,305.73,305.784,305.531,305.73
1786699800000,305.531,305.6,305.515,305.56
1786700700000,305.56,305.65,305.505,305.605
1786701600000,305.43,305.605,305.15,305.43
1786702500000,305.21,305.514,305.21,305.23
1786703400000,305.23,305.274,305.07,305.07
1786704300000,305.07,305.175,305,305.08
1786705200000,304.82,305.08,304.746,304.88
1786706100000,304.79,304.97,304.765,304.79
1786707000000,305.27,305.39,304.945,305.31
1786707900000,305.174,305.405,305.06,305.405
1786708800000,305.405,305.57,305.328,305.38
1786709700000,305.46,305.608,305.355,305.52
1786710600000,305.36,305.628,305.26,305.26
1786711500000,305.445,305.53,305.42,305.529
1786712400000,305.3,305.516,305.04,305.13
1786713300000,305.144,305.799,304.99,305.799
1786714200000,305.94,307.46,305.595,306.25
1786715100000,306.24,307.02,305.74,306.11
1786716000000,306.12,306.32,305.665,305.735
1786716900000,305.725,305.91,304.77,305.01
1786717800000,305.012,305.175,304.67,304.936
1786718700000,304.92,305.41,304.85,305.175
1786719600000,305.18,305.26,304.31,304.74
1786720500000,304.73,305.95,304.708,305.57
1786721400000,305.551,305.9,305.425,305.75
1786722300000,305.745,305.84,305.54,305.676
1786723200000,305.635,305.71,305.21,305.28
1786724100000,305.27,305.46,304.99,305.455
1786725000000,305.445,305.49,305.17,305.31
1786725900000,305.331,305.5,305.135,305.438
1786726800000,305.438,305.56,305.28,305.476
1786727700000,305.53,305.53,305.095,305.21
1786728600000,305.21,305.53,305.05,305.39
1786729500000,305.4,306.16,305.397,306.03
1786730400000,306.045,306.15,305.59,306.122
1786731300000,306.123,306.24,305.905,305.98
1786732200000,306.005,306.175,305.65,305.71
1786733100000,305.72,305.88,305.57,305.58
1786734000000,305.58,305.7,305.275,305.46
1786734900000,305.474,306.032,305.45,305.97
1786735800000,305.93,305.98,305.51,305.602
1786736700000,305.575,306.04,305.54,305.93
1786737600000,305.8,305.936,305.665,305.79
1786738500000,305.78,305.87,305.736,305.78
1786739400000,305.735,305.91,305.7,305.803
1786740300000,305.802,305.85,305.775,305.775
1786741200000,305.8,305.8,305.755,305.8
1786742100000,305.775,305.802,305.67,305.67
1786743000000,305.67,305.778,305.67,305.76
1786743900000,305.73,305.77,305.715,305.76
1786744800000,305.73,305.77,305.72,305.73
1786745700000,305.7,305.735,305.625,305.7
1786746600000,305.6,305.755,305.6,305.6
1786747500000,305.755,305.755,305.656,305.675
1786748400000,305.675,305.685,305.675,305.676
1786749300000,305.71,305.773,305.675,305.71
1786750200000,305.75,305.755,305.725,305.75
1786751100000,305.749,305.795,305.735,305.787
1786752000000,305.786,305.786,305.782,305.782
1786752900000,306.13,306.13,305.87,305.87
1786753800000,306.13,306.13,306.13,306.13
1786754700000,306.13,306.14,306.07,306.14
1786755600000,306.14,306.14,306.14,306.14
1786756500000,306.14,306.14,306.14,306.14
1786757400000,306.14,306.14,306.14,306.14
1786765500000,306.14,306.14,306.14,306.14
1786768200000,306.15,306.15,306.07,306.07
1786769100000,306.17,306.17,306.17,306.17
1786770900000,306.07,306.07,305.99,305.99
1786771800000,305.99,305.99,305.97,305.97
1786773600000,305.97,305.97,305.97,305.97
1786783500000,305.97,305.97,305.42,305.42
1786789800000,306.39,306.39,306.39,306.39
1786795200000,306.39,306.39,306.39,306.39
1786796100000,306.39,306.39,306.39,306.39
1786797000000,306.07,306.07,306.07,306.07
1786798800000,306.07,306.07,305.97,305.97
1786799700000,305.95,305.95,305.93,305.93
1786800600000,306.02,306.08,306.02,306.08
1786806000000,305.93,305.93,305.42,305.42
1786806900000,305.42,305.42,304.74,304.74
1786807800000,304.68,304.75,304.66,304.75
1786808700000,304.64,304.75,304.64,304.75
1786809600000,304.58,304.95,304.58,304.95
1786810500000,304.66,305,304.6,304.6
1786811400000,304.77,304.92,304.55,304.69
1786812300000,304.92,304.96,304.92,304.96
1786813200000,304.65,304.83,304.65,304.83
1786814100000,304.59,304.96,304.59,304.96
1786815000000,304.9,304.9,304.68,304.9
1786815900000,304.73,304.88,304.73,304.88
1786816800000,304.66,304.88,304.66,304.88
1786817700000,304.58,304.96,304.58,304.96
1786818600000,304.72,304.91,304.72,304.91
1786819500000,304.67,304.84,304.67,304.84
1786820400000,304.77,304.97,304.77,304.97
1786821300000,304.74,304.97,304.74,304.97
1786822200000,304.75,304.97,304.75,304.97
1786823100000,304.73,305,304.66,305
1786824000000,304.66,304.71,304.66,304.71
1786824900000,304.67,304.95,304.67,304.95
1786825800000,304.7,305,304.7,305
1786826700000,304.58,304.82,304.58,304.82
1786827600000,304.66,304.83,304.56,304.83
1786828500000,304.59,304.71,304.59,304.71
1786829400000,304.54,304.71,304.54,304.71
1786830300000,304.63,304.78,304.63,304.78
1786831200000,304.51,304.78,304.51,304.78
1786832100000,304.48,304.95,304.48,304.95
1786833000000,304.64,304.8,304.64,304.8
1786833900000,304.62,304.8,304.62,304.8
1786834800000,304.64,304.9,304.64,304.9
1786835700000,304.55,304.84,304.55,304.84
1786836600000,304.58,304.95,304.58,304.95
1786837500000,304.55,304.97,304.55,304.97
1786838400000,304.66,304.92,304.66,304.92
1786839300000,304.5,304.73,304.5,304.73
1786840200000,304.42,304.78,304.42,304.78
1786841100000,304.62,304.85,304.62,304.85
1786842000000,304.46,304.85,304.46,304.85
1786842900000,304.45,304.87,304.45,304.87
1786843800000,304.55,304.85,304.55,304.85
1786844700000,304.58,304.85,304.58,304.85
1786845600000,304.51,304.85,304.5,304.5
1786846500000,304.72,304.72,304.72,304.72
1786847400000,304.55,304.91,304.43,304.55
1786848300000,304.78,304.78,304.41,304.71
1786849200000,304.56,304.79,304.44,304.75
1786850100000,304.58,304.67,304.48,304.67
1786851000000,304.4,304.74,304.4,304.74
1786851900000,304.73,304.88,304.73,304.88
1786852800000,304.88,307.1,304.88,306.91
1786859100000,306.91,306.91,306.81,306.81
1786866300000,306.99,307.12,306.94,306.94
1786867200000,307.12,307.13,307.12,307.13
1786869000000,307.15,307.15,307.15,307.15
1786871700000,307.17,307.17,307.17,307.17
1786872600000,306.94,306.94,306.94,306.94
1786873500000,307.2,307.2,307.2,307.2
1786878000000,307.2,307.2,307.2,307.2
1786878900000,307.2,307.2,306.92,306.92
1786881600000,306.91,306.91,306.91,306.91
1786885200000,306.91,306.91,306.91,306.91
1786887000000,307.21,307.21,307.21,307.21
1786889700000,307.21,307.21,307.21,307.21
1786893300000,307.13,307.26,306.91,306.91
1786894200000,306.91,306.91,306.91,306.91
1786895100000,307.13,307.13,307.13,307.13
1786896000000,307.15,307.15,306.75,306.75
1786901400000,307.26,307.26,307.26,307.26
1786902300000,307.28,307.38,307.04,307.17
1786904100000,307.24,307.24,307.24,307.24
1786905900000,307.13,307.13,307.13,307.13
1786910400000,307.13,307.36,307.13,307.36
1786911300000,307.41,307.41,307.41,307.41
1786913100000,307.35,307.35,307.13,307.13
1786914000000,306.96,306.96,306.96,306.96
1786923000000,307.02,307.02,306.96,306.96
1786924800000,305.45,305.58,305.11,305.47
1786925700000,305.45,305.85,305.31,305.31
1786926600000,305.35,305.46,305.23,305.4
1786927500000,305.4,305.46,305.26,305.46
1786928400000,305.44,305.55,305.4,305.42
1786929300000,305.42,305.43,305.29,305.43
1786930200000,305.39,305.79,305.21,305.33
1786931100000,305.37,305.52,305.36,305.46
1786932000000,305.49,305.58,305.23,305.48
1786932900000,305.5,305.54,305.38,305.49
1786933800000,305.48,305.61,305.36,305.36
1786934700000,305.35,305.41,305.12,305.26
1786935600000,305.27,305.49,305.19,305.28
1786936500000,305.29,305.41,305.22,305.25
1786937400000,305.26,305.49,305.23,305.49
1786938300000,305.49,305.65,305.47,305.51
1786939200000,305.52,305.6,305.45,305.51
1786940100000,305.52,305.53,305.37,305.44
1786941000000,305.44,305.47,305.36,305.4
1786941900000,305.44,305.46,305.19,305.23
1786942800000,305.25,305.46,305.23,305.44
1786943700000,305.44,306.18,305.32,306.05
1786944600000,306.05,307.26,306.04,307.19
1786945500000,307.17,307.39,307.09,307.19
1786946400000,307.09,307.3,306.81,306.97
1786947300000,306.96,306.96,306.65,306.82
1786948200000,306.86,307.08,306.77,306.9
1786949100000,306.91,307.15,306.82,307.12
1786950000000,307.13,307.34,307.07,307.33
1786950900000,307.18,307.33,307.06,307.23
1786951800000,307.24,307.46,307.22,307.35
1786952700000,307.35,307.35,307.13,307.15
1786953600000,306.98,307,304.672,306.51
1786954500000,306.87,307.149,306.87,307.1
1786955400000,307.1,307.245,306.97,307.015
1786956300000,307,307.04,306.91,307
1786957200000,307.04,307.218,307.04,307.099
1786958100000,307.103,307.23,307.04,307.04
1786959000000,307.036,307.12,307.02,307.12
1786959900000,307,307.12,306.9,307
1786960800000,306.9,306.9,306.535,306.65
1786961700000,306.68,306.702,306.455,306.69
1786962600000,306.57,306.71,306.53,306.64
1786963500000,306.65,306.73,306.63,306.65
1786964400000,306.74,306.99,306.62,306.99
1786965300000,306.79,307.055,306.7,307
1786966200000,306.829,307.451,306.829,307.451
1786967100000,307.44,307.47,307.064,307.44
1786968000000,307.28,307.51,307.19,307.4
1786968900000,307.56,307.56,307.05,307.05
1786969800000,307.03,307.085,306.6,306.63
1786970700000,306.655,306.655,306.272,306.473
1786971600000,306.39,306.54,306.375,306.54
1786972500000,306.52,306.829,305.806,305.93
1786973400000,306.2,307.6,304.05,305.16
1786974300000,305.12,306.32,305.12,305.41
1786975200000,305.404,305.55,304.64,304.922
1786976100000,304.92,305.09,304.455,304.5
1786977000000,304.43,304.82,304.13,304.57
1786977900000,304.58,304.72,303.65,304.15
1786978800000,304.122,304.74,303.79,304.569
1786979700000,304.655,304.9,304.435,304.53
1786980600000,304.52,304.59,303.3,303.3
1786981500000,303.29,303.509,303.055,303.19
1786982400000,303.186,303.56,303.07,303.547
1786983300000,303.55,303.8,303.415,303.558
1786984200000,303.558,304.045,303.558,303.766
1786985100000,303.76,303.84,302.93,303.03
1786986000000,303.02,303.93,303.02,303.88
1786986900000,303.86,304.425,303.82,304.404
1786987800000,304.409,304.645,304.11,304.55
1786988700000,304.51,304.64,304.16,304.31
1786989600000,304.3,304.67,303.99,304.6
1786990500000,304.582,304.94,304.57,304.685
1786991400000,304.687,305.52,304.687,305.479
1786992300000,305.51,305.99,305.42,305.655
1786993200000,305.685,305.965,305.6,305.81
1786994100000,305.79,306.15,305.64,306.14
1786995000000,306.15,306.33,305.53,305.65
1786995900000,305.64,305.77,305.04,305.649
1786996800000,305.61,305.661,305.2,305.26
1786997700000,305.3,305.3,305.078,305.12
1786998600000,305.2,305.2,305.1,305.2
1786999500000,305.2,305.4,305.165,305.39
1787000400000,305.31,305.31,305.232,305.249
1787001300000,305.251,305.319,305.19,305.215
1787002200000,305.215,305.234,305.215,305.23
1787003100000,305.23,305.23,305.152,305.152
1787004000000,305.19,305.24,304.921,305
1787004900000,304.921,305.013,304.899,304.944
1787005800000,304.945,304.945,304.816,304.824
1787006700000,304.825,304.998,304.82,304.875
1787007600000,304.875,305.05,304.875,305.05
1787008500000,305.051,305.1,304.99,304.99
1787009400000,304.99,305.109,304.941,305.001
1787010300000,305.09,305.159,305,305.08
1787011200000,305.67,305.67,305.07,305.23
1787012100000,305.22,305.29,305.16,305.24
1787013000000,305.26,305.36,305.16,305.18
1787013900000,305.18,305.24,305.13,305.18
1787014800000,305.21,305.23,305.13,305.16
1787015700000,305.18,305.37,305.18,305.3
1787016600000,305.32,305.57,305.29,305.56
1787017500000,305.57,305.78,305.38,305.49
1787018400000,305.49,305.51,305.26,305.42
1787019300000,305.42,305.97,305.37,305.97
1787020200000,305.94,306.07,305.8,306.03
1787021100000,306.08,306.36,305.76,305.91
1787022000000,305.96,306.23,305.79,306.23
1787022900000,306.25,306.26,305.93,305.94
1787023800000,305.89,306.11,305.67,305.75
1787024700000,305.68,305.78,305.43,305.63
1787025600000,305.64,305.86,305.47,305.54
1787026500000,305.52,305.52,305.34,305.44
1787027400000,305.42,305.67,305.32,305.56
1787028300000,305.61,305.66,305.5,305.53
1787029200000,305.51,305.65,305.51,305.59
1787030100000,305.63,305.66,305.43,305.49
1787031000000,305.54,305.59,305.41,305.41
1787031900000,305.41,305.55,305.35,305.45
1787032800000,305.44,305.44,304.86,305.15
1787033700000,305.11,305.39,305.11,305.38
1787034600000,305.36,305.48,305.27,305.27
1787035500000,305.29,305.29,305.15,305.29
1787036400000,305.19,305.35,305.09,305.26
1787037300000,305.24,305.39,305.22,305.27
1787038200000,305.25,305.35,305.25,305.28
1787039100000,305.34,305.37,305.25,305.35
1787040000000,305.72,306.402,305.15,306.18
1787040900000,305.89,306.56,305.835,306.36
1787041800000,306.38,306.6,306.298,306.44
1787042700000,306.57,306.77,306.56,306.71
1787043600000,306.96,307.4,306.669,307.33
1787044500000,307.082,307.51,307.082,307.453
1787045400000,307.77,308.342,307.45,308.31
1787046300000,308.09,308.15,307.906,308.11
1787047200000,308.038,308.049,307.895,308
1787048100000,308,308.355,307.5,308.27
1787049000000,308.01,308.35,307.768,308.06
1787049900000,308.022,308.105,307.501,307.75
1787050800000,307.55,307.75,307.063,307.09
1787051700000,307.35,307.654,307.257,307.59
1787052600000,307.558,307.95,307.41,307.738
1787053500000,307.17,307.8,307.17,307.4
1787054400000,307.48,307.495,307.22,307.22
1787055300000,307.34,307.67,307.265,307.41
1787056200000,307.3,307.4,307.176,307.3
1787057100000,307.353,307.53,307.215,307.265
1787058000000,307.17,307.394,306.697,307.01
1787058900000,306.8,307.596,306.488,307.55
1787059800000,307.85,307.93,305.98,306.95
1787060700000,306.983,307.335,305.73,307.225
1787061600000,307.275,310.11,307.175,309.94
1787062500000,309.93,310.26,308.81,309.65
1787063400000,309.61,311.49,309.61,310.8
1787064300000,310.785,311.23,310.23,310.4
1787065200000,310.41,311.11,309.92,310.537
1787066100000,310.532,310.93,310.09,310.361
1787067000000,310.372,310.49,309.765,309.85
1787067900000,309.89,310.03,309.355,309.55
1787068800000,309.53,310.45,309.03,310.25
1787069700000,310.282,310.64,309.98,310.609
1787070600000,310.62,310.75,310.27,310.464
1787071500000,310.41,310.76,310.215,310.75
1787072400000,310.74,310.92,310.54,310.57
1787073300000,310.575,310.76,310.29,310.415
1787074200000,310.44,310.44,309.905,310.031
1787075100000,310.04,310.27,310.03,310.14
1787076000000,310.12,310.58,309.75,310.538
1787076900000,310.47,310.64,310.3,310.62
1787077800000,310.61,311.19,310.33,311.06
1787078700000,311.071,311.23,310.39,310.434
1787079600000,310.37,310.44,309.66,309.674
1787080500000,309.665,309.97,309.37,309.702
1787081400000,309.73,310.5,309.6,310.465
1787082300000,310.46,311.06,309.95,310.149
1787083200000,310.152,310.195,309.635,309.839
1787084100000,309.848,309.89,309.71,309.71
1787085000000,309.71,309.951,309.71,309.891
1787085900000,309.83,309.89,309.643,309.83
1787086800000,309.642,309.724,309.565,309.565
1787087700000,309.565,309.825,309.565,309.825
1787088600000,309.87,309.92,309.701,309.87
1787089500000,309.83,309.914,309.7,309.9
1787090400000,309.9,310.09,309.88,310.09
1787091300000,309.964,310.059,309.89,310.043
1787092200000,309.82,310.044,309.715,309.82
1787093100000,309.715,309.85,309.65,309.807
1787094000000,309.808,310.095,309.808,309.984
1787094900000,309.988,310.2,309.9,310.2
1787095800000,310.2,310.334,310.126,310.195
1787096700000,310.29,310.345,310.195,310.29
1787097600000,310.14,310.25,309.89,310.2
1787098500000,310.14,310.54,310.11,310.44
1787099400000,310.46,310.64,310.39,310.46
1787100300000,310.48,310.58,310.26,310.44
1787101200000,310.45,310.58,310.29,310.46
1787102100000,310.43,310.43,310.26,310.3
1787103000000,310.35,310.35,309.95,310.1
1787103900000,310.06,310.11,310,310.07
1787104800000,310.06,310.21,310.06,310.12
1787105700000,310.12,310.24,310,310.03
1787106600000,310.06,310.13,309.98,310.11
1787107500000,310.15,310.57,310.14,310.51
1787108400000,310.48,310.56,310.43,310.49
1787109300000,310.45,310.55,310.45,310.51
1787110200000,310.5,310.68,310.5,310.53
1787111100000,310.52,310.58,310.46,310.52
1787112000000,310.51,310.54,310.37,310.49
1787112900000,310.46,310.76,310.46,310.71
1787113800000,310.71,310.75,310.64,310.69
1787114700000,310.7,310.76,310.5,310.76
1787115600000,310.78,310.91,310.7,310.82
1787116500000,310.8,310.99,310.8,310.96
1787117400000,310.92,310.97,310.77,310.88
1787118300000,310.88,310.9,310.81,310.81
1787119200000,310.85,310.87,310.62,310.72
1787120100000,310.73,311.26,310.73,311.14
1787121000000,311.1,311.32,310.88,310.89
1787121900000,310.89,310.89,310.15,310.3
1787122800000,310.3,310.46,310.17,310.17
1787123700000,310.22,310.22,309.8,309.92
1787124600000,309.97,310.12,309.88,310.12
1787125500000,310.11,310.12,309.77,309.87
1787126400000,309.8,310.308,307.697,307.87
1787127300000,308.302,308.915,308.135,308.561
1787128200000,308.77,309.265,308.505,309.01
1787129100000,309.265,309.265,308.67,308.823
1787130000000,308.824,308.825,308.615,308.715
1787130900000,309.02,309.325,308.65,309.02
1787131800000,308.75,309.373,308.606,308.75
1787132700000,309.29,309.728,309.265,309.36
1787133600000,309.68,310,309.53,310
1787134500000,309.649,309.729,309.395,309.54
1787135400000,309.54,309.695,309.54,309.695
1787136300000,309.695,309.82,309.695,309.765
1787137200000,309.95,309.95,309.25,309.38
1787138100000,309.7,309.854,309.505,309.7
1787139000000,309.85,310.5,309.85,310.3
1787139900000,310.5,310.792,310.251,310.425
1787140800000,310.425,310.5,309.91,310.299
1787141700000,310,310.3,309.498,309.81
1787142600000,309.92,310.18,309.724,310.01
1787143500000,310.49,310.85,309.83,310.3
1787144400000,309.82,310.367,309.73,310.13
1787145300000,310.375,311.091,309.99,310.115
1787146200000,310.14,312.36,309.72,311.834
1787147100000,311.65,316.37,311.65,316.319
1787148000000,316.33,317.5,316.08,317.12
1787148900000,317.12,317.81,315.38,316
1787149800000,316.03,317.055,315.76,315.86
1787150700000,315.875,318.315,315.873,317.882
1787151600000,317.88,319.26,317.876,318.785
1787152500000,318.805,318.97,318,318.158
1787153400000,318.163,318.23,316.29,316.431
1787154300000,316.436,316.87,315.96,316.272
1787155200000,316.26,317.3,316.01,317.241
1787156100000,317.247,317.41,316.6,316.602
1787157000000,316.55,316.588,315.06,315.27
1787157900000,315.25,315.31,314.65,315.09
1787158800000,315.109,315.16,314.5,314.901
1787159700000,314.86,315.16,314.71,315.047
1787160600000,315.049,315.8,314.95,315.366
1787161500000,315.41,315.48,315.17,315.204
1787162400000,315.2,315.71,315.03,315.44
1787163300000,315.43,315.445,314.78,314.78
1787164200000,314.844,315.03,314.32,314.832
1787165100000,314.836,315.23,314.8,314.909
1787166000000,314.875,315.96,314.765,315.789
1787166900000,315.82,316.7,315.7,316.675
1787167800000,316.66,316.668,315.39,315.68
1787168700000,315.665,316.9,315.21,316.9
1787169600000,316.733,316.878,316.518,316.781
1787170500000,316.781,316.875,316.4,316.4
1787171400000,316.4,316.575,316.253,316.575
1787172300000,316.575,316.575,316.201,316.38
1787173200000,316.435,316.595,316.37,316.435
1787174100000,316.52,316.52,316.285,316.341
1787175000000,316.39,316.44,316.34,316.39
1787175900000,316.395,316.405,316.395,316.405
1787176800000,316.97,317.113,316.395,316.97
1787177700000,317,317.2,316.735,317
1787178600000,316.96,316.975,316.878,316.975
1787179500000,316.87,316.975,316.715,316.87
1787180400000,316.84,317.135,316.745,316.84
1787181300000,317.122,317.135,316.981,317.065
1787182200000,317.12,317.615,317.046,317.12
1787183100000,316.99,317.615,316.99,316.99
1787184000000,317.052,317.29,316.63,317
1787184900000,317,317,316.82,316.96
1787185800000,316.98,317,316.68,316.77
1787186700000,316.77,316.84,316.64,316.71
1787187600000,316.75,316.93,316.65,316.69
1787188500000,316.73,317.23,316.6,317.15
1787189400000,317.1,317.13,316.92,316.92
1787190300000,316.87,316.93,316.58,316.63
1787191200000,316.65,316.78,316.47,316.68
1787192100000,316.62,316.62,316.18,316.32
1787193000000,316.32,316.45,316.22,316.44
1787193900000,316.44,316.5,316.35,316.47
1787194800000,316.49,316.56,316.32,316.47
1787195700000,316.46,316.68,316.46,316.55
1787196600000,316.49,316.5,315.9,316.15
1787197500000,316.16,316.2,315.87,315.98
1787198400000,315.88,316.01,315.85,315.85
1787199300000,315.89,316.05,315.82,315.96
1787200200000,316.02,316.05,315.7,315.78
1787201100000,315.87,315.87,315.69,315.69
1787202000000,315.78,315.81,315.6,315.64
1787202900000,315.63,315.9,315.63,315.9
1787203800000,315.9,315.94,315.77,315.93
1787204700000,315.91,316.07,315.8,315.85
1787205600000,315.91,316.26,315.85,316.24
1787206500000,316.19,316.19,315.96,316.15
1787207400000,316.1,316.17,315.99,316.09
1787208300000,316.08,316.22,315.99,316
1787209200000,315.95,316.04,315.58,315.74
1787210100000,315.74,315.76,315.51,315.63
1787211000000,315.56,315.65,315.49,315.65
1787211900000,315.65,315.96,315.62,315.86
1787212800000,315.49,316.852,315.191,315.43
1787213700000,315.43,316.145,315.405,315.86
1787214600000,315.86,316.028,315.723,315.84
1787215500000,315.84,316,315.44,315.85
1787216400000,315.897,316.16,315.81,315.954
1787217300000,315.99,315.995,315.896,315.99
1787218200000,315.96,315.96,315.81,315.81
1787219100000,315.81,315.935,315.81,315.845
1787220000000,315.849,315.939,315.37,315.79
1787220900000,315.801,316.009,315.67,316.009
1787221800000,316.01,316.063,315.86,315.86
1787222700000,315.86,316.16,315.86,316.16
1787223600000,316.07,316.612,315.945,316.45
1787224500000,316.65,316.89,316.53,316.75
1787225400000,316.65,316.9,316.455,316.66
1787226300000,316.78,317.084,316.57,317.06
1787227200000,316.98,318.197,316.835,317.81
1787228100000,318.095,318.359,317.731,318.224
1787229000000,318.223,318.223,316.341,316.505
1787229900000,316.33,316.76,316.172,316.26
1787230800000,316.79,316.875,316.681,316.71
1787231700000,316.09,317.576,315.99,315.99
1787232600000,317.465,320.28,316.76,318.432
1787233500000,318.5,318.52,316.99,317.186
1787234400000,317.18,317.615,316.37,316.676
1787235300000,316.7,317.055,316.25,316.41
1787236200000,316.43,316.67,316.16,316.435
1787237100000,316.409,317.45,316.361,317.419
1787238000000,317.445,317.77,316.29,316.547
1787238900000,316.537,317.225,316.01,317.198
1787239800000,317.203,317.235,316.23,316.529
1787240700000,316.526,316.96,315.96,316.913
1787241600000,316.87,317.061,316.23,316.24
1787242500000,316.23,316.795,316.065,316.48
1787243400000,316.466,317.41,316.312,317.406
1787244300000,317.41,317.54,316.9,317.222
1787245200000,317.22,317.61,317.15,317.262
1787246100000,317.267,317.56,316.67,316.693
1787247000000,316.687,316.86,316.5,316.608
1787247900000,316.585,316.635,316.27,316.325
1787248800000,316.335,316.335,315.09,315.45
1787249700000,315.428,315.7,314.86,314.86
1787250600000,314.851,315.69,314.795,315.622
1787251500000,315.62,315.622,315.1,315.13
1787252400000,315.127,315.127,314.5,314.546
1787253300000,314.535,314.547,313.315,313.36
1787254200000,313.375,313.63,312.91,312.947
1787255100000,313,313.08,310.66,311.28
1787256000000,311.232,311.545,311.095,311.365
1787256900000,311.81,311.89,311.365,311.79
1787257800000,311.94,311.988,311.563,311.89
1787258700000,311.99,312.112,311.83,311.99
1787259600000,311.91,311.975,311.785,311.91
1787260500000,311.785,311.95,311.785,311.85
1787261400000,311.85,311.9,311.826,311.9
1787262300000,311.94,312.2,311.9,312.2
1787263200000,312.09,312.2,311.975,312.1
1787264100000,312.128,312.7,312.09,312.517
1787265000000,312.516,312.749,312.365,312.389
1787265900000,312.389,312.604,312.311,312.604
1787266800000,312.46,312.605,312.46,312.46
1787267700000,312.565,312.605,312.403,312.5
1787268600000,312.5,312.5,312.176,312.176
1787269500000,312.175,312.175,311.99,312.15
1787270400000,312.01,312.36,311.95,312.26
1787271300000,312.29,312.29,312.03,312.03
1787272200000,312.06,312.13,311.99,312.01
1787273100000,312.12,312.27,312.06,312.16
1787274000000,312.15,312.25,311.81,311.81
1787274900000,311.85,311.98,311.63,311.7
1787275800000,311.72,311.85,311.59,311.82
1787276700000,311.82,311.82,311.42,311.64
1787277600000,311.68,311.91,311.68,311.91
1787278500000,311.95,311.95,311.84,311.91
1787279400000,311.92,311.95,311.66,311.74
1787280300000,311.81,311.91,311.74,311.81
1787281200000,311.82,311.88,311.74,311.75
1787282100000,311.75,311.82,311.73,311.74
1787283000000,311.8,312.03,311.8,312.03
1787283900000,312.02,312.06,311.93,312.04
1787284800000,312.03,312.1,311.96,312.04
1787285700000,312.05,312.05,311.93,312
1787286600000,312.02,312.02,311.81,311.82
1787287500000,311.85,312,311.85,312
1787288400000,312,312.01,311.87,311.95
1787289300000,311.89,311.92,311.83,311.86
1787290200000,311.84,312.02,311.84,312.01
1787291100000,312,312.01,311.94,311.95
1787292000000,311.97,311.99,311.8,311.93
1787292900000,311.91,312,311.89,311.99
1787293800000,311.92,312.02,311.91,311.91
1787294700000,311.9,312.07,311.88,312.03
1787295600000,312.02,312.09,311.77,311.83
1787296500000,311.83,311.83,311.08,311.26
1787297400000,311.22,311.3,311.1,311.15
1787298300000,311.15,311.3,311.11,311.21
1787299200000,310.9,312.064,310.9,310.9
1787300100000,311.158,311.35,311.124,311.2
1787301000000,311.2,311.298,311.06,311.078
1787301900000,311.11,311.11,310.84,311.11
1787302800000,310.84,311.905,310.84,311.766
1787303700000,311.767,311.775,311.375,311.375
1787304600000,311.375,311.545,311.375,311.545
1787305500000,311.43,311.545,311.375,311.43
1787306400000,311.475,311.823,311.475,311.691
1787307300000,311.66,311.779,311.66,311.66
1787308200000,311.74,311.74,311.44,311.59
1787309100000,311.602,311.833,311.602,311.775
1787310000000,311.67,311.9,311.603,311.67
1787310900000,311.39,311.77,311.39,311.39
1787311800000,312.31,312.396,311.404,312.31
1787312700000,312.275,312.275,311.86,311.86
1787313600000,311.91,312.267,311.83,311.91
1787314500000,312.02,312.283,311.94,312.1
1787315400000,312.25,312.495,311.801,312.03
1787316300000,311.99,312.342,311.825,311.99
1787317200000,312.377,312.545,311.813,311.846
1787318100000,311.78,312.67,310.626,312.67
1787319000000,311.415,312.39,307.48,308.14
1787319900000,308.1,308.3,307.01,307.36
1787320800000,307.34,308.05,307.09,307.726
1787321700000,307.715,308.18,307.45,307.763
1787322600000,307.805,308.73,307.6,308.585
1787323500000,308.52,309.5,308.328,309.44
1787324400000,309.46,309.93,309.275,309.69
1787325300000,309.71,310.64,309.6,310.62
1787326200000,310.62,311.6,310.42,311.284
1787327100000,311.3,311.91,310.935,311.53
1787328000000,311.535,311.8,311.206,311.23
1787328900000,311.203,311.43,311.02,311.207
1787329800000,311.206,311.225,310.27,310.707
1787330700000,310.73,311.03,310.595,310.98
1787331600000,311.05,311.63,310.92,311.545
1787332500000,311.525,311.64,311.02,311.07
1787333400000,311.065,311.15,309.86,309.986
1787334300000,310.01,310.11,309.44,309.544
1787335200000,309.545,309.6,309,309.182
1787336100000,309.18,309.184,308.42,308.47
1787337000000,308.5,308.975,308.46,308.535
1787337900000,308.543,308.845,308.195,308.779
1787338800000,308.765,308.89,308.41,308.684
1787339700000,308.686,309.84,308.686,309.76
1787340600000,309.79,310.02,309.44,309.53
1787341500000,309.55,310.18,309.165,309.27
1787342400000,309.37,309.625,309.247,309.36
1787343300000,309.625,309.64,309.365,309.365
1787344200000,309.365,309.525,309.365,309.455
1787345100000,309.42,309.59,309.4,309.42
1787346000000,309.415,309.53,309.415,309.475
1787346900000,309.467,309.53,309.375,309.465
1787347800000,309.465,309.504,309.441,309.5
1787348700000,309.5,309.6,309.481,309.6
1787349600000,309.6,309.6,309.6,309.6
1787350500000,309.6,309.6,309.58,309.58
1787351400000,309.65,309.655,309.58,309.65
1787352300000,309.585,309.585,309.583,309.585
1787353200000,309.585,309.585,309.585,309.585
1787354100000,309.585,309.585,309.585,309.585
1787355000000,309.585,309.585,309.51,309.524
1787355900000,309.524,309.61,309.524,309.61
1787356800000,309.61,309.61,309.61,309.61
1787358600000,309.77,309.79,309.77,309.79
1787359500000,309.81,310.28,309.66,309.84
1787364000000,310,310,310,310
1787364900000,310.06,310.06,310.06,310.06
1787365800000,310.01,310.09,309.88,309.88
1787367600000,309.88,309.88,309.79,309.79
1787369400000,309.91,309.91,309.79,309.79
1787373900000,309.96,310.41,309.9,310.3
1787374800000,310.3,310.3,309.02,309.02
1787375700000,308.97,308.97,308.88,308.88
1787382900000,308.92,308.92,308.92,308.92
1787385600000,309.09,309.09,308.85,308.85
1787386500000,308.8,308.8,308.8,308.8
1787391900000,308.85,308.85,308.8,308.8
1787392800000,308.96,308.96,308.9,308.9
1787394600000,308.9,309.04,308.45,308.45
1787395500000,308.53,308.99,307.95,307.95
1787397300000,308.02,308.86,308.02,308.86
1787400000000,308.74,308.81,308.55,308.55
1787403600000,308.55,308.81,308.55,308.81
1787404500000,308.81,309.71,308.81,309.71
1787405400000,309.46,309.46,309.46,309.46
1787408100000,309.46,309.46,309.46,309.46
1787410800000,309.46,309.46,309.46,309.46
1787411700000,309.46,309.46,309.12,309.12
1787412600000,309.18,309.18,309.18,309.18
1787413500000,309.47,309.47,309.47,309.47
1787414400000,309.47,309.47,309.47,309.47
1787415300000,309.18,309.18,309.18,309.18
1787417100000,309.47,309.47,309.47,309.47
1787418000000,309.51,309.65,309.47,309.47
1787419800000,309.65,309.65,309.65,309.65
1787421600000,309.65,309.65,309.65,309.65
1787429700000,309.65,309.69,309.65,309.69
1787435100000,309.47,309.47,309.07,309.07
1787436900000,309.04,309.04,309.04,309.04
1787444100000,309.03,309.03,309.03,309.03
1787448600000,309.02,309.02,309.02,309.02
1787452200000,309.09,309.09,309.09,309.09
1787454900000,309.09,309.09,309.02,309.02
1787457600000,309.09,309.09,309.09,309.09
1787458500000,309.09,309.09,309.02,309.02
1787460300000,309.02,309.02,308.89,308.89
1787461200000,308.87,308.87,308.78,308.78
1787469300000,308.84,308.84,308.7,308.7
1787470200000,308.84,308.84,308.84,308.84
1787472900000,308.84,308.9,308.68,308.68
1787474700000,308.99,308.99,308.99,308.99
1787481900000,308.99,309.12,308.76,308.76
1787484600000,309.12,309.13,309.12,309.13
1787489100000,308.76,308.93,308.76,308.93
1787490900000,309.08,309.46,309.08,309.27
1787491800000,309.42,309.47,309.42,309.47
1787498100000,309.13,309.13,309.13,309.13
1787499900000,309.2,309.86,309.2,309.8
1787503500000,309.85,309.85,309.85,309.85
1787505300000,309.76,309.76,309.76,309.76
1787510700000,309.76,309.76,309.76,309.76
1787511600000,309.71,309.71,309.69,309.69
1787512500000,309.68,309.68,309.68,309.68
1787513400000,309.65,309.65,309.53,309.53
1787514300000,309.47,309.47,309.47,309.47
1787515200000,309.4,309.4,309.4,309.4
1787517000000,309.45,309.56,309.45,309.56
1787520600000,309.56,309.56,309.34,309.34
1787521500000,309.6,309.61,309.22,309.22
1787526000000,309.61,309.61,309.2,309.2
1787527800000,309.4,309.4,309.4,309.4
1787529600000,310,310.34,309.7,309.82
1787530500000,309.96,309.96,309.53,309.62
1787531400000,309.54,309.67,309.17,309.52
1787532300000,309.61,309.89,309.56,309.89
1787533200000,309.99,310.08,309.57,309.63
1787534100000,309.64,309.89,309.55,309.89
1787535000000,309.92,309.98,309.66,309.73
1787535900000,309.67,309.77,309.4,309.4
1787536800000,309.43,309.57,309.4,309.41
1787537700000,309.48,309.69,309.41,309.66
1787538600000,309.68,309.86,309.59,309.86
1787539500000,309.87,310.01,309.79,309.95
1787540400000,309.9,309.96,309.66,309.67
1787541300000,309.71,309.91,309.66,309.89
1787542200000,309.84,310.12,309.82,310
1787543100000,309.89,310.03,309.89,310.03
1787544000000,310.01,310.08,309.99,309.99
1787544900000,309.97,309.99,309.8,309.83
1787545800000,309.88,309.9,309.64,309.82
1787546700000,309.77,309.83,309.66,309.77
1787547600000,309.73,309.86,309.73,309.74
1787548500000,309.74,309.74,309.56,309.61
1787549400000,309.63,309.92,309.63,309.92
1787550300000,309.91,309.97,309.8,309.86
1787551200000,309.9,309.92,309.51,309.51
1787552100000,309.64,309.64,309.16,309.36
1787553000000,309.36,309.51,309.35,309.38
1787553900000,309.38,309.58,309.27,309.5
1787554800000,309.49,309.65,309.31,309.62
1787555700000,309.64,309.75,309.54,309.54
1787556600000,309.57,309.73,309.21,309.21
1787557500000,309.29,309.49,309.04,309.34
1787558400000,309.61,309.97,309.32,309.82
1787559300000,310.11,310.11,309.82,310.11
1787560200000,309.85,310.497,309.85,310.497
1787561100000,310.29,310.5,310.25,310.29
1787562000000,310.3,310.38,310.193,310.37
1787562900000,310.37,310.478,310.37,310.415
1787563800000,310.57,310.79,310.415,310.57
1787564700000,310.575,310.7,310.517,310.517
1787565600000,310.516,310.516,310.45,310.515
1787566500000,310.515,310.573,310.365,310.515
1787567400000,310.515,310.54,310.3,310.395
1787568300000,310.395,310.395,310.178,310.178
1787569200000,310.171,310.619,310.144,310.366
1787570100000,310.45,310.6,310.365,310.51
1787571000000,310.49,310.64,309.856,309.88
1787571900000,310.169,310.4,310.169,310.4
1787572800000,310.5,310.62,310.38,310.53
1787573700000,310.68,310.8,310.62,310.68
1787574600000,310.47,310.824,310.351,310.51
1787575500000,310.735,311.11,310.46,311.095
1787576400000,311.17,311.235,310.91,310.99
1787577300000,310.85,311.87,310.795,311.25
1787578200000,311.46,312.3,309.99,311.1
1787579100000,311.085,311.86,310.56,311.825
1787580000000,311.77,312.91,311.69,312.208
1787580900000,312.135,313.19,312.13,312.91
1787581800000,312.94,313.31,312.815,313.08
1787582700000,313.11,313.28,312.5,312.992
1787583600000,312.97,313.125,311.54,311.822
1787584500000,311.89,312.44,311.675,312.272
1787585400000,312.24,312.35,311.72,312.14
1787586300000,312.3,312.31,311.59,311.715
1787587200000,311.678,311.86,311.37,311.421
1787588100000,311.422,312.025,311.4,311.953
1787589000000,311.89,312.3,311.87,312.27
1787589900000,312.27,313.36,312.23,312.95
1787590800000,312.925,312.95,312.165,312.47
1787591700000,312.468,312.47,311.89,312.123
1787592600000,312.12,312.36,311.74,311.891
1787593500000,311.891,312.28,311.76,312.026
1787594400000,311.99,312.09,311.51,311.7
1787595300000,311.74,311.89,311.62,311.73
1787596200000,311.73,311.85,310.715,310.939
1787597100000,310.94,311.79,310.94,311.601
1787598000000,311.585,311.66,311.05,311.24
1787598900000,311.21,311.551,311.16,311.22
1787599800000,311.2,311.255,310.68,310.68
1787600700000,310.665,311,310.19,310.391
1787601600000,310.386,310.635,310.215,310.379
1787602500000,310.378,310.634,310.376,310.585
1787603400000,310.585,310.77,310.416,310.695
1787604300000,310.695,310.891,310.49,310.695
1787605200000,310.75,310.92,310.695,310.92
1787606100000,310.93,310.93,310.71,310.88
1787607000000,311,311.068,310.785,311
1787607900000,310.785,310.925,310.775,310.848
1787608800000,311.09,311.4,310.851,311.06
1787609700000,311.05,311.088,310.75,310.75
1787610600000,310.75,310.853,310.75,310.755
1787611500000,310.755,310.905,310.755,310.87
1787612400000,310.87,310.87,310.655,310.75
1787613300000,310.75,310.75,310.7,310.7
1787614200000,310.7,310.8,310.516,310.582
1787615100000,310.58,310.8,310.535,310.725
1787616000000,310.55,310.6,310.54,310.58
1787616900000,310.5,310.68,310.35,310.68
1787617800000,310.66,310.84,310.54,310.84
1787618700000,310.74,310.84,310.7,310.81
1787619600000,310.81,310.88,310.77,310.82
1787620500000,310.82,310.89,310.62,310.67
1787621400000,310.67,311,310.67,310.96
1787622300000,310.96,311.23,310.88,311.06
1787623200000,311.04,311.08,310.87,310.91
1787624100000,310.87,310.91,310.69,310.77
1787625000000,310.79,310.91,310.77,310.87
1787625900000,310.87,310.92,310.8,310.86
1787626800000,310.86,311.01,309.08,309.29
1787627700000,309.4,309.52,308.09,308.82
1787628600000,308.71,310.45,307.99,309.11
1787629500000,309.24,309.39,309.11,309.35
1787630400000,309.38,309.4,308.43,308.9
1787631300000,308.87,309.08,308.76,308.98
1787632200000,309.06,309.24,308.99,309.14
1787633100000,309.14,309.27,309,309.2
1787634000000,309.23,309.32,308.99,308.99
1787634900000,308.99,309.01,308.74,308.92
1787635800000,308.93,309.16,308.87,309
1787636700000,309,309.23,308.97,309.1
1787637600000,309.1,309.45,309.1,309.24
1787638500000,309.41,309.68,309.4,309.53
1787639400000,309.51,309.58,309.42,309.53
1787640300000,309.56,309.56,309.35,309.48
1787641200000,309.49,309.51,309.36,309.42
1787642100000,309.43,309.44,309.24,309.35
1787643000000,309.32,309.39,309.3,309.36
1787643900000,309.41,309.41,309.09,309.09
1787644800000,310.725,310.725,309.23,309.415
1787645700000,309.415,309.667,309.321,309.555
1787646600000,309.555,310.089,309.4,310.089
1787647500000,310.09,310.1,310.047,310.075
1787648400000,310.075,310.075,309.69,309.785
1787649300000,309.785,310.045,309.705,309.705
1787650200000,309.96,310.05,309.705,309.96
1787651100000,309.955,310.09,309.502,309.95
1787652000000,309.95,309.95,309.4,309.825
1787652900000,309.825,310.535,309.825,309.985
1787653800000,309.985,310.43,309.985,310.35
1787654700000,309.05,310.435,309.05,309.45
1787655600000,309.571,310.504,309.571,310.305
1787656500000,310.305,310.634,310.126,310.27
1787657400000,310.29,310.375,309.891,310.29
1787658300000,310.254,310.374,310.17,310.349
1787659200000,309.85,310.455,309.72,309.85
1787660100000,310.08,310.174,309.721,310
1787661000000,309.931,309.931,309.7,309.731
1787661900000,309.99,310.06,309.685,310.06
1787662800000,310.41,312,310,311.03
1787663700000,310.84,310.982,310.41,310.917
1787664600000,310.945,313.56,310.26,310.52
1787665500000,310.49,311.37,310.045,310.485
1787666400000,310.47,310.71,309.66,310.09
1787667300000,310.085,310.72,309.925,310.132
1787668200000,310.126,310.795,309.66,309.834
1787669100000,309.845,309.95,309.06,309.08
1787670000000,309.11,309.395,308.4,309.36
1787670900000,309.4,309.475,308.89,309.31
1787671800000,309.299,309.83,309.25,309.765
1787672700000,309.78,309.83,309.22,309.615
1787673600000,309.595,309.72,309.314,309.56
1787674500000,309.53,310.18,309.45,309.925
1787675400000,309.975,310.05,309.5,309.753
1787676300000,309.757,310.11,309.58,310.035
1787677200000,310.036,310.038,309.595,309.834
1787678100000,309.84,310.005,309.585,309.66
1787679000000,309.69,309.83,309.535,309.69
1787679900000,309.695,309.81,309.355,309.475
1787680800000,309.475,309.475,308.63,309.3
1787681700000,309.28,309.725,309.19,309.549
1787682600000,309.58,309.62,309.04,309.215
1787683500000,309.2,309.29,308.41,308.57
1787684400000,308.576,308.765,308.22,308.685
1787685300000,308.69,309.4,308.687,308.968
1787686200000,308.985,309.075,308.63,308.946
1787687100000,308.96,310.3,308.805,309.8
1787688000000,309.79,309.905,309.601,309.69
1787688900000,309.68,309.825,309.6,309.76
1787689800000,309.84,309.84,309.71,309.83
1787690700000,309.74,309.745,309.348,309.43
1787691600000,309.42,309.599,309.365,309.42
1787692500000,309.365,309.49,309.365,309.49
1787693400000,309.49,309.548,309.49,309.548
1787694300000,309.549,309.66,309.505,309.66
1787695200000,309.66,309.695,309.45,309.561
1787696100000,309.66,309.725,309.579,309.66
1787697000000,309.76,309.78,309.66,309.76
1787697900000,309.78,309.78,309.615,309.62
1787698800000,309.624,309.725,309.555,309.635
1787699700000,309.636,309.64,309.436,309.495
1787700600000,309.24,309.495,309.24,309.35
1787701500000,309.362,309.475,309.052,309.323
1787702400000,309.23,309.39,308.81,309.19
1787703300000,309.28,309.28,309.15,309.16
1787704200000,309.2,309.2,308.82,308.93
1787705100000,308.93,309.06,308.63,308.68
1787706000000,308.68,308.83,308.43,308.49
1787706900000,308.56,308.67,308.33,308.35
1787707800000,308.42,308.8,308.37,308.8
1787708700000,308.76,308.96,308.76,308.9
1787709600000,308.92,308.98,308.82,308.83
1787710500000,308.89,308.97,308.76,308.89
1787711400000,308.95,308.98,308.84,308.91
1787712300000,308.88,309.13,308.86,309.12
1787713200000,309.08,309.1,309.01,309.1
1787714100000,309.08,309.27,309.08,309.19
1787715000000,309.2,309.2,309.1,309.14
1787715900000,309.2,309.37,309.2,309.22
1787716800000,309.28,309.35,309.19,309.28
1787717700000,309.34,309.4,309,309.04
1787718600000,309.06,309.12,308.87,309.01
1787719500000,309.02,309.1,308.9,309
1787720400000,309.01,309.23,309.01,309.22
1787721300000,309.09,309.14,308.99,309.09
1787722200000,309.15,309.25,309.09,309.2
1787723100000,309.19,309.3,309.16,309.3
1787724000000,309.22,309.33,309.05,309.22
1787724900000,309.24,309.36,309.05,309.21
1787725800000,309.19,309.31,309.14,309.3
1787726700000,309.3,309.64,309.29,309.54
1787727600000,309.38,309.48,309.32,309.44
1787728500000,309.46,309.56,309.19,309.4
1787729400000,309.37,309.39,309.31,309.37
1787730300000,309.39,309.46,309.19,309.2
1787731200000,309.87,309.89,309.257,309.89
1787732100000,309.67,309.7,309.645,309.645
1787733000000,309.54,309.7,309.54,309.62
1787733900000,309.7,309.725,309.7,309.725
1787734800000,309.725,309.725,309.585,309.585
1787735700000,309.585,309.585,309.525,309.525
1787736600000,309.525,309.565,309.35,309.355
1787737500000,309.355,309.355,309.355,309.355
1787738400000,309.355,309.538,309.355,309.477
1787739300000,309.476,309.476,309.475,309.475
1787740200000,309.475,309.475,309.475,309.475
1787741100000,309.475,309.475,309.475,309.475
1787742000000,309.475,309.475,309.335,309.474
1787742900000,309.66,309.805,309.474,309.66
1787743800000,309.611,309.823,309.61,309.746
1787744700000,309.745,309.955,309.735,309.81
1787745600000,309.9,310.459,309.805,310.45
1787746500000,310.41,310.47,310.342,310.4
1787747400000,310.32,310.56,310.14,310.56
1787748300000,310.6,310.76,310.34,310.73
1787749200000,310.329,310.529,309.788,310.2
1787750100000,310.12,310.319,309.48,309.48
1787751000000,310.28,311.67,308.84,311.365
1787751900000,311.365,312.68,311.08,312.495
1787752800000,312.475,313.41,311.72,312.834
1787753700000,312.83,313.27,311.795,311.795
1787754600000,311.8,312.56,311.665,312.5
1787755500000,312.48,312.86,312.125,312.805
1787756400000,312.825,313.45,312.485,313.065
1787757300000,313.045,313.19,312.54,312.563
1787758200000,312.556,313.49,312.18,313.423
1787759100000,313.435,313.61,312.84,312.9
1787760000000,312.895,313.96,312.38,313.42
1787760900000,313.44,313.605,313.16,313.306
1787761800000,313.26,313.48,312.505,312.694
1787762700000,312.74,313.21,312.615,313.04
1787763600000,312.985,313.095,312.535,312.61
1787764500000,312.63,313.28,312.616,313.135
1787765400000,313.159,313.25,312.65,312.781
1787766300000,312.782,313.11,312.705,312.939
1787767200000,312.96,313.155,312.815,312.825
1787768100000,312.8,313.17,312.75,313.105
1787769000000,313,313.695,312.96,313.695
1787769900000,313.695,315.09,313.67,314.577
1787770800000,314.574,315.25,314.445,315.07
1787771700000,315.08,315.22,314.835,314.909
1787772600000,314.845,315.43,314.708,315.25
1787773500000,315.235,315.315,313.18,313.475
1787774400000,313.45,314.01,313.207,314.01
1787775300000,313.782,314.277,313.403,313.55
1787776200000,313.55,313.623,313.415,313.415
1787777100000,313.28,313.415,313.058,313.28
1787778000000,312.99,313.35,311.33,311.88
1787778900000,312.14,312.729,312.041,312.37
1787779800000,312.06,312.459,311.754,311.86
1787780700000,311.915,311.93,310.964,310.964
1787781600000,310.98,311.48,310.74,311.47
1787782500000,311.47,311.51,311.426,311.51
1787783400000,311.46,312.223,311.46,312.001
1787784300000,312.01,312.161,311.751,312.01
1787785200000,312.05,312.241,311.76,311.76
1787786100000,311.74,311.875,311.7,311.74
1787787000000,311.71,311.999,311.71,311.71
1787787900000,311.63,311.825,311.62,311.77
1787788800000,312.2,312.21,311.826,312.05
1787789700000,312.04,312.07,311.59,311.66
1787790600000,311.64,311.82,311.05,311.2
1787791500000,311.1,311.18,310.75,310.98
1787792400000,311,311.13,310.66,310.82
1787793300000,310.86,311.04,310.72,310.86
1787794200000,310.93,311.01,310.59,310.61
1787795100000,310.62,310.91,310.49,310.58
1787796000000,310.7,310.95,310.5,310.9
1787796900000,310.93,311.02,310.73,310.96
1787797800000,310.96,311.12,310.87,311.12
1787798700000,311.14,311.22,310.91,311.04
1787799600000,311.01,311.23,310.9,311
1787800500000,311.06,311.21,310.91,310.91
1787801400000,310.93,311.05,310.85,310.91
1787802300000,310.91,311.11,310.82,310.96
1787803200000,310.98,311.31,310.91,311.31
1787804100000,311.3,311.37,311.2,311.27
1787805000000,311.29,311.29,311.02,311.06
1787805900000,311.08,311.12,311,311.02
1787806800000,310.99,311.01,310.55,310.9
1787807700000,310.89,310.89,310.49,310.63
1787808600000,310.6,310.71,310.45,310.51
1787809500000,310.51,310.67,310.26,310.53
1787810400000,310.57,310.71,310.19,310.45
1787811300000,310.37,310.69,310.35,310.69
1787812200000,310.67,310.74,310.56,310.73
1787813100000,310.73,310.83,310.55,310.63
1787814000000,310.66,310.85,310.5,310.62
1787814900000,310.71,310.74,310.57,310.66
1787815800000,310.61,310.87,310.61,310.73
1787816700000,310.72,310.86,310.64,310.86
1787817600000,310.52,311.698,310.51,310.86
1787818500000,310.63,310.8,310.63,310.63
1787819400000,310.63,310.64,310.573,310.63
1787820300000,310.51,310.63,310.165,310.51
1787821200000,310.26,310.342,309.853,310
1787822100000,310.01,310.315,309.939,310.1
1787823000000,310.24,310.315,310.136,310.24
1787823900000,310.315,310.319,310.022,310.04
1787824800000,310.08,310.14,309.98,310.14
1787825700000,310.28,310.307,310.082,310.29
1787826600000,310.305,310.409,310.305,310.409
1787827500000,310.17,310.41,310.155,310.25
1787828400000,310.23,310.4,310.08,310.2
1787829300000,310.36,310.625,310.345,310.49
1787830200000,310.46,310.55,310.45,310.47
1787831100000,310.4,310.571,310.165,310.205
1787832000000,310.61,310.64,310.458,310.54
1787832900000,310.46,310.575,310.255,310.26
1787833800000,310.24,310.305,309.926,309.93
1787834700000,309.98,310.43,309.92,310.35
1787835600000,310.41,310.57,310.047,310.14
1787836500000,310,310.579,310,310.01
1787837400000,310.435,312.035,309.43,310.82
1787838300000,310.88,312.075,310.873,311.6
1787839200000,311.57,311.965,310.175,310.24
1787840100000,310.23,310.92,309.665,310.8
1787841000000,310.8,313.51,310.63,312.9
1787841900000,312.86,313.76,312.66,313.4
1787842800000,313.46,314.705,313.38,314.696
1787843700000,314.7,315.155,314.555,314.623
1787844600000,314.68,315.06,314.29,314.745
1787845500000,314.77,314.83,314.185,314.81
1787846400000,314.825,314.96,314.31,314.7
1787847300000,314.7,314.73,314.13,314.549
1787848200000,314.551,314.82,314.27,314.763
1787849100000,314.76,315.19,314.53,314.96
1787850000000,315.05,315.34,314.74,314.94
1787850900000,314.944,315.39,314.84,315.239
1787851800000,315.27,315.325,314.48,314.68
1787852700000,314.679,315.04,314.62,314.817
1787853600000,314.84,314.9,314.11,314.314
1787854500000,314.33,314.395,314.005,314.19
1787855400000,314.205,314.47,313.85,314.25
1787856300000,314.238,314.58,313.6,313.875
1787857200000,313.878,314.36,313.66,314.234
1787858100000,314.27,314.31,313.45,313.57
1787859000000,313.59,313.9,313.37,313.9
1787859900000,313.89,315.11,313.8,314.71
1787860800000,314.553,314.62,314.05,314.05
1787861700000,314.05,314.284,313.846,314.024
1787862600000,314.025,314.342,313.92,314.031
1787863500000,314.16,314.17,313.8,314.17
1787864400000,314.09,314.23,314.015,314.23
1787865300000,314.23,314.39,314.195,314.345
1787866200000,314.11,314.345,314.11,314.11
1787867100000,314.307,314.415,314.275,314.414
1787868000000,314.415,314.415,314.2,314.2
1787868900000,314.2,314.43,314.2,314.429
1787869800000,314.429,314.559,314.345,314.43
1787870700000,314.423,314.636,314.391,314.456
1787871600000,314.455,314.695,314.455,314.5
1787872500000,314.5,314.65,314.5,314.6
1787873400000,314.6,314.66,314.6,314.66
1787874300000,314.7,314.9,314.65,314.7
1787875200000,314.7,315.11,314.54,315.04
1787876100000,315.04,315.2,314.95,315.09
1787877000000,315.09,315.1,314.78,314.92
1787877900000,314.84,314.85,314.7,314.75
1787878800000,314.77,314.92,314.76,314.86
1787879700000,314.86,314.86,314.72,314.73
1787880600000,314.71,314.83,314.65,314.68
1787881500000,314.8,315.16,314.79,315.11
1787882400000,315.13,315.2,315.1,315.2
1787883300000,315.17,315.21,315.03,315.03
1787884200000,315,315.07,314.9,315
1787885100000,314.92,315.07,314.82,314.96
1787886000000,314.96,315.38,314.92,315.37
1787886900000,315.25,315.44,315.25,315.41
1787887800000,315.4,315.43,315.22,315.28
1787888700000,315.23,315.25,315.13,315.19
1787889600000,315.19,315.22,315.06,315.16
1787890500000,315.19,315.19,315.08,315.12
1787891400000,315.1,315.2,315.04,315.2
1787892300000,315.14,315.18,315.08,315.08
1787893200000,315.05,315.06,314.88,314.95
1787894100000,314.92,315.16,314.92,315.15
1787895000000,315.16,315.54,315.11,315.52
1787895900000,315.52,315.57,315.37,315.39
1787896800000,315.4,315.55,315.34,315.54
1787897700000,315.49,315.55,315.19,315.24
1787898600000,315.25,315.5,315.23,315.46
1787899500000,315.42,315.83,315.42,315.8
1787900400000,315.83,315.85,315.44,315.48
1787901300000,315.53,315.62,315.45,315.57
1787902200000,315.6,315.69,315.44,315.49
1787903100000,315.48,315.65,314.99,314.99
1787904000000,315.29,315.57,314.928,315.47
1787904900000,315.57,315.69,315.375,315.69
1787905800000,315.69,315.945,315.371,315.836
1787906700000,315.835,315.835,315.51,315.71
1787907600000,315.71,315.78,315.707,315.78
1787908500000,315.71,315.715,315.495,315.495
1787909400000,315.495,315.52,315.295,315.295
1787910300000,315.37,315.425,315.29,315.37
1787911200000,315.415,315.455,315.32,315.455
1787912100000,315.41,315.574,315.327,315.41
1787913000000,315.326,315.464,315.32,315.355
1787913900000,315.31,315.355,315.22,315.31
1787914800000,315.26,315.439,315.157,315.26
1787915700000,315.51,315.51,315.235,315.51
1787916600000,315.61,315.79,315.4,315.61
1787917500000,315.49,316.474,315.49,316.367
1787918400000,316.5,316.55,316.279,316.33
1787919300000,316.51,316.564,316.231,316.51
1787920200000,316.18,316.303,316.02,316.18
1787921100000,316.2,316.265,316.08,316.08
1787922000000,316.08,316.13,315.735,316.07
1787922900000,316.24,316.982,315.965,316.77
1787923800000,316.865,318.11,315.51,317.31
1787924700000,317.26,317.31,315.515,316.79
1787925600000,316.7,317.11,316.09,316.415
1787926500000,316.438,317.146,316.18,316.715
1787927400000,316.72,319.55,316.56,319.535
1787928300000,319.5,320.74,318.6,320.73
1787929200000,320.67,321.32,320.075,320.812
1787930100000,320.816,322.03,320.816,321.918
1787931000000,321.923,322.35,321.33,321.797
1787931900000,321.81,322.37,321.105,321.44
1787932800000,321.57,321.835,321.14,321.615
1787933700000,321.63,321.84,320.55,320.937
1787934600000,320.955,321.515,320.615,320.669
1787935500000,320.625,321.325,320.625,320.882
1787936400000,320.8,320.875,320.29,320.71
1787937300000,320.8,320.8,319.59,319.735
1787938200000,319.766,320.04,319.395,319.415
1787939100000,319.415,319.71,319.38,319.684
1787940000000,319.689,320.04,319.44,319.678
1787940900000,319.665,319.787,319.4,319.55
1787941800000,319.55,319.74,319.455,319.585
1787942700000,319.6,319.79,319.05,319.767
1787943600000,319.775,319.9,319.25,319.663
1787944500000,319.66,319.972,319.54,319.556
1787945400000,319.55,320.18,319.51,319.825
1787946300000,319.85,320.32,319.515,319.627
1787947200000,319.63,320.24,319.63,319.9
1787948100000,319.9,319.998,319.75,319.751
1787949000000,319.75,320,319.75,320
1787949900000,320,320.199,319.93,320.05
1787950800000,320.05,320.05,319.941,319.99
1787951700000,319.99,320.015,319.99,320
1787952600000,320,320,319.78,319.873
1787953500000,319.874,319.951,319.874,319.935
1787954400000,319.935,319.935,319.935,319.935
1787955300000,319.935,319.985,319.935,319.985
1787956200000,320.01,320.05,319.94,320.01
1787957100000,320.05,320.055,319.935,319.985
1787958000000,319.985,320.1,319.985,320.1
1787958900000,320.06,320.104,320.042,320.05
1787959800000,320.1,320.125,320.02,320.049
1787960700000,320.049,320.09,319.925,320.015
1787964300000,319.61,319.61,319.61,319.61
1787965200000,320.3,320.52,320.3,320.33
1787967000000,320.59,321.06,320.59,320.8
1787969700000,321.06,321.22,321.06,321.22
1787970600000,321.26,324.66,321.26,324.66
1787971500000,324.26,324.26,324.18,324.19
1787972400000,324.16,324.16,324.16,324.16
1787973300000,324.16,324.16,324,324
1787976900000,324,324,323.92,323.92
1787980500000,323.92,323.92,323.9,323.9
1787981400000,323.86,323.86,323.86,323.86
1787985000000,323.94,323.94,323.94,323.94
1787990400000,323.9,324,323.65,323.65
1787995800000,324,324,323.64,323.74
1788001200000,324,324,323.64,323.64
1788005700000,323.64,323.64,323.64,323.64
1788010200000,324,324,324,324
1788011100000,324,324,324,324
1788012000000,323.64,323.64,323.6,323.6
1788013800000,323.84,323.84,323.84,323.84
1788014700000,323.59,323.59,322.98,322.98
1788015600000,323,323,322.75,322.75
1788016500000,322.75,323.07,322.73,322.73
1788017400000,322.73,322.73,322.73,322.73
1788018300000,323.02,323.07,322.7,323.07
1788019200000,323.08,323.08,322.7,322.7
1788021000000,323.09,323.09,323.09,323.09
1788023700000,322.7,322.7,322.56,322.56
1788024600000,323.09,323.11,322.82,322.82
1788026400000,323.11,323.11,323.11,323.11
1788028200000,323.13,323.13,323.13,323.13
1788043500000,323.13,323.13,323.13,323.13
1788052500000,322.96,322.96,322.96,322.96
1788064200000,322.96,322.96,322.96,322.96
1788066900000,322.96,322.96,322.82,322.82
1788068700000,323.07,323.07,322.81,322.81
1788069600000,322.81,322.81,322.81,322.81
1788072300000,322.81,322.81,322.81,322.81
1788073200000,322.98,322.98,322.98,322.98
1788083100000,322.81,322.81,322.79,322.79
1788084000000,323.01,323.2,323.01,323.2
1788087600000,323.24,323.24,323.1,323.1
1788093000000,323.25,323.27,323.25,323.27
1788096600000,323.28,323.28,323.28,323.28
1788100200000,323.28,323.28,323.28,323.28
1788102900000,323.1,323.1,323.1,323.1
1788103800000,323.1,323.29,323.1,323.29
1788104700000,323.34,323.4,323.34,323.4
1788105600000,323.42,323.43,323.1,323.43
1788111900000,323.46,323.46,323.28,323.28
1788112800000,323.5,323.5,323.28,323.28
1788116400000,323.5,323.51,323.25,323.25
1788117300000,323.51,323.51,323.22,323.22
1788119100000,323.37,323.51,323.11,323.51
1788120000000,323.11,323.56,323.11,323.21
1788121800000,323.56,323.56,323.56,323.56
1788129000000,323.56,323.56,322.38,322.38
1788130800000,322.66,322.66,322.65,322.65
1788131700000,322.65,322.65,319.8,319.8
1788133500000,319.75,319.75,319.7,319.7
1788134400000,319,319.47,318.5,319.17
1788135300000,319.13,319.34,319.12,319.28
1788136200000,319.29,319.5,319.23,319.45
1788137100000,319.44,319.46,319.12,319.12
1788138000000,319.15,319.56,319.12,319.35
1788138900000,319.34,319.37,319.16,319.27
1788139800000,319.24,319.26,319.12,319.19
1788140700000,319.2,319.29,319.12,319.14
1788141600000,319.11,319.28,319.11,319.16
1788142500000,319.21,319.21,318.86,319.06
1788143400000,319.04,319.04,318.76,318.76
1788144300000,318.81,319.05,318.79,319.03
1788145200000,318.99,319.18,318.99,319.04
1788146100000,319.11,319.11,318.97,319.04
1788147000000,319.05,319.11,318.95,319.04
1788147900000,319.04,319.43,319.03,319.36
1788148800000,319.4,319.42,319.28,319.28
1788149700000,319.3,319.3,319.24,319.3
1788150600000,319.3,319.59,319.26,319.35
1788151500000,319.47,319.81,319.4,319.59
1788152400000,319.6,320.05,319.6,319.89
1788153300000,319.83,319.95,319.71,319.73
1788154200000,319.7,319.7,319.5,319.56
1788155100000,319.57,319.69,319.55,319.55
1788156000000,319.59,319.61,319.43,319.59
1788156900000,319.48,319.54,319.31,319.36
1788157800000,319.33,319.33,319.14,319.18
1788158700000,319.2,319.26,319.01,319.07
1788159600000,319.04,319.18,318.98,318.98
1788160500000,319.02,319.12,318.85,318.85
1788161400000,318.94,318.94,318.69,318.69
1788162300000,318.71,320.015,318.68,319.09
1788163200000,319.03,319.864,318.62,318.64
1788164100000,318.89,319.448,318.62,319.27
1788165000000,319.4,319.494,319.325,319.41
1788165900000,319.451,319.625,319.261,319.305
1788166800000,319.305,319.495,319.305,319.43
1788167700000,319.43,319.46,319.31,319.435
1788168600000,319.435,319.555,319.435,319.555
1788169500000,319.52,319.905,319.52,319.52
1788170400000,319.64,319.65,319.487,319.56
1788171300000,319.6,319.6,319.335,319.42
1788172200000,319.371,319.57,319.371,319.56
1788173100000,319.562,319.6,319.403,319.403
1788174000000,319.43,319.485,319.245,319.43
1788174900000,319.09,319.345,318.6,319.09
1788175800000,319.09,319.164,318.706,319.09
1788176700000,318.92,319.032,318.906,319.005
1788177600000,318.79,319.045,318.49,318.8
1788178500000,318.724,318.83,318.47,318.474
1788179400000,318.475,318.738,318.461,318.685
1788180300000,318.87,319.09,318.685,319.07
1788181200000,319.1,320.356,319.027,320.26
1788182100000,320.16,320.595,319.499,319.51
1788183000000,319.7,321.205,317.09,317.365
1788183900000,317.31,318.09,316.77,317.23
1788184800000,317.23,317.274,315.79,316.52
1788185700000,316.485,316.87,315.44,315.71
1788186600000,315.69,315.703,314.37,314.965
1788187500000,314.96,315.63,314.752,315.45
1788188400000,315.435,315.79,315.045,315.305
1788189300000,315.37,315.43,314.91,315.045
1788190200000,315.06,315.21,314.61,314.9
1788191100000,314.905,315.14,314.605,314.67
1788192000000,314.67,314.71,313.96,314.443
1788192900000,314.448,314.87,314,314.668
1788193800000,314.62,315.89,312.87,313.465
1788194700000,313.49,313.91,313.41,313.78
1788195600000,313.78,314.04,313.41,314.035
1788196500000,314.02,314.24,313.76,313.89
1788197400000,313.84,314.25,313.385,314.16
1788198300000,314.185,315.18,314.167,315.085
1788199200000,315.09,315.71,314.905,315.365
1788200100000,315.34,316.02,315.15,315.665
1788201000000,315.682,315.92,315.02,315.28
1788201900000,315.26,315.475,315.21,315.395
1788202800000,315.45,316.07,315.396,316.025
1788203700000,316.03,316.155,315.665,316.07
1788204600000,316.04,316.525,315.76,316.45
1788205500000,316.41,317.66,315.72,317.14
1788206400000,316.87,316.957,316.535,316.87
1788207300000,316.695,316.769,316.435,316.575
1788208200000,316.575,317.075,316.545,316.731
1788209100000,316.71,316.87,316.606,316.87
1788210000000,316.835,317.05,316.835,317.05
1788210900000,317.05,317.079,317.05,317.072
1788211800000,317.08,317.275,317.06,317.06
1788212700000,317.275,317.275,317.06,317.06
1788213600000,317.06,317.135,317.06,317.07
1788214500000,317.07,317.07,317.065,317.07
1788215400000,317.07,317.085,317.055,317.055
1788216300000,317.055,317.085,316.736,316.895
1788217200000,316.895,316.919,316.83,316.87
1788218100000,316.87,316.87,316.786,316.807
1788219000000,316.818,316.96,316.818,316.935
1788219900000,316.935,316.975,316.92,316.975
1788220800000,317.11,317.41,317.07,317.12
1788221700000,317.16,317.22,316.92,316.99
1788222600000,317.02,317.15,316.93,317.05
1788223500000,317.03,317.03,316.91,316.92
1788224400000,316.91,316.93,316.79,316.85
1788225300000,316.84,316.85,316.64,316.7
1788226200000,316.74,316.92,316.65,316.72
1788227100000,316.78,316.87,316.75,316.83
1788228000000,316.83,316.94,316.78,316.91
1788228900000,316.9,316.94,316.8,316.82
1788229800000,316.85,316.94,316.82,316.82
1788230700000,316.83,316.89,316.73,316.81
1788231600000,316.82,316.91,316.8,316.83
1788232500000,316.84,316.91,316.78,316.79
1788233400000,316.8,316.83,316.75,316.78
1788234300000,316.79,316.88,316.64,316.73
1788235200000,316.8,316.81,316.62,316.66
1788236100000,316.74,316.79,316.59,316.67
1788237000000,316.64,316.77,316.62,316.74
1788237900000,316.75,316.79,316.45,316.5
1788238800000,316.44,316.46,316.39,316.43
1788239700000,316.48,316.48,316.28,316.42
1788240600000,316.48,316.6,316.14,316.39
1788241500000,316.36,317.04,316.21,316.95
1788242400000,316.88,316.89,316.68,316.82
1788243300000,316.79,316.81,316.71,316.71
1788244200000,316.69,316.72,316.26,316.32
1788245100000,316.31,316.62,316.31,316.62
1788246000000,316.6,316.71,316.47,316.71
1788246900000,316.68,316.68,316.57,316.68
1788247800000,316.64,316.64,316.12,316.2
1788248700000,316.17,316.28,316,316
1788249600000,316.49,316.898,316.09,316.09
1788250500000,316.14,316.148,315.795,316.049
1788251400000,316.05,316.14,315.64,315.675
1788252300000,315.61,315.71,315.395,315.61
1788253200000,315.76,316.08,315.7,315.73
1788254100000,315.85,316.325,315.745,315.93
1788255000000,316.07,316.225,315.747,315.87
1788255900000,315.77,315.9,315.77,315.77
1788256800000,315.71,315.85,315.4,315.58
1788257700000,315.5,315.985,315.5,315.985
1788258600000,316.01,316.194,315.9,315.91
1788259500000,315.83,315.927,315.75,315.83
1788260400000,315.928,316.242,315.801,316.242
1788261300000,316.25,316.684,316.101,316.29
1788262200000,316.33,316.693,316.22,316.66
1788263100000,316.69,317,316.6,316.78
1788264000000,316.76,317.075,316.595,316.76
1788264900000,316.64,316.828,316.597,316.64
1788265800000,316.85,317.624,316.541,317.6
1788266700000,317.05,317.395,316.508,317.12
1788267600000,316.28,316.587,316.092,316.2
1788268500000,316.21,317.207,315.801,316.965
1788269400000,316.97,319.33,314.72,319.095
1788270300000,319.14,322.76,319.05,322.571
1788271200000,322.695,323.53,321.48,323.41
1788272100000,323.4,325.37,323.03,325.345
1788273000000,325.355,325.85,324.25,324.68
1788273900000,324.71,325.26,324.265,324.39
1788274800000,324.31,324.385,322.74,323.357
1788275700000,323.365,325.43,323.35,324.556
1788276600000,324.615,325.27,324.01,325.19
1788277500000,325.15,327.19,324.88,326.35
1788278400000,326.36,326.52,325.545,325.545
1788279300000,325.53,327.3,325.34,326.67
1788280200000,326.63,326.86,325.43,325.49
1788281100000,325.5,326.245,325.33,325.88
1788282000000,325.85,325.96,324.95,325.11
1788282900000,325.06,325.33,324.5,324.66
1788283800000,324.676,324.89,324.33,324.871
1788284700000,324.895,325.215,324.526,325.19
1788285600000,325.215,325.76,324.76,324.91
1788286500000,324.92,325.51,324.63,325.23
1788287400000,325.205,325.235,324.427,324.64
1788288300000,324.62,325.85,324.46,325.56
1788289200000,325.51,325.85,325.08,325.78
1788290100000,325.79,325.915,325.385,325.55
1788291000000,325.62,325.71,325.155,325.39
1788291900000,325.36,325.88,324.12,325.13
1788292800000,325.154,325.236,324.905,324.905
1788293700000,324.905,325.152,324.75,324.75
1788294600000,324.79,324.95,324.566,324.79
1788295500000,324.841,325.055,324.781,324.855
1788296400000,324.855,324.985,324.796,324.81
1788297300000,324.81,324.81,324.601,324.64
1788298200000,324.64,324.72,324.64,324.72
1788299100000,324.65,324.72,324.6,324.65
1788300000000,324.675,324.924,324.67,324.675
1788300900000,324.78,324.87,324.602,324.79
1788301800000,324.87,324.87,324.6,324.87
1788302700000,324.87,324.95,324.754,324.87
1788303600000,324.812,324.984,324.812,324.925
1788304500000,324.925,324.925,324.75,324.858
1788305400000,324.879,325.005,324.879,324.99
1788306300000,324.99,325.148,324.99,325.12
1788307200000,324.86,325.08,324.77,324.89
1788308100000,324.88,324.96,324.74,324.79
1788309000000,324.77,324.91,324.56,324.83
1788309900000,324.92,325.05,324.79,324.95
1788310800000,324.95,324.98,324.72,324.72
1788311700000,324.73,324.86,324.71,324.74
1788312600000,324.74,324.74,324.45,324.51
1788313500000,324.53,324.71,324.47,324.69
1788314400000,324.66,324.68,324.5,324.6
1788315300000,324.58,324.76,324.49,324.76
1788316200000,324.65,324.68,324.62,324.68
1788317100000,324.68,324.82,324.68,324.82
1788318000000,324.84,324.85,324.73,324.83
1788318900000,324.79,324.84,324.74,324.81
1788319800000,324.82,324.9,324.68,324.69
1788320700000,324.7,324.76,324.69,324.69
1788321600000,324.68,324.68,324.43,324.43
1788322500000,324.51,324.6,324.42,324.49
1788323400000,324.54,324.58,324.47,324.55
1788324300000,324.55,324.71,324.54,324.71
1788325200000,324.71,324.71,324.58,324.69
1788326100000,324.67,324.8,324.6,324.75
1788327000000,324.76,324.9,324.47,324.61
1788327900000,324.6,324.65,324.53,324.6
1788328800000,324.63,324.66,324.19,324.46
1788329700000,324.43,324.43,324.06,324.07
1788330600000,324.12,324.61,324.02,324.6
1788331500000,324.57,324.79,324.44,324.71
1788332400000,324.71,325.47,324.71,325.04
1788333300000,325.05,325.16,324.84,324.84
1788334200000,324.91,324.97,324.86,324.87
1788335100000,324.96,325,324.7,325
1788336000000,325.14,325.394,324.786,324.786
1788336900000,324.65,325.225,324.6,324.84
1788337800000,324.785,325.035,324.785,324.83
1788338700000,324.83,324.83,324.355,324.555
1788339600000,324.555,324.83,324.555,324.745
1788340500000,324.54,324.745,324.54,324.55
1788341400000,324.61,324.765,324.555,324.61
1788342300000,324.74,324.914,324.65,324.77
1788343200000,324.7,324.775,324.655,324.73
1788344100000,324.73,324.789,324.631,324.76
1788345000000,324.76,324.875,324.66,324.66
1788345900000,324.87,325.292,324.66,324.96
1788346800000,325.12,326.305,325.045,325.87
1788347700000,325.74,325.912,325.229,325.59
1788348600000,325.805,326.3,325.663,326.3
1788349500000,326.19,326.513,326.035,326.39
1788350400000,326.29,326.632,326.111,326.55
1788351300000,326.61,326.8,326.546,326.73
1788352200000,326.68,326.935,326.524,326.53
1788353100000,326.523,326.906,326.49,326.85
1788354000000,326.95,327.035,326.735,326.77
1788354900000,326.72,327.38,326.144,326.86
1788355800000,327.02,328.36,324.085,325.42
1788356700000,325.465,325.57,324.45,325.22
1788357600000,325.15,325.201,323.56,324.019
1788358500000,324.013,324.94,323.63,324.569
1788359400000,324.59,324.83,324,324.71
1788360300000,324.69,325.07,324.175,324.63
1788361200000,324.645,324.945,324.1,324.475
1788362100000,324.51,326.545,324.434,326.53
1788363000000,326.57,327.055,324.94,325.12
1788363900000,325.12,325.48,323.965,325.03
1788364800000,325.05,326.18,324.95,325.32
1788365700000,325.31,325.327,324.125,324.65
1788366600000,324.655,325.67,324.63,325.39
1788367500000,325.435,326.225,325.37,326.15
1788368400000,326.155,326.49,325.465,325.59
1788369300000,325.55,325.985,325.08,325.08
1788370200000,325.07,325.455,324.705,325.35
1788371100000,325.32,326.195,325.32,325.97
1788372000000,325.965,326.33,325.74,326
1788372900000,325.98,326.47,325.96,326.3
1788373800000,326.298,326.45,325.25,325.31
1788374700000,325.36,325.39,324.865,324.97
1788375600000,324.985,325.805,324.67,325.53
1788376500000,325.46,325.72,325.29,325.66
1788377400000,325.62,325.955,324.98,325.2
1788378300000,325.19,325.51,324.665,325.02
1788379200000,324.93,325.03,324.825,324.93
1788380100000,324.83,325.05,324.8,324.83
1788381000000,324.98,325.05,324.98,324.995
1788381900000,324.997,325.034,324.925,324.95
1788382800000,324.95,324.98,324.95,324.98
1788383700000,324.6,324.98,324.01,324.09
1788384600000,324.63,324.829,324.412,324.63
1788385500000,324.74,324.802,324.74,324.74
1788386400000,324.31,324.718,324.18,324.18
1788387300000,324.51,324.66,324.446,324.51
1788388200000,324.591,324.8,324.59,324.6
1788389100000,324.6,324.75,324.6,324.67
1788390000000,324.67,324.747,324.665,324.665
1788390900000,324.665,324.739,324.6,324.739
1788391800000,324.66,324.8,324.6,324.69
1788392700000,324.645,324.955,324.645,324.756
1788393600000,324.79,324.92,324.49,324.49
1788394500000,324.48,324.86,324.31,324.66
1788395400000,324.64,324.65,324.51,324.63
1788396300000,324.62,324.73,324.51,324.61
1788397200000,324.6,324.65,324.51,324.65
1788398100000,324.66,324.72,324.43,324.49
1788399000000,324.6,324.68,324.49,324.54
1788399900000,324.49,324.56,324.2,324.28
1788400800000,324.29,324.54,324.27,324.54
1788401700000,324.53,324.58,324.49,324.51
1788402600000,324.53,324.58,324.46,324.48
1788403500000,324.51,324.55,324.45,324.53
1788404400000,324.53,324.77,324.53,324.77
1788405300000,324.73,324.97,324.67,324.89
1788406200000,324.89,324.97,324.88,324.96
1788407100000,324.94,324.94,324.77,324.85
1788408000000,324.81,324.89,324.66,324.78
1788408900000,324.81,324.89,324.8,324.8
1788409800000,324.82,324.82,324.71,324.76
1788410700000,324.76,324.85,324.72,324.78
1788411600000,324.74,324.75,324.4,324.42
1788412500000,324.42,324.47,323.99,324.07
1788413400000,324.15,324.32,324.13,324.32
1788414300000,324.3,324.51,324.29,324.51
1788415200000,324.58,324.71,324.55,324.63
1788416100000,324.63,324.65,324.52,324.62
1788417000000,324.56,324.58,324.48,324.58
1788417900000,324.57,324.57,324.46,324.53
1788418800000,324.57,325.23,324.57,324.97
1788419700000,324.92,325.1,324.86,325.01
1788420600000,325.1,325.5,325.06,325.41
1788421500000,325.39,325.46,325.31,325.46
1788422400000,324.808,325.572,324.808,325.34
1788423300000,325.342,325.35,325.19,325.35
1788424200000,325.333,325.39,325.25,325.35
1788425100000,325.35,325.358,325.152,325.181
1788426000000,325.177,325.295,325.02,325.15
1788426900000,325.15,325.15,324.925,325.022
1788427800000,325.023,325.15,324.9,324.999
1788428700000,325,325,324.62,324.735
1788429600000,324.735,324.902,324.6,324.6
1788430500000,324.6,324.85,324.6,324.655
1788431400000,324.655,324.689,324.54,324.54
1788432300000,324.54,324.54,324.25,324.25
1788433200000,324.25,324.404,324,324.08
1788434100000,324.08,324.355,324.08,324.15
1788435000000,324.15,324.4,323.815,324.151
1788435900000,324.149,324.202,323.63,323.63
1788436800000,323.63,324.05,323.394,323.8
1788437700000,323.799,324,323.625,323.999
1788438600000,323.988,324.524,323.865,324.026
1788439500000,324.025,324.71,323.78,324.67
1788440400000,324.67,324.697,323.836,324.195
1788441300000,324.195,324.881,323.762,324.838
1788442200000,324.91,327.44,324.165,326.454
1788443100000,326.4,326.96,325.59,326.68
1788444000000,326.58,328.09,326.045,328.066
1788444900000,328.076,330.32,328.01,329.8
1788445800000,329.76,330.68,327.95,328.356
1788446700000,328.351,328.91,327.685,327.98
1788447600000,328.04,330.8,328.02,330.419
1788448500000,330.427,330.76,329.51,329.83
1788449400000,329.837,330.48,329.28,329.691
1788450300000,329.66,329.87,329.29,329.787
1788451200000,329.784,330.02,329.45,329.979
1788452100000,330.02,330.57,329.554,330.057
1788453000000,330.04,330.23,329.75,329.846
1788453900000,329.845,329.847,328.9,328.949
1788454800000,328.951,329.005,328.09,328.141
1788455700000,328.137,328.32,327.485,327.756
1788456600000,327.753,328.01,326.76,326.941
1788457500000,326.925,327.295,326.68,326.899
1788458400000,326.9,327.45,326.899,327.321
1788459300000,327.37,327.56,326.945,327.111
1788460200000,327.118,327.285,326.907,326.907
1788461100000,326.905,327.255,326.55,327.2
1788462000000,327.197,327.625,327.1,327.374
1788462900000,327.35,327.83,327.26,327.794
1788463800000,327.78,327.84,327.42,327.773
1788464700000,327.8,328.73,327.72,328.23
1788465600000,328.091,328.155,327.879,328.005
1788466500000,328.005,328.005,327.655,327.965
1788467400000,327.965,328.105,327.94,327.965
1788468300000,327.965,328.015,327.965,327.97
1788469200000,327.97,327.975,327.9,327.925
1788470100000,327.925,327.98,327.925,327.926
1788471000000,327.925,328.01,327.921,328.01
1788471900000,328.01,328.02,327.925,327.998
1788472800000,327.999,328.015,327.852,327.993
1788473700000,327.997,328.015,327.8,327.8
1788474600000,327.8,327.994,327.8,327.84
1788475500000,327.84,328,327.84,327.865
1788476400000,327.865,327.885,327.865,327.885
1788477300000,327.885,327.885,327.866,327.88
1788478200000,327.88,327.899,327.876,327.89
1788479100000,327.89,327.9,327.795,327.795
1788480000000,327.7,328.27,327.7,328.27
1788480900000,328.19,328.25,327.97,328.04
1788481800000,328.06,328.15,327.93,328.09
1788482700000,328.07,328.29,328.01,328.19
1788483600000,328.11,328.29,328.1,328.15
1788484500000,328.17,328.36,328.17,328.2
1788485400000,328.26,328.34,328.21,328.27
1788486300000,328.27,328.28,328.08,328.18
1788487200000,328.18,328.24,328.1,328.19
1788488100000,328.18,328.27,328.03,328.2
1788489000000,328.2,328.37,328.2,328.33
1788489900000,328.34,328.34,328.22,328.3
1788490800000,328.3,328.39,328.3,328.37
1788491700000,328.38,328.49,328.35,328.35
1788492600000,328.39,328.49,328.39,328.41
1788493500000,328.35,328.44,328.29,328.29
1788494400000,328.29,328.32,328.2,328.29
1788495300000,328.31,328.35,328.26,328.35
1788496200000,328.3,328.39,328.22,328.22
1788497100000,328.23,328.33,328.17,328.17
1788498000000,328.15,328.21,328.13,328.21
1788498900000,328.19,328.25,328.14,328.16
1788499800000,328.16,328.16,328.06,328.11
1788500700000,328.1,328.18,328.05,328.16
1788501600000,328.19,328.25,327.53,327.78
1788502500000,327.76,327.76,327.26,327.26
1788503400000,327.28,327.34,326.35,327.04
1788504300000,326.89,327.28,326.87,327.04
1788505200000,327.15,327.3,326.81,327.04
1788506100000,326.99,327.08,326.85,326.89
1788507000000,326.89,327.15,326.88,327.14
1788507900000,327.17,327.24,327,327
1788508800000,327.618,328.08,326.871,327.146
1788509700000,327.145,327.235,326.985,327.235
1788510600000,327.235,327.495,327.16,327.484
1788511500000,327.485,327.485,327.054,327.325
1788512400000,327.325,327.365,327.01,327.1
1788513300000,327.1,327.145,326.875,326.875
1788514200000,326.92,327.208,326.612,327.17
1788515100000,327.17,327.175,325.92,326.079
1788516000000,326.077,326.435,325.992,326.165
1788516900000,326.165,326.61,325.786,326.48
1788517800000,326.48,326.74,326.48,326.69
1788518700000,326.69,326.74,326.492,326.492
1788519600000,326.51,327.426,326.455,326.455
1788520500000,326.455,326.905,326.386,326.805
1788521400000,326.805,327.16,326.805,327.123
1788522300000,327.124,327.85,327.03,327.406
1788523200000,327.407,327.588,326.33,326.497
1788524100000,326.498,326.86,326.15,326.82
1788525000000,326.82,327.437,326.444,327.43
1788525900000,327.43,328.238,327.326,327.624
1788526800000,327.625,327.899,327.3,327.703
1788527700000,327.699,328.423,327.36,328.29
1788528600000,328.305,328.93,324.28,324.82
1788529500000,324.89,324.89,323.06,323.695
1788530400000,323.62,323.66,321.21,321.21
1788531300000,321.2161,321.89,320.44,320.71
1788532200000,320.73,321.16,319.88,320.03
1788533100000,320.04,320.23,318.3,318.44
1788534000000,318.44,319.4,317.86,319.285
1788534900000,319.285,319.51,318.57,319.47
1788535800000,319.47,320.59,319.11,320.34
1788536700000,320.33,321.28,320.16,321.01
1788537600000,321.025,321.269,320.66,321.0499
1788538500000,321.04,321.3292,320.42,320.5
1788539400000,320.5174,321.14,320.4101,320.84
1788540300000,320.85,321.24,320.7701,321.03
1788541200000,321.045,321.59,320.93,321.2092
1788542100000,321.2005,321.9,321.1901,321.685
1788543000000,321.68,321.68,320.74,320.965
1788543900000,320.96,321.44,320.88,321.015
1788544800000,321.02,321.31,320.93,321.27
1788545700000,321.27,321.31,320.87,320.88
1788546600000,320.88,321.3613,320.86,321.35
1788547500000,321.355,321.83,321.33,321.665
1788548400000,321.66,322.1,321.38,321.99
1788549300000,322,322.04,321.645,321.785
1788550200000,321.77,321.8091,320.64,320.68
1788551100000,320.66,320.84,319.68,319.97
1788552000000,319.77,320.05,319.62,319.98
1788552900000,319.97,320.05,319.94,320.0423
1788553800000,320.04,320.12,319.69,319.8
1788554700000,319.8,319.95,319.6,319.7562
1788555600000,319.78,319.96,319.6165,319.87
1788556500000,319.86,320.0195,319.8436,319.93
1788557400000,319.95,319.99,319.86,319.96
1788558300000,319.95,319.98,319.9115,319.98
1788559200000,319.9224,320.1,319.9224,320.09
1788560100000,320.09,320.24,320.01,320.1
1788561000000,320.1975,320.2,320.1,320.13
1788561900000,320.16,320.2,320.1,320.19
1788562800000,320.18,320.2,320.1542,320.19
1788563700000,320.1831,320.21,320.1,320.16
1788564600000,320.158,320.16,320.01,320.1
1788565500000,320.0993,320.15,320.0017,320.0224
1788566400000,319.89,320.01,319.89,320.01
1788568200000,320.01,320.07,320.01,320.07
1788570000000,320.11,320.11,320.11,320.11
1788570900000,320.11,320.35,319.64,319.64
1788572700000,320.35,320.35,319.65,320.28
1788574500000,320.03,320.03,320.03,320.03
1788575400000,320.05,320.05,319.91,319.91
1788576300000,320.05,320.05,320.05,320.05
1788579000000,319.91,319.91,319.91,319.91
1788580800000,320.07,320.07,319.84,319.84
1788581700000,320.08,320.08,319.83,319.83
1788583500000,320.18,320.18,319.51,319.74
1788584400000,319.74,319.74,319.45,319.45
1788585300000,319.74,319.74,319.45,319.74
1788590700000,319.81,319.81,319.81,319.81
1788595200000,319.83,319.83,319.74,319.74
1788599700000,319.83,319.86,319.83,319.86
1788600600000,319.86,319.86,319.86,319.86
1788602400000,319.86,319.86,319.86,319.86
1788603300000,319.87,320.5,319.87,320.5
1788604200000,320.39,320.39,320.39,320.39
1788606000000,320.42,320.44,320.42,320.44
1788607800000,320.44,320.44,320.31,320.31
1788611400000,320.31,320.54,320.26,320.26
1788615000000,320.44,320.44,320.26,320.26
1788618600000,320.56,320.57,320.4,320.4
1788620400000,320.4,320.4,320.4,320.4
1788621300000,320.49,320.49,320.4,320.4
1788623100000,320.55,320.55,320.55,320.55
1788624000000,320.88,320.9,320.41,320.41
1788629400000,320.57,320.66,320.57,320.66
1788631200000,320.71,320.71,320.71,320.71
1788639300000,320.71,320.71,320.71,320.71
1788642900000,320.71,320.71,320.71,320.71
1788647400000,320.48,320.48,320.48,320.48
1788653700000,320.72,320.72,320.72,320.72
1788657300000,320.75,320.75,320.75,320.75
1788664500000,320.78,320.78,320.72,320.72
1788669900000,320.72,320.72,320.72,320.72
1788670800000,320.72,320.72,320.72,320.72
1788672600000,320.84,320.84,320.84,320.84
1788679800000,320.72,320.72,320.72,320.72
1788682500000,320.88,320.88,320.88,320.88
1788685200000,320.89,320.89,320.89,320.89
1788688800000,320.91,320.91,320.91,320.91
1788701400000,320.91,320.91,320.91,320.91
1788702300000,320.72,320.72,320.72,320.72
1788704100000,320.91,320.91,320.91,320.91
1788705000000,320.99,320.99,320.99,320.99
1788706800000,320.72,320.72,320.69,320.69
1788707700000,320.69,320.69,320.64,320.64
1788709500000,320.64,320.84,320.64,320.84
1788710400000,320.9,320.9,320.9,320.9
1788717600000,320.89,320.89,320.89,320.89
1788721200000,320.93,320.93,320.93,320.93
1788723000000,320.92,320.92,320.92,320.92
1788731100000,320.79,320.79,320.79,320.79
1788734700000,320.92,320.92,320.92,320.92
1788737400000,320.99,320.99,320.99,320.99
1788740100000,320.79,320.79,320.79,320.79
1788742800000,320.99,321.3,320.81,320.81
1788745500000,320.88,320.88,320.88,320.88
1788750000000,320.66,320.79,320.54,320.54
1788756300000,320.77,320.77,320.54,320.54
1788766200000,320.8,320.8,320.54,320.54
1788768900000,320.81,320.81,320.81,320.81
1788769800000,320.54,320.54,320.54,320.54
1788771600000,320.54,320.54,320.54,320.54
1788772500000,320.81,320.81,320.54,320.54
1788776100000,320.81,320.81,320.54,320.54
1788777000000,320.81,320.81,320.54,320.54
1788777900000,320.83,320.83,320.83,320.83
1788778800000,320.54,320.54,320.52,320.52
1788781500000,320.84,320.84,320.84,320.84
1788784200000,320.52,320.52,320.52,320.52
1788787800000,320.85,320.85,320.85,320.85
1788791400000,320.85,320.85,320.85,320.85
1788795900000,320.86,320.86,320.86,320.86
1788796800000,320.88,320.88,320.69,320.69
1788797700000,320.88,320.89,320.59,320.59
1788798600000,320.44,320.44,320.3,320.3
1788799500000,320.3,320.3,320.12,320.12
1788803100000,320.38,320.38,320.38,320.38
1788804000000,320.44,320.44,320.22,320.22
1788810300000,320.47,320.53,320.15,320.22
1788816600000,320.22,320.22,320.22,320.22
1788821100000,320.53,320.53,320.53,320.53
1788825600000,320.16,320.24,318.6,318.87
1788826500000,318.88,318.88,318.15,318.23
1788827400000,318.13,318.8,318.1,318.4
1788828300000,318.45,318.64,318.37,318.41
1788829200000,318.45,318.86,318.44,318.75
1788830100000,318.75,318.98,318.69,318.94
1788831000000,318.93,319.04,318.68,318.68
1788831900000,318.69,318.77,318.56,318.71
1788832800000,318.76,318.89,318.64,318.69
1788833700000,318.7,318.78,318.6,318.68
1788834600000,318.69,318.73,318.6,318.61
1788835500000,318.6,318.68,318.37,318.37
1788836400000,318.38,318.52,318.21,318.49
1788837300000,318.43,318.91,318.38,318.79
1788838200000,318.95,319.13,318.72,319.09
1788839100000,319.09,319.32,319.03,319.25
1788840000000,319.2,319.27,319.03,319.27
1788840900000,319.17,319.4,319.17,319.34
1788841800000,319.34,319.58,319.31,319.58
1788842700000,319.57,319.57,319.06,319.1
1788843600000,319.1,319.32,319.05,319.2
1788844500000,319.2,319.43,319.2,319.2
1788845400000,319.11,319.15,318.5,318.5
1788846300000,318.56,318.65,318.4,318.46
1788847200000,318.5,318.83,318.33,318.7
1788848100000,318.75,318.98,318.62,318.7
1788849000000,318.65,318.88,318.59,318.84
1788849900000,318.87,319.07,318.84,318.9
1788850800000,318.88,319.18,318.88,318.96
1788851700000,318.99,319.31,318.88,319.03
1788852600000,319.03,319.03,318.5,318.52
1788853500000,318.52,318.68,318.25,318.49
1788854400000,318.92,319.6322,318.25,318.74
1788855300000,318.7,318.82,318.49,318.55
1788856200000,318.4094,318.6308,318.38,318.6088
1788857100000,318.4047,318.6488,318.38,318.51
1788858000000,318.5273,318.88,318.52,318.55
1788858900000,318.55,318.69,318.52,318.54
1788859800000,318.53,318.706,318.5,318.6
1788860700000,318.5983,319.13,318.5299,318.76
1788861600000,318.76,318.9788,318.59,318.75
1788862500000,318.8,319.16,318.5912,318.63
1788863400000,318.63,318.9288,318.52,318.55
1788864300000,318.63,318.7832,318.5,318.6
1788865200000,318.73,319.97,318.49,318.65
1788866100000,318.69,318.83,318.52,318.53
1788867000000,318.52,318.6,318.1,318.2499
1788867900000,318.15,318.54,318.06,318.47
1788868800000,318.49,318.79,318.05,318.05
1788869700000,318.08,318.28,317.93,318.14
1788870600000,318.139,318.2888,318,318.08
1788871500000,318.143,318.3285,317.62,317.78
1788872400000,317.73,318.0788,317.3,318.057
1788873300000,318.07,318.29,316.59,317.19
1788874200000,317.12,320.7,315.7,317.5183
1788875100000,317.5,317.65,315.98,316.9
1788876000000,316.875,317.26,315.73,315.885
1788876900000,315.8705,316,315.292,315.67
1788877800000,315.67,316.27,315.27,316.09
1788878700000,316.09,316.38,315.62,315.9746
1788879600000,316,316.57,315.7152,316.2
1788880500000,316.205,316.78,315.75,316.245
1788881400000,316.24,316.81,316.02,316.415
1788882300000,316.41,316.6,316,316.0799
1788883200000,316.065,316.268,315.54,315.595
1788884100000,315.59,316.14,315.46,316.085
1788885000000,316.1,316.1799,315.88,316.09
1788885900000,316.08,316.18,315.75,315.99
1788886800000,315.99,316.56,315.95,316.185
1788887700000,316.17,316.28,315.79,316.27
1788888600000,316.272,316.33,316.04,316.26
1788889500000,316.26,316.3,315.941,316.03
1788890400000,316.025,316.52,315.97,316.325
1788891300000,316.33,316.74,315.95,316.39
1788892200000,316.395,316.53,315.38,315.47
1788893100000,315.4688,315.98,314.92,315.53
1788894000000,315.52,316.53,315.35,316.09
1788894900000,316.09,316.09,315.525,315.8
1788895800000,315.8001,316.36,315.525,316.18
1788896700000,316.2,316.69,315.7,316.22
1788897600000,316.3,316.75,315.85,316.21
1788898500000,316.21,316.36,316.1001,316.1636
1788899400000,316.22,316.33,316.0277,316.29
1788900300000,316.21,316.4,316.21,316.35
1788901200000,316.35,316.49,316.23,316.3086
1788902100000,316.31,316.4,314.7232,316.3852
1788903000000,316.39,316.45,314.7232,316.4257
1788903900000,316.38,316.43,316.3,316.3027
1788904800000,316.34,316.43,316.02,316.34
1788905700000,316.32,316.37,316.05,316.3
1788906600000,316.2,316.37,316.1147,316.3352
1788907500000,316.35,316.45,316.3,316.4499
1788908400000,316.39,316.49,316.35,316.43
1788909300000,316.4,316.46,316.1075,316.25
1788910200000,316.29,316.4,316.22,316.3012
1788911100000,316.3,316.4,316.12,316.34
1788912000000,316.29,316.64,316.2,316.58
1788912900000,316.58,316.84,316.58,316.8
1788913800000,316.82,316.83,316.71,316.78
1788914700000,316.75,317.09,316.73,316.98
1788915600000,316.98,317.13,316.9,317.1
1788916500000,317.07,317.28,317.06,317.22
1788917400000,317.24,317.49,317.2,317.41
1788918300000,317.43,317.57,317.35,317.36
1788919200000,317.4,317.65,317.34,317.4
1788920100000,317.4,317.43,317.14,317.25
1788921000000,317.28,317.32,317.15,317.16
1788921900000,317.17,317.25,316.99,317.18
1788922800000,317.24,317.28,317.16,317.28
1788923700000,317.29,317.46,317.29,317.43
1788924600000,317.42,317.43,317.28,317.4
1788925500000,317.4,317.44,317.35,317.37
1788926400000,317.37,317.5,317.35,317.45
1788927300000,317.39,317.46,317.29,317.32
1788928200000,317.32,317.42,317.28,317.41
1788929100000,317.43,317.6,317.43,317.6
1788930000000,317.63,317.69,317.56,317.59
1788930900000,317.58,317.58,317.41,317.54
1788931800000,317.55,317.95,317.42,317.86
1788932700000,317.91,317.94,317.68,317.71
1788933600000,317.69,317.97,317.67,317.93
1788934500000,317.93,317.97,317.8,317.8
1788935400000,317.84,317.94,317.47,317.47
1788936300000,317.55,317.55,317.18,317.2
1788937200000,317.14,317.31,316.89,317.26
1788938100000,317.24,317.29,317.01,317.03
1788939000000,317.07,317.07,316.86,316.9
1788939900000,316.91,317.03,316.76,316.92
1788940800000,316.89,317.98,316.22,316.5055
1788941700000,316.6,316.76,316.38,316.49
1788942600000,316.41,316.61,316.18,316.46
1788943500000,316.25,316.3388,316,316.11
1788944400000,316.07,316.31,316.02,316.24
1788945300000,316.22,316.25,315.99,316.0547
1788946200000,316.1377,316.1377,315.7035,315.802
1788947100000,315.81,316.0888,315.42,315.7964
1788948000000,315.75,316.0788,315.7,316
1788948900000,316,316.6897,315.9426,316.09
1788949800000,316.06,316.13,315.55,315.68
1788950700000,315.68,315.8607,315.23,315.4
1788951600000,315.4,316.22,315.01,315.1312
1788952500000,315.17,315.76,315.05,315.5732
1788953400000,315.54,315.65,315.1775,315.2896
1788954300000,315.29,315.66,315.08,315.26
1788955200000,315.17,315.45,314.95,314.95
1788956100000,314.91,315.28,314.71,315.0563
1788957000000,315.08,315.5,314.94,315.37
1788957900000,315.2,315.37,314.85,315.1399
1788958800000,315.1,315.42,315,315.245
1788959700000,315.22,315.71,314.81,315.5688
1788960600000,315.4106,316.21,315.055,315.8501
1788961500000,315.85,318,315.5,317.8749
1788962400000,317.86,318.13,315.51,315.535
1788963300000,315.46,315.69,314.33,314.75
1788964200000,314.69,314.7101,312.95,313.24
1788965100000,313.22,313.75,313.11,313.375
1788966000000,313.39,313.4225,312.17,312.22
1788966900000,312.225,312.7634,312.11,312.5026
1788967800000,312.51,313.589,312.22,313.29
1788968700000,313.2496,313.6,312.9201,313.175
1788969600000,313.17,313.5,312.8601,313.38
1788970500000,313.37,313.71,313.242,313.665
1788971400000,313.68,314.38,313.44,314.34
1788972300000,314.3563,314.365,313.58,314.01
1788973200000,314.005,315,312.31,312.86
1788974100000,312.835,313.11,310.97,311.705
1788975000000,311.72,313.34,311.05,312.5176
1788975900000,312.51,314.36,312.13,313.255
1788976800000,313.255,313.79,310.05,310.05
1788977700000,310.065,313.43,309.9,312.13
1788978600000,312.135,314.28,311.95,314.1203
1788979500000,314.1103,319.15,313.76,316.66
1788980400000,316.68,317.2,315.14,315.8601
1788981300000,315.8727,316.36,315.16,315.57
1788982200000,315.56,315.89,314.88,315.77
1788983100000,315.76,315.9439,315.02,315.34
1788984000000,315.43,316.08,315.05,315.95
1788984900000,315.81,316.11,315.34,315.946
1788985800000,315.9485,316,315.34,315.86
1788986700000,315.8607,316,315.86,315.92
1788987600000,315.9292,315.98,315.863,315.92
1788988500000,315.921,315.98,315.85,315.86
1788989400000,315.86,316.1797,315.85,316.1797
1788990300000,316.18,317.62,316.1648,317.39
1788991200000,317.3,317.5,316.91,317.0487
1788992100000,317.03,317.54,316.78,317.4801
1788993000000,317.53,317.68,317.2995,317.39
1788993900000,317.39,317.65,317.2553,317.65
1788994800000,317.6323,317.69,317.2,317.31
1788995700000,317.33,317.99,317.25,317.95
1788996600000,317.9,318.2,317.7732,318.1549
1788997500000,318.1262,318.16,317.68,318
1788998400000,317.23,318.18,317.11,317.55
1788999300000,317.56,317.71,317.28,317.4
1789000200000,317.4,317.58,317.11,317.17
1789001100000,317.16,317.29,316.8,317.29
1789002000000,317.32,317.34,316.83,316.9
1789002900000,316.89,317.07,316.71,316.9
1789003800000,316.93,317.04,316.75,317.04
1789004700000,317,317.13,316.92,317
1789005600000,317.01,317.01,316.71,316.8
1789006500000,316.8,316.96,316.66,316.8
1789007400000,316.84,317,316.69,316.99
1789008300000,317,317.08,316.86,316.98
1789009200000,316.97,317.06,316.93,317.06
1789010100000,317.06,317.23,317.01,317.01
1789011000000,317,317.34,317,317.34
1789011900000,317.34,317.38,317.25,317.38
1789012800000,317.38,317.49,317.37,317.48
1789013700000,317.49,317.52,317.39,317.44
1789014600000,317.44,317.45,317.18,317.2
1789015500000,317.23,317.31,317.16,317.2
1789016400000,317.25,317.37,317.2,317.32
1789017300000,317.27,317.28,316.89,316.99
1789018200000,317,317.26,316.93,317.2
1789019100000,317.22,317.48,317.18,317.45
1789020000000,317.46,317.47,317.11,317.13
1789020900000,317.13,317.15,316.8,317.01
1789021800000,317.02,317.24,316.96,317.21
1789022700000,317.24,317.29,316.95,316.98
1789023600000,316.96,317.06,316.75,317
1789024500000,317.01,317.15,317.01,317.14
1789025400000,317.14,317.19,317.04,317.06
1789026300000,317.12,317.23,317,317.05
1789027200000,317.6,318.1,315.34,318.0992
1789028100000,318.12,318.88,317.8673,318.7
1789029000000,318.7932,318.95,318.5003,318.7
1789029900000,318.71,319.55,318.71,319.53
1789030800000,319.54,319.54,318.5912,318.88
1789031700000,318.98,319.0242,318.305,318.475
1789032600000,318.475,319,318.33,318.96
1789033500000,319,319.1755,318.62,318.9
1789034400000,318.9404,319.1588,318.7915,318.9988
1789035300000,318.99,319.18,318.7168,319.12
1789036200000,319.12,320,318.88,319.62
1789037100000,319.62,319.6788,319.02,319.0381
1789038000000,319.02,319.31,318.52,318.84
1789038900000,318.85,318.9,318.2597,318.32
1789039800000,318.32,318.6988,318.03,318.1
1789040700000,318.1,318.23,317.06,317.6
1789041600000,317.69,318.32,317.52,318.07
1789042500000,318.07,318.3,317.3803,317.85
1789043400000,317.8923,317.9,316.4,316.52
1789044300000,316.54,317.45,316.2,316.655
1789045200000,316.65,317.5,316.64,317.1948
1789046100000,317.26,317.68,316,316.6
1789047000000,316.79,323.129,316.57,319.94
1789047900000,319.94,321.18,317.84,318.929
1789048800000,318.77,320,318.11,319.34
1789049700000,319.3331,320,318.7511,318.955
1789050600000,319.01,320.85,318.88,320.065
1789051500000,320.125,323.19,319.79,323.0101
1789052400000,323.04,323.37,321.77,321.94
1789053300000,321.9201,323.82,321.6,323.71
1789054200000,323.67,324.35,322.38,322.49
1789055100000,322.4656,322.63,319.22,319.57
1789056000000,319.565,320.49,319.21,320.135
1789056900000,320.135,321.92,319.96,321.905
1789057800000,321.855,324.73,321.26,324.475
1789058700000,324.485,324.83,323.03,323.35
1789059600000,323.3543,323.99,322.85,323.55
1789060500000,323.565,324.865,323.42,324.822
1789061400000,324.84,325.68,324.35,325.44
1789062300000,325.44,325.65,324.95,325.01
1789063200000,325.0299,325.19,323.45,323.65
1789064100000,323.65,324.47,323.38,324.12
1789065000000,324.1101,324.555,323.63,324.4
1789065900000,324.4,325.5,324.21,325.38
1789066800000,325.38,325.885,324.94,325.8
1789067700000,325.79,326.12,325.19,325.285
1789068600000,325.27,325.835,325.17,325.3999
1789069500000,325.37,326.68,325.17,326.57
1789070400000,326.64,326.71,326.2603,326.48
1789071300000,326.5,326.57,326.42,326.42
1789072200000,326.44,326.57,326,326.2888
1789073100000,326.14,326.1984,325.9,325.9
1789074000000,325.9016,326,325.85,325.86
1789074900000,325.85,326,325.85,325.9018
1789075800000,325.9487,326.1,325.85,326.05
1789076700000,326.03,326.3288,325.95,326.23
1789077600000,326.23,326.45,326.21,326.3512
1789078500000,326.35,326.48,326.21,326.23
1789079400000,326.21,326.3,326.05,326.0717
1789080300000,326.1,326.2855,326,326.02
1789081200000,326.03,326.15,326,326.01
1789082100000,326.01,326.1,325.74,325.7494
1789083000000,325.75,325.92,325.67,325.92
1789083900000,325.85,325.98,325.75,325.8
1789084800000,326.35,326.35,325.75,325.9
1789085700000,325.88,325.99,325.44,325.56
1789086600000,325.58,326.19,325.51,325.98
1789087500000,325.77,326.05,325.73,325.86
1789088400000,325.89,325.9,325.61,325.65
1789089300000,325.66,325.74,325.57,325.68
1789090200000,325.65,325.8,325.54,325.58
1789091100000,325.56,325.61,325.46,325.49
1789092000000,325.49,325.6,325.49,325.53
1789092900000,325.54,325.68,325.46,325.68
1789093800000,325.68,325.7,325.5,325.5
1789094700000,325.5,325.67,325.47,325.51
1789095600000,325.51,325.61,325.42,325.59
1789096500000,325.59,325.6,325.48,325.54
1789097400000,325.51,325.74,325.27,325.68
1789098300000,325.65,325.7,325.43,325.64
1789099200000,325.63,326,325.62,325.9
1789100100000,325.91,326.2,325.8,325.96
1789101000000,325.97,326.09,325.82,325.88
1789101900000,325.87,325.92,325.67,325.74
1789102800000,325.64,325.86,325.58,325.86
1789103700000,325.86,325.92,325.75,325.8
1789104600000,325.83,325.94,325.78,325.91
1789105500000,325.91,326.2,325.79,326.15
1789106400000,326.19,326.19,325.84,325.96
1789107300000,325.89,325.89,325.67,325.67
1789108200000,325.67,325.75,325.6,325.72
1789109100000,325.71,326.2,325.71,326.2
1789110000000,326.14,326.5,326.02,326.41
1789110900000,326.37,326.56,326.23,326.36
1789111800000,326.3,326.44,326.19,326.35
1789112700000,326.37,326.7,326.33,326.7
1789113600000,326,326.723,325.5067,325.8368
1789114500000,325.9588,326.49,325.8112,326.0283
1789115400000,326.01,326.2,325.1312,325.2
1789116300000,325.21,326.15,325.135,326
1789117200000,326.08,326.2488,325.51,325.7342
1789118100000,325.7988,325.7988,325.237,325.59
1789119000000,325.41,325.7,325.32,325.5326
1789119900000,325.5181,326,325.5181,325.82
1789120800000,325.82,325.99,325.5283,325.7996
1789121700000,325.8042,325.9888,325.5882,325.77
1789122600000,325.73,326.3225,325.68,326.28
1789123500000,326.2832,326.3288,326.0012,326.18
1789124400000,326.13,326.57,326.1,326.42
1789125300000,326.4092,326.57,326.26,326.5688
1789126200000,326.55,326.75,326.4,326.7207
1789127100000,326.7352,326.8,326.5612,326.6542
1789128000000,326.689,326.77,326,326.5
1789128900000,326.4988,326.57,325.8,326.36
1789129800000,326.5,326.57,324.4997,325.31
1789130700000,325.35,326.29,325.31,326.1038
1789131600000,326.0603,326.8,326.06,326.3
1789132500000,326.3308,327.77,325.77,327.35
1789133400000,327.66,334.27,326.3,333.35
1789134300000,333.39,333.75,331.01,332.47
1789135200000,332.405,332.93,331.6601,331.7
1789136100000,331.74,334.59,331.6601,334.0851
1789137000000,334.09,334.9099,332.42,334.7
1789137900000,334.71,335.43,334.21,334.96
1789138800000,335.02,336.22,334.94,335.54
1789139700000,335.515,336.16,335.0835,335.57
1789140600000,335.54,335.54,334.62,334.78
1789141500000,334.79,334.85,333.69,333.9175
1789142400000,333.94,334.77,333.63,334.71
1789143300000,334.67,334.84,333.9604,334.17
1789144200000,334.19,334.4408,333.93,334.13
1789145100000,334.15,334.83,333.93,334.745
1789146000000,334.745,334.85,334.125,334.34
1789146900000,334.36,334.47,333.83,333.95
1789147800000,333.96,334.3,333.13,333.2195
1789148700000,333.22,333.47,332.74,333.38
1789149600000,333.375,333.8299,332.58,332.795
1789150500000,332.82,333.06,332.55,332.855
1789151400000,332.86,333.179,332.73,332.905
1789152300000,332.9,333.05,332.39,332.52
1789153200000,332.5114,333,332.4,332.56
1789154100000,332.555,332.92,332.48,332.6401
1789155000000,332.68,333.07,332.46,332.645
1789155900000,332.65,332.89,332.07,332.27
1789156800000,332.24,332.6374,332.24,332.55
1789157700000,332.5,332.68,332.27,332.5077
1789158600000,332.5487,332.6,332.27,332.46
1789159500000,332.46,332.82,332.43,332.67
1789160400000,332.6785,332.7,332.45,332.524
1789161300000,332.5012,332.6552,332.4615,332.481
1789162200000,332.48,332.52,332.45,332.4576
1789163100000,332.48,332.52,332.45,332.519
1789164000000,332.48,332.75,332.48,332.5025
1789164900000,332.5988,332.726,332.5,332.51
1789165800000,332.6855,332.7,332.5,332.62
1789166700000,332.6,332.6988,332.51,332.55
1789167600000,332.55,332.6,332.5,332.54
1789168500000,332.54,332.5988,332.5162,332.52
1789169400000,332.52,332.55,332.51,332.54
1789170300000,332.5212,332.6,332.51,332.55
1789172100000,332.76,332.76,332.57,332.57
1789175700000,332.57,332.57,332.57,332.57
1789176600000,332.57,332.57,332.51,332.51
1789183800000,332.82,332.82,332.48,332.48
1789184700000,332.76,332.76,332.47,332.47
1789187400000,332.76,332.76,332.48,332.48
1789189200000,332.48,332.48,332.48,332.48
1789191000000,332.76,332.76,332.48,332.48
1789191900000,332.76,332.76,332.47,332.47
1789194600000,332.5,332.5,332.5,332.5
1789195500000,332.47,332.47,332.43,332.43
1789197300000,332.39,332.82,332.33,332.33
1789198200000,332.82,332.82,332.82,332.82
1789200000000,332.83,332.84,332.29,332.29
1789201800000,332.84,332.84,332.29,332.29
1789204500000,332.29,332.29,332.29,332.29
1789207200000,332.84,332.87,332.29,332.29
1789209000000,332.87,332.88,332.87,332.88
1789210800000,332.77,332.77,332.29,332.29
1789211700000,332.77,332.77,332.28,332.28
1789212600000,332.77,332.77,332.77,332.77
1789214400000,332.77,332.77,332.77,332.77
1789217100000,332.88,332.88,332.77,332.77
1789219800000,332.88,332.88,332.88,332.88
1789221600000,332.88,332.88,332.77,332.77
1789222500000,332.88,332.88,332.88,332.88
1789223400000,332.88,332.88,332.88,332.88
1789224300000,332.88,332.91,331.76,331.76
1789225200000,331.77,331.77,331.53,331.53
1789226100000,331.53,331.64,331.45,331.45
1789227000000,331.45,331.45,331.45,331.45
1789228800000,332.85,333.67,332.32,332.32
1789231500000,332.34,332.34,332.34,332.34
1789232400000,332.71,332.81,331.45,331.45
1789233300000,332.81,332.81,331.39,332.81
1789236900000,332.81,332.81,332.81,332.81
1789238700000,332.84,332.84,331.98,331.98
1789250400000,332.04,332.04,332.04,332.04
1789254000000,332.84,332.84,331.98,331.98
1789254900000,332.84,332.84,331.98,331.98
1789255800000,332.84,332.84,332.81,332.81
1789256700000,332.81,332.81,331.98,332.81
1789261200000,332.81,332.81,331.95,331.95
1789263000000,331.95,331.95,331.95,331.95
1789264800000,332.81,332.81,331.9,331.9
1789265700000,332.81,332.81,332.81,332.81
1789266600000,331.89,331.89,331.89,331.89
1789279200000,331.88,331.88,331.88,331.88
1789287300000,331.88,331.88,331.88,331.88
1789289100000,332.81,332.81,331.88,331.88
1789290000000,331.88,332.78,331.88,332.78
1789290900000,331.86,331.86,331.08,331.08
1789292700000,332.78,332.78,331.12,331.12
1789293600000,331.12,331.12,331.12,331.12
1789294500000,331.12,332.78,330.72,331.4
1789295400000,332.78,332.78,332.78,332.78
1789296300000,332.78,332.78,331.02,332.78
1789297200000,332.78,332.78,331.02,331.02
1789299000000,331.02,332.78,331.02,332.78
1789299900000,332.78,332.78,332.78,332.78
1789305300000,332.81,332.81,330.98,330.98
1789306200000,332.81,332.81,332.81,332.81
1789307100000,331.03,332.86,331.03,332.86
1789308000000,332.79,332.81,332.79,332.81
1789309800000,332.81,332.81,332.81,332.81
1789310700000,332.04,332.04,332.04,332.04
1789312500000,332.81,332.81,332.73,332.73
1789313400000,332.73,332.73,331.03,331.03
1789315200000,332.73,332.73,332.73,332.73
1789320600000,332.73,332.73,331.03,331.03
1789324200000,332.73,332.73,332.73,332.73
1789326000000,332.73,332.73,332.73,332.73
1789333200000,331.03,331.03,331.02,331.02
1789335900000,332.73,332.73,330.96,330.96
1789342200000,332.73,332.73,332.73,332.73
1789344000000,331.42,331.85,330.2,330.25
1789344900000,330.25,330.81,330.11,330.19
1789345800000,330.11,330.33,329.99,330.33
1789346700000,330.27,330.5,329.85,329.91
1789347600000,329.91,330.63,329.91,330.45
1789348500000,330.48,331.01,330.36,330.88
1789349400000,330.96,331.12,330.61,330.61
1789350300000,330.6,330.8,330.29,330.76
1789351200000,330.74,330.74,330.11,330.14
1789352100000,330.12,330.41,329.61,329.69
1789353000000,329.71,329.93,328.73,328.85
1789353900000,328.82,329.21,328.73,328.91
1789354800000,328.8,329.3,328.8,328.8
1789355700000,328.83,328.99,328.41,328.59
1789356600000,328.57,328.68,328.53,328.53
1789357500000,328.55,328.99,328.52,328.77
1789358400000,328.79,329.1,328.75,328.99
1789359300000,328.97,329.31,328.84,329.29
1789360200000,329.3,329.5,329.25,329.42
1789361100000,329.43,329.72,329.39,329.69
1789362000000,329.69,329.93,329.56,329.75
1789362900000,329.58,329.77,329.34,329.48
1789363800000,329.56,329.78,329.39,329.45
1789364700000,329.45,329.56,329.41,329.52
1789365600000,329.61,329.64,329.41,329.53
1789366500000,329.53,329.61,329.46,329.59
1789367400000,329.59,329.72,329.34,329.72
1789368300000,329.79,329.96,329.7,329.7
1789369200000,329.71,329.71,329.18,329.32
1789370100000,329.33,330,329.15,329.99
1789371000000,329.85,330.12,329.75,329.91
1789371900000,329.91,330.12,329.69,330.12
1789372800000,330.36,332,328.66,331.8
1789373700000,331.7112,331.97,331.008,331.17
1789374600000,331.05,331.13,330.2793,330.405
1789375500000,330.45,331,330.06,330.99
1789376400000,331.2288,331.26,330.21,330.26
1789377300000,330.2191,330.998,330.1,330.8673
1789378200000,330.6958,331.39,330.6958,331.16
1789379100000,331.24,331.6032,331.023,331.17
1789380000000,331.29,331.65,331.11,331.2572
1789380900000,331.41,331.9,331.35,331.76
1789381800000,331.736,331.81,331.35,331.3532
1789382700000,331.42,332.89,331.2,332.51
1789383600000,332.5,334,332.27,333.39
1789384500000,333.3,334.3,333.01,333.42
1789385400000,333.55,333.89,333.3057,333.84
1789386300000,333.67,333.89,333.23,333.26
1789387200000,333.3092,333.32,332.1465,332.54
1789388100000,332.5487,333.27,332.33,332.33
1789389000000,332.41,332.59,331.8,332.44
1789389900000,332.42,333.7,332.3512,333.67
1789390800000,333.69,334,333.2,333.85
1789391700000,333.84,335.35,333.5,334.94
1789392600000,334.83,334.83,331.34,332.5
1789393500000,332.46,335.08,332.03,333.935
1789394400000,334.01,334.63,333.41,333.51
1789395300000,333.52,333.56,332.48,333.195
1789396200000,333.18,333.467,332.4201,332.97
1789397100000,332.98,333.2,332.118,332.933
1789398000000,332.98,333.46,332.42,332.715
1789398900000,332.7151,333.13,332.33,332.66
1789399800000,332.655,334.65,332.65,334.39
1789400700000,334.405,335.5,334.4,335.04
1789401600000,335.06,335.49,334.45,334.901
1789402500000,334.91,335.04,334.31,334.585
1789403400000,334.59,334.988,334.1,334.89
1789404300000,334.885,335.26,334.54,334.86
1789405200000,334.855,335.18,334.19,334.795
1789406100000,334.78,334.8099,334,334.62
1789407000000,334.62,334.715,334.265,334.56
1789407900000,334.555,334.66,333.8101,333.875
1789408800000,333.87,334.158,333.57,334.1415
1789409700000,334.15,334.54,334.04,334.49
1789410600000,334.49,334.61,333.48,334.5334
1789411500000,334.54,334.75,334.12,334.14
1789412400000,334.17,335.38,333.8427,335.25
1789413300000,335.24,335.42,334.29,334.4
1789414200000,334.3999,334.59,333.93,333.932
1789415100000,333.935,334.41,333,333.08
1789416000000,333.08,333.3,332.88,333.03
1789416900000,333.03,333.08,332.82,332.91
1789417800000,332.91,333.08,332.82,333.08
1789418700000,332.88,333,332.82,332.9
1789419600000,332.8912,333,332.71,332.93
1789420500000,332.9007,332.98,332.81,332.81
1789421400000,332.8135,332.95,332.76,332.78
1789422300000,332.761,332.94,332.75,332.8012
1789423200000,332.89,332.94,332.6,332.7
1789424100000,332.6805,332.6805,332.38,332.53
1789425000000,332.53,332.6,332.37,332.37
1789425900000,332.38,332.5,332.37,332.4415
1789426800000,332.47,332.5,332.37,332.5
1789427700000,332.373,332.49,332.08,332.28
1789428600000,332.2193,332.4888,332.11,332.2301
1789429500000,332.2,332.39,332.11,332.23
1789430400000,332.1,332.5,331.81,332.16
1789431300000,332.16,332.17,331.9,331.9
1789432200000,331.89,332.07,331.81,332.05
1789433100000,332,332.1,331.8,332.02
1789434000000,332.02,332.14,331.97,332.08
1789434900000,332.08,332.18,332.02,332.02
1789435800000,332.03,332.04,331.81,331.85
1789436700000,331.85,331.91,331.74,331.85
1789437600000,331.85,331.87,331.74,331.74
1789438500000,331.75,331.76,331.69,331.71
1789439400000,331.76,331.77,331.66,331.66
1789440300000,331.66,331.73,331.63,331.7
1789441200000,331.69,331.74,331.62,331.65
1789442100000,331.69,331.69,331.63,331.65
1789443000000,331.63,331.66,331.53,331.56
1789443900000,331.57,331.64,331.46,331.49
1789444800000,331.51,331.67,331.5,331.65
1789445700000,331.65,331.66,331.55,331.56
1789446600000,331.56,331.59,331.18,331.28
1789447500000,331.26,331.26,330.5,330.81
1789448400000,330.82,330.82,330.42,330.45
1789449300000,330.45,330.73,330.36,330.66
1789450200000,330.72,330.84,330.56,330.72
1789451100000,330.73,330.98,330.73,330.89
1789452000000,330.86,331.06,330.75,330.77
1789452900000,330.77,330.9,330.66,330.68
1789453800000,330.68,330.68,330.4,330.61
1789454700000,330.61,330.74,330.47,330.53
1789455600000,330.51,330.64,330.45,330.45
1789456500000,330.45,330.88,330.45,330.64
1789457400000,330.75,330.83,330.3,330.34
1789458300000,330.34,330.34,330.09,330.29
1789459200000,330.23,333.08,330.09,331.31
1789460100000,331.2202,331.38,330.64,330.96
1789461000000,331.1988,331.1988,330.95,330.99
1789461900000,330.8,331.083,330.7522,330.8377
1789462800000,330.8377,330.8388,330.46,330.57
1789463700000,330.4682,330.7888,330.4682,330.7865
1789464600000,330.6535,331.0688,330.6427,330.7961
1789465500000,330.67,330.82,330.6,330.8188
1789466400000,330.7171,330.8188,330.3712,330.53
1789467300000,330.45,330.6945,330.01,330.57
1789468200000,330.5838,330.6527,330.1612,330.6188
1789469100000,330.47,331.1,330.4212,331.1
1789470000000,331,333.08,330.51,331.09
1789470900000,330.9765,331.23,330.79,331.06
1789471800000,330.9793,331.19,330.8,331.06
1789472700000,331.1175,331.47,330.9001,331.33
1789473600000,331.3,331.7997,331.1212,331.6485
1789474500000,331.6482,331.65,331.2001,331.38
1789475400000,331.28,331.3988,331.0412,331.2012
1789476300000,331.2195,331.55,331.0365,331.402
1789477200000,331.44,331.6491,331.1,331.355
1789478100000,331.39,331.81,329.76,330
1789479000000,330.26,331.5,328.35,330.305
1789479900000,330.33,331.59,330.022,330.71
1789480800000,330.7,330.735,329.41,329.7556
1789481700000,329.73,330.27,329.29,329.54
1789482600000,329.5301,329.98,328.88,329.53
1789483500000,329.525,330.3,329.42,329.76
1789484400000,329.79,330.085,329.05,329.52
1789485300000,329.51,330.33,329.26,329.91
1789486200000,329.92,330.01,329.34,329.905
1789487100000,329.9,330.04,329.285,329.6
1789488000000,329.605,330.43,329.5,330.115
1789488900000,330.1,330.87,330,330.4191
1789489800000,330.4002,330.6292,329.77,329.9225
1789490700000,329.93,330.19,329.42,329.53
1789491600000,329.52,329.96,329.475,329.84
1789492500000,329.815,330.055,329.65,330.03
1789493400000,330.04,330.575,330.04,330.52
1789494300000,330.52,330.78,330.2345,330.42
1789495200000,330.42,330.83,330.325,330.675
1789496100000,330.675,330.74,330.15,330.41
1789497000000,330.4,330.5,330.09,330.28
1789497900000,330.3,330.55,330.05,330.52
1789498800000,330.51,330.59,330.11,330.18
1789499700000,330.2,330.29,329.83,330.24
1789500600000,330.24,330.37,329.85,330.256
1789501500000,330.27,331.76,330.07,331.34
1789502400000,331.32,331.78,331.05,331.69
1789503300000,331.6,331.74,331.34,331.55
1789504200000,331.59,331.71,331.34,331.64
1789505100000,331.6895,331.78,331.55,331.72
1789506000000,331.7277,331.77,331.66,331.694
1789506900000,331.74,331.76,331.55,331.6012
1789507800000,331.6012,331.65,331.55,331.5512
1789508700000,331.6475,331.7,331.55,331.5732
1789509600000,331.7,331.8988,331.5501,331.7
1789510500000,331.7452,331.85,331.56,331.7955
1789511400000,331.79,331.88,331.6245,331.82
1789512300000,331.73,331.9,331.7,331.7
1789513200000,331.8788,331.88,331.7,331.8099
1789514100000,331.77,331.88,331.7501,331.8775
1789515000000,331.88,332.1,331.77,332.02
1789515900000,331.9895,332.0988,331.9,332.08
1789516800000,332.14,332.14,331.7,331.71
1789517700000,331.81,331.87,331.73,331.82
1789518600000,331.83,331.89,331.72,331.89
1789519500000,331.88,331.93,331.8,331.83
1789520400000,331.83,331.96,331.56,331.92
1789521300000,331.86,331.92,331.68,331.86
1789522200000,331.77,331.78,331.58,331.71
1789523100000,331.71,331.79,331.51,331.54
1789524000000,331.72,331.84,331.51,331.6
1789524900000,331.59,331.66,331.54,331.65
1789525800000,331.67,331.74,331.5,331.59
1789526700000,331.61,331.64,331.58,331.59
1789527600000,331.63,331.72,331.6,331.72
1789528500000,331.67,331.89,331.67,331.82
1789529400000,331.74,331.88,331.69,331.88
1789530300000,331.84,331.88,331.74,331.78
1789531200000,331.78,331.86,331.73,331.73
1789532100000,331.73,331.8,331.5,331.56
1789533000000,331.56,331.64,331.56,331.59
1789533900000,331.59,331.66,331.59,331.66
1789534800000,331.65,331.77,331.64,331.68
1789535700000,331.71,331.72,331.65,331.7
1789536600000,331.67,331.74,331.66,331.67
1789537500000,331.67,331.72,331.5,331.68
1789538400000,331.61,331.69,331.52,331.66
1789539300000,331.66,331.66,331.55,331.58
1789540200000,331.58,331.63,331.5,331.57
1789541100000,331.51,331.55,331.47,331.49
1789542000000,331.48,331.5,331,331.25
1789542900000,331.28,331.36,331.09,331.25
1789543800000,331.19,331.31,330.8,331.17
1789544700000,331.17,331.23,330.96,331.11
1789545600000,331.3,331.8945,330.751,331.22
1789546500000,331.2997,331.87,331.1155,331.39
1789547400000,331.42,331.5697,331.15,331.4825
1789548300000,331.2326,331.5795,331.1562,331.4818
1789549200000,331.38,331.5188,331.1512,331.18
1789550100000,331.1685,331.4817,331.05,331.1372
1789551000000,331.1435,331.4888,331.05,331.206
1789551900000,331.054,331.2088,330.8,331.2088
1789552800000,330.8767,331.4988,330.8767,331.4655
1789553700000,331.4937,331.5,331.1512,331.2888
1789554600000,331.2827,331.49,331.1512,331.2032
1789555500000,331.23,331.71,331.2,331.66
1789556400000,331.73,331.87,331.3777,331.6051
1789557300000,331.5945,331.91,331.3752,331.91
1789558200000,331.8982,331.971,331.4,331.6
1789559100000,331.787,331.8,331.35,331.51
1789560000000,331.5012,331.61,331.31,331.4
1789560900000,331.43,331.6,331.19,331.45
1789561800000,331.39,331.4888,331.3,331.3988
1789562700000,331.34,331.49,331.3,331.49
1789563600000,331.49,333.84,330.95,332.6572
1789564500000,332.6,333.5,332.0512,332.45
1789565400000,332.42,335.48,331.87,333.69
1789566300000,333.58,334.97,332.25,334.1216
1789567200000,334.16,334.26,333.25,333.5067
1789568100000,333.5699,333.83,332.71,333.2656
1789569000000,333.32,334.28,333.19,333.92
1789569900000,333.9001,334.13,333.485,334.03
1789570800000,334.03,334.07,333.46,333.67
1789571700000,333.65,333.77,332.2751,332.7
1789572600000,332.7001,333.145,332.58,333.145
1789573500000,333.11,333.57,332.4919,332.78
1789574400000,332.78,333.46,332.67,332.82
1789575300000,332.8,332.97,332.33,332.72
1789576200000,332.71,332.88,332.29,332.84
1789577100000,332.84,332.98,332.3301,332.6208
1789578000000,332.61,332.9799,332.38,332.89
1789578900000,332.9199,333.28,332.81,333.27
1789579800000,333.28,333.45,333,333.15
1789580700000,333.15,333.41,333.0301,333.32
1789581600000,333.34,334.33,333.08,334.1
1789582500000,334.08,334.79,334.08,334.59
1789583400000,334.6299,334.69,332.645,333.93
1789584300000,333.92,334.28,332.05,332.11
1789585200000,332.11,332.6399,330.7,330.815
1789586100000,330.83,331.6899,330.77,331.61
1789587000000,331.6,332.45,331.495,331.65
1789587900000,331.63,332.59,331.5901,332.41
1789588800000,332.51,332.89,332.41,332.75
1789589700000,332.75,332.83,332.41,332.43
1789590600000,332.478,332.71,332.0012,332.52
1789591500000,332.42,332.61,332.08,332.52
1789592400000,332.41,332.61,332.4052,332.482
1789593300000,332.4801,332.61,332.44,332.4815
1789594200000,332.4955,332.7288,332.48,332.65
1789595100000,332.66,332.73,332.48,332.57
1789596000000,332.5,332.5402,332,332.3
1789596900000,332.3,332.59,332.3,332.42
1789597800000,332.41,332.7,332.41,332.42
1789598700000,332.427,332.6899,332.41,332.5
1789599600000,332.48,332.65,332.4332,332.59
1789600500000,332.522,332.9488,332.522,332.93
1789601400000,332.8,333.49,332.79,333.2
1789602300000,333.158,333.65,333.158,333.39
1789603200000,333.31,333.68,332.9,333.53
1789604100000,333.52,333.56,333.24,333.24
1789605000000,333.24,333.67,333.2,333.67
1789605900000,333.66,333.66,333.41,333.64
1789606800000,333.55,333.55,333.37,333.38
1789607700000,333.39,333.51,333.36,333.5
1789608600000,333.48,333.6,333.26,333.38
1789609500000,333.38,333.43,333.27,333.32
1789610400000,333.32,333.57,333.3,333.46
1789611300000,333.46,333.54,333.43,333.52
1789612200000,333.51,333.6,333.42,333.43
1789613100000,333.43,333.44,333.27,333.36
1789614000000,333.42,333.49,333.38,333.38
1789614900000,333.38,333.62,333.35,333.55
1789615800000,333.55,333.68,333.52,333.68
1789616700000,333.69,333.7,333.42,333.48
1789617600000,333.5,333.52,333.43,333.51
1789618500000,333.51,333.51,333.35,333.36
1789619400000,333.36,333.74,333.36,333.72
1789620300000,333.72,333.77,333.55,333.58
1789621200000,333.62,333.68,333.36,333.39
1789622100000,333.36,333.49,333.33,333.48
1789623000000,333.42,333.47,333.2,333.34
1789623900000,333.22,333.53,333.21,333.24
1789624800000,333.36,333.65,333.22,333.33
1789625700000,333.3,333.5,333.2,333.5
1789626600000,333.5,333.5,333.48,333.5
1789627500000,333.5,333.6,333.39,333.41
1789628400000,333.42,333.98,333.4,333.92
1789629300000,333.89,334,333.68,334
1789630200000,333.99,334.4,333.99,334.21
1789631100000,334.05,334.2,333.81,334.1
1789632000000,333.3,334.391,332.41,333.8037
1789632900000,333.6975,333.9888,333.6,333.79
1789633800000,333.68,334,333.6352,333.9447
1789634700000,334,334.2088,333.8075,334.1
1789635600000,334.2,334.4988,334.0469,334.4
1789636500000,334.11,334.45,334.11,334.1953
1789637400000,334.11,334.2,334.11,334.14
1789638300000,334.1112,334.2,334.1,334.14
1789639200000,334.14,334.2988,334.1025,334.24
1789640100000,334.24,334.3462,334.15,334.2975
1789641000000,334.25,334.35,334.07,334.12
1789641900000,334.1225,334.2488,334.09,334.1112
1789642800000,334.1212,334.25,334,334.1988
1789643700000,334.1,334.195,333.81,333.98
1789644600000,334.19,334.19,333.74,333.834
1789645500000,333.95,334.04,333.73,334.04
1789646400000,334.2288,334.4,333.9267,334.0975
1789647300000,334.1,334.5182,333.92,334.51
1789648200000,334.48,334.6,333.96,334.33
1789649100000,334.3554,334.3788,334.01,334.15
1789650000000,334.16,334.5,333.81,333.81
1789650900000,333.8117,335.17,333.58,334.97
1789651800000,334.755,335.58,331.3501,331.995
1789652700000,331.9878,332.2,330.1937,330.825
1789653600000,330.83,333.45,330.75,333.16
1789654500000,333.17,333.88,333.07,333.445
1789655400000,333.53,333.85,332.5001,332.65
1789656300000,332.675,332.96,332.2,332.72
1789657200000,332.8,333.1299,332.02,332.055
1789658100000,332.04,333.19,332.01,333.14
1789659000000,333.13,333.75,332.87,333.48
1789659900000,333.505,334.92,333.44,334.89
1789660800000,334.9,335.79,334.84,335.78
1789661700000,335.775,336.4,335.55,336.09
1789662600000,336.03,336.2,335.66,335.85
1789663500000,335.875,336.12,335.26,336.11
1789664400000,336.1,336.47,335.45,335.5373
1789665300000,335.55,335.87,335.28,335.45
1789666200000,335.44,335.95,335.4,335.865
1789667100000,335.87,336.19,335.7201,335.9301
1789668000000,335.96,336.0932,335.66,335.79
1789668900000,335.795,335.89,335.46,335.7999
1789669800000,335.8,336.3999,335.65,336.3
1789670700000,336.31,336.405,336.06,336.2331
1789671600000,336.25,337.47,336.24,337.26
1789672500000,337.25,337.31,336.77,337.005
1789673400000,337.005,338.34,336.975,337.415
1789674300000,337.41,338.08,336.83,337
1789675200000,337.06,337.18,336.81,336.94
1789676100000,337,337,336.79,336.9899
1789677000000,336.82,336.9788,334.47,336.84
1789677900000,336.84,337,336.7012,336.74
1789678800000,336.74,336.85,336.72,336.83
1789679700000,336.83,336.85,336.76,336.84
1789680600000,336.84,336.9962,336.78,336.8512
1789681500000,336.9768,337.2,336.92,337.1374
1789682400000,337.01,337.01,336.33,336.5628
1789683300000,336.54,336.6,336.3,336.3
1789684200000,336.3,336.4288,336.117,336.25
1789685100000,336.2999,336.4888,336.2,336.3
1789686000000,336.3,336.45,336.25,336.25
1789686900000,336.27,336.43,336.22,336.3
1789687800000,336.32,336.4188,336.18,336.18
1789688700000,336.18,336.2899,336.0355,336.13
1789689600000,336.13,336.5,336.1,336.16
1789690500000,336.16,336.4,336.16,336.34
1789691400000,336.34,336.43,336.25,336.43
1789692300000,336.27,336.3,336.1,336.19
1789693200000,336.19,336.34,336.11,336.22
1789694100000,336.22,336.26,336.13,336.16
1789695000000,336.15,336.29,336.05,336.19
1789695900000,336.19,336.2,336.06,336.2
1789696800000,336.2,336.22,336.11,336.13
1789697700000,336.18,336.61,336.17,336.54
1789698600000,336.54,336.54,336.32,336.32
1789699500000,336.28,336.34,336.17,336.24
1789700400000,336.24,336.43,336.24,336.4
1789701300000,336.31,336.35,336.16,336.18
1789702200000,336.21,336.29,336.1,336.29
1789703100000,336.29,336.36,336.05,336.05
1789704000000,336.08,336.13,336,336.01
1789704900000,336.06,336.06,335.9,335.94
1789705800000,336.02,336.16,335.95,336.14
1789706700000,336.15,336.25,336.15,336.21
1789707600000,336.21,336.22,336.07,336.17
1789708500000,336.2,336.28,336.14,336.27
1789709400000,336.24,336.46,336.24,336.43
1789710300000,336.46,336.54,336.34,336.54
1789711200000,336.5,336.5,336.39,336.46
1789712100000,336.48,336.88,336.47,336.81
1789713000000,336.85,337.28,336.82,337.07
1789713900000,337.1,337.37,337.07,337.28
1789714800000,337.28,337.31,336.97,337.19
1789715700000,337.16,337.45,337,337.33
1789716600000,337.34,337.4,337.11,337.21
1789717500000,337.2,337.31,337.15,337.19
1789718400000,336.93,337.4717,335.807,336.65
1789719300000,336.63,336.68,336.2212,336.25
1789720200000,336.27,336.45,336.22,336.33
1789721100000,336.369,336.4937,336.2235,336.493
1789722000000,336.31,336.5615,336.227,336.3212
1789722900000,336.3421,336.4,336.23,336.28
1789723800000,336.28,336.36,336.005,336.1988
1789724700000,336.09,336.1988,335.9012,335.95
1789725600000,335.91,336,335.8,335.96
1789726500000,335.98,336,335.8,335.808
1789727400000,335.7765,339.1,335.7765,337.65
1789728300000,337.4957,337.6097,336.92,337.05
1789729200000,336.85,337.46,336.5,337.15
1789730100000,337.3,337.6,337.1801,337.465
1789731000000,337.4688,337.47,336.9,337.3
1789731900000,337.3,337.4,337.1,337.18
1789732800000,337.19,338,336.76,336.925
1789733700000,336.91,337.35,336.76,336.95
1789734600000,336.8983,337.36,336.77,336.8669
1789735500000,336.87,337.25,336.81,337.1667
1789736400000,337.04,337.193,336.8063,336.9562
1789737300000,336.95,338.4207,336.7,337.59
1789738200000,337.99,338.49,335.39,335.76
1789739100000,335.785,336.65,334.81,334.99
1789740000000,334.97,335.5,333.4475,333.5434
1789740900000,333.54,333.6683,333,333.49
1789741800000,333.4999,333.5,332.53,332.675
1789742700000,332.66,334.11,332.655,333.945
1789743600000,333.94,335.3,333.6502,334.86
1789744500000,334.855,335.81,334.855,334.995
1789745400000,334.9801,335.225,334.31,334.71
1789746300000,334.705,334.9587,334.535,334.78
1789747200000,334.82,334.93,334.46,334.63
1789748100000,334.62,334.82,334.2307,334.6
1789749000000,334.63,334.94,334.42,334.555
1789749900000,334.555,334.77,334.46,334.565
1789750800000,334.56,335.14,334.5,334.84
1789751700000,334.83,335.46,334.6804,335.215
1789752600000,335.2,335.74,335.0601,335.425
1789753500000,335.425,335.85,335.27,335.6
1789754400000,335.6,335.7291,335.4201,335.47
1789755300000,335.475,335.75,335.22,335.71
1789756200000,335.72,335.92,335.4,335.86
1789757100000,335.8267,336.29,335.68,335.755
1789758000000,335.76,336.31,335.6,336.175
1789758900000,336.18,336.48,336,336.22
1789759800000,336.24,336.5,335.78,336.08
1789760700000,336.055,336.94,335.58,336.13
1789761600000,335.59,336.1434,334.71,336.13
1789762500000,335.79,336.13,335.35,335.59
1789763400000,335.57,336.13,335.35,335.4588
1789764300000,335.44,335.5,334.602,335.41
1789765200000,335.5,335.5,335.05,335.15
1789766100000,335.1,335.2,335.05,335.1988
1789767000000,335.15,335.19,334.9,334.92
1789767900000,334.92,334.98,334.7501,334.77
1789768800000,334.7792,335.06,334.75,334.9405
1789769700000,334.96,334.96,334.9013,334.95
1789770600000,334.9003,334.95,334.9,334.95
1789771500000,334.9074,334.95,334.8502,334.88
1789772400000,334.8825,335.14,334.88,335.1365
1789773300000,335.0035,335.19,334.9072,335.19
1789774200000,335.08,335.1882,334.86,334.9155
1789775100000,334.9017,335,334.75,334.8
1789776000000,334.77,334.77,334.77,334.77
1789776900000,334.99,335.08,334.68,334.68
1789782300000,335.05,335.05,335.05,335.05
1789784100000,335.05,335.05,335.05,335.05
1789785000000,335.05,335.05,335.05,335.05
1789786800000,335.05,335.05,335.05,335.05
1789787700000,334.67,334.67,334.67,334.67
1789790400000,335.05,335.05,335.05,335.05
1789794900000,335.05,335.05,334.67,334.67
1789799400000,334.66,334.66,334.66,334.66
1789801200000,335.05,335.05,334.58,334.58
1789804800000,334.58,334.58,334.58,334.58
1789807500000,335.05,335.1,334.26,334.26
1789824600000,334.98,334.98,334.98,334.98
1789828200000,334.99,334.99,334.99,334.99
1789830000000,334.99,334.99,334.51,334.51
1789830900000,334.99,334.99,334.51,334.51
1789833600000,334.99,335.09,334.38,334.38
1789836300000,335.09,335.09,334.38,334.38
1789839000000,335.1,335.1,335.1,335.1
1789841700000,335.09,335.09,334.38,334.38
1789845300000,335.1,335.1,335.1,335.1
1789848000000,335.09,335.1,334.38,334.38
1789857000000,335.1,335.1,335.1,335.1
1789857900000,335.1,335.12,335.1,335.12
1789858800000,334.38,334.38,334.31,334.31
1789861500000,334.28,334.28,334.28,334.28
1789863300000,334.28,335.12,334.28,335.12
1789868700000,335.12,335.12,334.28,334.28
1789875000000,335.12,335.12,334.27,334.27
1789875900000,335.12,335.12,335.12,335.12
1789883100000,334.27,334.27,334.22,334.22
1789885800000,334.23,334.23,334.23,334.23
1789891200000,334.16,334.16,334.16,334.16
1789895700000,335.12,335.12,335.12,335.12
1789896600000,334.16,334.16,334.16,334.16
1789900200000,334.16,335.12,334.16,335.12
1789904700000,335.12,335.12,335.12,335.12
1789906500000,335.12,335.12,334.14,334.14
1789908300000,334.19,334.19,334.19,334.19
1789911000000,335.12,335.12,335.12,335.12
1789911900000,335.12,335.12,334.31,334.31
1789913700000,334.31,334.31,334.31,334.31
1789914600000,335.12,335.12,335.12,335.12
1789916400000,335.12,335.12,333.57,333.57
1789917300000,333.57,333.57,333.39,333.39
1789918200000,333.39,333.39,333.39,333.39
1789919100000,335.12,335.12,335.12,335.12
1789920000000,333.99,333.99,333.99,333.99
1789920900000,335.12,335.12,335.12,335.12
1789925400000,335.1,335.1,335.1,335.1
1789926300000,335.1,335.1,335.1,335.1
1789930800000,335.1,335.1,335.1,335.1
1789933500000,335.1,335.1,335.1,335.1
1789947000000,335.13,335.13,335.13,335.13
1789948800000,335.3,335.77,334.95,335.15
1789949700000,335.12,335.48,335.11,335.14
1789950600000,335.12,335.15,334.9,334.94
1789951500000,334.94,335.05,334.88,335
1789952400000,335.05,335.09,334.7,334.91
1789953300000,334.97,334.97,334.82,334.83
1789954200000,334.83,335,334.74,334.8
1789955100000,334.81,334.96,334.72,334.9
1789956000000,334.9,334.9,334.55,334.55
1789956900000,334.61,334.61,334.41,334.55
1789957800000,334.52,334.56,334.28,334.28
1789958700000,334.28,334.46,334.28,334.41
1789959600000,334.41,334.84,334.4,334.78
1789960500000,334.78,334.84,334.71,334.77
1789961400000,334.77,334.97,334.56,334.76
1789962300000,334.76,334.79,334.5,334.5
1789963200000,334.51,334.54,334.37,334.53
1789964100000,334.53,334.56,334.47,334.47
1789965000000,334.45,334.45,334.02,334.03
1789965900000,334.29,334.43,334.15,334.15
1789966800000,334.14,334.3,334.14,334.29
1789967700000,334.31,334.49,334.29,334.29
1789968600000,334.36,334.95,334.36,334.95
1789969500000,334.95,334.97,334.75,334.95
1789970400000,334.93,335.14,334.9,335.13
1789971300000,335.1,335.23,334.93,334.95
1789972200000,334.93,334.98,334.83,334.92
1789973100000,334.9,335.1,334.67,335.09
1789974000000,335,335.36,334.97,335.34
1789974900000,335.34,335.48,335.23,335.48
1789975800000,335.45,335.56,335.3,335.34
1789976700000,335.4,335.74,335.31,335.72
1789977600000,335.36,335.9788,334.03,335.42
1789978500000,335.5,335.6,335.05,335.05
1789979400000,335.05,335.4,335.03,335.15
1789980300000,335.15,335.35,335.0757,335.2
1789981200000,335.19,335.2952,334.9,335.06
1789982100000,335.06,335.3,335,335.1813
1789983000000,335.1512,335.4988,335.1512,335.27
1789983900000,335.32,335.5,335.27,335.47
1789984800000,335.33,335.5,335.33,335.49
1789985700000,335.45,335.45,335.31,335.39
1789986600000,335.34,335.43,335.13,335.21
1789987500000,335.2015,335.5987,335.2015,335.5025
1789988400000,335.52,336.13,335.35,335.5015
1789989300000,335.5488,335.99,335.462,335.896
1789990200000,335.78,336.4,335.744,336.2817
1789991100000,336.2817,336.3614,336,336.01
1789992000000,336.1757,336.18,335.8995,336.0501
1789992900000,336.1,336.6,336.05,336.24
1789993800000,336.0612,336.3988,336.0612,336.23
1789994700000,336.14,336.25,335.9,336.0988
1789995600000,336.06,336.24,335.71,335.8845
1789996500000,335.8988,335.9588,334.98,335.33
1789997400000,335.2,335.6302,333.05,333.89
1789998300000,333.87,336.32,333.62,335.85
1789999200000,335.84,337.8,335.69,336.78
1790000100000,336.79,337.46,336.395,337.3
1790001000000,337.2001,338.215,336.6,337.005
1790001900000,337.0123,337.39,336.31,336.98
1790002800000,336.98,337.45,336.75,337.3501
1790003700000,337.37,337.9397,336.9,337.04
1790004600000,337.03,337.94,336.905,337.875
1790005500000,337.89,338.488,337.68,337.73
1790006400000,337.73,338.71,337.54,338.5
1790007300000,338.52,339,338.355,338.53
1790008200000,338.5399,339.11,338.41,339.0055
1790009100000,339,339.26,338.51,338.7107
1790010000000,338.71,339.13,338.6,339.0106
1790010900000,339.03,339.11,338.43,338.76
1790011800000,338.76,338.78,338.19,338.4301
1790012700000,338.43,338.73,338.1,338.19
1790013600000,338.21,338.52,337.75,337.91
1790014500000,337.855,339.12,337.8525,338.92
1790015400000,338.915,339.06,338.49,338.86
1790016300000,338.86,339.13,338.49,338.675
1790017200000,338.69,338.965,338.19,338.94
1790018100000,338.93,339.56,338.68,339.4384
1790019000000,339.45,339.46,339,339.205
1790019900000,339.19,339.64,338.81,338.98
1790020800000,338.98,339.08,338.282,338.65
1790021700000,338.73,338.9,338.61,338.7712
1790022600000,338.77,338.98,338.614,338.64
1790023500000,338.64,338.8,338.6,338.6012
1790024400000,338.605,338.8,338.6,338.777
1790025300000,338.69,338.8,338.66,338.78
