ts_ms,open,high,low,close
1780272000000,517.6,518.09,514.21,516.85
1780272900000,516.61,516.69,508.29,510
1780273800000,510,510.13,505,508.13
1780274700000,508.26,509.18,507.59,508.36
1780275600000,508.55,509.64,507.22,509.64
1780276500000,509.83,511.99,509.83,511
1780277400000,510.84,510.98,508.49,510.98
1780278300000,510.99,512.48,510.6,511.6
1780279200000,511.62,512.9,511.62,512.8
1780280100000,512.89,512.94,512.1,512.5
1780281000000,512.47,514.29,512.11,514.04
1780281900000,513.63,514.29,513.49,513.8
1780282800000,513.88,514.29,513.5,513.5
1780283700000,513.51,514.1,513,513.72
1780284600000,513.91,514.3,513.24,513.41
1780285500000,513.44,513.61,512.99,513.06
1780286400000,513.06,513.76,512.1,512.42
1780287300000,512.55,512.55,511.59,511.78
1780288200000,511.74,511.77,510.62,511.5
1780289100000,511.34,511.5,510.49,510.52
1780290000000,510.52,510.8,510.07,510.25
1780290900000,510.19,511.64,509.99,511.12
1780291800000,511.69,512.95,511.69,512.75
1780292700000,512.89,513.27,512.74,512.76
1780293600000,512.9,513.75,512.79,512.99
1780294500000,512.76,513.01,511.89,512.3
1780295400000,512.26,513,512.16,512.19
1780296300000,512.19,512.93,512.19,512.64
1780297200000,512.83,512.99,511.88,511.94
1780298100000,511.92,511.97,510.49,510.64
1780299000000,510.64,511.01,509.68,510.41
1780299900000,510.47,511.07,510.02,510.8
1780300800000,509.28,510.8,501.42,502.07
1780301700000,502.01,503.5,495.61,495.99
1780302600000,496.01,501.83,495.6,499.01
1780303500000,502.5,502.9,498.35,502.5
1780304400000,497.41,500.5,495.01,496.01
1780305300000,495,497.71,490.02,491.01
1780306200000,492.05,495,491,491.29
1780307100000,491.99,495.63,491.95,493.49
1780308000000,492.55,495.6,490.5,492.55
1780308900000,492.68,493.1668,487.86,490.16
1780309800000,493.68,495.66,490.45,494.74
1780310700000,495.87,497,494,495.99
1780311600000,497.04,498.1158,492.82,493.79
1780312500000,493.79,495.88,493.25,494
1780313400000,497.91,498,494.58,497.49
1780314300000,496,498.6,495.25,498.01
1780315200000,498,499.85,495.67,496.49
1780316100000,496.49,498.06,495.32,497
1780317000000,496.79,499.1,493.97,497.46
1780317900000,497.7,498.4,496.6,497.21
1780318800000,497,497.34,492.01,493.69
1780319700000,494.72,500.01,493,497.23
1780320600000,500.185,504.8799,491,491.32
1780321500000,492.285,492.8,486.8,488.045
1780322400000,487.97,494.01,486.8,492.66
1780323300000,492.895,503.8599,491.87,501.82
1780324200000,501.43,508.25,500.99,506.18
1780325100000,506.38,509.9,503.53,508.94
1780326000000,509.55,513.29,507.71,513.005
1780326900000,513.1,516.225,511.51,513.44
1780327800000,513.87,517.5,512.49,513
1780328700000,513.14,513.725,509.6,509.89
1780329600000,510.48,512.4458,507.6615,508.3
1780330500000,508.125,508.26,506.99,507.44
1780331400000,507.31,509.6,507.01,507.74
1780332300000,507.74,510.8799,506.0654,509.09
1780333200000,509.11,509.82,506.51,509.06
1780334100000,510.05,512.33,508.99,512.26
1780335000000,512.28,513.65,510.23,511.78
1780335900000,511.735,513.98,511.3301,513.28
1780336800000,513.39,515.85,512.52,513.66
1780337700000,513.26,514.19,512.5201,513.47
1780338600000,513.54,513.98,511,511.78
1780339500000,511.78,513.9,511.59,512.45
1780340400000,512.53,513.8999,510.97,512.69
1780341300000,512.72,512.9918,511.2,512.21
1780342200000,512.03,512.73,510.24,510.6
1780343100000,510.54,512.36,508.96,510.04
1780344000000,509.4,510.13,508.53,508.63
1780344900000,508.71,509.6,508.6,508.71
1780345800000,508.64,508.98,508.3,508.63
1780346700000,508.34,510.7281,508.2,510.14
1780347600000,508.7595,509.5,508.6,508.68
1780348500000,508.5628,509.15,508.3776,509
1780349400000,510.01,512,508.8,510.98
1780350300000,510.5,511,509.3392,509.3392
1780351200000,507.01,509.25,506.01,507.01
1780352100000,506.49,507.6,506.49,506.49
1780353000000,505.66,506.7,505.5,505.66
1780353900000,505.96,506.25,505.44,505.97
1780354800000,506.26,506.7805,506.26,506.7805
1780355700000,506.01,506.7,506,506.48
1780356600000,506.41,506.8,506.2,506.678
1780357500000,506.79,507.106,506.12,506.79
1780358400000,506.9,507.1,502.19,502.73
1780359300000,502.61,503.31,500.43,502.25
1780360200000,502.93,504.1,501.99,502.01
1780361100000,502.2,502.41,501.1,501.39
1780362000000,501.54,503.41,501,503.41
1780362900000,503.26,503.56,501.49,501.51
1780363800000,501.63,502.14,500.57,501.01
1780364700000,500.81,501,498.88,499.56
1780365600000,499.54,499.8,497.33,498.51
1780366500000,498.84,500.52,498.42,500.01
1780367400000,500.3,502.99,500.29,502.74
1780368300000,502.36,503.49,502.12,503.49
1780369200000,503.19,503.48,499.19,500
1780370100000,500.06,501.12,497.99,498.27
1780371000000,498.16,498.94,497.6,497.67
1780371900000,498,499.52,497.79,499.14
1780372800000,499.94,499.95,499.02,499.12
1780373700000,499.34,499.49,498.42,498.99
1780374600000,499,500.42,498.8,500.42
1780375500000,500.42,501.93,500.32,501.77
1780376400000,501.27,503.41,500.37,503.39
1780377300000,503.38,503.38,501.85,502.01
1780378200000,502.2,502.85,501.99,502.82
1780379100000,502.5,502.9,501.51,502.2
1780380000000,502.22,502.69,500.81,501.42
1780380900000,501.43,502.58,501.43,501.69
1780381800000,501.69,503.41,501.3,502.73
1780382700000,502.77,504.08,502.77,503.4
1780383600000,503.56,506.24,503.39,505.85
1780384500000,505.87,506.26,504.66,504.66
1780385400000,504.65,505.99,503.99,505.43
1780386300000,505.24,505.38,503.95,503.96
1780387200000,506.571,506.571,497.339,503.03
1780388100000,503.033,503.7,502.55,503.325
1780389000000,503.329,505.75,503.329,505.245
1780389900000,505.245,505.245,504.275,504.495
1780390800000,504.495,504.495,503.208,503.755
1780391700000,503.755,504.505,503.396,503.895
1780392600000,503.895,506.245,503.895,506.245
1780393500000,506.245,507.75,506.245,507.252
1780394400000,507.252,507.252,505.013,505.387
1780395300000,505.381,505.381,504.26,504.715
1780396200000,504.715,505.08,503,504.223
1780397100000,504.227,504.25,502.14,502.14
1780398000000,502.14,503.811,501.607,503.811
1780398900000,503.849,504.537,503.142,504.459
1780399800000,504.474,505.902,504.474,504.601
1780400700000,504.8,505.465,503.67,503.7
1780401600000,503.7,504.25,503.155,503.676
1780402500000,503.651,505.516,503.5,504.6
1780403400000,504.6,506.099,504.001,505.221
1780404300000,505.217,505.516,504.039,504.15
1780405200000,504.15,505.5,503.514,503.514
1780406100000,503.495,506.432,503.161,506.41
1780407000000,506.29,513,501.46,507.641
1780407900000,507.684,519.9,506.51,519.487
1780408800000,519.457,519.457,511.46,511.904
1780409700000,511.92,511.998,503.85,505.339
1780410600000,505.09,509.086,505.06,508.132
1780411500000,508.142,508.79,506.484,507.726
1780412400000,507.787,510.137,506.79,510.137
1780413300000,510.164,512.613,509.68,512.613
1780414200000,512.91,515.025,512.396,513.939
1780415100000,513.951,517.644,512.885,517.174
1780416000000,517.144,518.346,515.331,516.586
1780416900000,516.586,516.586,512.509,512.709
1780417800000,512.728,514.035,512.61,513.614
1780418700000,513.611,515.45,513.205,514.673
1780419600000,514.666,515.29,514.05,514.282
1780420500000,514.286,514.292,511.461,512.233
1780421400000,512.238,512.822,511.256,512.498
1780422300000,512.504,515.002,512.095,514.724
1780423200000,514.724,515.464,512.921,514.962
1780424100000,514.95,516.33,514.64,516.146
1780425000000,516.15,517.36,514.03,515.182
1780425900000,515.181,515.509,514.413,515.177
1780426800000,515.173,518.12,514.81,517.845
1780427700000,517.855,518.48,517,517.074
1780428600000,517.12,518.073,515.87,518.073
1780429500000,518.091,522.43,517.95,521.53
1780430400000,521.493,522.479,520.682,520.713
1780431300000,520.697,521.416,520.478,520.501
1780432200000,520.467,520.8,520.14,520.325
1780433100000,520.325,520.495,519.65,520.332
1780434000000,520.319,520.5,519.922,520.5
1780434900000,520.5,520.751,519.01,519.5
1780435800000,519.5,519.5,518.005,519.088
1780436700000,519.088,519.24,519.041,519.24
1780437600000,519.24,519.24,518.695,518.835
1780438500000,518.835,519.95,518.484,518.606
1780439400000,518.604,519.375,518.595,519.06
1780440300000,519.056,519.056,517.2,517.2
1780441200000,517.13,517.7,516.9,517.2
1780442100000,517.2,517.2,513.611,515.091
1780443000000,515.098,518,514.516,517.765
1780443900000,517.765,519.12,517.765,519.117
1780444800000,518.58,519.59,516.85,517.01
1780445700000,516.88,518.72,516.5,517.99
1780446600000,518.24,519.01,518.13,518.44
1780447500000,518.89,519.51,518.55,518.85
1780448400000,518.98,519.09,517.73,518.04
1780449300000,517.5,518.11,517.13,517.96
1780450200000,518.66,519.12,517.3,517.31
1780451100000,517.6,518.48,517.29,518.48
1780452000000,518.28,518.51,518.01,518.44
1780452900000,518.43,518.49,517.13,517.68
1780453800000,517.68,518.34,517.51,517.89
1780454700000,517.85,518.14,517.11,517.68
1780455600000,517.69,518.11,517.29,517.7
1780456500000,518.14,518.92,518,518.11
1780457400000,518.08,518.95,518,518.01
1780458300000,518.21,518.98,517.84,518.78
1780459200000,518.79,518.79,517.99,518.5
1780460100000,518.29,518.51,516.64,516.69
1780461000000,516.69,517.21,516.02,516.02
1780461900000,516.55,516.63,516.01,516.49
1780462800000,516.46,517.79,516.1,517.65
1780463700000,517.59,518,517.5,517.5
1780464600000,517,518.27,516.89,517.87
1780465500000,517.19,518.09,517.12,518
1780466400000,518.09,518.67,516.81,517.01
1780467300000,517.16,517.26,516.49,517.08
1780468200000,517.11,517.42,516.49,517.21
1780469100000,516.59,516.95,516.39,516.72
1780470000000,516.85,517.45,516.52,517.01
1780470900000,517.03,517.15,516.59,516.83
1780471800000,516.84,516.94,516.01,516.21
1780472700000,516.25,516.36,515.16,516.16
1780473600000,519.124,519.124,516.14,517.365
1780474500000,517.36,517.673,516.12,517.339
1780475400000,517.339,517.463,515.903,516.085
1780476300000,516.085,516.197,515.5,516.085
1780477200000,516.085,520,515.5,519.701
1780478100000,519.702,529.594,519.702,528.681
1780479000000,528.681,542.47,528.68,541.337
1780479900000,541.407,546.035,538.85,541.626
1780480800000,541.566,542.055,538.009,540.845
1780481700000,540.845,540.845,536.964,538.172
1780482600000,538.161,540.69,535.531,535.998
1780483500000,535.999,536.047,534.259,534.26
1780484400000,534.092,537.897,533.036,537.664
1780485300000,537.664,537.665,533.7,533.992
1780486200000,533.993,534.361,531.906,532.801
1780487100000,532.801,537.295,532.501,536.979
1780488000000,536.874,541.13,535.941,540.073
1780488900000,540.06,540.06,537.341,537.341
1780489800000,537.34,537.34,533.92,535.501
1780490700000,535.517,536.188,534.305,535.3
1780491600000,535.3,537.299,535.258,536.162
1780492500000,536.156,541.995,533.5,533.671
1780493400000,533.626,544,529.745,530.498
1780494300000,530.65,535.21,524.65,530.187
1780495200000,530.174,537.215,529.01,537.087
1780496100000,537.118,539.09,532.56,536.101
1780497000000,536.134,537.88,532.383,535.705
1780497900000,535.69,537.84,528.939,530.305
1780498800000,530.33,539.42,530.33,539.156
1780499700000,539.167,539.275,528.95,531.812
1780500600000,531.812,537.13,531.172,531.362
1780501500000,531.374,534.01,529.7,532.857
1780502400000,532.824,535.281,531.05,534.645
1780503300000,534.637,534.637,529.99,531.832
1780504200000,531.864,534.2,530.72,530.991
1780505100000,530.996,535.22,530.87,535.167
1780506000000,535.187,535.22,531.29,532.385
1780506900000,532.381,534.568,531.552,534.494
1780507800000,534.479,539,533.23,538.615
1780508700000,538.622,541.77,537.536,541.344
1780509600000,541.337,541.613,538.73,539.322
1780510500000,539.344,545.41,538.5,545.305
1780511400000,545.298,546.18,541.76,542.021
1780512300000,542.049,543.159,540.635,541.345
1780513200000,541.416,543.01,539.19,539.652
1780514100000,539.655,539.74,536.49,539.276
1780515000000,539.264,543.76,538.91,542.872
1780515900000,542.858,544.42,541.67,542.31
1780516800000,542.328,542.52,541.141,542.267
1780517700000,542.264,542.264,537.017,538.708
1780518600000,538.798,539.177,533.99,534.398
1780519500000,534.48,536.529,532.742,534.615
1780520400000,534.613,535.622,532,533.605
1780521300000,533.605,535.513,532.02,533
1780522200000,533,533,526.99,530.499
1780523100000,530.5,532.776,530.06,532.693
1780524000000,532.693,534.604,531.85,532.788
1780524900000,532.79,532.799,529.908,532.045
1780525800000,532.012,532.5,530.21,530.21
1780526700000,530.21,531.15,527.706,531.025
1780527600000,531.025,531.129,526.712,527.533
1780528500000,527.527,527.527,525.636,526.737
1780529400000,526.739,527.47,526.211,526.517
1780530300000,526.522,527.824,525.196,525.196
1780531200000,525.74,530.89,525.192,527.76
1780532100000,527.78,531.07,526.5,530.76
1780533000000,530.83,532.01,530.17,532.01
1780533900000,531.91,533.19,531.82,533.19
1780534800000,533.19,535.56,533,535.39
1780535700000,535.01,535.01,532.76,534.12
1780536600000,534.1,535.6,533.1,533.49
1780537500000,533.49,533.94,529.99,531.31
1780538400000,531.47,532.6,530.11,530.68
1780539300000,530.01,531.94,529.51,531.49
1780540200000,530.91,531.61,529.59,531.16
1780541100000,531.16,532,530.57,530.57
1780542000000,530.6,531.98,530.6,531.35
1780542900000,531.61,531.98,531,531.69
1780543800000,531.7,532.74,531.5,531.97
1780544700000,531.96,533.91,531.77,533.51
1780545600000,533.9,533.9,532.7,533.81
1780546500000,533.8,533.99,533.23,533.59
1780547400000,533.67,533.98,533.46,533.65
1780548300000,533.65,533.65,533,533.17
1780549200000,533,533.1,532.07,532.53
1780550100000,532.53,533.59,532.23,533.58
1780551000000,533.59,533.91,533.38,533.63
1780551900000,533.95,533.96,533,533.46
1780552800000,533.5,534.18,533.01,533.6
1780553700000,533.51,533.53,532.54,533.15
1780554600000,533.12,533.91,532.92,533.82
1780555500000,533.82,534,533.13,533.58
1780556400000,533.87,534.07,533.27,533.74
1780557300000,533.63,533.74,532.02,532.36
1780558200000,532.48,533.26,532,532
1780559100000,532.01,532.84,531.69,531.71
1780560000000,525.191,533.05,525.191,527.847
1780560900000,527.852,529.02,526,527.5
1780561800000,527.5,527.5,524.501,524.501
1780562700000,524.5,524.674,523.42,524.073
1780563600000,524.06,524.06,515.984,516.171
1780564500000,516.2,521,515.744,520.328
1780565400000,520.327,521.585,520.325,520.508
1780566300000,520.506,523.405,520.5,523.175
1780567200000,523.187,524.318,521.497,521.795
1780568100000,521.795,521.795,520.671,521.485
1780569000000,521.485,521.515,520.56,520.56
1780569900000,520.56,522.109,519,520.3
1780570800000,520.333,522.44,519.303,521.547
1780571700000,521.544,521.97,519.049,519.537
1780572600000,519.532,520.187,516.01,516.385
1780573500000,516.349,519.92,515.758,519.899
1780574400000,519.899,521.685,518.468,520.478
1780575300000,520.461,521.347,519.645,520.998
1780576200000,520.993,522.65,520.222,522.384
1780577100000,522.403,523.482,521.403,523.086
1780578000000,523.088,523.092,520.512,521.117
1780578900000,521.114,521.4,514.812,514.812
1780579800000,515.01,518.56,505.07,505.459
1780580700000,505.426,510.79,503.31,503.432
1780581600000,503.355,507.65,500,507.419
1780582500000,507.448,516.009,507.448,516.009
1780583400000,516.034,517.31,513.29,513.467
1780584300000,513.45,521.25,513,520.771
1780585200000,520.767,525.845,519.486,525.711
1780586100000,525.68,526.25,523.79,523.79
1780587000000,524.039,524.89,523.1,523.725
1780587900000,523.49,523.715,519.544,521.844
1780588800000,521.839,522.01,519.685,520.08
1780589700000,520.171,524.81,520.05,524.69
1780590600000,524.69,524.69,521.345,523.436
1780591500000,523.43,524.49,523.238,523.873
1780592400000,523.59,525.515,522.91,525.234
1780593300000,525.256,525.408,523.01,524.61
1780594200000,524.615,527.315,524.285,526.478
1780595100000,526.5,528.592,526.09,528.028
1780596000000,528.047,532.105,527.96,531.302
1780596900000,531.293,531.293,528.73,530.595
1780597800000,530.535,530.56,526.11,526.577
1780598700000,526.589,528.54,525.71,526.501
1780599600000,526.502,527.725,525.11,525.712
1780600500000,525.702,527.217,523.16,527.217
1780601400000,527.315,530.95,525.62,525.938
1780602300000,525.89,525.99,522.85,523.185
1780603200000,523.173,524.103,521.054,521.959
1780604100000,521.958,522.071,519.808,520.05
1780605000000,520.05,520.25,519.01,519.098
1780605900000,519.099,519.504,517.801,518.101
1780606800000,518.101,519.05,518.1,518.575
1780607700000,518.575,518.6,518.341,518.525
1780608600000,518.525,518.78,518.343,518.45
1780609500000,518.45,518.619,518.301,518.451
1780610400000,518.451,518.605,516.903,516.928
1780611300000,516.923,517.22,515.876,516.3
1780612200000,516.35,517.036,516.3,516.631
1780613100000,516.63,517.65,516.5,517.65
1780614000000,517.65,517.7,516.875,517
1780614900000,517.001,517.703,515.113,515.649
1780615800000,515.649,515.65,514.371,514.371
1780616700000,514.363,515.174,513.105,514.066
1780617600000,514.064,514.064,510.32,510.94
1780618500000,510.47,510.47,506.81,507.55
1780619400000,507.97,511.53,507.97,510.09
1780620300000,510.01,510.35,508,508
1780621200000,507.97,509.01,506.01,506.95
1780622100000,507.01,508.01,505.16,507.87
1780623000000,507.86,512.51,507.86,512.36
1780623900000,512.27,514,511.02,513.6
1780624800000,513.69,515.33,512.06,514.43
1780625700000,514.49,516.51,513.53,516.01
1780626600000,516.02,518.95,513,514.22
1780627500000,514.11,514.93,513.49,513.49
1780628400000,513.48,515.47,512.8,514.62
1780629300000,514.05,515.44,513,513
1780630200000,512.99,514.08,512.55,513.01
1780631100000,512.76,512.88,511.1,511.51
1780632000000,511.97,513.56,511.7,513.25
1780632900000,513.09,513.91,512.63,513
1780633800000,513.01,514.36,512.49,513.53
1780634700000,514.07,516.71,514.07,515.99
1780635600000,515.99,516.06,514,515.2
1780636500000,515.13,516.6,514.64,515.94
1780637400000,516.38,516.76,515,515.03
1780638300000,514.79,515.52,513.97,514.28
1780639200000,514.27,516,513.97,514.19
1780640100000,514.21,514.21,511.49,511.91
1780641000000,512.02,512.17,510.89,510.99
1780641900000,510.99,512.27,510.64,510.98
1780642800000,511.03,511.03,509.05,509.35
1780643700000,509.38,511.37,508.4,510
1780644600000,510.75,512.39,510.63,510.63
1780645500000,510.64,511.16,510.15,510.5
1780646400000,513.356,513.356,504.5,507.575
1780647300000,507.575,510.675,507.517,510.675
1780648200000,510.675,511.365,509.354,509.62
1780649100000,509.62,509.94,508.69,508.69
1780650000000,508.69,513.15,507.86,513.15
1780650900000,513.15,513.15,509.496,509.506
1780651800000,509.504,509.504,508.52,509.5
1780652700000,509.5,510.26,508.601,509.606
1780653600000,509.625,509.975,509.1,509.62
1780654500000,509.62,512,508.405,512
1780655400000,512,512,510.015,510.326
1780656300000,510.355,510.849,510.1,510.849
1780657200000,510.85,510.976,508.5,509.001
1780658100000,509,509.145,507.316,508.163
1780659000000,508.164,509.13,508.001,508.5
1780659900000,508.5,508.674,506.705,506.705
1780660800000,506.705,507.015,505.522,506.324
1780661700000,506.325,507.875,506.325,506.666
1780662600000,506.666,508.189,504.515,507.719
1780663500000,507.745,508.219,505.257,506.468
1780664400000,506.473,506.497,504.736,506.108
1780665300000,506.107,506.19,499.7,500.006
1780666200000,499.12,505.505,494.46,494.871
1780667100000,494.852,495.445,485.24,485.487
1780668000000,485.471,491.62,484.44,491.55
1780668900000,491.568,495.51,486.63,487.747
1780669800000,487.806,496.76,487.66,491.109
1780670700000,491.121,494.08,489.47,492.845
1780671600000,492.84,492.844,486.444,486.445
1780672500000,486.444,487.84,484.73,486.419
1780673400000,486.328,487.395,483,485.685
1780674300000,485.701,488.38,484.927,485.744
1780675200000,485.747,485.773,481.34,482.089
1780676100000,482.063,482.063,477.78,477.942
1780677000000,477.91,478.42,472.915,473.449
1780677900000,473.53,477.47,470.79,476.488
1780678800000,476.504,476.86,471.81,474.145
1780679700000,474.157,476.106,472.95,474.743
1780680600000,474.784,478.48,472.99,473.397
1780681500000,473.409,477.882,473.1,477.782
1780682400000,477.768,478.29,471.44,472.054
1780683300000,472.072,472.165,468.175,469.654
1780684200000,469.645,470.23,465.835,467.364
1780685100000,467.363,470.906,463.99,470.906
1780686000000,470.784,472.19,466.7,468.277
1780686900000,468.055,472.183,464.93,472.183
1780687800000,472.276,472.869,468.29,471.934
1780688700000,471.89,476.01,465.2,466.565
1780689600000,466.564,467.613,462.68,464.279
1780690500000,464.249,465.153,463.783,464.95
1780691400000,464.95,465.788,464.1,465.053
1780692300000,465.052,465.574,464.58,464.69
1780693200000,464.69,466.314,464.69,466.314
1780694100000,466.356,469.894,466.356,468.413
1780695000000,468.414,469.248,466.501,467.324
1780695900000,467.324,467.451,466.275,466.75
1780696800000,466.75,469.035,466.348,466.394
1780697700000,466.412,467.185,465.5,465.795
1780698600000,465.829,467.25,464.503,465
1780699500000,465,466.446,464.458,465.51
1780700400000,465.51,465.51,463.16,463.186
1780701300000,463.19,463.204,461.19,461.19
1780702200000,461.183,461.183,458.247,458.625
1780703100000,458.55,459.495,457.166,458.73
1780704000000,458.728,458.728,458.716,458.716
1780876800000,469.55,477.99,458.71,472.99
1780877700000,473.26,477.73,472.95,477.29
1780878600000,477.24,480,476.47,479.94
1780879500000,479.82,479.82,472.82,476.04
1780880400000,476.04,476.62,472.39,472.4
1780881300000,472.4,473.5,467.77,468
1780882200000,467.81,474.01,465,473.21
1780883100000,473.2,473.64,469.92,470.79
1780884000000,470.79,472.75,469.02,471.59
1780884900000,471.71,473.32,469.64,473.01
1780885800000,473.3,474.79,471.22,474.79
1780886700000,474.7,475.35,472.36,472.36
1780887600000,472.68,473.01,470.77,471.79
1780888500000,471.79,472.65,470.49,472.06
1780889400000,472.43,473,471.47,471.49
1780890300000,471.29,472.16,470.56,470.98
1780891200000,470.99,471.9,469.65,469.99
1780892100000,470,470.77,468.64,469.51
1780893000000,469.94,470.02,467.73,468.38
1780893900000,468.37,469.3,467.49,467.51
1780894800000,467.35,469.58,467.29,467.29
1780895700000,467.5,469,467.01,467.56
1780896600000,467.74,467.74,460.71,461.53
1780897500000,461.49,463.74,459.99,462.23
1780898400000,462.87,465.96,462.2,463.94
1780899300000,463.89,469.28,462.49,469.26
1780900200000,469.7,470.01,467.72,469.26
1780901100000,469,470.48,467.95,470.05
1780902000000,470.13,472.92,468.4,472.14
1780902900000,472.75,475.34,471,474.88
1780903800000,474.72,475.26,474.04,474.66
1780904700000,474.67,477,458.716,476.16
1780905600000,461.491,478.465,461.491,478.465
1780906500000,478.465,479.75,478,478
1780907400000,478,480.755,477.76,478.317
1780908300000,478.314,478.314,475.234,475.755
1780909200000,475.755,476.585,475.06,476.585
1780910100000,476.585,478.372,475.425,476.425
1780911000000,476.425,476.598,474.085,475.05
1780911900000,475.05,476.194,475.05,475.25
1780912800000,475.317,475.65,473.659,474.568
1780913700000,474.566,474.69,473.25,473.6
1780914600000,473.6,477.121,473.6,476.88
1780915500000,476.892,476.95,475.18,475.7
1780916400000,475.617,479.07,474.287,478.819
1780917300000,478.881,480.4,477.976,479.262
1780918200000,479.252,480.75,479.206,480.306
1780919100000,479.8,480.493,478.327,479.17
1780920000000,479.17,480.794,479.17,479.6
1780920900000,479.6,484.779,479.6,484.497
1780921800000,484.498,485.76,484.405,485.501
1780922700000,485.502,486.134,484.149,484.824
1780923600000,484.82,489.406,484.5,489.113
1780924500000,489.106,489.447,484.883,484.921
1780925400000,484.25,490,479.33,486.428
1780926300000,486.595,490.05,478.16,478.396
1780927200000,478.14,486.47,477.99,485.614
1780928100000,485.643,488.91,483.1,487.204
1780929000000,487.208,490.64,486.16,488.792
1780929900000,488.774,491.355,488.58,489.759
1780930800000,489.764,493.75,489.59,493.296
1780931700000,493.225,494.24,489.935,490.42
1780932600000,490.63,492.195,487.98,491.57
1780933500000,491.65,492.37,489.154,489.419
1780934400000,489.434,490.635,487.825,489.449
1780935300000,489.441,491.034,487.48,487.783
1780936200000,488.01,491.14,487.715,491.036
1780937100000,491.035,493.221,490.51,491.101
1780938000000,491.096,491.096,487.81,488.819
1780938900000,489,490.75,486.5,490.746
1780939800000,490.742,491.21,487.81,488.63
1780940700000,488.626,492.01,488.624,490.705
1780941600000,490.702,493.75,490.61,492.002
1780942500000,491.992,492.984,491.053,492.217
1780943400000,492.215,494.93,490.81,491.016
1780944300000,491.014,492.32,490.64,491.553
1780945200000,491.559,491.93,487.975,488.108
1780946100000,488.067,488.72,486.17,487.817
1780947000000,487.833,491.38,487.685,488.015
1780947900000,488.001,491.16,487.48,490.01
1780948800000,490.359,490.549,488.802,490.15
1780949700000,490.15,491.268,490.051,491
1780950600000,491,491.691,491,491.4
1780951500000,491.4,491.7,491.239,491.6
1780952400000,491.6,491.81,491.325,491.73
1780953300000,491.73,491.73,491.437,491.7
1780954200000,491.7,491.7,491.415,491.7
1780955100000,491.7,491.7,491.7,491.7
1780956000000,491.7,491.7,490.2,490.2
1780956900000,490.2,490.248,487.467,487.635
1780957800000,487.646,489.498,487.646,488.2
1780958700000,488.117,490.255,487.7,490.255
1780959600000,490.255,490.255,488.6,490.1
1780960500000,490.1,490.1,488.926,489
1780961400000,489,490.937,488.481,490.286
1780962300000,490.285,490.673,489.128,489.918
1780963200000,489.89,490.7,486.08,486.92
1780964100000,486.71,487.5,484.99,486.81
1780965000000,486.71,486.75,484.29,485.27
1780965900000,485.35,485.53,484.23,484.49
1780966800000,484.99,486.79,484.99,486.35
1780967700000,486.35,490.97,486.3,490.5
1780968600000,490.11,492.51,489.99,491.49
1780969500000,491.61,492.94,489.57,489.68
1780970400000,489.61,491.19,489.61,490.69
1780971300000,490.34,490.35,489.67,490.35
1780972200000,490.61,492.75,490.61,491.94
1780973100000,492.41,492.76,491.85,492.03
1780974000000,492.26,492.9,492.26,492.88
1780974900000,492.89,493.49,492.5,493
1780975800000,493.27,495.14,493.01,494.93
1780976700000,495.04,495.07,494.19,494.99
1780977600000,495.16,498.01,495.16,497.92
1780978500000,497.64,499.51,497.27,498.37
1780979400000,498.37,499.11,496.64,498.66
1780980300000,498.54,498.87,497.58,498.14
1780981200000,497.83,498.96,497.22,497.99
1780982100000,497.9,498.01,496.42,496.97
1780983000000,496.98,498.51,496.57,498.12
1780983900000,498.35,498.71,497.38,497.98
1780984800000,498,499.25,497.51,499.2
1780985700000,499.23,499.45,498.01,498.36
1780986600000,498.36,498.78,497.5,497.84
1780987500000,497.85,498.39,497.67,498.32
1780988400000,498.21,499.47,497.92,497.93
1780989300000,497.92,498.54,496.31,496.95
1780990200000,496.95,497.42,495.45,496.77
1780991100000,496.75,497.11,495.1,495.4
1780992000000,489.751,497.86,489.75,497.622
1780992900000,497.627,498.84,497.2,498.816
1780993800000,498.816,498.816,497.2,497.95
1780994700000,497.95,498.86,497.95,497.95
1780995600000,497.95,498.585,497.95,498
1780996500000,498,499,497.95,499
1780997400000,499,499.05,498.55,498.553
1780998300000,498.554,499.485,498.55,498.556
1780999200000,498.554,499.497,495.76,498
1781000100000,498,498.806,497.75,497.75
1781001000000,497.783,497.95,496.9,496.9
1781001900000,496.9,498.42,496.9,497.665
1781002800000,497.665,501.82,497.59,501.278
1781003700000,501.28,502.799,500.751,502.5
1781004600000,502.5,503.971,502.254,503.81
1781005500000,503.809,503.809,501.841,502.1
1781006400000,502.075,502.199,500.808,500.934
1781007300000,500.912,500.982,499.055,499.795
1781008200000,499.829,501.07,499.7,499.965
1781009100000,500.038,501.92,499.682,501.751
1781010000000,501.75,503.414,501.409,502.431
1781010900000,502.436,502.764,500.442,502.37
1781011800000,503.22,504.775,488.11,489.03
1781012700000,489.105,494.01,487.78,489.123
1781013600000,489.01,494.615,486.86,488.034
1781014500000,487.4,490.55,484.19,486.941
1781015400000,486.927,488.71,480.18,480.559
1781016300000,480.571,482,473.79,479.556
1781017200000,479.545,481.805,474.723,479.976
1781018100000,479.963,479.963,465.55,466.279
1781019000000,466,470.463,464.685,469.064
1781019900000,469.052,471.505,459.34,459.805
1781020800000,459.5,461.94,451.13,452.312
1781021700000,452.35,452.99,443.51,446.905
1781022600000,446.839,448.04,437.597,442.85
1781023500000,442.883,446.705,439.82,446.705
1781024400000,446.72,455.01,446.367,454.65
1781025300000,454.61,459.15,452.54,458.273
1781026200000,458.294,463.983,456.915,462.135
1781027100000,462.122,462.53,455.58,460.89
1781028000000,460.889,462.031,458.56,461.68
1781028900000,461.687,465.823,459.935,465.823
1781029800000,465.824,467.701,464.325,464.325
1781030700000,464.309,468.821,464.285,468.554
1781031600000,468.553,471.25,464.706,465.033
1781032500000,465.041,467.28,460.92,466.922
1781033400000,466.99,469.647,464.11,467.112
1781034300000,467.138,475.64,464.45,475.49
1781035200000,475.351,481.011,474.49,474.611
1781036100000,474.61,475.697,474.186,475.036
1781037000000,475.005,475.61,474.2,475.172
1781037900000,475.21,475.76,474.495,474.6
1781038800000,474.6,474.79,473.6,474.5
1781039700000,474.5,474.5,470.602,471.297
1781040600000,471.289,472.497,470.5,471.448
1781041500000,471.449,471.45,470.5,471.244
1781042400000,471.245,473.38,471.245,472.529
1781043300000,472.529,472.678,470.013,470.76
1781044200000,470.76,470.76,467.55,468.167
1781045100000,468.166,468.754,467.403,468
1781046000000,468,470.605,467.975,470.001
1781046900000,470.017,470.1,468.302,468.916
1781047800000,468.917,470.014,468.001,469.856
1781048700000,469.854,471.579,469.501,471.579
1781049600000,471.583,477.87,471.583,473.85
1781050500000,474.25,474.34,472.03,474.32
1781051400000,475,475.01,467.59,467.59
1781052300000,468.13,472.47,467.6,471.99
1781053200000,471.03,473.48,471,472.63
1781054100000,472.43,473.98,470.39,471.81
1781055000000,470.41,471.33,468.52,469.75
1781055900000,469.89,471.32,469.1,469.99
1781056800000,469.69,470.01,466.5,467.51
1781057700000,467.26,468.52,464.63,466.59
1781058600000,467,467.95,465.65,467.01
1781059500000,467.49,468.33,464.51,465.01
1781060400000,465.01,467.82,464.71,466.85
1781061300000,466.84,468.45,466.84,467.32
1781062200000,467.01,467.95,466.01,466.27
1781063100000,466.27,467.5,465.66,467.2
1781064000000,466.82,467.44,464.33,464.5
1781064900000,464.73,465.99,464.19,464.51
1781065800000,464.39,464.59,459.99,460.08
1781066700000,459.75,462.81,458.99,460.49
1781067600000,460.5,463.79,460,460.8
1781068500000,460.8,465.97,459.82,465.51
1781069400000,465.99,466.1,463.51,464.99
1781070300000,464.93,467.62,463.59,466.54
1781071200000,466.18,469.01,465.87,468.84
1781072100000,468.66,470.29,467.88,469.09
1781073000000,469.29,470.01,468.03,469.01
1781073900000,469.1,469.33,466.64,467.34
1781074800000,467.34,469.16,465.46,468.01
1781075700000,468.01,468.49,466.34,467
1781076600000,466.49,468.5,466.47,466.47
1781077500000,466.41,467.72,466.23,467.03
1781078400000,471.599,471.6,463.025,463.025
1781079300000,463.025,463.133,461.516,462.11
1781080200000,462.11,463.25,458.887,458.887
1781081100000,458.886,460.541,457.905,457.994
1781082000000,457.995,460.602,457.5,457.5
1781082900000,457.5,460.25,456.147,460.249
1781083800000,460.25,462.047,458.11,458.11
1781084700000,458.11,461,458.11,461
1781085600000,461,461.497,459.5,460.749
1781086500000,460.75,460.75,456.8,460.257
1781087400000,460.258,460.938,458.861,460.938
1781088300000,460.965,462.763,460.5,462.136
1781089200000,462.047,463.108,458.29,460.213
1781090100000,460.269,460.494,457.406,458.397
1781091000000,458.399,458.4,456.214,457.11
1781091900000,457.108,458.2,456.342,457.04
1781092800000,457.003,458.975,456.401,457.439
1781093700000,457.414,460.395,457.002,460.395
1781094600000,460.396,472.286,459.65,467.197
1781095500000,467.198,469.363,465.278,465.278
1781096400000,465.198,466.287,464.408,465.584
1781097300000,465.604,470.49,465.05,467.684
1781098200000,467.604,475.26,464.7,471.359
1781099100000,471.334,477.165,466.59,467.084
1781100000000,467.127,473.99,465.35,470.88
1781100900000,470.695,475.145,469.09,473.379
1781101800000,473.4,476.2,470.99,471.56
1781102700000,471.375,471.84,461.99,463.98
1781103600000,464.009,466.25,456.58,456.783
1781104500000,456.535,460.039,451.58,457.074
1781105400000,457.051,459.78,455.65,459.595
1781106300000,459.569,461.91,452.48,461.135
1781107200000,461,462,455.48,455.811
1781108100000,455.804,457.38,454.762,455.918
1781109000000,455.917,459.608,454.95,456.196
1781109900000,456.146,456.146,453.194,454.469
1781110800000,454.48,456.371,452.272,452.341
1781111700000,452.35,453.781,451.61,453.602
1781112600000,453.621,454.399,452.38,453.256
1781113500000,453.15,458.982,453.15,458.34
1781114400000,458.28,459.341,456.25,457.166
1781115300000,457.187,457.927,454.22,454.976
1781116200000,454.965,455.27,452.49,453.328
1781117100000,453.327,453.765,450.905,451.976
1781118000000,452.08,454.72,451.23,451.962
1781118900000,451.972,452.004,448.455,451.179
1781119800000,450.82,454.61,450.13,454.011
1781120700000,453.88,455.695,450.68,452.241
1781121600000,452.158,452.158,446.913,450.401
1781122500000,450.401,450.727,448.435,448.435
1781123400000,448.435,448.971,447.082,447.438
1781124300000,447.448,447.638,445.621,447.25
1781125200000,447.25,447.25,446.001,446.65
1781126100000,446.65,448.725,446.65,447.575
1781127000000,447.575,447.939,446.941,446.941
1781127900000,446.939,447.114,446.5,446.75
1781128800000,446.75,446.965,442.648,443.509
1781129700000,443.507,444.292,443.107,443.964
1781130600000,443.963,446.48,443.862,444.411
1781131500000,444.409,445.037,442.454,442.805
1781132400000,442.805,442.805,438.503,438.503
1781133300000,438.502,442.944,437.411,442.944
1781134200000,442.982,443.994,440.115,443.766
1781135100000,443.631,443.631,440.5,440.503
1781136000000,441.33,443.96,440.07,443.16
1781136900000,443.47,449.99,443.47,446.21
1781137800000,446.47,447.61,444.49,444.49
1781138700000,444.29,451.59,444.29,450.99
1781139600000,451,458.55,450.99,458.01
1781140500000,458,459.01,455.14,457.96
1781141400000,457.99,457.99,455.01,455.06
1781142300000,455.01,455.01,452.01,452.78
1781143200000,452.5,454.47,450.31,450.54
1781144100000,450.63,451.86,447.95,448.53
1781145000000,448.51,450.63,447,449.46
1781145900000,449.48,453.24,449.48,452.51
1781146800000,452.49,453.48,449.68,449.73
1781147700000,449.76,451.01,449.64,451.01
1781148600000,451.03,453.61,451.03,453.5
1781149500000,453.51,456.59,452.89,456.59
1781150400000,456.24,456.59,454.68,455.27
1781151300000,455.29,457.01,454.93,455.59
1781152200000,456.4,457.75,455.5,457.75
1781153100000,457.72,457.75,455.99,455.99
1781154000000,456.16,456.64,453.96,454.71
1781154900000,455.31,456.21,454.73,454.93
1781155800000,454.92,457.48,454.83,456.99
1781156700000,456.81,457.5,456.22,457.5
1781157600000,456.6,456.88,454.8,456.19
1781158500000,456.27,458.23,456.27,457.89
1781159400000,457.81,459.25,457.19,458.86
1781160300000,458.97,459.81,458.42,459.81
1781161200000,459.86,460.06,457.62,458.01
1781162100000,458.46,460.86,458.02,459.27
1781163000000,459.52,460.01,458.93,459.78
1781163900000,460.01,460.49,459.1,460.49
1781164800000,440.401,464.68,440.4,463.75
1781165700000,463.75,466.052,462.69,464.626
1781166600000,464.625,465.749,462.99,463.645
1781167500000,463.645,464.645,462.995,464.454
1781168400000,464.453,464.453,463,463
1781169300000,463,463.49,460.969,461.595
1781170200000,461.595,461.595,460.015,460.015
1781171100000,460.015,462.499,460.015,461.697
1781172000000,461.696,464,461,464
1781172900000,464,464.318,462.39,463.495
1781173800000,463.495,464.2,462.676,462.676
1781174700000,462.675,463.315,462.675,462.99
1781175600000,462.99,462.99,460.52,460.752
1781176500000,460.751,462.228,460.347,461.894
1781177400000,461.937,463.44,461.275,462.019
1781178300000,462.016,463.985,461.774,463.45
1781179200000,463.45,464.305,463.266,463.671
1781180100000,463.671,463.75,457.49,457.49
1781181000000,457.49,459.571,454.154,457.707
1781181900000,457.717,461.493,457.165,461.238
1781182800000,461.198,461.639,459.614,461.233
1781183700000,461.227,464.02,460.226,461.887
1781184600000,461.901,470.275,461.901,468.686
1781185500000,468.766,479.09,468.62,476.645
1781186400000,477.03,479.99,469.43,469.602
1781187300000,469.595,473.26,466.89,472.701
1781188200000,472.697,474.753,470.86,470.86
1781189100000,470.74,471.462,463.695,465.165
1781190000000,465.069,467.92,461.845,467.209
1781190900000,467.192,469.313,465.79,466.993
1781191800000,466.994,469.562,465.616,466.146
1781192700000,466.104,467.05,463.3,466.007
1781193600000,465.906,468.67,465.453,467.514
1781194500000,467.521,468.354,464.765,464.841
1781195400000,464.834,468.49,464.29,466.442
1781196300000,466.44,466.585,462.24,462.287
1781197200000,462.272,463.255,460.24,460.666
1781198100000,460.67,470.01,458.24,470.01
1781199000000,469.643,477.59,469.643,477.483
1781199900000,477.514,478,472.97,475.35
1781200800000,475.366,477.01,471.795,475.843
1781201700000,475.865,477.57,475.06,476.5
1781202600000,476.521,478.51,476.497,478.496
1781203500000,478.497,481.686,478.32,481.363
1781204400000,481.55,485.32,479.81,484.587
1781205300000,484.642,488,484.642,486.677
1781206200000,486.595,489.87,485.7,488.619
1781207100000,488.629,490.39,486.865,488.42
1781208000000,488.399,488.995,487.185,488.103
1781208900000,488.12,488.971,486.305,487.366
1781209800000,487.366,488.484,485.76,485.897
1781210700000,485.906,486.099,485.601,485.887
1781211600000,485.888,486.139,484.07,485.915
1781212500000,485.887,486.925,485.708,486.925
1781213400000,486.925,487.696,486,486.925
1781214300000,486.925,487.525,486.871,486.871
1781215200000,486.866,488.265,486.846,488.25
1781216100000,488.25,489.8,488.25,489.001
1781217000000,489,489.448,488.7,489.247
1781217900000,489.246,490.624,489.094,489.25
1781218800000,489.25,489.25,488.01,488.822
1781219700000,488.827,489.4,487.707,488.165
1781220600000,488.171,489.514,487.95,489.5
1781221500000,489.5,491.9,489.424,491.75
1781222400000,491.75,492.11,490.5,491.56
1781223300000,491.6,494.98,491.36,494.98
1781224200000,494.98,498.7,494.96,495.64
1781225100000,495.55,497,492.3,493.12
1781226000000,493.25,493.25,488.61,490.85
1781226900000,490.16,490.79,488.02,489.29
1781227800000,489.99,490.88,487.1,489.45
1781228700000,489.2,491.76,489.02,491.34
1781229600000,491.79,492.88,491.42,492.65
1781230500000,492.17,492.71,489.64,489.64
1781231400000,490.49,491.27,489.62,490.87
1781232300000,491.55,492.21,490.87,491.15
1781233200000,491.36,491.36,490.4,490.7
1781234100000,491.27,491.27,489.02,490.54
1781235000000,490.93,491.5,490.54,490.6
1781235900000,490.58,491.47,489.72,491.12
1781236800000,490.72,490.99,489.65,490.89
1781237700000,491.19,492.04,490.42,491.29
1781238600000,491.2,492.48,490.85,492.06
1781239500000,492.54,493.03,491.73,492.59
1781240400000,492.79,493.09,490.65,491.21
1781241300000,490.99,491.84,490.65,491
1781242200000,490.99,491.01,486.61,486.61
1781243100000,486.77,489.99,482.99,483.13
1781244000000,483.13,486.73,483.13,485.96
1781244900000,485.75,485.91,484.2,485
1781245800000,484.7,484.85,483.04,483.32
1781246700000,483.8,483.8,480.54,482.14
1781247600000,482.21,483,478.11,478.69
1781248500000,478.6,482.4,477.24,481.44
1781249400000,480.99,483.72,480.18,483.72
1781250300000,483.38,484.51,482.74,484.49
1781251200000,490.513,490.513,483.916,485.691
1781252100000,485.692,487.857,485.575,486.688
1781253000000,486.681,486.793,483.461,483.461
1781253900000,483.461,485.07,483.46,483.46
1781254800000,483.46,497.587,483.46,497.355
1781255700000,497.355,497.499,495.535,497.499
1781256600000,497.499,498.499,496.277,497.301
1781257500000,497.303,499.195,497.303,498.739
1781258400000,498.741,500.5,497.829,497.829
1781259300000,497.826,499.436,496.33,496.33
1781260200000,496.33,496.86,495.347,495.995
1781261100000,495.995,496.949,495.32,496.772
1781262000000,496.771,500.59,496.746,500.563
1781262900000,500.552,502.399,500.313,501.44
1781263800000,501.4,501.89,499.826,500.627
1781264700000,500.623,500.999,498.527,498.527
1781265600000,498.526,498.572,496.856,498.214
1781266500000,498.211,498.644,495.002,495.979
1781267400000,495.957,496.996,494.99,495.657
1781268300000,495.656,495.656,491,492.571
1781269200000,492.572,495.171,491.838,494.925
1781270100000,494.97,500.528,494.208,499.885
1781271000000,499.695,510.055,494.1,502.415
1781271900000,502.791,513.26,500.27,509.351
1781272800000,509.359,517.325,509.359,515.556
1781273700000,515.587,517.49,512.6,513.981
1781274600000,513.918,516.83,510.3,510.482
1781275500000,510.456,514.31,507,513.407
1781276400000,513.374,514.5,510.905,514.013
1781277300000,514.395,516.32,513.46,515.002
1781278200000,515.002,516.37,510.17,510.57
1781279100000,510.553,512.48,505.1,505.687
1781280000000,505.705,512.63,505.005,511.464
1781280900000,511.453,514.41,510.575,512.982
1781281800000,512.98,513.79,510.74,510.74
1781282700000,510.745,514.11,510.545,513.861
1781283600000,513.885,517.33,513.885,515.736
1781284500000,515.837,519.715,515.837,519.459
1781285400000,519.462,520.855,517.46,520.21
1781286300000,520.322,521.64,518.252,519.54
1781287200000,519.537,519.75,514.334,514.334
1781288100000,514.307,515.47,512.35,515.015
1781289000000,515.002,516.31,514.69,515.853
1781289900000,515.867,516.65,512.973,513.65
1781290800000,513.665,516.548,513.58,513.941
1781291700000,513.941,514.81,512.81,512.81
1781292600000,512.788,515.74,510.37,513.958
1781293500000,513.907,514.03,511.38,511.7
1781294400000,511.668,512.623,511.425,512.225
1781295300000,512.225,512.516,512.112,512.18
1781296200000,512.18,512.18,511.777,512
1781297100000,512,512.169,511.603,512.099
1781298000000,512.099,512.2,512,512.175
1781298900000,512.155,512.454,512.055,512.426
1781299800000,512.424,514,512.4,513.745
1781300700000,513.745,513.745,513.365,513.365
1781301600000,513.365,513.419,512.375,512.378
1781302500000,512.379,513.055,512.379,513.055
1781303400000,513.055,513.362,512.83,513.306
1781304300000,513.305,513.835,513.258,513.546
1781305200000,513.545,513.87,513.445,513.824
1781306100000,513.825,514.075,513.825,514.075
1781307000000,514.075,514.998,514,514.752
1781307900000,514.751,515.61,514.725,514.75
1781308800000,515.5,515.5,514.93,514.93
1781310600000,514.92,514.92,514.92,514.92
1781317800000,515.5,515.5,515.5,515.5
1781319600000,514.86,514.86,514.86,514.86
1781322300000,515.5,515.5,515.5,515.5
1781327700000,515.5,515.5,515.5,515.5
1781331300000,515.42,515.42,514.97,514.97
1781339400000,515.42,515.42,515.42,515.42
1781391600000,515.42,516.29,515.42,516.29
1781481600000,526.73,531.98,520,531.98
1781482500000,531.98,540.01,529.99,537.41
1781483400000,537.38,538.21,536,538
1781484300000,538.01,538.88,535.09,537.44
1781485200000,537.41,537.41,534.04,536.16
1781486100000,536.43,536.78,533.41,534.15
1781487000000,534.03,535.43,533.3,535.43
1781487900000,535.36,536.24,534.49,535.12
1781488800000,535.03,535.51,534.41,534.56
1781489700000,534.56,536.33,534.23,535.45
1781490600000,535.45,535.59,533.22,533.48
1781491500000,533.49,535.32,533.23,534.71
1781492400000,534.52,534.66,533.58,534.19
1781493300000,534.19,534.98,533.76,534.17
1781494200000,534.26,534.4,533.49,533.81
1781495100000,533.78,534.29,533.01,533.75
1781496000000,533.11,533.11,530.81,530.81
1781496900000,531.05,533.85,530.85,533.1
1781497800000,532.81,534.01,532.52,533.02
1781498700000,533.31,533.51,532.8,533.03
1781499600000,533.3,534.23,533.02,533.26
1781500500000,533.21,533.73,532.89,533.49
1781501400000,533.45,533.57,531.96,533.18
1781502300000,533.18,533.48,532.8,533.46
1781503200000,533.35,534.21,533.35,534.18
1781504100000,534.14,535.95,533.18,535.67
1781505000000,535.66,535.99,534.23,535.65
1781505900000,535.75,537.81,535.67,537.06
1781506800000,536.96,537.04,534.23,535.48
1781507700000,535.16,536.89,535.13,536.75
1781508600000,536.75,537.76,536.25,537.01
1781509500000,537.02,537.79,536.28,536.28
1781510400000,518.575,537.497,518.575,535.5
1781511300000,535.5,535.805,534.509,534.908
1781512200000,534.909,536.759,534.909,536.515
1781513100000,536.515,537.175,535.675,536.585
1781514000000,536.585,536.585,535.585,535.688
1781514900000,535.688,535.69,534.375,534.375
1781515800000,534.375,534.832,533.396,533.5
1781516700000,533.5,533.68,532.29,533.175
1781517600000,533.175,534.445,532.801,533.175
1781518500000,533.175,533.73,532.975,533.325
1781519400000,533.325,533.325,532.715,533.165
1781520300000,533.165,533.5,533.165,533.5
1781521200000,533.5,533.985,532.806,533.7
1781522100000,533.7,533.995,533.545,533.807
1781523000000,533.814,535.766,533.516,534.378
1781523900000,534.355,535.579,534.307,535.501
1781524800000,535.44,536,533.75,535.233
1781525700000,535.227,535.333,530.446,531.023
1781526600000,531.02,532.56,530.31,532.294
1781527500000,532.305,533.843,531.237,533.729
1781528400000,533.73,534.95,533.273,534.65
1781529300000,534.65,536.51,533.7,536.087
1781530200000,536.435,553.14,530.95,552.53
1781531100000,552.509,558.21,548.01,548.574
1781532000000,548.585,554.81,547.83,552.878
1781532900000,552.88,553.135,548.03,550.672
1781533800000,550.68,552.55,545.67,547.306
1781534700000,547.303,550.5,546.01,548.997
1781535600000,549.034,552.58,548.997,550.948
1781536500000,550.944,550.944,548.16,549.638
1781537400000,549.633,550.03,546.655,547.231
1781538300000,547.1,547.77,546.252,547.207
1781539200000,547.239,549.42,546.18,549.238
1781540100000,549.231,551.66,548,551.12
1781541000000,551.114,551.684,548.99,550.239
1781541900000,550.215,550.279,548.51,549.545
1781542800000,549.536,550.008,547.22,547.676
1781543700000,547.621,548.915,547.42,548.471
1781544600000,548.468,550.701,547.965,549.622
1781545500000,549.563,549.99,548.42,549.145
1781546400000,549.146,549.693,547.815,548.652
1781547300000,548.647,548.72,546.555,547.019
1781548200000,547.036,548.92,546.735,548.423
1781549100000,548.417,548.67,546.3,546.443
1781550000000,546.468,547.4,543.585,544.992
1781550900000,544.973,546.857,544.475,545.528
1781551800000,545.488,549.115,545.41,547.773
1781552700000,547.91,548.61,546.125,547.073
1781553600000,547.082,548.514,547.082,547.498
1781554500000,547.479,547.51,546.847,547.46
1781555400000,547.46,547.702,546.45,546.858
1781556300000,546.865,547.841,546.428,547.178
1781557200000,547.177,547.222,546.775,546.785
1781558100000,546.783,547.45,546.512,547.45
1781559000000,547.45,547.45,547.005,547.005
1781559900000,547.005,547.005,546.675,546.878
1781560800000,546.877,546.9,545.1,545.431
1781561700000,545.426,545.8,543.9,543.9
1781562600000,543.9,544.75,543.85,544.243
1781563500000,544.236,545.915,544.2,545.03
1781564400000,545.03,545.225,544.732,544.825
1781565300000,544.821,545.1,544.5,545.075
1781566200000,545.075,545.5,544.525,544.832
1781567100000,544.831,546.407,544.8,546.229
1781568000000,546.228,546.228,543.31,544.67
1781568900000,544.51,545.5,543,543.99
1781569800000,543.99,544.93,543.29,543.7
1781570700000,543.49,543.67,541.3,541.86
1781571600000,542.21,542.82,540.16,542.5
1781572500000,542.21,543.5,542.21,543.31
1781573400000,543.21,544.89,542.97,544.89
1781574300000,544.57,545.4,543.33,543.6
1781575200000,543.93,544.56,542.13,542.38
1781576100000,542.38,542.64,542.01,542.26
1781577000000,542.14,543.78,542.14,543.02
1781577900000,543.17,543.45,542.28,542.84
1781578800000,542.99,543.57,542.62,543.49
1781579700000,543.12,545.01,543.12,545
1781580600000,545,546.3,544.99,545.9
1781581500000,545.51,546,544.99,545.18
1781582400000,545.51,546.74,545.51,546.74
1781583300000,546.6,546.8,545.99,546.55
1781584200000,546.55,547.01,546.42,546.6
1781585100000,546.41,546.61,545.96,546.1
1781586000000,546.05,546.3,545.39,545.59
1781586900000,545.79,546.17,545.58,546.05
1781587800000,546.04,546.04,543.86,544.15
1781588700000,544.66,546.05,544.41,544.41
1781589600000,544.56,545.26,543.99,545.25
1781590500000,545.25,545.67,544.73,545.15
1781591400000,545.24,545.36,544.49,544.51
1781592300000,544.73,545.98,544.25,545.61
1781593200000,545.61,545.96,544.59,544.66
1781594100000,544.68,545.24,544.66,545.14
1781595000000,545.26,545.31,544.01,544.09
1781595900000,544.13,544.61,544.01,544.51
1781596800000,546.226,547.51,544.7,547.1
1781597700000,547.192,548.681,547.192,548.499
1781598600000,548.502,550.01,548,548
1781599500000,548,549.5,547.54,549.5
1781600400000,549.5,550.249,549.5,549.75
1781601300000,549.75,550.1,548.262,548.965
1781602200000,548.965,548.965,548.095,548.45
1781603100000,548.45,548.45,546,547.5
1781604000000,547.5,548.126,546.501,547.5
1781604900000,547.5,549.25,547.5,548.998
1781605800000,548.999,549.849,548.99,549.449
1781606700000,549.45,549.528,548.019,549.5
1781607600000,549.5,554.098,549.201,554.098
1781608500000,554.109,554.391,551.66,552.395
1781609400000,552.429,552.578,550.464,550.927
1781610300000,550.947,551.25,550.416,551.13
1781611200000,551.117,551.175,547.455,547.551
1781612100000,547.422,547.422,542.138,543.028
1781613000000,543.182,544.803,540.99,541.501
1781613900000,541.501,542.202,540.99,541.192
1781614800000,541.185,541.5,538.861,541.273
1781615700000,541.281,547.148,540.628,546.724
1781616600000,546.89,548.41,539.56,539.75
1781617500000,539.625,543.01,539,539.858
1781618400000,540.48,541.65,535.6,537.769
1781619300000,537.762,538.16,527.43,528.494
1781620200000,528.01,531.46,523.205,529.756
1781621100000,529.703,529.703,521.25,522.439
1781622000000,522.775,528.18,522.27,526.801
1781622900000,527.23,529.167,519.86,522.248
1781623800000,522.261,523.988,518.13,518.628
1781624700000,518.626,522.54,515.61,520.281
1781625600000,520.291,525.12,520.2,523.723
1781626500000,523.714,524.46,521.73,523.049
1781627400000,523.046,523.11,517.44,519.985
1781628300000,520.016,522.28,519.455,522.08
1781629200000,522.097,522.137,519.75,521.319
1781630100000,521.283,521.75,519.05,520.76
1781631000000,520.746,521.325,517.72,519.994
1781631900000,520.001,522.815,519.79,520.744
1781632800000,520.741,521.54,519.85,519.895
1781633700000,519.895,520.077,518.39,518.958
1781634600000,518.953,518.953,516.51,517.616
1781635500000,517.615,517.737,515.19,516.142
1781636400000,516.126,519.81,514.17,514.598
1781637300000,514.571,517.472,512.49,517.298
1781638200000,517.308,518.17,512.27,514.156
1781639100000,514.099,514.099,507.27,507.32
1781640000000,507.631,508.069,505.26,506.75
1781640900000,506.75,507.035,504.083,506.232
1781641800000,506.247,507.109,505.75,506.735
1781642700000,506.735,507.375,506.435,506.596
1781643600000,506.604,510.48,506.604,510.48
1781644500000,510.484,513.391,510.336,511.01
1781645400000,511.01,511.75,510.941,511.25
1781646300000,511.25,511.25,510.795,510.91
1781647200000,510.91,512.424,510.562,512.081
1781648100000,512.08,512.883,511.555,512.883
1781649000000,512.887,513.749,512.7,512.7
1781649900000,512.7,513.739,512.535,513.658
1781650800000,513.668,513.725,510.501,511.231
1781651700000,511.251,511.475,510.752,510.925
1781652600000,510.925,510.925,510.58,510.808
1781653500000,510.811,511.223,510.3,510.705
1781654400000,511.57,513.93,511.52,513.51
1781655300000,513.64,516.01,513.64,515.21
1781656200000,515.58,516.24,515.09,515.09
1781657100000,515.09,515.09,513.5,514.49
1781658000000,514.5,514.86,513.74,514.6
1781658900000,514.6,516.1,514.12,515.97
1781659800000,515.96,516.02,515.08,515.3
1781660700000,515.42,516.34,515.42,515.99
1781661600000,515.99,516.76,515.52,516.76
1781662500000,516.79,517.98,516.02,516.32
1781663400000,516.3,516.56,515.29,515.89
1781664300000,515.88,516.6,515.04,515.61
1781665200000,515.61,516.36,515.3,515.3
1781666100000,515.31,515.74,514.11,514.65
1781667000000,515.09,517.08,515.09,517.01
1781667900000,516.99,518.01,516.83,517.79
1781668800000,517.78,518.86,517.49,517.98
1781669700000,518.4,519.54,518.34,518.67
1781670600000,518.64,518.81,516.99,517.05
1781671500000,517.02,518.13,516.98,517.99
1781672400000,517.99,518.6,517.6,518.33
1781673300000,518.1,519.87,517.87,519.11
1781674200000,519.16,520.99,518.79,519.98
1781675100000,519.99,521.6,519.74,520.37
1781676000000,520.01,522.01,519.99,521.61
1781676900000,521.45,522.64,520.15,520.51
1781677800000,520.52,521.49,520.01,521.48
1781678700000,521.86,523.49,521.54,523.22
1781679600000,523.34,524.32,522.99,524.16
1781680500000,524.32,524.5,522.99,523.55
1781681400000,523.5,524.87,523.4,523.65
1781682300000,523.64,524.59,522.99,523.64
1781683200000,512.685,526.55,512.685,525.9
1781684100000,525.9,526.77,524.02,524.276
1781685000000,524.271,524.271,522.955,522.99
1781685900000,522.991,523,521.59,522.6
1781686800000,522.6,524,522.419,523.456
1781687700000,523.456,523.456,522.75,523.455
1781688600000,523.455,523.455,521.95,521.95
1781689500000,521.95,522.55,520.37,520.81
1781690400000,520.81,520.997,519.725,520.997
1781691300000,520.998,522.897,520.998,522.035
1781692200000,522.035,522.245,521.133,521.515
1781693100000,521.515,522.87,521.515,522.165
1781694000000,521.938,521.938,519.005,520.955
1781694900000,520.955,521.648,520,520.125
1781695800000,520.125,521.01,519.795,520.737
1781696700000,520.748,520.8,517.538,519
1781697600000,519,520.749,519,519.794
1781698500000,519.787,521.279,519.561,520.839
1781699400000,520.841,522.091,520.317,522.091
1781700300000,522.094,522.15,520.5,520.75
1781701200000,520.75,521.1,520.049,520.725
1781702100000,520.725,529.64,520.596,529.491
1781703000000,529.04,529.495,510.26,519.423
1781703900000,519.17,520.835,507.32,508.781
1781704800000,508.34,515.81,507.99,515.435
1781705700000,515.71,522.17,515.33,521.399
1781706600000,521.413,523.12,518.773,521.63
1781707500000,521.654,524.02,516.4,519.49
1781708400000,519.62,523.63,519.2,522.972
1781709300000,522.928,524.45,521.83,523.082
1781710200000,523.103,524.645,522.43,523.353
1781711100000,523.333,524.31,522.574,524.17
1781712000000,524.167,525.13,521.49,522.157
1781712900000,522.145,523.74,521.56,522.87
1781713800000,522.867,523.49,521.82,522.378
1781714700000,522.363,522.549,521.157,521.9
1781715600000,521.895,523.281,520.23,523.072
1781716500000,523.02,525.315,521.54,525.194
1781717400000,525.184,525.184,522.69,522.928
1781718300000,522.924,524.18,521.46,524.18
1781719200000,523.716,523.95,511.36,521.009
1781720100000,520.97,523.505,517.48,519.524
1781721000000,519.473,532.36,518.32,532.234
1781721900000,532.31,532.31,520,522.59
1781722800000,522.562,525.44,519.39,524.58
1781723700000,524.578,524.84,515.87,516.948
1781724600000,516.76,518.62,511.2,512.32
1781725500000,512.368,515.29,511,512.19
1781726400000,512.299,514.264,511.191,513.04
1781727300000,513.033,517.91,512.982,517.507
1781728200000,517.518,518.487,516.746,517.899
1781729100000,517.899,519.299,516.903,518.091
1781730000000,518.117,519.25,518.036,518.519
1781730900000,518.544,518.725,517.705,518.492
1781731800000,518.494,519.1,518.25,518.257
1781732700000,518.241,518.75,518.16,518.475
1781733600000,518.475,521.495,516.943,521.486
1781734500000,521.488,523.132,521.078,522.412
1781735400000,522.392,522.8,521.735,522.375
1781736300000,522.375,522.65,522.176,522.3
1781737200000,522.3,522.625,521.4,522.625
1781738100000,522.63,523.143,522.401,522.985
1781739000000,522.985,522.985,521.5,521.5
1781739900000,521.5,522.01,521.327,521.5
1781740800000,521.5,525.92,521.5,525.14
1781741700000,525.15,525.75,522.51,523.28
1781742600000,523.41,525.46,523.41,525
1781743500000,525.38,525.55,524.01,524.28
1781744400000,524.27,526.29,523.99,526.29
1781745300000,526.39,526.41,525.26,525.95
1781746200000,525.86,526.49,525.5,525.99
1781747100000,525.78,526.39,524.77,525.26
1781748000000,525.35,527.47,525.3,526.94
1781748900000,527.39,527.39,526.49,526.78
1781749800000,526.78,527.2,526.59,527.01
1781750700000,527.1,527.5,526.34,526.55
1781751600000,526.6,527.38,526.6,527.09
1781752500000,527.03,528.5,527.03,527.51
1781753400000,527.68,528.28,526.87,527.21
1781754300000,527.37,527.81,527.27,527.28
1781755200000,527.28,527.69,525.05,525.5
1781756100000,525.51,525.52,523.01,523.27
1781757000000,523.12,523.32,520.15,521.54
1781757900000,521.7,524,521.01,523.57
1781758800000,523.76,524.98,522.85,524.98
1781759700000,524.88,526.48,524.88,525.86
1781760600000,525.88,527,524.02,524.3
1781761500000,524.2,525.76,524.2,525.58
1781762400000,524.65,525.92,523.82,524.69
1781763300000,524.99,525.9,523.39,524.96
1781764200000,525.05,525.05,523.25,523.98
1781765100000,524,526,523.98,525.91
1781766000000,525.93,527.07,524.99,526.03
1781766900000,526.02,527.26,525.71,527.14
1781767800000,527.15,527.68,526.57,527.48
1781768700000,527.46,527.51,526.74,527.36
1781769600000,521.5,528.7,521.5,528.44
1781770500000,528.44,528.5,525.453,526.28
1781771400000,526.28,527.705,526.28,527.007
1781772300000,527.009,527.527,526.1,526.1
1781773200000,526.1,527.2,526.1,526.84
1781774100000,526.84,527.08,526.84,526.9
1781775000000,526.9,527.789,526.9,527.695
1781775900000,527.695,528.635,527.695,528.395
1781776800000,528.395,529.5,527.791,529.5
1781777700000,529.5,529.5,528.007,528.66
1781778600000,528.66,529.11,527.512,527.561
1781779500000,527.559,527.614,526.84,527.5
1781780400000,527.5,531.146,527.423,529.604
1781781300000,529.628,529.948,528.245,529.338
1781782200000,529.352,529.694,528.196,529.051
1781783100000,529.073,531.5,528.537,530.914
1781784000000,530.911,531.499,530.187,531.495
1781784900000,531.495,532,531,531.92
1781785800000,531.92,532.494,531.705,531.999
1781786700000,532.011,533.82,531.754,533.145
1781787600000,533.135,534.487,531.742,533.599
1781788500000,533.582,534.782,532.368,532.741
1781789400000,532.666,535.78,527,530.738
1781790300000,530.744,535.01,527.591,530.386
1781791200000,530.365,533.66,528.844,530.986
1781792100000,531.019,536.85,530.405,531.311
1781793000000,531.309,531.354,528.38,528.837
1781793900000,528.813,534.075,528.796,533.461
1781794800000,533.58,539.48,532.3,537.432
1781795700000,537.422,538.445,531.395,531.577
1781796600000,531.598,532.51,526.36,528.397
1781797500000,528.4,534.99,527.24,534.738
1781798400000,534.812,536.69,533.23,533.462
1781799300000,533.486,534.96,532.74,534.556
1781800200000,534.564,534.849,532.755,534.136
1781801100000,534.129,534.657,532.722,534.041
1781802000000,534.055,534.8,532.76,534.285
1781802900000,534.271,534.73,532.938,533.703
1781803800000,533.703,534.542,533.355,534.451
1781804700000,534.444,535.531,533.965,534.175
1781805600000,534.36,534.755,532.314,532.476
1781806500000,532.461,533.71,531.98,533.206
1781807400000,533.203,533.203,530.095,530.145
1781808300000,530.164,531.63,529.311,531.319
1781809200000,531.313,531.669,530.193,531.108
1781810100000,531.13,534.145,530.69,531.07
1781811000000,531.113,533.74,530.62,533.596
1781811900000,539.48,539.59,536.83,537.18
1781812800000,537.291,537.323,536.247,536.861
1781813700000,536.863,536.95,536.51,536.75
1781814600000,536.75,537,536.49,536.734
1781815500000,536.732,537.185,536.5,536.785
1781816400000,536.785,537.548,536.785,537.356
1781817300000,537.355,537.725,537.156,537.521
1781818200000,537.517,538.5,537.5,538.5
1781819100000,538.5,539.15,538.5,539.11
1781820000000,539.111,539.28,537.642,537.642
1781820900000,537.635,537.946,537.129,537.5
1781821800000,537.5,537.5,535.8,536.12
1781822700000,536.129,536.495,535.8,535.84
1781823600000,535.842,537.055,535.77,536.399
1781824500000,536.4,536.799,536.096,536.205
1781825400000,536.205,536.9,536.145,536.696
1781826300000,536.697,537,536.345,536.633
1781827200000,536.663,537.01,536.6,536.6
1781829000000,536.6,536.6,536.6,536.6
1781837100000,536.6,536.6,536.56,536.56
1781874000000,536.51,536.51,535.94,535.94
1781883900000,535.9,535.9,535.9,535.9
1781930700000,536.28,536.28,536.28,536.28
1781931600000,535.9,535.9,535.9,535.9
1781960400000,535.87,535.87,535.87,535.87
1782041400000,536.31,536.31,535.8,535.8
1782046800000,535.8,535.8,535.8,535.8
1782061200000,535.8,535.8,535.78,535.78
1782086400000,522.87,536,522.87,527.29
1782087300000,527.29,534.51,526.56,533.01
1782088200000,533.44,533.8,529.99,531.53
1782089100000,531.52,535.5,531.51,535.36
1782090000000,535.57,535.9,533.55,534.15
1782090900000,533.87,534.99,531.56,531.56
1782091800000,531.56,532.68,530.95,531.5
1782092700000,531.5,532.4,530.99,531
1782093600000,531.02,533.01,531.02,531.51
1782094500000,531.18,532.22,531.17,531.48
1782095400000,531.4,531.99,530.91,531.41
1782096300000,530.93,531.61,530.23,531.26
1782097200000,531.31,531.31,530.07,530.29
1782098100000,530.44,531.51,530.43,531.4
1782099000000,531.69,532.21,531.5,531.51
1782099900000,532,532.25,530.56,530.62
1782100800000,531.32,531.95,531,531.44
1782101700000,531.01,531.51,530.62,530.72
1782102600000,530.71,531,530.06,530.13
1782103500000,530.14,531.56,530.14,531
1782104400000,531.31,533.45,531.19,533.35
1782105300000,532.75,533.83,532.75,533.39
1782106200000,533.39,533.74,532.97,533.01
1782107100000,533.02,533.49,532.25,533.04
1782108000000,533.17,533.99,533.17,533.7
1782108900000,533.74,536.01,533.52,536
1782109800000,535.66,537.71,535.25,537.37
1782110700000,537.14,538.01,536.99,537.9
1782111600000,537.92,540.84,537.39,540.58
1782112500000,540.58,541.77,539.72,540.28
1782113400000,540.26,540.26,538,538.44
1782114300000,538.53,539.26,538.42,539.23
1782115200000,536.809,539.435,535.857,536.789
1782116100000,536.789,538.06,536.667,537.75
1782117000000,537.75,538.355,537.75,538.06
1782117900000,538.06,538.46,537.96,538.46
1782118800000,538.467,539.5,537.985,539.25
1782119700000,539.25,539.279,539.1,539.1
1782120600000,539.1,539.278,539.04,539.122
1782121500000,539.121,539.3,538.901,539.3
1782122400000,539.3,539.3,539.3,539.3
1782123300000,539.3,539.395,539.13,539.13
1782124200000,539.13,539.13,538.15,538.71
1782125100000,538.71,539.159,538.246,538.25
1782126000000,538.25,541.596,537.931,539.701
1782126900000,539.7,540.742,539.156,540.594
1782127800000,540.595,540.966,539.844,539.864
1782128700000,539.864,539.973,539.111,539.543
1782129600000,539.599,540.594,539.599,540.594
1782130500000,540.595,542.964,539.963,542.964
1782131400000,542.971,543.556,542.37,542.7
1782132300000,542.7,543.345,542.401,542.403
1782133200000,542.435,545.128,542.435,544.19
1782134100000,544.213,545.4,543.008,545.172
1782135000000,545.03,550.41,536.51,541.804
1782135900000,541.99,562.364,541.829,558.022
1782136800000,557.942,558.36,548,548.264
1782137700000,548.194,548.38,543.23,544.435
1782138600000,544.42,544.85,540.69,541.563
1782139500000,541.46,546.44,541.46,545.658
1782140400000,545.593,548.74,544.725,546.663
1782141300000,546.688,548.495,544.41,545.144
1782142200000,545.164,545.861,542.7,543.988
1782143100000,543.961,544.8,537.455,537.721
1782144000000,537.748,541.861,536.88,540.957
1782144900000,540.865,542.65,540.082,542.498
1782145800000,542.502,542.521,539.54,541.714
1782146700000,541.702,545.035,539.99,543.964
1782147600000,543.964,544.761,541.839,542.816
1782148500000,542.853,544.085,542.853,543.537
1782149400000,543.537,544.363,542.74,543.687
1782150300000,543.682,547.06,543.255,545.874
1782151200000,545.845,546.257,545.146,545.627
1782152100000,545.631,546.6,545.14,546.207
1782153000000,546.21,547.615,544.135,544.371
1782153900000,544.379,546.49,544.26,545.251
1782154800000,545.385,547.61,544.645,547.168
1782155700000,547.167,547.28,544.01,544.245
1782156600000,544.238,547.1,544.238,545.185
1782157500000,545.47,552.01,545.239,551.608
1782158400000,551.618,552.784,550.678,552.184
1782159300000,552.172,552.648,551.089,551.225
1782160200000,551.204,551.4,550.527,550.875
1782161100000,550.875,550.9,549.2,549.253
1782162000000,549.238,549.598,549.171,549.598
1782162900000,549.599,549.936,548.515,549.75
1782163800000,549.75,549.798,549.685,549.701
1782164700000,549.701,549.701,549.6,549.6
1782165600000,549.6,550.235,549.062,549.605
1782166500000,549.605,549.88,549.375,549.65
1782167400000,549.65,549.65,546.301,546.929
1782168300000,546.924,547.982,546.3,547.55
1782169200000,547.55,547.55,546.321,546.55
1782170100000,546.55,546.643,545.468,546.63
1782171000000,546.625,547.2,546.35,546.35
1782171900000,546.427,547.25,545.697,546.799
1782172800000,546.89,547.8,543.94,544.04
1782173700000,544.05,544.52,540.03,543.36
1782174600000,543.52,548.07,543.36,548.07
1782175500000,548.99,550.51,545.89,545.89
1782176400000,546.4,548.35,546.4,547.36
1782177300000,547.01,547.01,544.88,544.91
1782178200000,545.01,545.01,541.56,541.8
1782179100000,541.57,544,540,542.57
1782180000000,542.57,543.95,539.74,541.65
1782180900000,542.08,544.01,541.71,542.81
1782181800000,542.78,542.94,540.04,540.04
1782182700000,540.3,540.66,538,538.74
1782183600000,538.72,539.38,536.54,536.54
1782184500000,536.95,538.38,533.75,534.18
1782185400000,533.9,534.98,531.99,534.98
1782186300000,534.97,541.48,533.32,539.95
1782187200000,539.89,540.6,537.3,538.6
1782188100000,538.01,538.58,536.96,537.32
1782189000000,536.89,537.01,535.12,535.75
1782189900000,535.97,536.01,532.49,532.5
1782190800000,532.4,534.89,532.21,533.53
1782191700000,533.53,534.9,531.71,533.32
1782192600000,532.41,534.2,530.49,531.95
1782193500000,531.95,532.29,529.89,530.49
1782194400000,530.02,531.8,528,529.15
1782195300000,529.01,530.75,526.41,526.41
1782196200000,526.59,526.78,523.24,523.55
1782197100000,523.54,525.18,520.98,521.48
1782198000000,521.33,528.18,519.99,526.27
1782198900000,525.65,526.08,521.85,523.99
1782199800000,524.25,524.49,520.41,521.49
1782200700000,521.2,521.96,517.99,518.75
1782201600000,546.799,546.799,517.466,519.007
1782202500000,519.006,519.006,515.5,515.5
1782203400000,515.5,521.505,515.5,518.67
1782204300000,518.67,519.5,518.55,519
1782205200000,519,521.453,518.565,521.453
1782206100000,521.455,523.742,521.25,521.5
1782207000000,521.5,522.1,518.709,518.709
1782207900000,518.682,520.5,517.941,520.5
1782208800000,520.5,520.5,518.44,520.499
1782209700000,520.499,520.5,517.75,517.75
1782210600000,517.75,518.999,514.112,515
1782211500000,515,519.089,515,518.44
1782212400000,518.44,518.926,516,518.286
1782213300000,518.321,519.242,517.026,517.142
1782214200000,517.152,518.38,515.954,517.547
1782215100000,517.506,519.622,517.001,519.298
1782216000000,519.299,521.179,516.934,517.367
1782216900000,517.389,517.679,513.611,514
1782217800000,514,514.108,511.23,512.384
1782218700000,512.362,513.058,510,510.508
1782219600000,510.507,510.507,507.369,509.1
1782220500000,509.1,511.89,506.572,509.116
1782221400000,509.08,518.88,506.91,512.793
1782222300000,512.791,524.88,511.54,523.66
1782223200000,523.525,526.3,519.99,524.814
1782224100000,524.793,525.57,521.51,523.06
1782225000000,523.09,526.46,520.31,522.133
1782225900000,522.169,525.28,518.881,522.197
1782226800000,522.187,524.01,518.67,519.408
1782227700000,519.405,520.54,516.785,517.923
1782228600000,517.935,521.168,517.757,518.947
1782229500000,518.924,522.51,517.51,522.306
1782230400000,522.303,528.41,521.75,527.437
1782231300000,527.437,527.99,524.3,526.044
1782232200000,526.036,526.315,524.1,525.368
1782233100000,525.356,525.356,520.29,522.165
1782234000000,522.167,524.317,520.19,523.019
1782234900000,522.935,524.99,521.626,524.065
1782235800000,524.103,524.5,521.841,522.181
1782236700000,522.173,522.43,518.859,518.859
1782237600000,518.854,521,518.25,520.268
1782238500000,520.266,520.85,519.1,520.135
1782239400000,519.79,520.246,516.17,516.267
1782240300000,516.21,516.78,513.64,515.644
1782241200000,515.645,521.24,515.15,518.498
1782242100000,518.26,519.99,515.31,519.859
1782243000000,519.834,521.23,517.764,518.654
1782243900000,518.58,520.53,516.464,519.56
1782244800000,519.879,522.375,518.678,522.152
1782245700000,522.153,523.124,521.789,523.086
1782246600000,523.093,523.122,521.102,521.798
1782247500000,521.799,522.05,520.8,521.578
1782248400000,521.577,522.52,521.375,522.52
1782249300000,522.534,522.6,521,521
1782250200000,521,522.073,521,521.825
1782251100000,521.825,522.005,521.515,521.515
1782252000000,521.515,522.998,521.018,522.584
1782252900000,522.587,522.999,519.546,520.131
1782253800000,520.117,520.5,516.94,516.94
1782254700000,516.934,519.496,516.9,518.47
1782255600000,518.47,519.499,516.617,519.309
1782256500000,519.308,520.386,519.267,520.157
1782257400000,520.223,520.743,519.17,519.56
1782258300000,519.566,522.848,519.566,521.426
1782259200000,521.437,525.28,521.437,524
1782260100000,524.29,527.16,524.17,525.8
1782261000000,525.59,526.8,525.08,526.01
1782261900000,526.1,526.7,524.62,525.5
1782262800000,525.66,527.56,523.3,526.18
1782263700000,526.8,528,525.22,527.41
1782264600000,526.99,529.01,526.91,527.32
1782265500000,527.4,527.49,526.02,526.16
1782266400000,526.2,526.51,524.98,526.03
1782267300000,526.23,526.23,524.65,525.46
1782268200000,525.79,526.24,522.77,523
1782269100000,523,523.06,518,518
1782270000000,517.99,521.58,517.07,521.19
1782270900000,521.15,523.55,519.11,523.02
1782271800000,522.76,523.4,522.5,522.62
1782272700000,522.62,522.62,520.07,521.32
1782273600000,521.38,521.38,519.21,519.21
1782274500000,519.8,520.01,517.99,518.75
1782275400000,518.89,522.63,518.89,521.77
1782276300000,521.99,523.51,521.66,523.48
1782277200000,523.48,524.87,523,524.36
1782278100000,524.39,526.7,524.29,525.05
1782279000000,525.71,529.01,525.36,528
1782279900000,527.98,529.21,527.2,529.21
1782280800000,528.21,528.86,527.26,528.65
1782281700000,528.7,529.08,527.41,528.77
1782282600000,528.89,530.5,528.89,530
1782283500000,529.92,530.87,529.05,530.45
1782284400000,530.44,530.44,528.41,529.47
1782285300000,529.07,529.81,528.35,528.85
1782286200000,528.92,529.12,527.4,527.86
1782287100000,528.33,528.51,527,527.66
1782288000000,522.566,530.335,522.566,530.335
1782288900000,530.335,531.5,529.95,531.5
1782289800000,531.5,531.5,530.5,530.5
1782290700000,530.5,530.5,528.01,528.01
1782291600000,528.01,528.075,527.65,527.65
1782292500000,527.65,527.65,527.65,527.65
1782293400000,527.65,528.49,527.165,527.165
1782294300000,527.165,527.5,527,527
1782295200000,527,528,527,527.96
1782296100000,527.961,527.965,527.4,527.401
1782297000000,527.4,527.4,527.33,527.33
1782297900000,527.33,527.33,527.26,527.26
1782298800000,527.26,527.7,525.025,525.351
1782299700000,525.375,525.496,523.339,524.5
1782300600000,524.5,527,524.5,525.612
1782301500000,525.61,528,525.606,527
1782302400000,527,527.7,526.201,527.115
1782303300000,527.104,528.15,525.093,525.999
1782304200000,525.999,526.525,524.5,525
1782305100000,525,525.174,523.501,523.733
1782306000000,523.778,523.938,519.62,520.619
1782306900000,520.682,523,520.243,520.858
1782307800000,520.851,524.29,509.98,511.405
1782308700000,511.86,523.42,511.392,521.321
1782309600000,521.35,524,518.98,519.362
1782310500000,519.4,520.755,511.96,520.153
1782311400000,520.165,524.31,520.165,521.2
1782312300000,521.03,524.7,516.881,520.058
1782313200000,520.071,521.77,515.333,517.271
1782314100000,517.246,520.065,514.805,519.598
1782315000000,519.628,520.672,517.208,518.76
1782315900000,518.812,522.319,516.745,520.528
1782316800000,520.534,521.83,519.309,520.692
1782317700000,520.63,522.29,520.418,522.04
1782318600000,522.037,522.037,516.498,518.123
1782319500000,518.105,518.105,515.34,516.211
1782320400000,516.216,517.55,512.68,512.686
1782321300000,512.679,513.79,508.34,508.816
1782322200000,508.852,510.99,507.459,509.348
1782323100000,509.358,511.104,507.715,509.014
1782324000000,509.018,511.91,508.992,510.543
1782324900000,510.539,515.69,510.539,515.368
1782325800000,515.361,515.568,510.633,511.648
1782326700000,511.645,511.645,505.51,506.279
1782327600000,506.57,510,503.64,505.137
1782328500000,505.123,511.714,504.52,511.46
1782329400000,511.44,513.99,510.67,511.41
1782330300000,518.36,519.98,518.36,519.26
1782331200000,519.604,530,518.937,528.672
1782332100000,528.61,539.1,528.264,538.968
1782333000000,538.973,539.011,534.118,537.72
1782333900000,537.708,539.337,536.623,537.829
1782334800000,537.819,538.025,534.804,535.71
1782335700000,535.717,537.95,535.465,537.105
1782336600000,537.111,537.9,536.352,537.508
1782337500000,537.485,538.737,537.284,537.875
1782338400000,537.875,539.351,537.5,538.401
1782339300000,538.4,539.148,537.621,538.4
1782340200000,538.4,538.419,537.6,537.853
1782341100000,537.873,537.974,537.02,537.373
1782342000000,537.374,537.758,537.205,537.487
1782342900000,537.489,537.65,537,537.65
1782343800000,537.65,539.025,537.5,539.025
1782344700000,539.025,539.126,538.003,538.675
1782345600000,537.12,537.7,535.79,536.36
1782346500000,536.51,537.16,532.16,532.16
1782347400000,532.68,533,530.11,531.21
1782348300000,531.1,531.1,528.92,530.46
1782349200000,530.49,533.84,530.49,532.99
1782350100000,532.99,533.08,531.66,531.66
1782351000000,532,534.16,530.99,533.99
1782351900000,533.5,535.75,533.19,534.3
1782352800000,534.26,535.45,530.97,531.98
1782353700000,531.21,534.08,530.99,533.98
1782354600000,533.55,534.98,533.31,533.31
1782355500000,533.45,534.06,532.5,533.18
1782356400000,533.19,534.79,533.19,534.12
1782357300000,534.47,535.14,534.09,534.11
1782358200000,534.49,534.72,533.96,534.37
1782359100000,534.12,535.18,533.96,534.4
1782360000000,534.12,534.93,534.09,534.1
1782360900000,534.1,534.32,532.38,532.44
1782361800000,532.58,533.67,531.49,532.51
1782362700000,532.85,535.05,532.63,533.23
1782363600000,533.23,534.18,532.87,533.88
1782364500000,533.74,535.01,533.19,534.31
1782365400000,534.32,536.2,534.01,536.11
1782366300000,536.07,536.07,534.63,534.99
1782367200000,535,535.98,534.61,535.38
1782368100000,535.42,537,535.1,535.21
1782369000000,535.2,535.91,535.1,535.11
1782369900000,535.12,535.82,534.95,535.04
1782370800000,535.65,536.51,535.26,536.37
1782371700000,536.34,538.46,535.99,537.78
1782372600000,538.38,538.51,537.65,538.05
1782373500000,538.46,538.79,537.54,538.17
1782374400000,538.675,540.75,538.505,539.751
1782375300000,539.793,540.379,538.965,539.727
1782376200000,539.748,539.846,538.96,539.4
1782377100000,539.4,539.4,537.995,537.995
1782378000000,537.995,538.995,537.775,538.601
1782378900000,538.6,539.5,537.641,538.056
1782379800000,538.032,540.076,537.915,540.076
1782380700000,540.105,540.241,538.49,539.14
1782381600000,539.14,539.522,538.851,539.3
1782382500000,539.3,539.3,538.35,538.615
1782383400000,538.615,539.64,538.471,539.156
1782384300000,539.173,539.5,538.676,538.676
1782385200000,538.747,543,538.747,541.75
1782386100000,541.75,541.996,539,539.808
1782387000000,539.798,540.433,539,539.667
1782387900000,539.696,540,538.8,539.202
1782388800000,539.206,541.294,538.805,540.628
1782389700000,540.623,540.959,539.522,540.02
1782390600000,540.017,544.383,540.003,544.273
1782391500000,544.278,545.5,543.7,544.2
1782392400000,544.2,544.2,542.416,543.318
1782393300000,543.315,545.071,542.709,544.459
1782394200000,543.77,550.57,531.11,531.414
1782395100000,531.55,533.155,507.22,507.718
1782396000000,508.04,522.872,507.783,515.84
1782396900000,516.294,521.99,513.01,517.806
1782397800000,517.72,522.12,516.1,517.266
1782398700000,517.237,523.49,516.166,519.166
1782399600000,519.5,523.372,515.66,516.036
1782400500000,516.025,520.68,514.1,517.742
1782401400000,517.792,519.648,517.792,519.648
1782402300000,519.66,521.82,518.721,519.164
1782403200000,518.83,529.8,518.83,529.388
1782404100000,529.394,531.38,527.75,528.598
1782405000000,528.588,528.63,522.01,522.219
1782405900000,522.224,525.48,519.981,523.703
1782406800000,523.708,526.9,523.06,526.206
1782407700000,526.196,528.55,523.39,527.717
1782408600000,527.728,530,526.51,527.932
1782409500000,527.935,529.73,525.652,529.441
1782410400000,529.441,530,525.99,528.072
1782411300000,528.06,529.48,526.2,526.664
1782412200000,526.663,526.663,522.13,526.315
1782413100000,526.36,526.36,523.679,525.122
1782414000000,525.39,525.47,521.37,523.055
1782414900000,523.018,525.01,521.69,524.463
1782415800000,524.28,527.88,522.73,526.683
1782416700000,526.675,532.82,523.11,532.609
1782417600000,532.611,537.99,532.383,533.363
1782418500000,533.314,534.5,533.045,533.574
1782419400000,533.574,533.575,531.242,531.242
1782420300000,531.16,532.052,530.6,531.25
1782421200000,531.183,531.675,530.808,530.885
1782422100000,530.885,531.084,529.261,529.55
1782423000000,529.542,529.575,529.03,529.508
1782423900000,529.519,529.575,528.745,529.075
1782424800000,529.171,530.1,527.4,528.014
1782425700000,528.011,529.259,527.225,527.225
1782426600000,527.179,528.388,526.95,528.084
1782427500000,528.07,529.014,527.273,528.751
1782428400000,528.75,530.337,527.704,530.337
1782429300000,530.364,535.472,529.833,534.894
1782430200000,534.895,534.9,531.878,532.514
1782431100000,532.512,532.512,529.65,530.475
1782432000000,529.52,534.06,529.1,532.27
1782432900000,532.24,532.71,527.76,529
1782433800000,528.99,529.69,525.5,527.19
1782434700000,527.12,529.01,525.38,526.11
1782435600000,526.12,527.6,522.61,525.32
1782436500000,525.07,526.51,523.53,523.55
1782437400000,523.53,523.55,521.99,522.54
1782438300000,522.03,523.14,520.01,521.03
1782439200000,521.5,522,518.5,519
1782440100000,519,519.79,517.89,518.63
1782441000000,519.01,520.04,517.05,517.49
1782441900000,517.31,517.31,511.01,514.21
1782442800000,514.2,514.69,510.99,512.98
1782443700000,512.15,512.76,510.82,511
1782444600000,511,512.11,509.99,511.38
1782445500000,511.94,516,511.6,515.61
1782446400000,515.98,516.6,514,516.15
1782447300000,516.09,517.24,515.15,516.11
1782448200000,516.8,516.99,514.51,515.19
1782449100000,515.78,515.79,513.51,513.75
1782450000000,513.61,516.5,513.15,515.98
1782450900000,515.99,516.5,514.11,516.5
1782451800000,516.48,519.97,516.26,516.67
1782452700000,516.8,519.26,516.8,517.99
1782453600000,517.71,518.05,516,517
1782454500000,517.03,517.99,516.46,517.89
1782455400000,517.88,519.19,517.51,519.19
1782456300000,519.33,521.14,519.03,519.94
1782457200000,519.93,520.28,517.5,518.83
1782458100000,518.47,520.27,518.47,519.93
1782459000000,520.14,520.98,518.53,518.53
1782459900000,518.77,519.69,518.1,519.52
1782460800000,528.566,528.566,516.552,516.731
1782461700000,516.73,517.85,516.377,517.725
1782462600000,517.725,517.725,517.35,517.35
1782463500000,517.35,517.35,514.445,514.445
1782464400000,514.445,515.957,513.43,515.957
1782465300000,515.965,516,511.695,512.014
1782466200000,512.022,515.396,511.974,513.741
1782467100000,513.742,514.25,512.951,513.2
1782468000000,513.2,514,512.95,514
1782468900000,514,515.062,512.002,512.247
1782469800000,512.246,512.5,511.312,511.312
1782470700000,511.309,512,511.188,512
1782471600000,513.9,515,512,513.9
1782472500000,513,514.793,512.615,513
1782473400000,512,513.5,511.351,512
1782474300000,512,512.4,510.5,512
1782475200000,514.01,514.99,512.097,514.29
1782476100000,513.75,514.999,512.87,513.26
1782477000000,512.99,514.045,510.28,510.28
1782477900000,510.26,511.951,508.5,508.88
1782478800000,508.79,509.812,507.528,509.01
1782479700000,508.987,519.286,507.76,519.286
1782480600000,519.805,520.675,502.74,513.59
1782481500000,512.99,517.16,508.938,516.95
1782482400000,516.67,522.58,516.138,522.58
1782483300000,522.72,525,520.139,523.01
1782484200000,522.88,523.43,516.4,516.92
1782485100000,517,520.024,515.76,516.89
1782486000000,516.85,518.5,513.045,513.42
1782486900000,513,517.165,510.91,515.44
1782487800000,515.74,521.19,514.34,520.7
1782488700000,520.82,521.48,514.04,519.79
1782489600000,519.91,520.85,517.28,518.215
1782490500000,518.46,521.07,516,519.45
1782491400000,519.33,522,518.91,520.59
1782492300000,520.509,522.32,519.01,519.598
1782493200000,519.603,523.11,519.11,521.726
1782494100000,521.63,521.995,518.435,521.43
1782495000000,521.425,524.6,521.17,522.47
1782495900000,522.67,522.67,519.115,519.115
1782496800000,519.64,520.59,518.55,519.08
1782497700000,519.25,519.61,517.01,517.61
1782498600000,517.75,519.56,516.65,519.01
1782499500000,518.5,519.137,515.99,517.915
1782500400000,517.41,521.39,515.96,521.27
1782501300000,521.277,521.277,517.61,519.438
1782502200000,519.66,521.06,517.38,520.28
1782503100000,520.09,524.62,513.43,520.19
1782504000000,521.18,523.138,519,519.01
1782504900000,519.5,520.609,518.403,519.01
1782505800000,518.01,518.692,516.905,517.25
1782506700000,517.766,518.739,517.465,518.059
1782507600000,516.99,518.248,516.9,517.5
1782508500000,517.5,518.14,517.257,517.77
1782509400000,517.601,517.9,517.208,517.4
1782510300000,517.5,517.5,517.205,517.5
1782511200000,517.405,518.05,517.405,517.895
1782512100000,517.895,518.014,517.895,518
1782513000000,518,518.624,517.641,518.469
1782513900000,518.47,519,518.47,518.735
1782514800000,518.735,518.735,517.83,518.382
1782515700000,518.86,519.161,517.726,518.86
1782516600000,518.505,518.875,518.442,518.631
1782517500000,518.63,518.97,518.335,518.97
1782570600000,518.97,519.58,518.38,518.38
1782571500000,519.08,519.31,518.35,518.35
1782574200000,518.67,519.38,518.05,518.05
1782597600000,518.41,518.43,517.86,517.86
1782613800000,518.53,518.69,517.52,517.52
1782620100000,518.06,518.75,517.48,517.48
1782623700000,518.52,518.52,517.41,517.41
1782624600000,517.81,518.52,517.05,517.05
1782640800000,517.42,517.44,516.93,516.93
1782642600000,517.23,517.43,516.78,517.07
1782643500000,517.34,518.66,516.58,516.58
1782648900000,516.52,516.52,516.52,516.52
1782651600000,516.98,517.24,516.98,517.24
1782652500000,516.51,517.24,516.51,517.24
1782653400000,516.46,516.46,516.4,516.4
1782654300000,516.76,517.05,516.76,517.05
1782655200000,516.4,516.4,516.38,516.38
1782657900000,516.68,517.27,516.24,516.24
1782658800000,516.56,516.93,516.17,516.17
1782661500000,516.47,516.47,516.47,516.47
1782662400000,516.17,516.17,516.17,516.17
1782663300000,516.47,516.64,516.08,516.08
1782673200000,516.38,516.68,516,516
1782681300000,516.28,516.49,515.74,515.74
1782691200000,522.02,527.3,520.01,523.16
1782692100000,523.01,523.16,517.99,518
1782693000000,518.03,519.97,516.99,519.04
1782693900000,519.04,521.96,518,521.03
1782694800000,521.08,521.96,519.99,521.03
1782695700000,521.02,521.41,519.99,520
1782696600000,519.61,522.75,518.99,521.99
1782697500000,522,522,520.98,521.51
1782698400000,521.23,521.44,517.71,517.71
1782699300000,517.97,521.2,517.6,521.09
1782700200000,520.57,520.66,520.49,520.66
1782701100000,520.51,520.96,520.06,520.31
1782702000000,520.98,522.5,520.69,521.06
1782702900000,521.06,521.92,520.8,521.17
1782703800000,521.26,521.36,519.15,519.48
1782704700000,520.88,523.74,520.18,523.42
1782705600000,523.39,523.39,521.61,521.61
1782706500000,521.6,522.1,520.91,521.47
1782707400000,521.38,521.38,519.89,520.35
1782708300000,520.46,521.4,520.23,520.3
1782709200000,520.52,520.93,519.5,520.21
1782710100000,520.4,521.83,520.4,521.01
1782711000000,521.25,525.51,521.12,525.51
1782711900000,525.52,528,525.01,528
1782712800000,527.73,528.01,525.51,526.27
1782713700000,526.28,529.01,526.25,528.75
1782714600000,528.8,530.63,528.67,530.26
1782715500000,530.03,530.03,527.53,527.99
1782716400000,527.55,528.11,527.24,527.99
1782717300000,527.99,529.81,527.99,529.09
1782718200000,529.51,530.46,529.06,529.76
1782719100000,529.74,530.2,529.09,529.09
1782720000000,531.95,533.004,518.97,530.99
1782720900000,531.15,532.997,530.646,530.646
1782721800000,530.644,532.608,530.643,532.003
1782722700000,532.002,532.002,530.15,531
1782723600000,531,531.005,529.11,529.11
1782724500000,529.11,529.65,529.08,529.65
1782725400000,529.65,529.65,529,529.47
1782726300000,529.47,529.47,528.63,529.08
1782727200000,529.083,530.05,529.083,530.005
1782728100000,529.997,529.997,528.45,528.884
1782729000000,528.885,530.4,528.845,530.4
1782729900000,530.4,530.5,530,530.255
1782730800000,530.255,530.255,528.393,528.84
1782731700000,528.843,528.9,526.95,527.5
1782732600000,527.5,528.352,526.803,527.34
1782733500000,527.34,528.034,526.785,527.23
1782734400000,527.21,528.25,527.21,527.34
1782735300000,528.78,529.167,527.702,529.14
1782736200000,528,528.82,526.185,526.52
1782737100000,527.023,527.516,526.691,527.32
1782738000000,528.01,528.715,526.823,527.99
1782738900000,524.11,527.75,522.49,524.11
1782739800000,522.559,534.99,517.69,532.374
1782740700000,531.18,532.264,512.01,512.87
1782741600000,513.06,515.51,499.63,500.41
1782742500000,500,507.01,495.45,506.73
1782743400000,506.543,510.94,504.76,506.731
1782744300000,506.07,514.45,504.263,514.3
1782745200000,514.16,519.96,512.83,519.81
1782746100000,520.01,523.095,517.35,521.94
1782747000000,523.01,525.44,519.4,524.765
1782747900000,524.896,524.93,521.79,524.064
1782748800000,523.97,528.35,523.827,526.8
1782749700000,527.1,530.18,526.596,529.05
1782750600000,529.17,532.7,527.97,532.57
1782751500000,532.53,532.7,530.19,531.72
1782752400000,531.7,534.83,531.695,534.07
1782753300000,534.58,542.19,534.425,541.55
1782754200000,541.2,541.866,536.598,537.26
1782755100000,537.15,540.55,536.845,539.85
1782756000000,540.026,541.49,539.11,539.387
1782756900000,539.35,540.74,537.05,537.07
1782757800000,537.3,541.01,537.11,540.23
1782758700000,540.22,540.675,537.519,537.71
1782759600000,537.71,538.194,535.33,536.01
1782760500000,535.43,538.139,535.43,536.85
1782761400000,536.79,538.36,535.971,537.15
1782762300000,537.55,540.31,535.99,539.47
1782763200000,539.69,540.88,538.411,540.88
1782764100000,538.995,539.095,538.2,538.396
1782765000000,538.01,538.9,537.454,537.53
1782765900000,538.025,538.034,537.253,537.253
1782766800000,537.49,537.9,537.251,537.49
1782767700000,537.425,538.021,537,537.552
1782768600000,537.551,538.125,537.325,538.025
1782769500000,538.025,538.525,537.878,538.4
1782770400000,537.25,538.541,537.25,538.01
1782771300000,538.56,538.987,538.25,538.56
1782772200000,538.989,539,537.75,538.149
1782773100000,538.149,538.2,537.602,538.07
1782774000000,538.07,539.371,538.065,539.285
1782774900000,539.16,539.45,538.876,539.16
1782775800000,539.122,540.26,539.117,540.259
1782776700000,540.26,540.26,539.1,540.237
1782777600000,538.92,540.469,537.55,538
1782778500000,537.92,539.53,536.15,536.27
1782779400000,536.32,536.51,534.5,535.85
1782780300000,535.85,538.02,535.75,536.87
1782781200000,537,537,535.61,535.65
1782782100000,535.65,539.06,535.43,539.01
1782783000000,538.64,539.07,537.63,539.04
1782783900000,538.84,539.51,537.98,539.49
1782784800000,539.49,539.5,537.48,537.56
1782785700000,537.56,539.19,537,539.19
1782786600000,539.22,539.62,538.88,538.9
1782787500000,538.9,539.44,538.9,538.99
1782788400000,538.99,539.87,538.52,539.1
1782789300000,539.26,540.39,539.26,540.34
1782790200000,540.49,542.01,540.49,542.01
1782791100000,541.72,542.29,540.79,540.8
1782792000000,540.85,543.31,540.85,542.47
1782792900000,542.7,544.29,542.5,544.19
1782793800000,543.97,544.68,543.71,544.09
1782794700000,544.39,544.49,543.8,543.85
1782795600000,543.84,544.6,543.72,544.07
1782796500000,544.09,544.82,543.03,543.4
1782797400000,543.65,543.65,542.01,542.95
1782798300000,542.76,543.01,542.27,542.96
1782799200000,542.89,543.26,542.51,542.96
1782800100000,542.75,543.39,542.25,542.92
1782801000000,542.73,542.73,541.01,541.99
1782801900000,542.01,542.68,541.6,542.22
1782802800000,542.55,542.96,540.95,541.31
1782803700000,541.35,541.79,541.05,541.72
1782804600000,541.16,541.75,541.12,541.12
1782805500000,541.05,541.05,540.14,540.14
1782806400000,540.56,541.869,540.469,540.56
1782807300000,540.81,540.81,539.43,540.005
1782808200000,540.005,540.005,537.375,537.375
1782809100000,537.375,537.375,535.802,537.281
1782810000000,537.284,537.875,536.806,537.875
1782810900000,537.875,538,537.24,537.74
1782811800000,537.74,537.74,535.958,536.185
1782812700000,536.187,537.195,536.187,537.195
1782813600000,537.195,538.2,537.195,538.2
1782814500000,538.2,539.48,538,538
1782815400000,538,539.3,538,539.3
1782816300000,539.3,540.125,539.3,540.125
1782817200000,540.26,543.775,540.166,541.49
1782818100000,543.59,543.954,542.354,543.19
1782819000000,542.942,543.896,542.5,543.896
1782819900000,543.897,544.3,543.3,543.3
1782820800000,543.3,543.655,542.247,542.501
1782821700000,541.29,542.91,540.829,541.29
1782822600000,540,541.489,539.44,539.91
1782823500000,539.49,540.349,538.567,539.49
1782824400000,539.86,541.756,538.689,539.86
1782825300000,539.99,545.296,539.99,544.87
1782826200000,547.515,564.55,545.166,551.99
1782827100000,552.59,557.5,546.01,557.5
1782828000000,556.67,558.221,552.33,555.33
1782828900000,555.61,559.51,555.01,557.6
1782829800000,556.7,560.25,555.49,559.79
1782830700000,559.66,559.772,555.26,557.06
1782831600000,557.27,566.11,556.84,565.29
1782832500000,565,566.19,563.75,565.31
1782833400000,564.63,572.57,564.587,571.835
1782834300000,571.81,578.81,571.81,577.58
1782835200000,577.26,579.68,575.3,577.25
1782836100000,577.63,579.58,576.921,577.12
1782837000000,577.3,578.915,576,578.83
1782837900000,579,581.292,578.35,579.73
1782838800000,579.695,582.6,579.479,579.935
1782839700000,579.77,580.239,578.43,579.83
1782840600000,579.82,581.61,578.14,579.89
1782841500000,579.77,580.756,578.01,580.09
1782842400000,579.74,582.09,578.21,579.94
1782843300000,579.55,581.93,578.8,581.91
1782844200000,581.8,584.01,581.24,582.89
1782845100000,582.92,583.34,581.767,581.93
1782846000000,581.57,584.22,581,583
1782846900000,583.28,584.62,582.77,583.11
1782847800000,583.13,583.28,580.775,582.34
1782848700000,582.63,584.39,580.13,580.52
1782849600000,580.739,581.074,578.721,579
1782850500000,578.55,579.134,578.271,578.55
1782851400000,578.1,578.523,577.751,578.24
1782852300000,578.27,579.333,577.953,578.95
1782853200000,579.334,579.607,578.506,578.643
1782854100000,578.21,578.65,578.1,578.21
1782855000000,578.26,578.26,578.076,578.185
1782855900000,578.01,578.185,577.073,577.18
1782856800000,577.51,578.204,577.25,577.49
1782857700000,577.97,578.085,577.225,577.71
1782858600000,577.85,577.85,577.11,577.685
1782859500000,577.17,578.068,576.71,576.71
1782860400000,578.04,578.085,577.503,578.04
1782861300000,577.978,578.185,577.513,578.185
1782862200000,578.185,578.946,578.1,578.825
1782863100000,579.19,579.6,578.261,579.19
1782864000000,578.99,580.96,578.99,579.91
1782864900000,580.18,580.18,576.88,578.71
1782865800000,579.03,579.16,577.67,578.92
1782866700000,579.01,579.29,578.01,578.29
1782867600000,578.38,580,577.06,577.81
1782868500000,577.79,578.91,576.33,578.11
1782869400000,577.72,578.37,577.16,577.77
1782870300000,577.8,577.94,576.43,576.43
1782871200000,576.43,576.8,572.34,572.99
1782872100000,573.36,576.58,572.51,576.01
1782873000000,576.04,576.76,575,576.76
1782873900000,576.79,576.96,574.99,576.09
1782874800000,576.1,577.99,576.1,577.76
1782875700000,577.5,577.73,576.16,576.75
1782876600000,576.83,578,576.4,577.48
1782877500000,577.47,580.5,577.46,580.48
1782878400000,580.24,581,578.05,578.06
1782879300000,578.07,579.99,578.04,579.67
1782880200000,579.75,579.8,578.49,579.01
1782881100000,579.13,579.65,578.46,578.46
1782882000000,578.46,578.75,577.76,577.97
1782882900000,577.99,578.01,576.65,577.12
1782883800000,577.03,577.99,576.88,576.99
1782884700000,577.36,577.48,576.5,576.51
1782885600000,577.11,577.21,576,576.1
1782886500000,576.06,576.42,573.84,575.43
1782887400000,575.44,575.85,574.1,575
1782888300000,575.27,577.28,575.27,576.51
1782889200000,576.42,576.7,573,573.06
1782890100000,573.1,575.62,572.83,575.62
1782891000000,575.02,575.42,574.51,575
1782891900000,575,575.55,574.63,574.63
1782892800000,573,578.667,573,573
1782893700000,575.323,575.325,573.075,573.075
1782894600000,573.075,573.075,570.25,572.05
1782895500000,573,574.579,571.5,573
1782896400000,573.7,573.7,571.202,571.202
1782897300000,571.98,572.125,571.132,571.98
1782898200000,571.794,572.449,570.452,571.465
1782899100000,572.3,575.075,571.34,572.3
1782900000000,575.075,575.075,572.38,572.44
1782900900000,572.44,574.565,572.44,574.565
1782901800000,574.565,575.5,574.565,574.85
1782902700000,574.85,576.17,574.675,576.17
1782903600000,575.75,576.573,575.26,575.52
1782904500000,575.31,576.067,574.837,575.52
1782905400000,575.06,576.022,573.9,575
1782906300000,574.496,574.5,573.05,573.251
1782907200000,572.31,573.658,572.102,572.67
1782908100000,572.898,573.878,572.091,572.414
1782909000000,570.99,573.859,564.417,565.31
1782909900000,563.52,564.977,559.92,560.99
1782910800000,563.15,563.655,558.58,558.58
1782911700000,558.39,561.413,556.66,556.66
1782912600000,557.55,563.33,548.99,554.06
1782913500000,552.61,564.1,552.02,559.722
1782914400000,559.22,561.22,555.16,555.39
1782915300000,556.09,558.48,552.84,556.455
1782916200000,556.93,557.5,549.5,549.96
1782917100000,549.29,553.98,547.18,550.29
1782918000000,550.32,556.195,549.907,553.36
1782918900000,554.04,557.25,551.93,554.57
1782919800000,554.74,556.56,553.31,554.32
1782920700000,554.39,554.458,548.24,550.49
1782921600000,550.596,552.24,549.2,549.991
1782922500000,550.145,552.65,549.495,551.36
1782923400000,551.25,553.73,550.43,551
1782924300000,551.04,553.039,550.25,552.34
1782925200000,552.5,553.5,549.145,550.94
1782926100000,551.34,555,550.902,553.8
1782927000000,553.94,554.126,551.857,551.935
1782927900000,552.05,552.29,548.87,548.87
1782928800000,549.625,550.811,548.74,548.89
1782929700000,548.5,549.259,547.43,548.04
1782930600000,547.84,549.12,545.82,545.925
1782931500000,545.82,546.205,543.15,545.69
1782932400000,545.75,551.24,544.81,549.68
1782933300000,549.81,551.38,548.22,550.43
1782934200000,550.43,552.74,544.19,545
1782935100000,544.945,545.19,538.79,540.89
1782936000000,540.23,542.216,538.661,539.04
1782936900000,538.49,539.402,538.151,538.49
1782937800000,539.19,541.398,539.19,539.21
1782938700000,540.899,541.92,540.618,541.92
1782939600000,543,544.1,541.44,543
1782940500000,543.99,544.523,542.867,543.99
1782941400000,544.5,544.818,543.342,543.718
1782942300000,543.99,544.241,543.546,543.99
1782943200000,544.251,544.29,542.207,542.625
1782944100000,542.625,544.731,542.103,544.698
1782945000000,544.699,545.5,544.482,545.4
1782945900000,545.4,546.875,544.65,546.875
1782946800000,546.736,546.736,544.788,544.994
1782947700000,544.99,546.113,544.264,545
1782948600000,544.87,545.438,543.905,544.87
1782949500000,545.11,545.11,542.623,544.196
1782950400000,543.83,544.198,540.87,542.23
1782951300000,542.82,545.64,541.61,545.64
1782952200000,545.69,545.82,543.99,544
1782953100000,543.92,548.32,543.69,547.99
1782954000000,547.6,551.57,547.36,550.01
1782954900000,550.4,551.87,549.76,551.35
1782955800000,551.76,551.99,549.78,550.99
1782956700000,550.99,552,550.72,551.99
1782957600000,551.63,552,550.86,551.14
1782958500000,551.21,551.22,548.14,548.14
1782959400000,548.02,550.06,547.98,549.07
1782960300000,549.51,550.99,548.58,548.97
1782961200000,548.99,548.99,547.54,548.78
1782962100000,548.94,549,546.06,547.43
1782963000000,546.52,549.04,546.52,547.5
1782963900000,547.01,547.68,546.51,547.56
1782964800000,547.39,547.79,545.62,545.62
1782965700000,545.62,546.01,543.69,546.01
1782966600000,546.01,546.01,542.31,542.31
1782967500000,542.82,544.49,542.11,544.43
1782968400000,544.24,545.98,543.68,544.72
1782969300000,545.99,546.12,544,544.04
1782970200000,544.11,544.31,541.42,542.49
1782971100000,542.35,543.52,541.51,542.51
1782972000000,543.5,543.51,537,537.28
1782972900000,537.02,538.01,535.37,535.65
1782973800000,535.65,538.46,535.35,537.24
1782974700000,536.73,536.93,532.66,532.66
1782975600000,532.86,534.06,527.94,528.72
1782976500000,528.37,530,525.81,529.47
1782977400000,529.49,532.39,528.89,531.87
1782978300000,531.79,532.46,530.19,530.19
1782979200000,530.05,542.168,525.208,530.05
1782980100000,528.15,530.905,525.251,528.27
1782981000000,530.905,534.45,530.905,532.805
1782981900000,532.805,536.479,532.805,536.479
1782982800000,536.48,536.48,533.128,534.45
1782983700000,531.72,534.45,531.72,531.72
1782984600000,532.195,535.887,532.195,533.95
1782985500000,533.95,533.95,532.671,533.95
1782986400000,533.95,533.95,529.75,529.75
1782987300000,529.75,530.05,527.49,527.494
1782988200000,527.496,530,527.496,530
1782989100000,530,531.5,530,531.5
1782990000000,533,534,531.24,533.01
1782990900000,533.698,533.995,531.919,533.892
1782991800000,533.99,537.075,533.5,534.99
1782992700000,537.74,539.399,537.075,538.01
1782993600000,537.9,546.051,536.502,545.617
1782994500000,546.44,547.49,544.996,547.49
1782995400000,550.01,552.889,547.339,550.15
1782996300000,550.47,550.792,545.49,546.64
1782997200000,545.22,547.563,544.313,545
1782998100000,548,548.478,538.676,542.3
1782999000000,539.025,539.73,526.6,533.93
1782999900000,534.575,544.76,532.85,544.47
1783000800000,545.01,547.6,539.005,541.36
1783001700000,541.464,542.5,527.435,528.369
1783002600000,527.69,529.66,516.37,518.51
1783003500000,518.27,520.897,515.57,520.39
1783004400000,520.76,521.35,516.39,518.23
1783005300000,518.41,521.01,514.555,518.36
1783006200000,518.576,526.25,518.5,521.871
1783007100000,522.05,523.538,517.99,519.285
1783008000000,518.21,522.2,515.74,520.52
1783008900000,520.865,520.91,514.85,514.85
1783009800000,515.07,515.82,511.495,515.65
1783010700000,515.688,516.15,510.65,511.635
1783011600000,511.21,514.092,509.91,511.98
1783012500000,511.82,514.39,511.64,512.77
1783013400000,512.87,514.09,510.44,512.06
1783014300000,511.935,512.244,508,508.63
1783015200000,508.8,515.29,508.465,512.06
1783016100000,511.99,515.21,511.06,514.965
1783017000000,514.84,517.27,513.27,513.89
1783017900000,513.49,516.01,511.39,514.58
1783018800000,514.431,515.21,507.77,509.6
1783019700000,509.74,511.19,506,509.96
1783020600000,509.87,512.8,509.54,511.32
1783021500000,511.45,518.4,510.41,518.25
1783022400000,520.98,520.98,515.716,520.98
1783023300000,519.221,519.642,519.057,519.072
1783024200000,519.068,519.128,518.108,518.41
1783025100000,518.59,518.71,518.113,518.59
1783026000000,518.51,519.135,518.26,518.53
1783026900000,518.36,518.659,518.33,518.33
1783027800000,518.635,519.612,518.635,518.78
1783028700000,518.785,519.502,518.785,519.115
1783029600000,519.115,519.5,518.853,519.076
1783030500000,519.075,520.024,519.075,519.301
1783031400000,519.301,521.19,519.3,520.501
1783032300000,520.69,520.923,520.055,520.69
1783033200000,520.5,520.5,519.035,519.035
1783034100000,519.035,520.434,519.035,520.188
1783035000000,520.132,520.155,518.988,518.988
1783035900000,518.975,520,518.825,519.411
1783036800000,519.413,519.56,519.413,519.56
1783044900000,519.74,520.24,519.74,520.24
1783055700000,520.34,520.34,520.34,520.34
1783059300000,520.34,520.78,520.34,520.78
1783061100000,520.85,521.1,520.85,521.1
1783062000000,521.18,521.18,521.18,521.18
1783069200000,521.34,521.91,521.34,521.91
1783070100000,522.01,524.04,522.01,524.04
1783077300000,522.86,522.86,522.86,522.86
1783083600000,522.86,522.87,522.81,522.87
1783091700000,525.09,525.09,525.09,525.09
1783110600000,525.13,525.13,525.13,525.13
1783117800000,524.81,524.81,522.55,522.55
1783170000000,522.6,522.6,522.6,522.6
1783172700000,522.6,522.6,522.6,522.6
1783178100000,522.57,522.6,522.57,522.6
1783184400000,524.81,524.81,524.33,524.33
1783189800000,524.81,525.34,524.81,525.34
1783220400000,525.34,527,525.34,527
1783242000000,528.22,528.22,527,527.64
1783244700000,528.22,529.31,528.22,529.31
1783250100000,529.34,530.3,529.34,530.3
1783255500000,530.74,530.92,530.74,530.92
1783256400000,530.44,530.44,530.44,530.44
1783260000000,531.05,531.11,531.05,531.11
1783260900000,531.16,531.16,531.16,531.16
1783263600000,531.18,531.38,531.18,531.38
1783266300000,531.38,532.33,531.38,532.33
1783267200000,532.68,532.68,532.68,532.68
1783272600000,532.73,532.81,532.73,532.81
1783287000000,533.08,533.08,533.08,533.08
1783290600000,533.15,533.59,533.15,533.59
1783292400000,533.63,536.41,533.63,536.41
1783296000000,535.04,535.04,520.01,533.98
1783296900000,534.15,535.01,529.04,529.04
1783297800000,529.04,531.8,528.43,531.26
1783298700000,531.8,535.01,531.8,533.66
1783299600000,533.54,533.54,531.83,532
1783300500000,531.71,532.24,528.35,529.2
1783301400000,529.56,530.8,528.96,529.19
1783302300000,529.06,529.06,524.66,526.69
1783303200000,526.46,528.37,524.9,524.99
1783304100000,524.89,527.7,524.86,525.97
1783305000000,525.25,526.01,524.08,524.44
1783305900000,524.22,525.51,522.36,525.51
1783306800000,525.49,528.5,525.42,527.01
1783307700000,527.49,529.1,526.98,529.1
1783308600000,529.49,529.98,527.65,528.63
1783309500000,528.52,528.53,526.09,526.81
1783310400000,526.89,528.49,526.69,528.49
1783311300000,528.69,529.92,528.52,529.66
1783312200000,529.51,530.9,529.32,530.52
1783313100000,530.51,530.79,528.86,529.93
1783314000000,530.41,530.49,529.24,529.24
1783314900000,529.8,531,529.25,529.92
1783315800000,529.54,530.78,529.48,530.78
1783316700000,530.11,530.84,529.51,530.82
1783317600000,530.99,531.5,529.55,529.83
1783318500000,529.57,530.47,529.5,530.05
1783319400000,530.16,532.01,530.16,531.89
1783320300000,531.89,532.01,531,531.96
1783321200000,531.73,532.01,530.88,531.05
1783322100000,531.51,531.51,529.69,529.69
1783323000000,530,531.75,530,531.75
1783323900000,531.74,531.74,530.45,531.19
1783324800000,530.49,533.3,521.129,532.4
1783325700000,530.175,530.849,528.5,530.175
1783326600000,530.175,530.175,529.265,530
1783327500000,530,530.25,530,530.25
1783328400000,530.25,533,530.25,533
1783329300000,530.94,533,530.54,530.54
1783330200000,531,531.49,529.5,531.001
1783331100000,531.23,532.27,530.745,531.23
1783332000000,532.262,532.262,531.523,531.83
1783332900000,531.82,532.577,531.77,532.02
1783333800000,532.02,533.273,531.52,532.27
1783334700000,532.27,532.27,531.5,531.5
1783335600000,534.51,535.759,531.567,534.59
1783336500000,534.49,538.01,533.573,538.01
1783337400000,537.01,538.058,534.441,537.79
1783338300000,535.99,537.124,535.307,535.99
1783339200000,536,539.655,534.951,539.617
1783340100000,539.624,539.66,537.6,538.047
1783341000000,538.68,538.69,537.283,538.55
1783341900000,539.01,539.73,537.9,539.73
1783342800000,537.99,538.93,535.801,537.99
1783343700000,535.6,536.529,533.955,535.6
1783344600000,534.975,553.62,526.99,553.22
1783345500000,552.745,562.105,551.99,560.06
1783346400000,559.9,571,559.51,568.75
1783347300000,566.345,566.449,566.345,566.449
1783348200000,566.65,569.68,565.47,568.91
1783349100000,569.14,572.5,565.5,566.82
1783350000000,566.49,570.3,562.95,563.44
1783350900000,563.225,569.49,559.53,569.49
1783351800000,569.325,571.37,566.33,567.168
1783352700000,567.17,568.31,565.51,566.56
1783353600000,565.85,566.071,562.01,564.01
1783354500000,564.08,564.47,562.01,562.75
1783355400000,562.53,563.49,558.685,559
1783356300000,558.41,559.58,557.565,558.105
1783357200000,558.14,559.366,556.89,557.435
1783358100000,557.76,558.12,553.53,556.52
1783359000000,556.42,557.86,552.184,553.725
1783359900000,552.479,552.479,552.479,552.479
1783360800000,552.69,556.77,552.523,554.79
1783361700000,554.9,557.48,554.01,554.21
1783362600000,553.57,554.46,551.857,554.24
1783363500000,554.5,555.76,552.92,553.83
1783364400000,553.83,556.03,552.72,554.955
1783365300000,554.76,557.4,554.467,556.28
1783366200000,556.03,558.77,553.525,557.36
1783367100000,557.465,558.39,551.43,552.245
1783368000000,551.721,553.01,550.876,552.317
1783368900000,552.315,552.474,551.474,552.325
1783369800000,552.25,552.965,552.003,552.25
1783370700000,552.87,553.598,551.708,552.74
1783371600000,553.313,553.745,553.175,553.625
1783372500000,554.3,554.732,553.625,554.3
1783373400000,554.89,555,554.575,554.89
1783374300000,554.45,555,554.225,554.45
1783375200000,554.02,554.855,553.76,553.76
1783376100000,553.717,554.375,553.529,554.278
1783377000000,554.34,554.865,554.05,554.34
1783377900000,551.99,554.596,551.23,551.23
1783378800000,551.625,553.174,551.238,551.238
1783379700000,551,551.75,550.42,550.81
1783380600000,550.79,551.374,550.079,550.79
1783381500000,550,551.117,548.89,548.99
1783382400000,549.51,552.7,548.01,549.1
1783383300000,549.1,551.68,548.91,550.8
1783384200000,550.81,551.28,547.8,548.99
1783385100000,548.95,549.49,548.01,548.34
1783386000000,548.34,548.99,547.96,548.34
1783386900000,548.81,548.81,544.99,545.2
1783387800000,545.14,548.41,543.88,548.41
1783388700000,548.41,550.4,547.5,548.75
1783389600000,547.65,550.42,547.65,549.8
1783390500000,549.66,550.16,548,548.01
1783391400000,548.01,548.35,546.38,548.07
1783392300000,547.38,547.65,546.36,546.41
1783393200000,546.46,547.49,546.46,547.01
1783394100000,547.01,547.01,543,543.02
1783395000000,543.01,544.32,540.01,540.68
1783395900000,540.42,540.96,538.39,540.59
1783396800000,540.59,541.51,539.03,539.03
1783397700000,539.03,540.61,538.24,539.81
1783398600000,539.69,540.66,539.02,539.51
1783399500000,539.5,539.51,537.47,538.51
1783400400000,537.86,538.11,535,535.77
1783401300000,535.78,537.84,534.75,536.26
1783402200000,536.77,540.04,536.77,540.04
1783403100000,540.05,541.9,539.02,541.29
1783404000000,541.29,542.64,538.03,538.49
1783404900000,538.71,539.95,538.08,539.95
1783405800000,539.51,541.99,539.2,541.99
1783406700000,542,543.05,540.51,542.03
1783407600000,542.31,543.14,541.33,542.56
1783408500000,542.03,542.76,541.12,541.44
1783409400000,541.44,541.44,538.95,539.02
1783410300000,539.02,539.32,537,537.01
1783411200000,547.866,547.866,534.18,535.5
1783412100000,535.5,538.064,535.5,536.75
1783413000000,536.75,536.75,530.75,532.5
1783413900000,532.5,532.5,531.012,531.012
1783414800000,531.01,531.01,528.689,530.4
1783415700000,530.4,532.565,528.69,528.69
1783416600000,527.2,528.9,527.2,527.2
1783417500000,528.01,532.269,527.027,528.01
1783418400000,532.278,532.32,531.75,531.75
1783419300000,531.75,533.75,529.5,531.74
1783420200000,531.74,532.32,530.235,530.235
1783421100000,530.235,531.233,529.735,531.231
1783422000000,529.51,531.615,525.672,525.99
1783422900000,526.73,529.196,526.399,528.45
1783423800000,528.9,528.9,526.222,527.86
1783424700000,528.29,530.099,527.866,528.29
1783425600000,530.1,533.077,530.1,531.601
1783426500000,531.19,532.538,530.122,532.01
1783427400000,529.88,531.677,529.824,530.14
1783428300000,528.68,530.486,528.277,528.7
1783429200000,527.49,528.9,527.301,527.49
1783430100000,526.99,528.3,515.835,518.73
1783431000000,516.055,522.01,509.95,518.915
1783431900000,514.224,514.224,514.196,514.196
1783432800000,513.58,516.28,508.4,508.44
1783433700000,508.91,511.67,505.8,511.4
1783434600000,512.01,512.946,503.32,503.69
1783435500000,504,510.9,503.28,508.68
1783436400000,508.795,511.26,505.06,509.64
1783437300000,509.21,510.99,505.48,510.99
1783438200000,511.395,512.99,508.99,512.22
1783439100000,512.5,515.734,511.36,515.58
1783440000000,515.01,521.39,515.01,521.035
1783440900000,520.835,524.93,519.282,523.99
1783441800000,523.59,524.34,519.33,521.49
1783442700000,521.9,523.71,520.15,521.95
1783443600000,521.53,523.064,519.68,520.61
1783444500000,520.452,523.01,519.86,521.119
1783445400000,521.4,522.85,521.128,521.78
1783446300000,521.56,522.68,520.46,522.68
1783447200000,522.39,522.74,520.27,522.54
1783448100000,521.74,523.35,520.848,521.67
1783449000000,521.705,523.01,517.21,519.053
1783449900000,519.24,520.83,516.57,516.97
1783450800000,516.99,518.77,512.22,513.03
1783451700000,512.5,512.895,508.11,510.94
1783452600000,510.34,513.61,508.8,510.26
1783453500000,510,516.68,509.6,515.96
1783454400000,517.99,521.01,514.776,518.49
1783455300000,518.08,518.8,517.033,518.08
1783456200000,518.516,518.825,518.1,518.74
1783457100000,518.74,518.74,518.25,518.25
1783458000000,518.31,518.8,514.56,518.31
1783458900000,517.04,518.441,515,517.04
1783459800000,516.392,516.969,515.605,516.162
1783460700000,515.5,516.734,514.055,515.5
1783461600000,514.055,515,512.855,515
1783462500000,516.51,516.51,515,516.51
1783463400000,517.01,518.5,516.5,517.01
1783464300000,518.3,518.515,517.848,518.09
1783465200000,518.038,518.039,516.319,516.688
1783466100000,516.69,517.832,516.54,517.832
1783467000000,517.16,518.065,514.219,517
1783467900000,513.2,515.004,511.631,512.35
1783468800000,512.31,519.9,509.02,519.01
1783469700000,519.2,521.91,518.16,521.45
1783470600000,521.06,524.87,518.85,524.87
1783471500000,524.87,526.87,523.32,526.87
1783472400000,526.01,526.88,523.02,526.32
1783473300000,526.33,526.69,522.03,523.13
1783474200000,523.13,523.99,519.45,521.45
1783475100000,521.76,522.8,519.44,520.89
1783476000000,520.12,520.12,517.87,519
1783476900000,519.01,521.37,518.25,520.58
1783477800000,520.58,521.51,518.57,521.51
1783478700000,521.66,522.01,520.3,521
1783479600000,520.74,523,520.74,522.6
1783480500000,522.94,523.79,522.01,523.41
1783481400000,523.75,524.44,522.98,523.01
1783482300000,523.02,523.62,521.19,521.19
1783483200000,521.21,521.21,519.87,519.87
1783484100000,519.87,520.09,518.9,519.1
1783485000000,518.91,518.91,516.38,516.39
1783485900000,517.49,518.64,516.04,518.38
1783486800000,518.47,519.87,517.7,518.48
1783487700000,517.54,518.47,516.49,516.92
1783488600000,516.51,516.75,514,514.62
1783489500000,514.22,516.69,513.28,515.7
1783490400000,515.79,515.86,513.71,514.3
1783491300000,514.3,514.82,513.7,513.99
1783492200000,513.71,513.74,512.2,513.1
1783493100000,512.54,515.01,512.32,515
1783494000000,514.87,515.01,513.51,514.62
1783494900000,514.63,518,514.06,517.61
1783495800000,517.95,519.18,517.63,518.59
1783496700000,519,519.46,518.06,518.28
1783497600000,513.25,519.75,513.25,519.75
1783498500000,511.67,521.5,507.48,507.48
1783499400000,505,509.543,503.001,505.69
1783500300000,508.288,510.215,506.013,507.475
1783501200000,507.474,507.474,502.344,502.344
1783502100000,502.343,504.94,501.126,503.4
1783503000000,504.79,504.79,503.4,504.79
1783503900000,504.4,505,504.274,504.274
1783504800000,504.245,504.59,502.75,503.05
1783505700000,505.6,507.402,503.05,506.04
1783506600000,507.32,507.94,506.508,506.9
1783507500000,505.02,506.9,505.02,505.02
1783508400000,505.65,506.164,503.367,503.64
1783509300000,503.81,504.699,503.4,504.13
1783510200000,504.01,508.822,503.6,506.99
1783511100000,507.22,508.743,506.304,507.22
1783512000000,506.01,510.995,506.01,510.26
1783512900000,509.49,510.049,507.006,507.96
1783513800000,508.01,509.565,508,508.24
1783514700000,510.51,511.915,508.84,509.3
1783515600000,509.43,510.722,508.8,510.2
1783516500000,510.4,511.045,504.465,507
1783517400000,504.795,518.5,503.465,516.5
1783518300000,516.32,522.5,514.99,519.75
1783519200000,520.367,521.01,511.815,513.32
1783520100000,513.44,517.55,512.02,516.02
1783521000000,516.51,516.51,508.74,512.05
1783521900000,511.01,515.075,506.67,510.11
1783522800000,510.54,511.085,505.29,505.59
1783523700000,505.36,506.177,498.47,501.464
1783524600000,501.8,506.47,501.336,505
1783525500000,504.2,505.29,500.52,502.67
1783526400000,503,508.36,502.74,508.28
1783527300000,508.01,511.64,507.45,510.915
1783528200000,510.28,512.19,508.49,510.892
1783529100000,510.54,513.09,509.84,512.57
1783530000000,511.99,513.01,509.75,510.01
1783530900000,510.1,515.04,509.788,514.53
1783531800000,514.655,515.24,512.01,512.25
1783532700000,511.07,512.69,510.49,511.825
1783533600000,511.555,514.56,510.895,513.99
1783534500000,513.68,514.31,512.34,512.78
1783535400000,512.36,514.04,510.74,513.92
1783536300000,513.953,516.029,513.13,514.822
1783537200000,515.18,516.122,513.4,515.47
1783538100000,515.115,516.754,514.097,516.51
1783539000000,516.47,516.625,513.225,514.7
1783539900000,514.99,518.98,514.4,517.51
1783540800000,516.78,517.643,515.102,516.19
1783541700000,514.27,515.603,513.936,514.56
1783542600000,513.71,515.604,513.1,513.2
1783543500000,513.62,514.554,513.449,513.62
1783544400000,514.496,514.506,513.9,514.506
1783545300000,514.507,514.51,514.507,514.51
1783546200000,515.54,515.749,514.127,515.54
1783547100000,515.25,515.968,515.199,515.25
1783548000000,514.99,515.507,514.469,514.99
1783548900000,515.125,515.5,514.67,514.95
1783549800000,514.56,514.975,514.25,514.51
1783550700000,513.91,514.51,513.91,514.51
1783551600000,514.271,515.7,514.202,515.7
1783552500000,515.7,515.7,514.425,514.425
1783553400000,516.31,516.5,514.425,516.31
1783554300000,516.8,516.81,516,516.8
1783555200000,516.99,520.01,516.746,519
1783556100000,518.91,520,518.51,519.18
1783557000000,519.41,519.48,517,517.34
1783557900000,517.4,518.98,516.7,516.7
1783558800000,516.66,517.69,514.62,517.02
1783559700000,516.92,518.49,516.21,517.29
1783560600000,517.3,517.81,515.5,516.66
1783561500000,516.52,516.52,514,514.01
1783562400000,514.09,516.54,512.87,516.54
1783563300000,516.49,517.5,515.63,516.51
1783564200000,516.51,516.51,514.56,514.77
1783565100000,514.59,514.59,512.4,512.43
1783566000000,512.43,513.62,511.06,512.01
1783566900000,512.5,514.66,511.59,514.66
1783567800000,514.99,515.54,514.5,515.5
1783568700000,515.49,516,515.3,515.75
1783569600000,515.75,516.01,515.28,515.49
1783570500000,515.94,516.08,514.01,514.99
1783571400000,514.73,516.54,514.71,516.29
1783572300000,516.29,517.79,516.04,517.05
1783573200000,517.05,517.87,515.8,517.65
1783574100000,517.66,517.81,516.99,517.1
1783575000000,517.09,517.5,515.57,516.41
1783575900000,517.3,519.66,517.3,519.61
1783576800000,519.75,520.75,519.47,520.71
1783577700000,520.6,522.01,520.33,521.17
1783578600000,521.22,522.15,520.68,521.92
1783579500000,522.04,522.76,521.51,522.34
1783580400000,522.32,525.36,521.99,525.36
1783581300000,525.32,525.73,523.68,524.82
1783582200000,525,526.38,524.7,526.14
1783583100000,526.3,527.75,526.29,526.75
1783584000000,516.749,531.645,516.749,528.516
1783584900000,530.26,530.963,528.49,530.26
1783585800000,528,529.745,528,528
1783586700000,528.4,528.5,528.4,528.5
1783587600000,526.49,528.5,526.25,526.49
1783588500000,526.25,527.848,526.25,527.5
1783589400000,527.01,527.865,527.01,527.01
1783590300000,527.025,528,527.025,528
1783591200000,528,528.25,527.61,527.61
1783592100000,528.005,528.05,527.351,528.01
1783593000000,528.01,529.52,528.01,528.515
1783593900000,528,528.903,525.805,525.99
1783594800000,527.99,528.42,525.308,526.67
1783595700000,527.99,530.398,524.384,530
1783596600000,530.99,534.451,530.284,532.29
1783597500000,534.05,536.333,533.702,534.01
1783598400000,536.01,536.353,533.704,536
1783599300000,536.01,536.88,534.617,536.88
1783600200000,535.167,540.299,535,539.068
1783601100000,537.99,539.023,536.906,536.99
1783602000000,538.51,539.249,536.7,539
1783602900000,538,539.249,533.76,535.47
1783603800000,537.33,550.29,535.81,549.92
1783604700000,550.19,557.84,545.41,556.42
1783605600000,556.46,558.59,552.865,555.15
1783606500000,554.01,555.578,546.72,554.97
1783607400000,554.91,558.73,553.58,556.15
1783608300000,556.318,559.46,552.775,553.633
1783609200000,553.75,556.43,552.295,555.99
1783610100000,555.6,557,553.92,554.13
1783611000000,553.8,554.36,552.51,553.01
1783611900000,552.94,556.56,552.73,555.7
1783612800000,556.31,559.24,554.67,554.67
1783613700000,554.985,555.332,551.09,551.33
1783614600000,551.74,553.3,548.765,552
1783615500000,552.25,552.42,551.1,551.45
1783616400000,551.472,552.97,550.99,551.952
1783617300000,551.89,552.08,549,549.72
1783618200000,550.28,550.31,546.61,548.24
1783619100000,548.27,549.733,546.99,548.52
1783620000000,548.71,549.03,545.68,546.92
1783620900000,546.665,546.783,544.86,545.743
1783621800000,545.91,546.75,544.711,546.64
1783622700000,546.68,548.372,546.51,548.14
1783623600000,547.96,548.284,543.801,544.76
1783624500000,544.36,545.793,543.64,543.94
1783625400000,543,545.724,541.482,545.535
1783626300000,545.99,548.084,543.44,546.51
1783627200000,546.76,546.998,545.954,546.76
1783628100000,546.55,546.676,545.555,545.7
1783629000000,545.7,546.15,545.62,546.109
1783629900000,546.111,546.6,546.111,546.25
1783630800000,546.25,546.6,546.25,546.54
1783631700000,546.54,546.65,546.43,546.493
1783632600000,546.495,547.06,546.43,546.9
1783633500000,546.99,547.06,546.413,546.99
1783634400000,546.505,547.5,546.505,547.24
1783635300000,547.24,547.499,546.5,546.705
1783636200000,546.705,547.435,546.386,546.6
1783637100000,546.6,546.9,546.53,546.67
1783638000000,546.67,546.67,545.89,546.483
1783638900000,546.519,547.3,546.345,547.189
1783639800000,546.99,547.43,546.722,546.99
1783640700000,546.32,546.985,545.975,546.32
1783641600000,547.99,547.99,541.99,544.96
1783642500000,544.94,545,541.5,542.15
1783643400000,542.42,545.01,540.98,543.28
1783644300000,543.02,545.86,542.49,545.49
1783645200000,545.28,545.28,542.7,543.4
1783646100000,543.39,545.99,542.99,545.06
1783647000000,544.54,546.9,544.54,546.01
1783647900000,545.74,547.16,544,546.03
1783648800000,545.84,546,544.79,545.05
1783649700000,545.01,547.47,544.24,546.04
1783650600000,546.42,547.58,546.42,547.2
1783651500000,546.99,550.09,546.92,550.09
1783652400000,549.73,550.9,549.38,550.48
1783653300000,550.13,550.45,548.27,548.7
1783654200000,548.68,549.49,548.65,549.24
1783655100000,549.16,549.41,548.99,549.35
1783656000000,549.51,550.87,549.01,550.67
1783656900000,550.65,550.92,549.45,550
1783657800000,549.97,550,548.01,548.4
1783658700000,548.4,548.4,546,546.7
1783659600000,546.76,546.77,545.23,546.01
1783660500000,546.25,546.48,545.44,545.44
1783661400000,545.27,545.45,544,545.39
1783662300000,545.5,547.99,545.2,547.99
1783663200000,547.55,548.35,545.52,547.5
1783664100000,547.32,547.8,545.75,546.72
1783665000000,546.65,548.54,546.65,547.25
1783665900000,547.18,547.18,546.19,546.19
1783666800000,546.21,546.37,543.49,543.91
1783667700000,543.89,543.92,541.47,543.21
1783668600000,543.38,543.75,542.01,542.22
1783669500000,542.06,542.76,541.66,541.76
1783670400000,546.203,554.04,537.634,539.855
1783671300000,539.855,541.49,536.96,539.56
1783672200000,539.56,540.385,537.2,540.385
1783673100000,540.385,540.385,540.385,540.385
1783674000000,540.385,540.385,537.51,539.5
1783674900000,539.5,541.54,539.5,541.54
1783675800000,541.54,543.165,541.54,543.165
1783676700000,543.165,543.33,543.165,543.33
1783677600000,543.33,545.01,543.33,545.01
1783678500000,545.01,545.01,544.055,544.055
1783679400000,544.055,544.71,544.055,544.71
1783680300000,544.71,544.71,542.91,543.165
1783681200000,543.237,544.737,543.237,543.372
1783682100000,543.7,545.477,543.369,544.99
1783683000000,542.99,544.408,542.99,542.99
1783683900000,543.218,545.598,543.046,543.668
1783684800000,542.76,544.798,540.521,543.76
1783685700000,545.02,545.979,542.722,545.01
1783686600000,545.52,545.992,542.556,542.8
1783687500000,541.99,543.131,540.49,540.49
1783688400000,540.697,541.275,539.519,540.559
1783689300000,540.49,545.01,540.058,545.01
1783690200000,543.26,555.88,540.655,547.01
1783691100000,547.51,555,546.856,549.995
1783692000000,549.86,553.45,549.81,551.11
1783692900000,551.139,551.78,545.865,548.138
1783693800000,548.11,551.15,540.51,549.48
1783694700000,548.59,550.19,544.911,544.99
1783695600000,544.82,547.82,543.5,547.06
1783696500000,546.91,552.629,546.823,551.42
1783697400000,552.48,553,546.24,547.85
1783698300000,548.88,551.12,547.73,551.12
1783699200000,551.085,552.72,550.751,551.49
1783700100000,552,556.21,551.556,554.92
1783701000000,555.12,555.5,553.774,553.92
1783701900000,554.15,555.1,552.59,553.24
1783702800000,553.11,553.965,551.51,553.965
1783703700000,554.35,559,553.45,559
1783704600000,559.28,560.15,558.616,559.92
1783705500000,559.815,560.2,557.01,557.49
1783706400000,557.7,558.194,556.374,556.61
1783707300000,556.44,556.48,554.82,555.51
1783708200000,555.59,556.576,554.847,554.86
1783709100000,554.995,555.94,554.476,554.6
1783710000000,554.64,556.45,553.16,553.255
1783710900000,553.259,553.612,552.16,553.597
1783711800000,553.98,554.99,553.13,554.65
1783712700000,554.64,559.11,554.2,557.85
1783713600000,557.83,558.385,557.089,558.28
1783714500000,558.1,558.76,557.932,558.76
1783715400000,558.06,558.47,557.65,558.06
1783716300000,557.708,558.5,557.7,558.305
1783717200000,558.305,558.5,558.015,558.2
1783718100000,558.2,558.747,558,558.426
1783719000000,558.425,558.425,558.125,558.125
1783719900000,558.125,558.255,558.125,558.23
1783720800000,558.23,558.749,558.23,558.475
1783721700000,558.19,558.475,558.075,558.19
1783722600000,558.125,558.75,558.125,558.724
1783723500000,558.724,558.725,558.1,558.7
1783724400000,558.7,558.7,558.285,558.285
1783725300000,558.285,558.784,558.285,558.4
1783726200000,558.4,559.183,558.4,558.9
1783727100000,558.9,559.8,558.9,559.55
1783742400000,559.81,560.19,559.81,560.19
1783743300000,560.3,560.76,560.3,560.76
1783754100000,560.93,561.83,560.93,561.83
1783755900000,561.4,561.4,561.4,561.4
1783761300000,562.85,562.85,562.85,562.85
1783774800000,562.43,562.43,561.32,561.51
1783785600000,562.95,562.95,562.95,562.95
1783786500000,562.98,563.23,562.98,563.23
1783789200000,563.3,563.38,563.3,563.38
1783790100000,562.96,563.05,562.88,562.91
1783793700000,563.51,563.69,563.51,563.69
1783794600000,563.71,564.69,563.71,564.69
1783801800000,565.69,565.69,565.69,565.69
1783810800000,564.02,564.29,561.85,562.61
1783811700000,563.4,563.4,561.62,561.62
1783818000000,561.3,561.3,561.07,561.07
1783827900000,561.06,561.06,561.01,561.01
1783838700000,560.99,560.99,560.11,560.11
1783895400000,561.88,561.88,561.88,561.88
1783897200000,561.43,561.43,559.02,559.66
1783900800000,555.29,564.99,552.99,563
1783901700000,563.04,563.04,559.59,560.62
1783902600000,560.62,560.62,556.26,557.18
1783903500000,557.18,558.59,554.26,554.36
1783904400000,554.25,554.77,551.49,553.71
1783905300000,553.73,554.2,551.1,551.93
1783906200000,551.93,554.06,550.99,551.79
1783907100000,552.46,552.99,548.19,549.52
1783908000000,549.99,550.97,548.56,549.87
1783908900000,550.5,553.15,549.87,553.02
1783909800000,553.04,553.05,549.99,551.51
1783910700000,551.49,552.34,549.9,550.11
1783911600000,550.14,550.16,545.51,546.4
1783912500000,546.4,548.49,546.06,547.43
1783913400000,547.94,548.5,545.63,546.95
1783914300000,546.95,548.41,545.84,546.03
1783915200000,546.13,546.13,539.94,541.43
1783916100000,541.39,543.34,540.52,541.54
1783917000000,541.72,541.87,539.34,541.17
1783917900000,540.86,542.42,540.27,541.91
1783918800000,541.54,545.26,540.49,544.37
1783919700000,545.15,545.15,538.99,539.4
1783920600000,539.7,543.12,538.5,542.36
1783921500000,542.39,543.51,541,542.01
1783922400000,542.19,543,539.21,539.33
1783923300000,539.33,540.03,537.99,539
1783924200000,539.61,539.97,537.21,539.42
1783925100000,538.83,539.45,537.76,538.34
1783926000000,538.58,539.56,537.58,539.3
1783926900000,539.28,540.19,538.49,540.03
1783927800000,540.03,540.11,538.21,538.43
1783928700000,538.6,538.68,537.3,537.36
1783929600000,538.61,556.325,538.205,538.72
1783930500000,540.085,543.05,540.085,543.05
1783931400000,543.05,543.05,542.23,542.7
1783932300000,542.7,543.2,542.7,543.2
1783933200000,543.2,543.3,543.2,543.3
1783934100000,543.3,544.935,543.3,544.65
1783935000000,544.33,545.347,542.95,544.33
1783935900000,545.348,545.35,543.789,543.789
1783936800000,543.788,544.22,543.523,543.72
1783937700000,543.72,543.72,542.761,542.761
1783938600000,542.76,543.22,542.76,543.07
1783939500000,543.07,543.876,542.76,543.602
1783940400000,545,547.01,543.601,545.91
1783941300000,545.808,546.9,545.103,546.41
1783942200000,546.62,547.23,546.22,546.62
1783943100000,546.312,546.6,544.712,546.322
1783944000000,543.3,546.322,543.019,543.3
1783944900000,542.5,544.496,542.1,542.42
1783945800000,541.5,542.94,541.479,541.51
1783946700000,542.76,544.204,542.348,543.62
1783947600000,545,545.47,543.735,544.01
1783948500000,544.74,545.351,537.149,538.57
1783949400000,537.48,539.5,527.01,529.722
1783950300000,529.99,535.23,527.04,533.77
1783951200000,533.44,540.01,531.1,540.01
1783952100000,540.28,545.62,536.19,545.5
1783953000000,545.59,548.465,543.24,544.22
1783953900000,544.179,546.06,541.784,545.887
1783954800000,546.41,549.51,545.964,547.41
1783955700000,547.45,550.513,546.593,549.48
1783956600000,549.08,551.76,546.401,546.52
1783957500000,545.01,546.426,541.218,542.17
1783958400000,542.198,544.34,541.581,542.39
1783959300000,542.58,542.75,539.9,541.55
1783960200000,540.62,541.596,535.437,538.29
1783961100000,538.59,538.745,533.5,536.395
1783962000000,536.67,540.4,536.431,538.39
1783962900000,539.01,539.21,536.96,538.59
1783963800000,538.86,540.64,536.868,537.945
1783964700000,538.31,538.404,535.247,536.67
1783965600000,536.65,539.08,536.58,538.7
1783966500000,538.6,538.8,535.692,535.795
1783967400000,535.42,536.99,534.85,536.2
1783968300000,536.32,537.529,535,536.01
1783969200000,536.06,538.31,534.26,535.15
1783970100000,534.68,535.28,532.48,533.74
1783971000000,533.97,536.56,533.49,535.84
1783971900000,535.72,538.09,532.35,533.68
1783972800000,534.16,535.647,533.1,533.8
1783973700000,533.79,534.198,533.1,533.69
1783974600000,534.39,534.945,534.185,534.39
1783975500000,534.825,534.825,533.7,534.428
1783976400000,534.69,534.925,534.042,534.69
1783977300000,533.99,534.425,533.451,533.99
1783978200000,533.975,534.604,533.911,534.604
1783979100000,534.604,534.778,534.355,534.605
1783980000000,534.605,536.29,534.605,535.2
1783980900000,535.2,535.605,533.963,533.963
1783981800000,533.906,534.9,533.626,534.75
1783982700000,534.75,535.078,533.4,533.875
1783983600000,533.875,533.875,531.645,531.752
1783984500000,531.751,533.268,531.75,532.901
1783985400000,532.9,532.9,530.467,530.467
1783986300000,530.456,532.739,530.427,532.739
1783987200000,533.33,536.01,531.01,535.88
1783988100000,535.97,536.99,534.69,536.12
1783989000000,536.12,537.89,535.91,536.78
1783989900000,536.75,540.01,536.75,539.49
1783990800000,539.5,539.71,537,537.59
1783991700000,538.49,539.65,537.9,538.62
1783992600000,538.69,538.96,536.65,538
1783993500000,538.25,538.89,536.5,536.99
1783994400000,536.11,537.4,535.01,535.43
1783995300000,535.07,535.31,533.52,534.38
1783996200000,534.39,536.5,532.88,535.97
1783997100000,536,536.38,534.33,534.69
1783998000000,534.36,534.36,530.83,531.46
1783998900000,531.4,533.21,530.22,533.2
1783999800000,533.26,533.43,531.62,533.43
1784000700000,533.23,536.01,532.34,535.95
1784001600000,535.95,536.2,533.88,533.98
1784002500000,534.03,536.51,533.51,536.39
1784003400000,536.04,536.99,535.76,536.52
1784004300000,536.65,538.88,536.65,538.88
1784005200000,538.42,539.81,538.02,539.71
1784006100000,539.71,542.67,539.28,542.53
1784007000000,542.59,543.99,542.32,543.41
1784007900000,543.33,543.71,542.32,542.61
1784008800000,542.53,544.51,542.51,544.05
1784009700000,544.14,544.71,543.62,544.27
1784010600000,544.29,544.75,543.33,543.36
1784011500000,543.29,543.31,542.99,543.27
1784012400000,543,544,542.32,543.81
1784013300000,543.81,544.94,543.34,544.64
1784014200000,544.64,544.66,543.39,543.39
1784015100000,543.45,545,543.29,544.89
1784016000000,532.739,546.869,532.739,544.625
1784016900000,544.625,547.925,544.625,547.925
1784017800000,547.925,549.175,547.925,549.025
1784018700000,547,549.025,545.58,547
1784019600000,547,547.165,546.1,547.055
1784020500000,547.055,547.055,545.775,545.775
1784021400000,545.775,546.1,545.775,545.776
1784022300000,545.775,547.125,545.351,545.365
1784023200000,545.365,546.999,545.365,546.428
1784024100000,546.427,546.427,545.705,545.705
1784025000000,545.662,545.98,545.45,545.98
1784025900000,545.98,545.98,545.98,545.98
1784026800000,546.5,547.31,543.952,547
1784027700000,548.02,551.74,546.933,551.74
1784028600000,550.01,551.37,549.821,551.31
1784029500000,551.5,554.5,550.5,554.5
1784030400000,552.55,553.066,550.2,551.01
1784031300000,552.49,553.093,550.611,552.99
1784032200000,554,562.172,552.005,559.87
1784033100000,558.36,559.5,557.515,558.99
1784034000000,559.49,561.15,558.503,561
1784034900000,561.49,568.089,559,566.99
1784035800000,567.57,574.01,552.99,555.653
1784036700000,556.23,560.01,554.46,555.605
1784037600000,555.325,556.6,549.49,552.72
1784038500000,551.99,553.79,547.99,549.81
1784039400000,549.51,555.045,548.145,552.44
1784040300000,551.53,555.835,549,555.82
1784041200000,555.99,564.095,555.6,561.87
1784042100000,562.5,567.36,561.831,566.6
1784043000000,566.92,567.14,563.081,564.03
1784043900000,564.445,564.56,560.19,560.37
1784044800000,560.78,561.074,553.75,553.77
1784045700000,553.5,556,552.345,555.52
1784046600000,555.48,556.5,553.49,555.78
1784047500000,555.915,555.98,554.19,555.335
1784048400000,555.36,555.855,553.82,554.98
1784049300000,555.01,557.66,554.52,556
1784050200000,556.07,556.312,554.04,555.12
1784051100000,554.775,556.51,554.49,555.7
1784052000000,555.57,555.796,553.823,554.85
1784052900000,554.66,555.08,553.16,553.86
1784053800000,554.21,555.13,552.1,552.95
1784054700000,552.76,553.451,551.08,552.025
1784055600000,551.51,552.29,549.2,551.49
1784056500000,551.46,553.35,548.675,548.675
1784057400000,548,549.87,547,548.41
1784058300000,548.63,551.07,547,547.73
1784059200000,547.78,547.78,546.599,547.56
1784060100000,547.29,548.144,546.601,546.83
1784061000000,547.706,548.56,547.706,548.265
1784061900000,548.265,548.4,547.825,548.4
1784062800000,548.4,548.4,547.5,547.985
1784063700000,547.79,547.985,547.79,547.79
1784064600000,547.985,548.65,547.88,547.904
1784065500000,547.41,547.905,546.385,547.28
1784066400000,546.9,547.191,546.313,547.017
1784067300000,546,547.117,545.7,546.51
1784068200000,546.61,546.61,546.001,546.5
1784069100000,546.362,546.6,546,546
1784070000000,546,547.171,545.57,546.753
1784070900000,546.752,548.128,546.35,548.128
1784071800000,548.129,549.258,547.91,547.91
1784072700000,549.41,549.868,547.905,549.54
1784073600000,549.68,551.75,549.01,551.2
1784074500000,551.2,553.87,551.2,552.72
1784075400000,553.01,553.3,549.61,550.37
1784076300000,550.02,553.37,550.02,553.37
1784077200000,553.24,553.3,549.99,551.24
1784078100000,551.02,553.05,551.02,552.9
1784079000000,552.9,552.9,550.56,550.56
1784079900000,550.8,553.86,550.8,553.86
1784080800000,553.55,554.16,553.36,553.36
1784081700000,553.39,554.39,553.19,553.58
1784082600000,553.55,554.38,553.35,554.06
1784083500000,554.11,554.41,553.8,554.36
1784084400000,554.26,554.26,553.48,553.89
1784085300000,553.9,555.01,553.89,554.96
1784086200000,554.97,555.79,554.97,555.49
1784087100000,555.74,557.45,555.64,557.45
1784088000000,557.46,557.46,556.38,556.75
1784088900000,556.56,557.47,556.5,556.9
1784089800000,556.53,557.34,556.3,556.95
1784090700000,556.95,557.96,556.61,557.79
1784091600000,557.79,559.01,555.4,555.4
1784092500000,555.35,555.51,553.83,554.23
1784093400000,554.22,555.51,553.69,555.08
1784094300000,555.29,557.35,554.68,557.35
1784095200000,557.29,558.29,557.29,558.28
1784096100000,558.01,558.15,557.29,557.79
1784097000000,557.79,557.83,556.65,556.65
1784097900000,556.96,557.99,556.96,557.74
1784098800000,557.2,560,557.09,559.18
1784099700000,558.9,559.35,554.26,555
1784100600000,554.81,557.01,554.46,556.7
1784101500000,556.69,557.71,556.11,557.57
1784102400000,557.9,558.45,549.796,557.9
1784103300000,553.01,555.725,551.339,553.01
1784104200000,553.03,554.811,552.11,553.03
1784105100000,553.897,554.17,553,553.5
1784106000000,553.5,555.5,553.5,554.675
1784106900000,554.675,556.2,553.505,554.5
1784107800000,553.28,554.5,553.28,553.28
1784108700000,553.89,553.89,551.5,551.5
1784109600000,551.5,551.813,550.925,551.5
1784110500000,551.5,551.5,549.297,549.297
1784111400000,551.47,551.47,549.295,551.47
1784112300000,550.99,551.125,550.825,550.99
1784113200000,553,554.097,551.199,552.27
1784114100000,553.69,555.3,553.509,553.69
1784115000000,555.19,556.499,553.802,555.19
1784115900000,554.99,556.166,554.859,555.5
1784116800000,555.676,555.676,553.279,554.095
1784117700000,554.096,554.747,553.295,554.099
1784118600000,556,556.805,554.1,556.21
1784119500000,557.75,558.99,556.111,558.99
1784120400000,558.18,558.864,556.01,556.01
1784121300000,556.51,560.01,555.449,560.01
1784122200000,556.07,558.61,548.47,553.33
1784123100000,553.28,553.94,542.985,546.49
1784124000000,546.99,547.69,541.87,541.87
1784124900000,541.5,542.11,528.85,533.287
1784125800000,533.253,533.88,514.75,519.315
1784126700000,519.195,523.77,517.78,522.51
1784127600000,522.43,522.99,517.99,518.56
1784128500000,518.01,521.606,513.84,521.19
1784129400000,521.68,522.41,516.99,518.7
1784130300000,518.51,518.811,515.679,518.3
1784131200000,517.91,518.99,512.675,512.675
1784132100000,512.98,514.295,512.32,514.295
1784133000000,514.5,515.52,509.76,511.73
1784133900000,512.24,518.96,512.01,518.577
1784134800000,518.755,522.065,518.602,520.86
1784135700000,520.57,527.055,520.56,526.8
1784136600000,527.41,528.36,525.77,528.275
1784137500000,528.3,531.75,527.78,530.31
1784138400000,530.473,532.43,530.415,530.786
1784139300000,530.5,532.54,528.371,531.63
1784140200000,531.84,531.99,528.728,528.77
1784141100000,528.51,529.245,524.64,525.88
1784142000000,525.915,529.02,525.1,527.5
1784142900000,527.647,528.69,524.22,528.216
1784143800000,528.7,530.68,526.7,530.18
1784144700000,530,530.645,528.2,528.79
1784145600000,529.5,530.19,527.012,528.71
1784146500000,528.195,529.677,528.17,529.157
1784147400000,529.161,529.449,528.821,529.247
1784148300000,529.13,529.827,529.056,529.13
1784149200000,528.39,529.437,528.3,528.37
1784150100000,528.6,529,528.35,528.35
1784151000000,528.35,528.65,528.004,528.357
1784151900000,528.356,528.535,528.35,528.525
1784152800000,528.525,529.545,528.525,529.157
1784153700000,529.173,529.25,528.535,528.54
1784154600000,528,528.897,527.002,528
1784155500000,528,528.75,527.5,528.75
1784156400000,528.75,529.023,528,528.3
1784157300000,528.3,528.3,528.004,528.274
1784158200000,528.338,529.575,528.314,528.5
1784159100000,528.5,528.75,528.25,528.25
1784160000000,529.41,531.41,528.81,531.29
1784160900000,531.51,532,527.55,527.55
1784161800000,527.77,528.52,523,523.73
1784162700000,523.83,526.35,523.2,524.46
1784163600000,524.99,525.72,523,523.52
1784164500000,523.21,523.52,522.16,522.7
1784165400000,522.67,525.5,522.01,523.87
1784166300000,523.87,529.95,523.76,527.87
1784167200000,527.87,527.98,526.5,527.6
1784168100000,527.73,529.87,527.36,529.45
1784169000000,529.36,530.1,529.01,529.01
1784169900000,529,530.64,529,530.31
1784170800000,530.01,530.98,529.71,530.91
1784171700000,530.75,530.83,529,529.23
1784172600000,529.33,530.2,529.23,529.42
1784173500000,529.38,529.41,528,529.19
1784174400000,529.62,530.14,528.7,530.14
1784175300000,530.21,530.23,527.35,528.5
1784176200000,528,528.53,527.72,528.53
1784177100000,528.28,529.35,527.99,528.39
1784178000000,529.26,529.5,528.3,529.5
1784178900000,529.79,532.01,529.79,531.77
1784179800000,531.83,532.37,527.12,528.52
1784180700000,528.51,529.12,527.5,528.65
1784181600000,528.85,529.89,525.01,528.31
1784182500000,528.33,529.67,527.01,527.01
1784183400000,527.04,527.31,525.24,526.01
1784184300000,526.08,526.15,525.3,526.01
1784185200000,525.91,525.91,522.09,522.09
1784186100000,522.14,523.34,521.35,522.38
1784187000000,522.02,522.21,518.42,518.42
1784187900000,518.39,528.25,517.46,518.91
1784188800000,528.25,529.538,510.725,510.725
1784189700000,513.99,515.409,509.26,513.99
1784190600000,513.62,514.91,512.287,514.04
1784191500000,512.6,514.675,512.6,514.675
1784192400000,514.675,516.75,514.675,516.75
1784193300000,516.75,516.75,516.75,516.75
1784194200000,516.75,516.75,515.5,515.56
1784195100000,515.56,515.56,513.01,513.01
1784196000000,513.01,513.939,513.01,513.455
1784196900000,513.455,513.455,511.79,513.045
1784197800000,513.045,516.5,512.44,512.44
1784198700000,512.44,516.1,512.44,516.075
1784199600000,514.37,516.075,511.21,511.74
1784200500000,511.71,514.992,510.6,511.69
1784201400000,510.99,511.981,510.002,510.11
1784202300000,509.01,511.54,509.01,509.51
1784203200000,512.01,512.126,508.823,510.01
1784204100000,510.395,512.297,509.749,512.297
1784205000000,511,512.325,509,511
1784205900000,510.01,510.597,508.701,510.01
1784206800000,509.51,514.199,509.51,511.99
1784207700000,513.99,516.293,508.168,508.45
1784208600000,509.19,518.34,507.4,508.83
1784209500000,509.38,513.09,506.26,510.85
1784210400000,510.15,518.17,509.5,516.25
1784211300000,516.54,517.22,505.35,512.15
1784212200000,511.877,513.915,509.73,510.987
1784213100000,510.985,511.522,506.19,510.06
1784214000000,510.19,512.355,505.12,506.21
1784214900000,506.61,510.158,505.54,508.7
1784215800000,508.15,510.63,507.3,507.88
1784216700000,507.59,508.69,505.16,506.88
1784217600000,506.51,506.825,501.241,501.4
1784218500000,501.09,501.259,498.85,500.62
1784219400000,500.78,502.067,499.2,500.99
1784220300000,500.84,503.47,498.22,501.99
1784221200000,501.981,502.007,498.3,498.527
1784222100000,498.47,499.04,496.18,497.83
1784223000000,498.21,498.21,492.11,492.57
1784223900000,492,494.01,491.8,493.39
1784224800000,493.41,496.5,493.01,496.13
1784225700000,494.924,498.76,493.99,497.53
1784226600000,497.24,497.51,494.492,495.69
1784227500000,495.09,496,494.01,495.49
1784228400000,495.04,497.19,493.5,496.46
1784229300000,496.53,497.73,493.5,497.19
1784230200000,496.975,498.33,495.265,496.994
1784231100000,496.99,501.595,495.415,501.34
1784232000000,501.02,502.495,500.39,501.06
1784232900000,500.805,502.018,500.353,500.761
1784233800000,500.07,500.97,500.066,500.07
1784234700000,500.4,500.925,500.011,500.925
1784235600000,500.01,500.925,499.141,500.01
1784236500000,499.767,500.275,499.479,500.275
1784237400000,500.275,500.85,499.65,500.825
1784238300000,500.825,500.85,500.35,500.85
1784239200000,501,501.205,500.2,501
1784240100000,499.74,500.3,497.835,498.99
1784241000000,498.65,498.726,496.95,498.65
1784241900000,497.21,498,496.362,497.21
1784242800000,496.752,497.47,496.15,496.379
1784243700000,494.4,497.33,494.026,494.4
1784244600000,493.24,495.675,492.323,493.99
1784245500000,494.1,495.217,493.25,494.309
1784246400000,495.42,499.12,492.26,492.99
1784247300000,492.98,495.07,490.99,491.55
1784248200000,491.55,491.55,488.47,490.6
1784249100000,490.62,494.14,490.62,492.89
1784250000000,492.95,496.76,492.53,492.6
1784250900000,492.62,493.96,491.55,493.96
1784251800000,493.84,493.84,490,490
1784252700000,490.01,490.7,488.5,490
1784253600000,490.01,491.73,489,490.17
1784254500000,489.97,490.41,486.97,487.87
1784255400000,487.7,487.73,485.75,487.4
1784256300000,487.04,487.84,485.95,486.57
1784257200000,486.57,490.68,486.57,490.68
1784258100000,490.74,494.76,490.74,493.79
1784259000000,494.03,494.08,491.34,492.23
1784259900000,492.05,492.36,489.49,489.49
1784260800000,489.6,489.98,487.3,487.41
1784261700000,487.36,487.89,483.48,483.63
1784262600000,484.36,486.61,482.01,485.2
1784263500000,485.34,487.4,485.01,485.89
1784264400000,485.68,486.25,484.01,484.37
1784265300000,484.57,485,482.49,483.3
1784266200000,483.74,484.5,477.55,481.31
1784267100000,481.02,481.51,478.64,481.21
1784268000000,481.26,483.01,479.85,482.34
1784268900000,481.56,486.77,481.56,485.98
1784269800000,485.96,486.74,482.71,484.39
1784270700000,484.07,484.2,480.84,480.89
1784271600000,480.72,482.51,480.29,481.05
1784272500000,481.09,481.55,479.84,481.18
1784273400000,481.24,481.39,477.74,478.29
1784274300000,478.01,478.1,476.5,476.5
1784275200000,480.01,491.595,478.317,480.01
1784276100000,475.9,478.645,474.41,476.01
1784277000000,474.75,475.234,474.75,475.234
1784277900000,478,480,475.244,479.99
1784278800000,479.858,481.664,479.28,481.664
1784279700000,481.664,482.645,479.495,482.645
1784280600000,482.645,484,482.32,484
1784281500000,484,484.7,481,482.299
1784282400000,487.02,487.5,482.299,487.02
1784283300000,488.43,491.13,486.412,488.43
1784284200000,487.25,491.595,487.25,491.5
1784285100000,490.66,491.5,488.53,488.53
1784286000000,488.75,489.498,486.25,486.932
1784286900000,486.99,487.831,484.488,486
1784287800000,486.99,487.522,485.4,486
1784288700000,485.4,487.514,484.805,485.789
1784289600000,482.01,485.774,481.443,481.51
1784290500000,482.5,483.272,481.223,482.59
1784291400000,481.5,482.093,479.407,479.99
1784292300000,479.74,482.549,479.4,481
1784293200000,481.8,481.8,479.005,479.502
1784294100000,480.99,482.813,476.241,476.44
1784295000000,476.52,482.73,460.59,462.99
1784295900000,462.16,476.72,460.28,476.24
1784296800000,475.88,492.73,475.78,489.01
1784297700000,489.026,493.27,486.49,489.026
1784298600000,488.81,491.99,483.81,488.91
1784299500000,488.26,491.51,485.53,486.26
1784300400000,485.99,487.35,482.36,485.43
1784301300000,484.32,487.76,483.825,486.16
1784302200000,486.503,492.76,485.07,491.174
1784303100000,490.76,501.602,490.76,500.42
1784304000000,499.96,503.31,497.91,502.93
1784304900000,502.5,503.57,498.55,499.39
1784305800000,499.78,501.5,497.519,501.5
1784306700000,501.317,503.63,500.48,501.54
1784307600000,501.53,503.463,499.93,500.261
1784308500000,499.81,504.99,499.79,504.49
1784309400000,505.19,505.73,502.27,502.76
1784310300000,502.39,503.622,499.31,499.79
1784311200000,500.32,500.766,496.79,497.19
1784312100000,496.86,497.566,494.69,496.51
1784313000000,496.96,498.549,494.195,495
1784313900000,494.755,498.66,494.419,498.29
1784314800000,497.695,497.695,492.588,492.94
1784315700000,492.863,495.967,491.978,495.378
1784316600000,495.83,497.95,493.22,495.12
1784317500000,495.08,500.76,494.714,495.22
1784318400000,493.45,496.489,491.739,492.11
1784319300000,494.17,494.424,492.5,493.5
1784320200000,493.75,493.89,492.75,492.91
1784321100000,493.19,493.764,492.5,493.19
1784322000000,493.184,493.184,492.545,493.05
1784322900000,493.05,493.055,492.48,493
1784323800000,493,493,492.67,492.88
1784324700000,492.88,493.01,492.525,492.785
1784325600000,492.785,492.785,492.265,492.495
1784326500000,492.495,492.745,492.26,492.26
1784327400000,492.19,492.595,491.995,492.33
1784328300000,492.595,492.595,492.5,492.5
1784329200000,492.4,492.595,492.065,492.4
1784330100000,492.065,493.036,491.965,492.75
1784331000000,492.75,492.75,492.495,492.5
1784331900000,492.5,492.57,492.175,492.33
1784332800000,492.377,492.595,492.377,492.595
1784367000000,492.18,492.18,492.18,492.18
1784379600000,492.15,492.15,492.15,492.15
1784393100000,492.44,492.44,492.08,492.08
1784394900000,492.04,492.04,492.04,492.04
1784405700000,491.95,491.95,491.95,491.95
1784462400000,492.36,492.91,492.36,492.91
1784465100000,491.95,491.95,491.95,491.95
1784466900000,492.22,492.22,492.22,492.22
1784471400000,492.52,492.52,492.52,492.52
1784473200000,492.91,492.91,492.29,492.29
1784501100000,492.29,493.81,492.29,493.81
1784503800000,494.25,494.25,494.25,494.25
1784505600000,501.93,509.29,492.9,509
1784506500000,509,510.51,506.12,506.12
1784507400000,506.31,509.47,504.19,506.1
1784508300000,506.26,506.26,501,501.75
1784509200000,501.76,503.57,500.68,500.87
1784510100000,500.83,501.49,498.76,499.35
1784511000000,499.02,499.71,497.4,498.26
1784511900000,498.27,499.19,494.79,497.21
1784512800000,497.56,501.51,497.56,499.17
1784513700000,499.46,500.49,497.37,498.92
1784514600000,499.01,503.82,499.01,503.58
1784515500000,503.38,503.91,502.42,502.97
1784516400000,503.01,504.08,500.59,501.65
1784517300000,501.97,502.64,501.15,501.5
1784518200000,501.21,502.5,500.48,502.06
1784519100000,502.08,504.59,502.03,503.49
1784520000000,503.47,503.96,502.11,502.11
1784520900000,502.64,502.67,500.62,501.37
1784521800000,502.96,504.31,502.96,504.05
1784522700000,504.04,504.53,503.17,504.02
1784523600000,504.18,504.29,500.05,501.5
1784524500000,501.99,501.99,500.6,501.64
1784525400000,501.3,501.65,499.29,499.31
1784526300000,499.03,499.39,497.99,498.44
1784527200000,498.99,499.51,497.5,497.63
1784528100000,497.5,498.29,497.02,497.29
1784529000000,497.8,498.11,496.88,498.03
1784529900000,498.1,498.65,497.87,498
1784530800000,498.85,499.96,498.55,499.26
1784531700000,499.05,501.09,497.35,501.09
1784532600000,501.29,501.88,500.61,500.67
1784533500000,500.97,500.99,500.32,500.83
1784534400000,492.609,502.148,492.609,501.225
1784535300000,501.225,502.417,500.014,500.125
1784536200000,500.125,500.125,499.25,499.25
1784537100000,500.01,500.75,499.25,500.01
1784538000000,499.25,499.25,499,499.25
1784538900000,499.25,501.886,499.25,501.28
1784539800000,501.28,504.5,501.28,504.5
1784540700000,504.91,508.6,504.5,506
1784541600000,508.21,508.345,504.78,508
1784542500000,509.33,509.99,508,509.45
1784543400000,508.35,509.997,507.81,508.35
1784544300000,509.998,510.95,509.535,509.75
1784545200000,509,512.882,509,510.9
1784546100000,514.79,514.79,512.206,513.56
1784547000000,513.01,515.713,512.403,515.07
1784547900000,514,515.736,513.958,513.99
1784548800000,511,514.131,511,511
1784549700000,512.99,513.929,510.8,512.99
1784550600000,514.27,515.38,513.614,515.21
1784551500000,514.49,514.957,512.72,512.72
1784552400000,513,532.64,513,517.208
1784553300000,518.5,520.105,516.756,519.99
1784554200000,516.575,522.27,510.97,520.94
1784555100000,520.74,521.76,510.42,511.75
1784556000000,512,514.49,508.93,510.57
1784556900000,510.19,515.96,508.499,515.96
1784557800000,515.33,518.88,513.708,515
1784558700000,514.19,515.21,507,507.99
1784559600000,507.63,510.7,506.13,508.12
1784560500000,508.127,512.61,507.7,511.914
1784561400000,512.29,514.8,511.937,514.65
1784562300000,513.99,515.5,512.7,514.41
1784563200000,514.35,518.03,513.868,517.24
1784564100000,517,517.41,514.345,514.87
1784565000000,514.97,515.08,509,509.59
1784565900000,509.5,511.55,508.09,510.08
1784566800000,510.51,510.91,508.06,508.35
1784567700000,508.26,512.01,508.19,511.85
1784568600000,511.557,512.51,508.82,509.383
1784569500000,509.16,513.51,509.16,512.33
1784570400000,513.08,516.66,512.516,516.52
1784571300000,516.12,516.99,514.16,515.69
1784572200000,515.55,515.84,513.26,514.555
1784573100000,514.649,514.75,512.24,513.127
1784574000000,513.48,513.848,507.01,507.41
1784574900000,506.53,509.109,506.09,508.74
1784575800000,509.25,509.51,507.47,508.13
1784576700000,508.255,508.255,502.49,503.43
1784577600000,503.22,504.902,502.21,502.58
1784578500000,502.64,503.139,502.303,502.33
1784579400000,503.27,503.27,502.635,503.27
1784580300000,503.033,503.8,503,503.602
1784581200000,503.602,504.65,503.6,504.546
1784582100000,504.547,504.549,504,504.549
1784583000000,504.11,504.55,503.8,504.11
1784583900000,504,504.305,503.945,504
1784584800000,503.01,504.305,502.545,503.01
1784585700000,502.99,503.984,502.99,503.22
1784586600000,503.395,504.362,502.326,502.7
1784587500000,503.5,503.61,502.7,503.5
1784588400000,504.5,504.815,503.2,504.5
1784589300000,504.4,505.3,504.025,505.019
1784590200000,505.049,505.45,503.708,505.283
1784591100000,505.291,505.33,504.001,505.225
1784592000000,504.49,505.16,502.49,504.02
1784592900000,504.08,506.99,502.6,506.69
1784593800000,506.66,508.49,506.15,507.99
1784594700000,508.02,509.26,507.35,507.57
1784595600000,507.77,509.4,507.49,509.4
1784596500000,509.39,509.64,508.5,509.19
1784597400000,509.34,510.5,508.78,508.78
1784598300000,509.04,509.95,507.96,508.35
1784599200000,508.39,510.32,508.1,508.1
1784600100000,508.11,508.67,506.48,508.34
1784601000000,508.3,510.41,508.3,510.11
1784601900000,510.2,510.99,509.73,510.67
1784602800000,510.95,512.65,510.95,512.44
1784603700000,512.44,514.44,512.26,514.39
1784604600000,514.38,517.03,514.38,516.19
1784605500000,516.42,519.9,516.42,518.61
1784606400000,518.61,518.94,517.74,518.03
1784607300000,518.08,518.08,516.8,517.02
1784608200000,517.03,517.63,516.52,516.99
1784609100000,517,517.51,516.67,517.02
1784610000000,517.02,517.8,516.04,516.04
1784610900000,516.01,517.71,515.3,517.19
1784611800000,517.18,518.88,516.74,518.37
1784612700000,518.36,519.31,518,519.15
1784613600000,519.02,521.5,519.01,521.09
1784614500000,521.26,521.74,519.96,520.01
1784615400000,520.15,522,520.03,522
1784616300000,521.93,521.94,521.1,521.78
1784617200000,521.79,522.49,521.39,521.68
1784618100000,521.62,521.79,520.57,521.71
1784619000000,521.32,521.99,521.02,521.47
1784619900000,521.46,521.99,521.1,521.97
1784620800000,507.979,523.8,507.979,522.25
1784621700000,522.25,525.663,522.25,525.663
1784622600000,525.677,525.75,523.635,525.125
1784623500000,525.125,527,525,527
1784624400000,527,527,525.155,525.5
1784625300000,525.67,526.52,525.5,525.67
1784626200000,525.11,525.695,524.285,524.8
1784627100000,524.285,525,524.212,524.212
1784628000000,524.211,524.855,523.89,524.581
1784628900000,524.602,524.855,524.5,524.5
1784629800000,524.5,524.702,524.125,524.496
1784630700000,524.497,524.593,522.867,523.057
1784631600000,524.99,525.586,522.436,523
1784632500000,524.051,524.051,522.2,522.6
1784633400000,522.6,525.146,522.6,524.546
1784634300000,525,525.244,523.701,525.01
1784635200000,525,525.255,523.8,524.71
1784636100000,523.5,524.798,522.71,522.71
1784637000000,522.44,523.594,522.2,522.39
1784637900000,524,524.224,522.801,523.01
1784638800000,523.79,523.79,522.607,523.79
1784639700000,523.51,525.228,522.474,524.01
1784640600000,525.152,532.68,524.71,527.413
1784641500000,526.935,535.57,524.49,526.51
1784642400000,526.87,528.615,522.85,525.99
1784643300000,525.815,531.61,524.24,530.99
1784644200000,531.5,534.339,527.713,529.77
1784645100000,529.652,530.374,528.18,528.734
1784646000000,528.47,536.11,526.96,535.62
1784646900000,535.915,535.915,533.07,534.74
1784647800000,535.245,535.69,533.19,533.91
1784648700000,534.06,535.27,531.484,531.5
1784649600000,532.08,535.01,531.669,533.58
1784650500000,534.15,538.695,533.525,538.23
1784651400000,538.55,539.76,536.695,539.66
1784652300000,539.83,542.9,539.377,541.39
1784653200000,541.529,542.73,540.72,540.84
1784654100000,541.07,543.465,540.841,543.39
1784655000000,543.605,544.55,543.011,543.015
1784655900000,543.15,544.27,542.21,542.32
1784656800000,542.37,543.333,541.225,541.375
1784657700000,541.56,543.7,541.375,542.175
1784658600000,542.1,545.542,541.93,545.54
1784659500000,545.725,546.83,543.34,544.06
1784660400000,544.28,544.28,541.11,541.11
1784661300000,541.153,541.915,539.87,540.068
1784662200000,540.58,542.29,540.056,541.805
1784663100000,541.84,545.32,539.95,544.355
1784664000000,544.54,546.255,544.415,546.01
1784664900000,545.3,545.495,544.65,545.3
1784665800000,544.72,545.043,544.378,544.614
1784666700000,544.51,544.998,544.001,544.6
1784667600000,545.99,546.4,544.4,545.99
1784668500000,545.54,546.4,545.1,545.54
1784669400000,546.4,546.4,545.493,545.86
1784670300000,545.839,546.226,544.9,544.9
1784671200000,544.9,544.908,544.252,544.6
1784672100000,544.6,545.094,544.401,544.496
1784673000000,544.496,545.185,544.055,544.601
1784673900000,544.675,544.913,544.2,544.507
1784674800000,544.506,544.961,544.301,544.535
1784675700000,544.535,545.249,544.272,544.775
1784676600000,544.775,545.55,544.35,544.718
1784677500000,544.69,545.879,544.2,545.76
1784678400000,544.08,547.76,543.99,546.81
1784679300000,547,547.2,545.5,545.5
1784680200000,545.65,546.26,544.61,545.12
1784681100000,545,545,542.34,543.59
1784682000000,543.62,543.64,541.07,542.55
1784682900000,542.59,543.75,542.08,542.08
1784683800000,541.99,542.09,540.81,541.6
1784684700000,541.5,544.21,541.41,542.91
1784685600000,542.97,543.4,541.62,542.49
1784686500000,541.93,542.7,541.28,542.48
1784687400000,542,542,539.02,539.38
1784688300000,539.5,540.5,538,538.26
1784689200000,538.08,539.09,537.87,537.98
1784690100000,537.98,540.67,537.36,540.66
1784691000000,540.84,541.1,538.63,539.49
1784691900000,539.48,540.94,537.99,539.02
1784692800000,539.33,540.84,538.5,540.41
1784693700000,540.03,540.77,539.59,540.4
1784694600000,540.21,540.43,538.99,539.25
1784695500000,539.42,539.44,538.01,539.44
1784696400000,539.43,539.57,536.74,536.79
1784697300000,536.78,536.91,535.6,535.81
1784698200000,535.81,536.75,535.26,535.61
1784699100000,535.67,537.26,535.37,537.24
1784700000000,537.1,538.17,536.1,537.69
1784700900000,537.7,538,535.06,535.06
1784701800000,535.13,537.3,535.01,536.49
1784702700000,536.49,536.51,534.03,535.51
1784703600000,535.21,535.47,532.91,534.34
1784704500000,534.47,535.42,533.89,535.03
1784705400000,534.78,534.99,532.29,532.95
1784706300000,532.94,533.2,532.29,532.82
1784707200000,531.51,545.894,530.505,531.51
1784708100000,531.89,533.672,531.005,533.636
1784709000000,533.637,533.84,532.005,532.005
1784709900000,532.004,533.34,532,533.34
1784710800000,533.34,535,533.34,535
1784711700000,535,535,534.645,534.645
1784712600000,534.645,534.645,533.435,533.5
1784713500000,533.5,533.962,533.475,533.962
1784714400000,533.964,534.8,533.964,534.8
1784715300000,534.8,536.7,534.8,536.65
1784716200000,536.65,536.65,534.65,534.65
1784717100000,534.65,536,534.305,535.64
1784718000000,535.97,536.433,534.021,534.597
1784718900000,534.01,534.85,533.513,534.01
1784719800000,531.99,534.487,530.363,531.74
1784720700000,530.29,532.671,530.29,530.29
1784721600000,529.01,532.104,528.957,529.01
1784722500000,529.13,530.465,527.09,527.09
1784723400000,538.01,550.46,522.99,529.45
1784724300000,529.5,530.99,526.728,527.99
1784725200000,529.42,534.99,528.865,529.73
1784726100000,528.922,532.01,525.8,527.013
1784727000000,526.885,548.99,526.6,546.45
1784727900000,546.435,553.49,544.49,552.83
1784728800000,552.78,553.225,544.96,549.2
1784729700000,547.51,552.51,545.76,550.05
1784730600000,550.76,551.33,547.644,548.65
1784731500000,548.64,552.29,548.09,551.39
1784732400000,551.255,558.33,551.255,556.65
1784733300000,556.8,557.17,554.74,554.89
1784734200000,555.05,556.16,553.75,554.942
1784735100000,555.24,556.172,553.89,556.03
1784736000000,556.01,557.525,555.116,557.18
1784736900000,557.45,558.085,555.259,556.12
1784737800000,556.29,558.01,554.12,554.5
1784738700000,554.47,556.393,553.746,556.29
1784739600000,555.71,557.727,555.505,556.58
1784740500000,556.125,557.518,555.967,557.35
1784741400000,557.08,557.229,555.722,556.62
1784742300000,556.705,557.61,553.999,554.903
1784743200000,555.125,557.115,553.59,553.59
1784744100000,553.705,554.732,553.41,554.415
1784745000000,554.16,555.41,553.2,555.41
1784745900000,555.29,557.385,555.24,557.17
1784746800000,556.748,557.83,555.555,556.058
1784747700000,556.1,558.81,555.7,558.71
1784748600000,558.74,561.26,553.31,555.05
1784749500000,555.18,555.54,550.385,552.2
1784750400000,551.03,555.353,550.99,554
1784751300000,555.394,556.078,554.93,555.23
1784752200000,555.01,555.254,552.95,555.19
1784753100000,553.49,553.997,552.613,553.03
1784754000000,553.99,555.51,552.5,552.5
1784754900000,553.49,553.49,552.245,553.49
1784755800000,553.299,553.751,552.65,553.625
1784756700000,552.5,553.625,551.315,552.5
1784757600000,551.46,552.987,551.015,551.46
1784758500000,551.8,552.125,551.736,552.125
1784759400000,552.125,552.125,550.14,550.254
1784760300000,550.01,550.77,549.058,550.01
1784761200000,550.11,550.77,549.25,550.277
1784762100000,550.249,550.585,549.5,549.603
1784763000000,549.604,551.64,549.6,551.004
1784763900000,553.04,553.968,551,553.04
1784764800000,553.53,555.56,553.18,553.95
1784765700000,553.94,557.99,553.94,556.57
1784766600000,556.8,557.99,556.03,557.23
1784767500000,557.18,560.01,557.14,559.6
1784768400000,559.49,562.02,559,561.98
1784769300000,562.14,562.65,559.98,560.14
1784770200000,560.02,560.6,554.49,554.5
1784771100000,554.57,558.72,553.97,555.52
1784772000000,555.49,557.04,553.73,554.56
1784772900000,554.51,555.5,553.65,555.5
1784773800000,555.14,556.19,551.64,552.41
1784774700000,553.01,554.26,551.99,553.74
1784775600000,553.34,553.34,549.72,552.47
1784776500000,552.04,555.92,552.01,554.85
1784777400000,555.01,557.55,554.36,557.55
1784778300000,557.55,558.21,556.65,556.67
1784779200000,556.61,557.06,554.67,557.06
1784780100000,557.26,557.97,556.53,556.74
1784781000000,557.41,557.76,556.83,557.2
1784781900000,557,557.39,555.8,556.23
1784782800000,556.31,556.5,555.53,556.49
1784783700000,556.13,558.96,555.52,558.72
1784784600000,558.98,559,558.05,558.54
1784785500000,558.79,558.79,555.29,555.54
1784786400000,555.7,555.96,554.04,554.99
1784787300000,555.35,555.35,554.21,554.98
1784788200000,554.6,555.38,554.16,554.55
1784789100000,554.74,555.13,553.52,553.91
1784790000000,554.07,554.07,547.57,549.07
1784790900000,549.41,550.99,548.8,550.57
1784791800000,550.44,550.44,548.23,548.28
1784792700000,548.25,549.81,547.34,549.69
1784793600000,553.236,553.967,549.171,552.965
1784794500000,552.99,554.115,552.116,552.99
1784795400000,554,555.237,554,554.82
1784796300000,558.01,558.01,554.82,558.01
1784797200000,558.51,559.249,556.56,558.51
1784798100000,556.56,558.499,556.56,557.891
1784799000000,557.79,557.914,557.314,557.79
1784799900000,557.42,557.425,556.425,556.425
1784800800000,556.425,556.425,555.4,556
1784801700000,556,556.425,556,556.425
1784802600000,556.425,556.425,556.425,556.425
1784803500000,556.425,556.425,556.425,556.425
1784804400000,556.425,556.425,553.427,554
1784805300000,555,555,551.62,551.62
1784806200000,550,552.029,547.835,549.27
1784807100000,549.973,551.744,548.681,551.17
1784808000000,551,551.489,548.428,549.39
1784808900000,547.91,549.918,547.001,547.91
1784809800000,547.7,547.925,544.031,544.18
1784810700000,546,547.3,544.031,546
1784811600000,543.91,547.064,542.848,542.99
1784812500000,542.74,545.745,542.283,542.74
1784813400000,545.115,556.12,542.32,555.852
1784814300000,554.545,556.03,548.49,549.82
1784815200000,549.98,554.236,548.62,550.68
1784816100000,549.555,554.4,548.99,551.97
1784817000000,552.19,552.84,545.98,546.65
1784817900000,546.836,547.59,543.08,544.998
1784818800000,544.51,545.055,538.61,539.345
1784819700000,539.585,542.66,536.73,537.45
1784820600000,537.445,540.365,536.13,539.2
1784821500000,538.68,541.74,537.703,541.325
1784822400000,541.55,543.01,539.73,541.965
1784823300000,541.87,545.459,540.99,545.265
1784824200000,544.05,550.36,543.76,544.215
1784825100000,543.88,544.004,525.19,529.8
1784826000000,528.99,534.12,525.01,532.7
1784826900000,532.51,536,530,535.99
1784827800000,535.88,536.21,531.77,533.02
1784828700000,533.24,537.66,532.88,534.51
1784829600000,534.52,536.85,532.989,535.76
1784830500000,535.502,536.5,534.09,535.851
1784831400000,536.12,538.48,534.74,536.19
1784832300000,536.41,536.41,533.747,535.41
1784833200000,535.785,536.41,533.665,534.96
1784834100000,534.75,541.03,534.61,541.02
1784835000000,540.798,541.7,536.94,536.981
1784835900000,536.64,541.11,536.135,539.5
1784836800000,539.98,559.5,539.756,554.79
1784837700000,556.86,559,554.034,556
1784838600000,556.01,556.517,553,553
1784839500000,553.5,554.992,553.19,554.576
1784840400000,554.5,555.287,550.99,550.99
1784841300000,549.99,551.397,546.055,549.21
1784842200000,547.48,548.506,546.869,547.75
1784843100000,548.11,549.168,547.362,548.55
1784844000000,547.99,548.51,543,543
1784844900000,545.49,546.476,543.675,545.49
1784845800000,545.52,546.255,544.775,545.52
1784846700000,547.68,548.449,545.75,547.69
1784847600000,548.449,548.75,546.805,546.81
1784848500000,547.9,548.98,546.812,547.9
1784849400000,548.98,548.98,547.005,547.006
1784850300000,547.006,549.005,547.005,548.822
1784851200000,548.83,549.98,543.66,545.04
1784852100000,545.2,547.51,543.17,543.3
1784853000000,543.03,544.45,542.01,544.22
1784853900000,544.4,545.91,543.9,545.89
1784854800000,545.69,548.52,545.69,546.55
1784855700000,546.55,547.5,545.98,546.49
1784856600000,546.49,547.24,545.63,546.36
1784857500000,546.35,546.83,542.81,542.98
1784858400000,542.85,543.48,541.37,542.75
1784859300000,542.51,542.99,541.17,541.81
1784860200000,541.74,541.82,538.93,539.57
1784861100000,539.64,540.38,539,539.17
1784862000000,539.25,541.5,539.25,541.42
1784862900000,541.21,542.44,540.77,542.17
1784863800000,542.12,542.3,539.51,540.53
1784864700000,540.95,541.06,539.97,540.65
1784865600000,540.67,542.25,539.84,541
1784866500000,540.5,544.19,540.49,544.01
1784867400000,544.06,544.2,542.75,543.44
1784868300000,543.82,545.11,543,545.11
1784869200000,545.27,546.49,544.66,545.69
1784870100000,545.58,545.99,544.58,544.58
1784871000000,544.84,545.03,542.95,543.58
1784871900000,543.56,544.98,541.97,542.03
1784872800000,542.14,542.51,541.3,541.55
1784873700000,541.97,543.06,541.48,541.9
1784874600000,541.5,543.06,541.3,541.31
1784875500000,541.05,541.76,540.24,540.91
1784876400000,540.92,544.07,540.92,543.95
1784877300000,543.86,544.5,539.99,539.99
1784878200000,540.09,540.95,539.06,539.92
1784879100000,539.98,541.51,539.76,540.85
1784880000000,540,547.351,538.025,540
1784880900000,538.687,539.705,538.505,539.657
1784881800000,539.66,540.225,539.66,539.957
1784882700000,539.956,540.4,538.776,540.241
1784883600000,540.239,541.5,540.002,541.3
1784884500000,540.22,541.3,540.22,540.22
1784885400000,540.79,542.545,540.25,542.37
1784886300000,542.368,542.933,541.41,542.933
1784887200000,543.002,543.455,541.858,542.6
1784888100000,542.6,546.14,542.6,546.14
1784889000000,545.27,546.645,542,545.26
1784889900000,542.19,544.5,542.19,543.893
1784890800000,542.51,544.69,542.142,544.01
1784891700000,544.289,545.385,543.88,544.346
1784892600000,542.11,544.658,541.87,542.11
1784893500000,542.99,543.69,542.725,543.01
1784894400000,546,546.31,543.375,546.31
1784895300000,547,548.75,545.43,547.99
1784896200000,548.75,548.75,545.533,545.738
1784897100000,545.7,546.975,544.55,545.7
1784898000000,545.29,547.611,544.803,545.5
1784898900000,547.286,551.07,546.018,546.639
1784899800000,545.72,548.98,530.485,534
1784900700000,533.58,533.99,518.6,520.99
1784901600000,521.15,531.99,520.01,529.57
1784902500000,529.51,531.56,520.505,530.98
1784903400000,530.15,531.083,520.9,523.73
1784904300000,522.56,530.257,521.31,529.38
1784905200000,529.9,534.03,528.424,533.01
1784906100000,533.12,537,528.15,528.22
1784907000000,527.81,533.98,527.46,530.58
1784907900000,530.99,537.62,530.467,537.36
1784908800000,536.93,539.692,535.69,537.945
1784909700000,537.82,540.49,536.42,539
1784910600000,538.645,538.755,533.29,534.01
1784911500000,533.99,536.01,532.2,535.54
1784912400000,535.73,535.73,532.01,533.49
1784913300000,532.5,536.22,531.848,536.03
1784914200000,536.02,537.01,532.75,533.58
1784915100000,532.51,534.571,531.973,532.63
1784916000000,532.09,532.98,529.74,530.21
1784916900000,530.25,530.49,526.5,527.15
1784917800000,526.735,527.075,521.653,523.75
1784918700000,523.615,526.784,523.43,524.77
1784919600000,525.24,526.06,519.76,519.76
1784920500000,519.906,523.42,518,522.903
1784921400000,522.856,524.62,520.91,522.849
1784922300000,522.96,524.25,519.02,522.02
1784923200000,522.49,523.397,521.263,522.99
1784924100000,523.73,523.73,522.364,523.73
1784925000000,523.123,523.123,522.285,522.47
1784925900000,522.47,522.805,522.285,522.355
1784926800000,522.51,522.688,522.25,522.41
1784927700000,522.31,522.57,522.19,522.56
1784928600000,522.5,523.5,522.5,523.002
1784929500000,522.49,523.326,522.225,522.49
1784930400000,522.5,522.69,522.165,522.19
1784931300000,522.6,522.6,520.87,521.375
1784932200000,521.375,522.449,521.375,521.375
1784933100000,521.375,522.275,521.287,521.318
1784934000000,521.325,521.385,520.885,521.375
1784934900000,520.99,521.375,520.703,520.99
1784935800000,520.702,521.13,520.603,520.979
1784936700000,521.4,521.539,520.75,521.4
1784937600000,521.49,521.49,521.482,521.482
1784953800000,526.63,526.63,526.63,526.63
1784984400000,525.65,525.65,522.19,522.19
1784999700000,526.63,526.67,526.63,526.67
1785009600000,526.79,526.79,526.79,526.79
1785029400000,526.79,526.97,526.79,526.97
1785036600000,527.06,527.06,527.06,527.06
1785042000000,527.08,527.23,527.08,527.23
1785051000000,526.91,526.91,526.91,526.91
1785058200000,527.29,528.6,527.29,527.79
1785060000000,528.15,528.15,528.15,528.15
1785061800000,529.25,529.65,529.25,529.65
1785065400000,529.7,529.82,529.7,529.82
1785066300000,529.96,530.6,529.96,530.6
1785073500000,531.73,531.89,531.73,531.89
1785074400000,531.97,532.5,531.97,532.5
1785075300000,532.56,532.56,532.56,532.56
1785084300000,532.57,532.58,532.57,532.58
1785095100000,532.73,532.77,532.73,532.77
1785105900000,532.89,534.5,532.89,534.5
1785108600000,534.56,535.23,534.56,534.73
1785109500000,536.31,539.86,536.31,539.86
1785110400000,536.79,538,526,532.96
1785111300000,533.01,534.46,529.51,532.49
1785112200000,532.78,534.51,531.49,531.94
1785113100000,531.88,535,531.66,532.56
1785114000000,532.51,534.46,531.23,531.46
1785114900000,531.24,532.01,529.78,530
1785115800000,530,533.64,530,532.7
1785116700000,532.67,533.76,532.35,533.43
1785117600000,533.49,533.99,532.34,533.14
1785118500000,533.21,534.87,532.78,534.75
1785119400000,534.37,535,532.79,534.75
1785120300000,534.64,534.85,533.04,533.51
1785121200000,533.17,534.42,532.98,534.13
1785122100000,533.99,534.68,533.91,533.91
1785123000000,533.53,534.39,532.88,533.98
1785123900000,533.56,534.04,533,533.76
1785124800000,533.73,534.01,532.9,533.27
1785125700000,533.4,534.96,533.4,534.01
1785126600000,533.99,535,533.98,534.94
1785127500000,535.01,536.51,535.01,535.74
1785128400000,535.95,537.01,535.72,536.89
1785129300000,536.79,537.74,536.6,537.29
1785130200000,537.48,537.76,536.38,536.38
1785131100000,536.49,537.22,536.19,536.61
1785132000000,536.61,538.13,536.61,537.7
1785132900000,537.83,537.96,537.34,537.57
1785133800000,537.37,537.81,537.29,537.7
1785134700000,537.7,538.44,537.21,538.28
1785135600000,538.21,539.49,537.89,539.49
1785136500000,539.4,539.49,537.79,538.4
1785137400000,538.12,538.12,536.03,537.23
1785138300000,537.3,537.83,536.2,536.87
1785139200000,521.481,537.965,521.48,535.604
1785140100000,535.605,536.2,534.45,536.2
1785141000000,537.99,538.91,536.2,537.99
1785141900000,538.919,538.993,538.724,538.874
1785142800000,538.875,538.875,538.13,538.155
1785143700000,538.155,538.155,538.155,538.155
1785144600000,538.155,538.155,537.377,537.84
1785145500000,537.84,538.45,537.84,538.45
1785146400000,538.45,538.45,537.845,537.845
1785147300000,537.865,538.05,537.5,538.05
1785148200000,538.05,538.05,537.15,537.325
1785149100000,537.325,538.262,537.15,537.958
1785150000000,537.959,537.964,533.813,535
1785150900000,535.042,535.499,533.009,533.009
1785151800000,532.23,534.124,530.615,532.23
1785152700000,532.942,534.125,532.939,533.569
1785153600000,533.571,535.25,532.5,532.5
1785154500000,532.92,533.625,531.995,533.49
1785155400000,533.625,533.875,532.001,533.349
1785156300000,534,535.298,533.377,534.99
1785157200000,535.21,535.375,532.25,532.25
1785158100000,532.699,533.75,527.691,527.691
1785159000000,527.48,527.678,506.49,507.335
1785159900000,507.07,511.195,503.71,504.74
1785160800000,504.235,505.5,496.59,496.73
1785161700000,496.455,498.155,484.73,485.1
1785162600000,485.204,486.75,477.01,477.96
1785163500000,479.04,489.485,477.997,488.925
1785164400000,488.76,489.545,480.565,480.67
1785165300000,480.64,484.6,478.66,480.635
1785166200000,480.48,481.275,478.2,480.24
1785167100000,480.232,483.051,477.9,482.953
1785168000000,483.01,486.36,482.29,483.775
1785168900000,483.65,488.41,481.36,486.27
1785169800000,486.29,487.816,483.18,486.36
1785170700000,486.265,488.355,482.475,483.24
1785171600000,483.04,483.281,478.99,481.02
1785172500000,480.65,480.98,478.79,479.65
1785173400000,480.1,482.565,479.87,480.59
1785174300000,480.84,483.77,479.875,483.43
1785175200000,483.536,484.289,482.62,483.62
1785176100000,483.33,484.45,481.441,484.2
1785177000000,484.19,484.313,481.52,484.095
1785177900000,484.34,489.01,483.19,488.98
1785178800000,489.34,493.16,488.435,491.53
1785179700000,491.62,495.83,491.585,495.83
1785180600000,495.815,496.125,492.32,493.24
1785181500000,493.03,495.875,492.48,494.89
1785182400000,495.2,495.394,494.096,494.75
1785183300000,494.522,495.087,493.667,493.939
1785184200000,493.912,494.995,493.817,494.783
1785185100000,494,494.749,492.995,494
1785186000000,493.685,495.585,493.685,495.286
1785186900000,495.286,495.286,494.607,494.954
1785187800000,494.954,494.955,494.66,494.755
1785188700000,494.755,495.13,493.896,494.065
1785189600000,494.065,494.065,492.1,492.1
1785190500000,492.1,492.758,491.06,491.315
1785191400000,491.6,492.31,490.566,491.6
1785192300000,491.5,492.65,491.06,491.125
1785193200000,491.125,491.5,489.151,490.81
1785194100000,490.01,491.548,489.151,490.01
1785195000000,489.89,491.275,489.11,489.11
1785195900000,488.35,491.087,488.034,488.35
1785196800000,490.45,491.88,487.21,487.21
1785197700000,487.87,489,483.71,484.81
1785198600000,485.42,486.64,483.14,486.34
1785199500000,485.99,486,482.64,483.79
1785200400000,483.74,483.98,479.95,482.03
1785201300000,482.04,484.01,481.6,483.56
1785202200000,483.52,484.97,482.47,484.97
1785203100000,484.9,485.5,482.04,482.48
1785204000000,482.38,482.38,480.46,480.99
1785204900000,480.99,482.87,479.99,480.84
1785205800000,480.76,480.76,479.01,480.03
1785206700000,480.45,481.82,479.69,481.31
1785207600000,481.3,481.51,479.01,480.32
1785208500000,480.49,483.37,479.96,481.26
1785209400000,481.17,484.08,480.42,482.98
1785210300000,483.01,483.8,482.05,483
1785211200000,482.57,483.01,480.66,480.7
1785212100000,480.8,482.22,480.49,480.49
1785213000000,480.49,481.01,480.06,480.63
1785213900000,480.74,482.34,480.26,480.56
1785214800000,480.61,481.17,479.62,479.96
1785215700000,479.59,480.07,479.21,479.8
1785216600000,479.16,479.36,478,478
1785217500000,478.11,479.05,476.69,476.83
1785218400000,476.94,477.5,475.28,475.52
1785219300000,475.5,478.35,475.04,477.37
1785220200000,477.48,479.01,477,478.22
1785221100000,477.81,478.6,476.96,478.46
1785222000000,478.47,479.63,477.28,479.55
1785222900000,479.29,479.85,476.8,476.8
1785223800000,476.94,477.28,476.12,476.61
1785224700000,476.81,477.58,475.39,476.02
1785225600000,488.379,488.379,473.15,474.405
1785226500000,476.94,479.95,474.405,478
1785227400000,481.73,481.942,479.825,481.73
1785228300000,480.993,480.993,479,479
1785229200000,479,479,479,479
1785230100000,479,479,478.5,478.5
1785231000000,478.587,479.025,477.925,477.925
1785231900000,477.68,477.925,475.075,477.68
1785232800000,476.57,476.57,475.505,476.57
1785233700000,475.505,476.105,475.495,475.5
1785234600000,475.5,476.25,474,474.397
1785235500000,474.79,475.997,474.05,474.08
1785236400000,476.03,476.03,469.001,470
1785237300000,469.99,474.01,469.407,469.99
1785238200000,469.36,472.148,468.266,468.87
1785239100000,470,473.939,469.064,470
1785240000000,473.99,474.714,472.011,472.48
1785240900000,473,475.375,471.552,474.24
1785241800000,474.18,475.574,472.28,474.51
1785242700000,475.24,475.625,472.75,473.7
1785243600000,473.5,476.01,472.761,474
1785244500000,471,475.55,466.48,467.45
1785245400000,466.34,472.51,453.77,455.75
1785246300000,455.82,459.88,450.21,451.625
1785247200000,451.03,458.215,447.975,448.22
1785248100000,448.4,449.16,442.35,447.55
1785249000000,447.21,452.08,445.99,449.7
1785249900000,448.975,454.79,447.68,452.54
1785250800000,452.4,454.41,449.26,452.205
1785251700000,451.645,458.01,451.509,455.73
1785252600000,455.82,461.77,454.45,461.73
1785253500000,461.58,464.69,461.58,463.73
1785254400000,464,466.65,460.68,461.41
1785255300000,461.5,461.955,459.7,460.87
1785256200000,459.99,462.235,457.8,460.66
1785257100000,461.04,462.68,459.076,461.67
1785258000000,461.09,461.96,457.56,458.14
1785258900000,457.94,460.03,457.54,459.22
1785259800000,458.92,460.63,457.71,457.98
1785260700000,457.96,458.36,456.47,458.18
1785261600000,458.19,459.275,455.16,455.34
1785262500000,454.95,456.27,454.635,455.26
1785263400000,455.275,457.23,455.217,456
1785264300000,455.91,457.41,455.29,457.2
1785265200000,457.03,460.66,457.03,460.2
1785266100000,460.255,465.11,459.095,464.95
1785267000000,465.17,465.61,457.28,457.68
1785267900000,457.78,458.59,452.63,454.89
1785268800000,454.55,454.62,452.513,454
1785269700000,453.8,456.855,453.47,454.95
1785270600000,455.75,456.32,455.199,455.35
1785271500000,455.79,456.45,455.35,455.79
1785272400000,457.16,457.394,456.125,457.01
1785273300000,457.1,457.479,456.25,456.59
1785274200000,457.99,459.012,456.93,458.5
1785275100000,457.71,458.375,457.71,457.71
1785276000000,457.755,458.354,457.642,457.642
1785276900000,456.31,457.947,455.47,456.31
1785277800000,455.51,457.788,455.077,455.51
1785278700000,453.01,455.075,445.875,447.24
1785279600000,446,447.95,444.135,446
1785280500000,448,451,447.69,450.08
1785281400000,455,456.995,450.505,455
1785282300000,458.51,460.589,454.377,460.42
1785283200000,460.76,468.41,459.89,467.42
1785284100000,466.99,468.05,459.53,460.99
1785285000000,461.02,462.38,456.78,460.33
1785285900000,461.12,462.52,458.65,459.16
1785286800000,459.16,460.03,453.11,453.16
1785287700000,453.14,457.24,452.33,455.81
1785288600000,455.79,456.14,449.99,450.55
1785289500000,450.3,450.54,446.99,447.49
1785290400000,447.32,450.7,446.6,449.64
1785291300000,449,453.99,447.42,453.7
1785292200000,453.98,454.62,450.86,451.5
1785293100000,451.51,451.71,448.51,449.98
1785294000000,449.94,451,446.84,448.16
1785294900000,448.49,449.09,445.75,446
1785295800000,445.61,446.38,444.61,445.94
1785296700000,445.92,446.6,442.01,443
1785297600000,443.2,443.49,440.29,442.05
1785298500000,442.18,442.63,437.72,440.98
1785299400000,440.4,445.01,440.1,440.2
1785300300000,440.31,445.49,439.63,445.31
1785301200000,445.49,450.25,444.1,450.01
1785302100000,450.35,450.35,446.49,449.32
1785303000000,449.01,451.95,447.99,450.14
1785303900000,450.13,451.27,448.45,448.81
1785304800000,448.49,448.56,444.1,445.49
1785305700000,445.95,448.02,445,447.44
1785306600000,447.79,452.39,447.79,452.39
1785307500000,452.09,454.69,451.83,454.03
1785308400000,454,454.4,452.14,453.15
1785309300000,453.12,454.37,452.11,453.54
1785310200000,453.76,454.5,450.77,450.77
1785311100000,450.81,451.26,449.75,450.51
1785312000000,451.03,459.99,443.95,451.03
1785312900000,449.565,449.565,446.95,446.95
1785313800000,446.95,451.146,446.95,450.319
1785314700000,450.32,451.639,450.305,450.642
1785315600000,454.25,457.857,450.64,454.25
1785316500000,455.51,458,455.483,455.51
1785317400000,455.95,461.34,454.86,455.95
1785318300000,459.54,461.34,459.54,460.907
1785319200000,460.896,461.34,459.34,460
1785320100000,460,460,458.15,458.15
1785321000000,458.15,458.15,455.76,456.719
1785321900000,456.7,456.7,453.863,454.5
1785322800000,458,458.355,454.406,458.02
1785323700000,458.01,458.975,456.83,458.2
1785324600000,457.25,458.018,455.345,456.99
1785325500000,455.877,456.685,454.81,456.495
1785326400000,456.495,456.995,454.41,454.41
1785327300000,452.31,454.41,450.651,451.81
1785328200000,450,453.824,448.146,450.23
1785329100000,452.83,454.15,451.838,452.83
1785330000000,451.89,453.137,451.015,451.89
1785330900000,451,456.38,451,455.99
1785331800000,452.675,456.35,446.04,451.01
1785332700000,451.59,452.09,438.73,440.14
1785333600000,440.655,445.12,436.495,437.01
1785334500000,436.721,439.74,432.31,434.13
1785335400000,434.19,436.44,428.8,430.01
1785336300000,430.06,434.68,429.715,433.56
1785337200000,432.99,434.99,429.95,430.99
1785338100000,431.05,432.35,429.62,430.15
1785339000000,430.201,431.533,428.09,429.002
1785339900000,428.88,429.47,425.5,428.19
1785340800000,429.28,429.28,424.12,424.8
1785341700000,424.67,429.75,424.341,429.75
1785342600000,429.71,430.94,427.198,427.34
1785343500000,427.33,430.34,426.937,430.191
1785344400000,430.46,438.19,430.2,438.19
1785345300000,438.23,438.71,436.48,436.62
1785346200000,436.63,439.23,436.198,437.45
1785347100000,437.46,438.89,435.875,436.99
1785348000000,436.965,444.68,436.965,441.646
1785348900000,442.94,443.307,438.504,439.35
1785349800000,440,448.41,438.36,447.74
1785350700000,447.47,451.15,447.15,450.36
1785351600000,450.27,453.055,445.85,448.185
1785352500000,447.891,447.912,438.38,440.851
1785353400000,441.41,442.72,432.69,433.14
1785354300000,433.25,434.77,428.725,429.17
1785355200000,428.02,429.593,423.207,423.53
1785356100000,426.49,427.298,423.481,423.52
1785357000000,424.15,425.665,423.479,424.67
1785357900000,424.5,425.135,424,424.5
1785358800000,424.665,425,423.337,424.073
1785359700000,424.89,425.7,424,425.02
1785360600000,424.49,425.214,420.601,421.01
1785361500000,421.35,424.228,420.675,421.54
1785362400000,426,428.68,423.83,426
1785363300000,427.97,428.219,426.362,427.51
1785364200000,427.289,428.117,426.445,427.16
1785365100000,427.16,427.6,424.671,426.844
1785366000000,427.15,427.35,426.004,427.15
1785366900000,427.8,428.271,426.5,427.8
1785367800000,428.51,428.733,426.907,427.99
1785368700000,428.177,428.989,426.972,427.516
1785369600000,428.35,435.85,426.02,434.96
1785370500000,434.31,435.88,433,435.82
1785371400000,435.52,436.01,430,430.03
1785372300000,430.57,432.08,430.11,432.06
1785373200000,432.58,439.89,432.58,435.19
1785374100000,435.05,439.9,434.71,439.33
1785375000000,439.31,443.01,439.31,441.41
1785375900000,441.75,443,439.99,440.47
1785376800000,440.48,441.76,438.39,438.43
1785377700000,438.51,438.58,435.81,436.01
1785378600000,435.59,436.17,432.98,436.17
1785379500000,435.85,436.96,432.69,433.11
1785380400000,432.83,434.81,430.61,431.05
1785381300000,430.99,433.09,430.16,432.15
1785382200000,432.16,434.03,430.96,432.62
1785383100000,432.8,434.62,431.81,431.81
1785384000000,432.56,432.78,429.77,430.51
1785384900000,430.44,431.07,429.01,431.01
1785385800000,430.81,431.72,428.57,428.98
1785386700000,429.1,430.72,427.3,427.81
1785387600000,427.59,428.48,425.99,428.48
1785388500000,428.47,430.21,428.07,430.09
1785389400000,430.09,432.14,429.01,432.14
1785390300000,432.09,432.73,429.76,430.72
1785391200000,430.89,431.64,429.99,430.75
1785392100000,430.13,431.63,429.22,431.15
1785393000000,430.92,430.92,429.5,429.72
1785393900000,429.78,430.68,428.5,428.56
1785394800000,428.46,431.59,427.94,428.77
1785395700000,429.13,429.13,426.3,426.5
1785396600000,426.27,427.81,424.47,427.72
1785397500000,427.39,427.64,424.99,425.37
1785398400000,427.187,427.187,423.916,426.3
1785399300000,428.54,431.315,426.3,428.77
1785400200000,430.98,432.3,430,430.05
1785401100000,430.041,430.545,428.83,429.005
1785402000000,429.005,430.22,429.005,430.22
1785402900000,432.24,433.37,430.22,432.24
1785403800000,433.37,433.37,431.5,431.5
1785404700000,432.74,432.74,431.5,432.74
1785405600000,432.05,432.05,432.05,432.05
1785406500000,432.05,437.89,432.05,437.89
1785407400000,437.89,439.081,437.89,438.5
1785408300000,438.5,440.84,438.5,440
1785409200000,440.99,444.999,440,443.79
1785410100000,443.68,444.97,443.416,444.79
1785411000000,444.99,446.239,443.25,446
1785411900000,445.94,448.956,445.566,447.49
1785412800000,447.93,451.42,447.424,451.42
1785413700000,450.396,451,448.002,450.203
1785414600000,450.249,454.58,450.249,453.746
1785415500000,453.52,454.726,453.016,454.01
1785416400000,455.79,456,453.776,456
1785417300000,455.42,460.941,454.51,460.48
1785418200000,459.01,472.18,457.825,470.03
1785419100000,470.359,481.865,469.89,481.682
1785420000000,481.673,486.65,480.4,484.536
1785420900000,485.225,497.38,484.588,497.31
1785421800000,497.12,498.095,492.58,493.395
1785422700000,493.48,494.01,483.47,484.74
1785423600000,484.825,489.589,483.17,484.875
1785424500000,484.865,487.655,481.73,482.86
1785425400000,483.138,484.6,481.995,483.019
1785426300000,483.31,485.245,481.855,482.275
1785427200000,482.44,487.8,482.14,487.48
1785428100000,487.315,487.8,484.775,485.757
1785429000000,485.749,485.89,481.855,482.169
1785429900000,482.33,486.17,482.178,485.85
1785430800000,486.005,486.8,485.347,485.77
1785431700000,485.786,489.01,485.62,487.874
1785432600000,487.875,488.735,486.7,487.818
1785433500000,487.822,488.431,487.24,488.169
1785434400000,488.78,489.14,487.67,488.59
1785435300000,488.5,488.68,485.94,488.01
1785436200000,488.385,489.187,486.595,487.65
1785437100000,487.509,488,485.325,486.45
1785438000000,486.64,491.805,486.35,490.41
1785438900000,490.18,491,487.27,487.4
1785439800000,487.495,488.775,487.16,487.24
1785440700000,485.6,486.56,485.09,485.09
1785441600000,485.547,488.954,484.381,487.82
1785442500000,487.82,489.98,486.1,489.717
1785443400000,489,489.911,487.49,488.94
1785444300000,489.39,490.346,488.995,489
1785445200000,491.66,491.75,489.727,491.17
1785446100000,493,495.979,490.875,495
1785447000000,494.49,495.728,492.417,493.89
1785447900000,494.76,495.32,492.018,493
1785448800000,493.92,498.31,492.001,497.5
1785449700000,499.24,499.741,497.25,498.46
1785450600000,498.9,499.724,498.224,499.459
1785451500000,499.461,499.564,498.351,498.351
1785452400000,498.01,499.219,497.298,498.01
1785453300000,498.55,498.55,497.735,498.387
1785454200000,498.43,499.648,498.094,499.51
1785455100000,499.49,500.01,499,499.72
1785456000000,498.51,504.96,498.1,502.01
1785456900000,502.6,503.53,500.26,503.42
1785457800000,503.49,507.24,502.99,503.54
1785458700000,503.74,509.31,501.96,509.03
1785459600000,509.32,511.39,509.19,509.5
1785460500000,509.48,509.97,504.56,505.52
1785461400000,505.49,505.49,498.99,499.05
1785462300000,499.98,499.98,495.15,498.43
1785463200000,498.98,500.4,495.25,495.25
1785464100000,495.27,496.99,493.23,496.7
1785465000000,496.6,497.18,494.5,495.61
1785465900000,495.95,497.86,495.1,497.48
1785466800000,497.47,497.49,494.73,494.73
1785467700000,495.8,499.71,495.78,499
1785468600000,498.99,499.04,497.4,498.13
1785469500000,498.23,498.79,496.52,498.21
1785470400000,498,499.23,496.57,499.23
1785471300000,499.02,502.54,498.84,502.54
1785472200000,502.77,504.99,502.36,504.65
1785473100000,504.71,504.94,503.32,504.01
1785474000000,504.15,506.49,503.12,504.72
1785474900000,504.81,506.33,504,506.21
1785475800000,506.01,506.01,502.62,503.07
1785476700000,503.07,506.02,503.06,505.98
1785477600000,506.02,507.36,505.06,507.13
1785478500000,507.34,507.65,505.47,505.49
1785479400000,505.96,506.27,496.69,498.27
1785480300000,498.27,501.02,497,499.31
1785481200000,499.14,501.97,497.76,500.93
1785482100000,500.93,502.87,500.13,502.5
1785483000000,501.62,503.24,501.5,503.23
1785483900000,503.2,504.62,502.79,503.71
1785484800000,501.96,503.535,499.27,501.96
1785485700000,505.54,506.098,501.245,505.54
1785486600000,506.99,507.3,503.531,506.99
1785487500000,505.85,506.895,504.412,505.85
1785488400000,505.785,507.81,505.785,506.501
1785489300000,506.5,507.795,504.571,505.184
1785490200000,505.185,505.185,503.75,504.75
1785491100000,505.01,505.01,504.75,505.01
1785492000000,504.75,504.915,503.125,504.915
1785492900000,504.915,504.94,504.915,504.94
1785493800000,504.94,504.94,504.94,504.94
1785494700000,504.01,504.94,503.75,504.01
1785495600000,507.99,510.087,503.75,510
1785496500000,507.63,509.058,506.766,507.34
1785497400000,506.89,507.15,506.175,506.5
1785498300000,507,507.05,506.281,507
1785499200000,506.15,506.85,503.301,504.5
1785500100000,503.31,504.136,501.38,503.31
1785501000000,502.1,503.819,501.583,502.1
1785501900000,502.05,504.693,501.244,502.91
1785502800000,503.01,505.711,502.41,502.41
1785503700000,505.99,511.043,504.391,510.78
1785504600000,509.33,515.47,499.49,499.5
1785505500000,499.55,501.63,491.41,495.655
1785506400000,495.56,496.16,483.39,486.24
1785507300000,486.28,492.6,483.51,492.5
1785508200000,492.48,494.92,489.58,490.91
1785509100000,490.951,494.02,488.63,492.3
1785510000000,492.21,494.01,488.2,492.01
1785510900000,492.03,495.79,483.755,486.205
1785511800000,486.3,490.79,484.59,488.07
1785512700000,488.108,490.2,485.785,487.413
1785513600000,487.64,489.31,486.645,487.825
1785514500000,488.27,491.32,486.38,491.32
1785515400000,491.114,492.51,487.38,487.447
1785516300000,487.447,490.61,487.1,489.126
1785517200000,489.23,490.565,488.52,489.89
1785518100000,489.75,491.79,489.216,490.75
1785519000000,490.76,493.1,489.89,490.724
1785519900000,490.737,491.26,488.79,489.279
1785520800000,489.1,489.714,486.08,486.32
1785521700000,486.22,488.04,486.22,487.39
1785522600000,487.55,488.526,487.3,488.09
1785523500000,488.222,488.76,486.4,487.342
1785524400000,487.342,487.98,485.4,485.84
1785525300000,485.778,486.8,485.01,486.687
1785526200000,487,487,482.65,483.92
1785527100000,484.29,486.4,475.81,476.04
1785528000000,476.183,478.94,474.866,477.925
1785528900000,477.74,478.276,477.213,478.01
1785529800000,477.804,480.136,477.307,479.355
1785530700000,479.89,480.302,477.014,478
1785531600000,477.691,478.653,477.39,478.236
1785532500000,478.222,478.62,477.395,477.395
1785533400000,477.393,478.195,477.215,477.831
1785534300000,477.28,477.894,476.575,477.28
1785535200000,476.571,477.21,475.806,476.404
1785536100000,476.419,476.7,475.905,476.055
1785537000000,476.055,477.065,475.75,477.06
1785537900000,476.83,477.06,475.56,475.99
1785538800000,476.25,476.568,474.583,475.074
1785539700000,474.75,475.864,474.027,474.5
1785540600000,475.685,475.685,473.885,474.445
1785541500000,474.445,474.45,472.146,472.146
1785542400000,472.144,475.85,472.137,475.85
1785576600000,475.89,475.89,475.89,475.89
1785587400000,475.89,475.89,475.89,475.89
1785589200000,475.89,475.89,475.89,475.89
1785603600000,475.95,475.95,475.95,475.95
1785609000000,475.89,475.89,474.7,474.7
1785614400000,474.3,474.3,474.3,474.3
1785636000000,475.89,477.94,475.89,477.94
1785637800000,478.02,478.6,478.02,478.6
1785638700000,479.28,482,479.28,481.84
1785657600000,481.9,483.04,481.9,483.04
1785658500000,483.06,483.25,483.06,483.25
1785663000000,483.25,483.98,483.25,483.98
1785686400000,484.15,485.75,484.15,485.75
1785688200000,485.79,485.97,485.79,485.97
1785689100000,486.09,486.49,486.09,486.49
1785690000000,486.53,487.69,486.53,487.69
1785690900000,487.72,488.3,487.14,487.14
1785692700000,487.18,487.18,486.76,486.76
1785697200000,487.95,487.95,487.95,487.95
1785698100000,488.1,488.1,488.1,488.1
1785699000000,488.14,488.16,488.14,488.16
1785699900000,488.2,488.2,488.2,488.2
1785700800000,488.25,488.42,488.25,488.42
1785704400000,488.01,488.01,486.13,486.13
1785705300000,488.13,488.27,488.13,488.27
1785706200000,488.36,489.23,488.36,489.23
1785707100000,489.31,489.61,489.31,489.61
1785708000000,489.66,491,489.66,491
1785709800000,491.11,491.11,491.11,491.11
1785712500000,490.74,490.74,490.16,490.16
1785713400000,491.07,491.07,490.65,490.65
1785715200000,485.38,486.99,480.04,485.86
1785716100000,485.95,486.91,482.24,483.77
1785717000000,483.51,486.55,482.52,485.49
1785717900000,485.26,487.46,485.08,486.94
1785718800000,486.7,487.15,484.91,485.6
1785719700000,485.33,485.62,482.99,485.6
1785720600000,485.47,486.35,483.98,486.21
1785721500000,486,487.05,485.62,486.87
1785722400000,486.86,488.01,486.24,487.52
1785723300000,487.91,488.17,486.68,486.68
1785724200000,486.88,488.99,486.77,488.12
1785725100000,487.81,488.51,487.5,488.13
1785726000000,488.38,488.55,488,488.29
1785726900000,488.04,488.21,486.24,487.1
1785727800000,486.66,488.26,486.59,488.23
1785728700000,488.01,489,487.93,488.47
1785729600000,488.46,488.6,487.52,487.52
1785730500000,487.71,489.01,487.71,488.92
1785731400000,488.92,488.99,488.55,488.7
1785732300000,488.71,488.77,487.66,487.67
1785733200000,487.66,488.54,486.59,487.21
1785734100000,486.94,487.49,485.99,486.99
1785735000000,487,487.19,486.55,486.55
1785735900000,486.8,486.85,486.05,486.77
1785736800000,486.8,487.08,485.48,485.71
1785737700000,485.51,485.88,484.48,484.89
1785738600000,484.87,485.99,484.38,484.74
1785739500000,484.72,484.96,483.11,483.77
1785740400000,483.71,485.61,483,485.29
1785741300000,485.26,485.34,482.99,484.09
1785742200000,484.2,484.42,481.59,481.85
1785743100000,481.68,482.3,480.76,481.78
1785744000000,473.693,481.549,473.693,479.546
1785744900000,479.547,480.859,473.99,474.9
1785745800000,474.9,479,474.35,478.507
1785746700000,478.506,481.238,478.5,480.724
1785747600000,480.707,481.515,478.23,478.49
1785748500000,478.49,478.72,476.805,477.041
1785749400000,477.044,478.676,476.367,476.536
1785750300000,476.535,477.695,474.75,477.695
1785751200000,476.99,477.695,472.903,474
1785752100000,473.205,473.577,468.895,471.55
1785753000000,471.55,472.599,471.55,472.599
1785753900000,472.6,474.326,472.5,474.26
1785754800000,470,474.26,467.665,468.99
1785755700000,467.86,470.06,466.85,467.86
1785756600000,466.46,469.505,465.33,465.64
1785757500000,465.19,466,462.329,463.41
1785758400000,461.4,464.2,461.4,461.4
1785759300000,464.99,465.67,464.002,464.09
1785760200000,464.5,465.628,463.611,463.99
1785761100000,465.438,465.892,463.32,464.015
1785762000000,463.29,464.699,462.758,463.51
1785762900000,466.49,467,460.815,465.44
1785763800000,462.14,467.99,455.77,462.05
1785764700000,462.14,470.87,457.39,470.46
1785765600000,470.335,472.42,465.5,468.753
1785766500000,468.765,476.99,467.83,476.83
1785767400000,476.77,481.58,475.35,478.46
1785768300000,478.14,486.69,477.42,485.615
1785769200000,486.045,486.045,479.68,480.09
1785770100000,480.098,482.98,477.45,477.943
1785771000000,477.86,480.427,477.17,479.46
1785771900000,479.555,480.999,478.66,479.95
1785772800000,479.925,482.284,479.925,480.65
1785773700000,480.594,482.819,480.53,481.713
1785774600000,481.51,482.62,479.42,480.64
1785775500000,480.78,482.14,480.033,480.27
1785776400000,479.91,482.461,479.741,481.91
1785777300000,481.872,482.64,481.555,482.529
1785778200000,482.548,486.23,482.548,485.71
1785779100000,486.08,489.19,485.45,489.19
1785780000000,489.35,490.773,488.276,488.35
1785780900000,488.3,489.395,485,485.21
1785781800000,485.269,486.38,484.175,485.252
1785782700000,485.32,486.46,484.19,484.255
1785783600000,484.25,486.44,484.02,484.305
1785784500000,484.37,485.84,484.305,484.79
1785785400000,484.395,485.39,483.99,485.096
1785786300000,485.099,487.2,483.34,484.187
1785787200000,484.206,486.417,484.206,485.895
1785788100000,487.25,488.344,485.566,487.41
1785789000000,487.19,488,485.981,488
1785789900000,488,488,487.223,487.819
1785790800000,487.72,487.85,486.251,487
1785791700000,487.76,488.984,487.25,487.76
1785792600000,489.99,491,488.74,490.69
1785793500000,491,491.069,488.655,490.49
1785794400000,490.62,491.445,489.156,490.99
1785795300000,491.016,491.68,490.778,491.18
1785796200000,492,494.443,490.942,493.49
1785797100000,493.24,493.435,492.305,493.26
1785798000000,492.89,493.26,492.25,492.45
1785798900000,493.99,493.99,492.718,493.29
1785799800000,493.51,494.484,493.181,494.42
1785800700000,495.01,495.492,494.431,494.86
1785801600000,493.08,495.42,489.26,490.29
1785802500000,490.22,490.75,487.8,487.8
1785803400000,487.86,487.99,484.7,487.3
1785804300000,487.01,488.72,485.51,485.86
1785805200000,485.57,485.76,482.5,484.75
1785806100000,485.03,488.45,485.03,488.04
1785807000000,488.26,491.71,488.24,491.71
1785807900000,491.73,494.99,491.73,494.02
1785808800000,494.02,494.21,490.56,490.56
1785809700000,490.55,491.03,489.1,489.65
1785810600000,489.89,493.01,489.55,492
1785811500000,492.58,492.58,489.76,490.23
1785812400000,490.24,491.38,488.75,489.47
1785813300000,488.84,492.06,488.84,491.92
1785814200000,491.87,493.65,491.44,491.51
1785815100000,491.52,492.99,491.01,492.82
1785816000000,492.82,492.98,490.06,490.99
1785816900000,490.98,492.74,490.98,492.09
1785817800000,492.16,492.5,491.21,491.48
1785818700000,491.51,493.12,491.35,492.53
1785819600000,492.47,492.47,490.25,490.59
1785820500000,490.64,493.69,490.64,493.69
1785821400000,493.71,496.01,493.71,495.28
1785822300000,495.26,498.88,494.58,498.67
1785823200000,498.59,498.94,497.31,498.72
1785824100000,498.95,500,497.28,497.59
1785825000000,497.23,497.93,495.59,496.99
1785825900000,497.16,498.99,496.85,498.99
1785826800000,498.98,499.51,495.58,497.6
1785827700000,497.29,498.78,496.8,498.49
1785828600000,498.48,498.8,497.45,498.01
1785829500000,498.07,498.61,496.28,496.34
1785830400000,499.99,502.998,494.859,502.05
1785831300000,500.765,502.195,500.75,501.995
1785832200000,501.995,502.11,499.35,499.858
1785833100000,499.95,499.95,498.175,499.95
1785834000000,496.02,499,495.9,496.02
1785834900000,495.9,498.399,495.9,497.717
1785835800000,497.718,499,497.718,499
1785836700000,499,499.155,498.875,499.155
1785837600000,499.99,501.349,499.12,500.32
1785838500000,501.25,502.35,500.988,501.264
1785839400000,501.265,503.646,501.265,503.646
1785840300000,505.01,507.388,503.672,505.01
1785841200000,506.17,509.557,506.125,509.3
1785842100000,509.1,509.75,507.954,508
1785843000000,508.91,509.43,505.905,507.27
1785843900000,506.99,509.664,506.975,508.823
1785844800000,508.2,508.936,506.705,508.2
1785845700000,506,508.045,505.14,505.39
1785846600000,503.49,505.68,502.56,504.99
1785847500000,504.99,505.387,502.766,503.01
1785848400000,504.788,506.685,503.581,506.563
1785849300000,506.99,507.428,503.09,503.09
1785850200000,504.63,516.69,502.46,512.51
1785851100000,511.815,515.04,507.79,509.85
1785852000000,510.395,517.72,509.495,515.253
1785852900000,515.69,517.5,512.44,517.48
1785853800000,517.56,517.71,515.01,516.09
1785854700000,515.6,518.4,514.69,516.64
1785855600000,516.72,519.875,516.552,519.653
1785856500000,519.659,521.66,518.59,519.251
1785857400000,519.2,520.83,518.5,520.69
1785858300000,520.53,522.625,520.188,522.51
1785859200000,522.383,524.87,521.06,521.822
1785860100000,521.816,524.8,521.41,524.365
1785861000000,524.359,525.3,523.28,524.08
1785861900000,524.02,524.782,523.51,523.99
1785862800000,524.21,526.3,523.715,526.03
1785863700000,525.826,526.59,524.75,525.83
1785864600000,525.823,528.29,525.01,527.79
1785865500000,527.695,529.99,525.77,526.045
1785866400000,526,527.122,525.25,527.07
1785867300000,527.23,528.43,526.907,527.08
1785868200000,527.132,527.76,525.64,526.319
1785869100000,526.315,528.74,526.315,528.661
1785870000000,528.659,529.84,527.5,527.651
1785870900000,527.89,528.52,525.595,526.8
1785871800000,526.655,527.92,526.44,527.498
1785872700000,520.37,525.97,518.81,525.97
1785873600000,521.213,532.78,518.847,524.803
1785874500000,521.64,524.001,463.98,483.969
1785875400000,483,486.297,474.84,480.26
1785876300000,480.94,482.51,476.99,479.56
1785877200000,478.5,479.432,468.99,472.3
1785878100000,472.04,476.637,465.37,474.8
1785879000000,472.01,475.95,472,475
1785879900000,475.99,476.506,470.54,472
1785880800000,472.3,474.158,470.436,474.01
1785881700000,473.5,474.247,471.8,474
1785882600000,473.948,475,472.01,472.289
1785883500000,473.48,473.48,470.51,471
1785884400000,470.71,471.519,469.286,470.25
1785885300000,470.5,471.49,469.89,470.87
1785886200000,471,472.369,470.636,471.51
1785887100000,471.682,472.99,471.49,472.99
1785888000000,472.39,479.04,471.96,478.45
1785888900000,478.45,479.5,475.73,477.91
1785889800000,477.91,479,475.64,475.78
1785890700000,475.76,477.07,473.99,476.31
1785891600000,476.44,476.44,473.5,473.78
1785892500000,473.78,474.33,472.22,474.33
1785893400000,474.28,474.79,473.01,474.01
1785894300000,474.01,475.83,474.01,475.62
1785895200000,475.9,476.75,474.16,474.51
1785896100000,474.41,474.91,473.44,473.79
1785897000000,473.76,474.67,472.99,474.22
1785897900000,474.13,474.89,473.8,474.17
1785898800000,474.11,475.26,473.9,475.06
1785899700000,475.31,476.5,475.22,476
1785900600000,475.99,477.91,475.94,477.85
1785901500000,477.91,478.48,476.43,477.34
1785902400000,477.27,478.37,476.81,477.33
1785903300000,477.3,477.64,476.18,476.82
1785904200000,476.7,478.5,476.37,478.29
1785905100000,478.29,478.89,477.33,478.67
1785906000000,478.59,481.89,478.21,481.78
1785906900000,481.78,487.03,481.56,485.88
1785907800000,485.63,486,482.8,484.81
1785908700000,484.8,485.51,483.7,484.3
1785909600000,484.33,484.44,480.84,482.01
1785910500000,482.08,482.15,479.63,480.51
1785911400000,480.57,482.15,479.75,480.03
1785912300000,480.01,481.39,479.2,480.56
1785913200000,480.94,481.57,479.63,480.01
1785914100000,480.2,480.43,477.08,477.44
1785915000000,477.53,479.02,476.55,476.79
1785915900000,476.79,479.25,476.74,478.48
1785916800000,478.23,481.029,474.023,480.51
1785917700000,480.43,481.37,475.202,476.38
1785918600000,474.99,476.997,472.854,476.27
1785919500000,474.24,476.86,474,476.63
1785920400000,475.25,476.496,474.805,474.918
1785921300000,474.899,475.52,472.99,473.508
1785922200000,473.506,475.688,473.5,475
1785923100000,473.99,475.2,472.96,474.99
1785924000000,474.669,475.554,473.25,473.25
1785924900000,472.89,473.83,472.811,472.89
1785925800000,473.5,473.809,472.752,473.5
1785926700000,471,473.365,470.55,470.99
1785927600000,472.2,475.611,470.99,474.49
1785928500000,474.01,475.249,473.198,475.02
1785929400000,474.943,480.209,474.529,477.727
1785930300000,478.2,478.2,473.503,473.65
1785931200000,473.83,474.615,471.596,472.93
1785932100000,473.01,475.81,472.51,475.28
1785933000000,475.91,478.722,474.076,478.25
1785933900000,478.441,481.733,476.99,478.707
1785934800000,478.714,480.04,478.476,478.686
1785935700000,478.32,485.106,475.781,483.99
1785936600000,484,498.27,480.65,493.59
1785937500000,493.6,501.97,489.61,494.41
1785938400000,494,494.089,485.88,488.135
1785939300000,487.013,487.013,486.984,486.984
1785940200000,486.71,486.944,480.91,481.48
1785941100000,481.31,483.68,478.395,480.68
1785942000000,480.94,485.68,479.79,482.16
1785942900000,482.325,484.425,479.99,484.425
1785943800000,484.46,486.98,483.83,485.848
1785944700000,485.854,485.93,482,483.917
1785945600000,483.77,487.62,483.77,487.62
1785946500000,487.62,491.62,486.782,491.47
1785947400000,491.41,491.51,486.8,487.44
1785948300000,487.484,489.79,486.915,489.238
1785949200000,489.227,489.49,485.861,486.15
1785950100000,486,487.465,485.36,486.26
1785951000000,486.02,486.83,485.5,485.85
1785951900000,485.695,487.99,484.94,487.34
1785952800000,487.245,487.66,486,486
1785953700000,486.245,488.55,485.91,488.348
1785954600000,488.21,488.35,486.52,488.05
1785955500000,488.09,488.66,486.7,486.845
1785956400000,486.87,488.69,486.62,488.68
1785957300000,488.547,489.04,485.31,485.414
1785958200000,485.396,486.35,482.43,482.85
1785959100000,482.77,485.8,480.43,480.43
1785960000000,481.22,482.964,479.01,482
1785960900000,482.39,482.68,481.25,481.84
1785961800000,481.96,482.237,481.475,482.2
1785962700000,482.134,482.49,481.405,482.275
1785963600000,482.275,482.775,482.127,482.57
1785964500000,482.57,482.57,482.001,482.187
1785965400000,482.1,482.3,480.701,481
1785966300000,480.51,481.6,480.284,480.47
1785967200000,482,482.575,481.506,482
1785968100000,481.506,483.48,481.505,483.25
1785969000000,483.4,484.622,483.226,484.5
1785969900000,484.119,484.34,482.461,482.461
1785970800000,482.451,483.49,482.4,482.99
1785971700000,482.76,483.357,482.503,483
1785972600000,483.13,483.444,482.195,482.5
1785973500000,482,482.5,481.263,482.27
1785974400000,482.24,483,480.48,482.71
1785975300000,482.7,483.01,481.03,481.2
1785976200000,481.3,481.44,480,480.34
1785977100000,480.23,480.99,479.12,479.48
1785978000000,479.48,479.48,477.99,478.91
1785978900000,478.55,478.55,473.65,474.9
1785979800000,474.88,478.12,474.67,477.51
1785980700000,477.29,478.44,476.97,477
1785981600000,477.01,479.59,476.42,479.59
1785982500000,479.59,480.04,479.13,479.33
1785983400000,479.3,480.51,478.35,480.51
1785984300000,480.51,480.51,479.01,479.53
1785985200000,479.23,480.26,479.01,479.29
1785986100000,479.2,479.5,477.99,478.3
1785987000000,478.11,478.8,477.9,478.5
1785987900000,478.49,479.35,478.08,479.34
1785988800000,479.35,479.35,477.99,478.32
1785989700000,478.33,479.99,478.32,479.14
1785990600000,479.39,480.01,477.86,478.09
1785991500000,478.08,478.81,477.69,478.49
1785992400000,478.5,479.93,478.41,479.02
1785993300000,479.01,479.62,478.8,478.9
1785994200000,478.82,479.22,478.29,479.22
1785995100000,479.09,479.44,478.15,478.81
1785996000000,478.8,478.8,477,477.12
1785996900000,477.12,478.26,477,478.05
1785997800000,478.26,478.26,477.15,477.32
1785998700000,477.29,477.8,476.69,477.79
1785999600000,477.79,479.12,477.47,478.82
1786000500000,478.67,478.96,477.78,478.01
1786001400000,478.01,478.01,477,477.24
1786002300000,477.35,477.98,477.08,477.3
1786003200000,474.99,480.672,473.35,474.99
1786004100000,475,475.93,473.35,475
1786005000000,477.73,477.73,475.943,476.99
1786005900000,476.63,478,476.25,477.795
1786006800000,477.795,477.886,475.32,475.39
1786007700000,475.39,476.321,475.39,476.1
1786008600000,476.1,476.92,475.95,476.286
1786009500000,476.28,476.995,476.229,476.995
1786010400000,476.995,477.55,476.8,476.8
1786011300000,476.8,478.221,476.8,477.56
1786012200000,476.7,477.56,476.25,476.7
1786013100000,476.25,476.25,475.5,475.5
1786014000000,476.98,476.98,474.2,475.521
1786014900000,477.49,477.809,475.601,477.3
1786015800000,479.12,479.973,477.55,479.01
1786016700000,479.2,479.2,477.3,478
1786017600000,476.7,478.102,475.3,475.5
1786018500000,475.12,476.677,475.046,475.87
1786019400000,476.01,477.2,475.541,476.01
1786020300000,475.56,476.629,475.136,475.4
1786021200000,475,475.601,473.596,474.01
1786022100000,473.581,474.285,471.62,471.814
1786023000000,471.819,483.7,469.62,479.98
1786023900000,479.81,483.36,476.89,482.8
1786024800000,482.62,489.24,479.92,487.85
1786025700000,488.03,492.64,486.962,487.48
1786026600000,487.605,491.99,485.65,486.791
1786027500000,486.772,491.639,484.41,491.639
1786028400000,491.99,495.34,489.99,493.95
1786029300000,493.91,494.79,490.82,491.49
1786030200000,492.77,493.01,489.2,490
1786031100000,489.803,493.84,489.798,490.243
1786032000000,490.259,491.29,487.87,488.788
1786032900000,488.88,489.26,485.58,487.1
1786033800000,486.93,491.183,486.93,490.27
1786034700000,490,495.8,489.225,495.8
1786035600000,495.415,496.69,494.605,494.856
1786036500000,494.815,496.19,493.99,494.264
1786037400000,493.9,494.54,491.959,492.35
1786038300000,492.39,492.64,491.31,492.33
1786039200000,492.39,492.665,489.99,491.035
1786040100000,490.961,493.905,488.82,493.31
1786041000000,492.81,493.51,491.74,492.92
1786041900000,493.03,493.75,492.266,492.89
1786042800000,492.94,496.38,492.49,494.175
1786043700000,494.09,494.63,491.578,492.1
1786044600000,492.025,493.555,490.385,491.862
1786045500000,492.12,492.86,488.82,489.325
1786046400000,487.76,489.706,487.056,488.28
1786047300000,488,488.915,487.583,488
1786048200000,487.682,488.374,487.442,488.065
1786049100000,488.065,488.535,487.895,488.405
1786050000000,489,489.19,488.405,489
1786050900000,489.02,489.135,488.922,488.944
1786051800000,488.946,488.95,488.545,488.851
1786052700000,488.851,489.21,488.85,489.2
1786053600000,489.2,490.235,488.97,490.235
1786054500000,489.91,491.005,489.534,489.91
1786055400000,490.04,490.895,489.676,490.04
1786056300000,489.875,491.019,489.875,491
1786057200000,491,491.282,490.5,490.5
1786058100000,490.542,491.619,490.542,491.035
1786059000000,491.035,491.245,490.726,491.212
1786059900000,491.39,491.99,490.725,491.99
1786060800000,492.42,493.72,491.13,491.54
1786061700000,491.38,491.38,489.19,490.01
1786062600000,490.01,491.66,489,490.51
1786063500000,490.51,491.75,489.31,491.38
1786064400000,491.82,492.45,489.9,490.1
1786065300000,489.79,490.16,488.66,490
1786066200000,489.9,491.5,489.02,489.5
1786067100000,489.65,490.25,489.18,489.68
1786068000000,489.7,490.88,489.25,490.27
1786068900000,490.8,490.99,490.24,490.57
1786069800000,490.57,490.74,489.49,489.82
1786070700000,489.82,490.81,489.79,490.41
1786071600000,490.54,491.19,490.54,491.13
1786072500000,491.22,491.23,489.46,489.79
1786073400000,489.8,490.22,489.74,489.92
1786074300000,489.62,490.08,488.86,488.88
1786075200000,488.86,489.3,488.7,488.71
1786076100000,488.71,489.92,488.46,489.62
1786077000000,489.97,489.99,489.28,489.4
1786077900000,489.29,490.06,489,490.06
1786078800000,489.9,491.01,489.9,490.99
1786079700000,490.86,491.39,490.71,491.13
1786080600000,491.07,491.23,490.58,490.95
1786081500000,490.82,491.05,490.53,490.94
1786082400000,490.96,491.81,490.78,491.81
1786083300000,491.79,492.7,491.49,492.56
1786084200000,492.7,492.71,491.5,491.5
1786085100000,491.51,491.8,491.2,491.49
1786086000000,491.48,492.99,491.27,492.99
1786086900000,492.98,493.36,492.71,492.81
1786087800000,492.81,492.96,491.8,492.36
1786088700000,492.53,492.62,491.68,492.46
1786089600000,492.46,494.71,488.866,494.71
1786090500000,494.15,495.45,494.055,495.45
1786091400000,495.45,495.45,494.229,494.229
1786092300000,494,494.9,494,494
1786093200000,494.15,494.75,493.965,494.15
1786094100000,494.15,495.1,493.956,495.1
1786095000000,495.1,495.1,494.095,494.4
1786095900000,494.4,494.415,493.992,493.992
1786096800000,493.989,494.25,492.75,492.75
1786097700000,492.46,492.902,491.865,492.46
1786098600000,492.9,493.075,492.575,492.575
1786099500000,492.575,492.75,492.1,492.125
1786100400000,495.01,495.66,492.125,495.52
1786101300000,495.51,496.298,495,495.81
1786102200000,495.99,496.745,495.315,496.24
1786103100000,496.479,496.53,495.025,495.246
1786104000000,495.247,496.38,495.237,495.95
1786104900000,496.5,496.839,495.455,496.5
1786105800000,498.01,501.51,495.629,501.51
1786106700000,502.51,504.142,501.476,502.99
1786107600000,502.7,502.883,499.549,500.26
1786108500000,499.813,500.493,498.01,498.233
1786109400000,498.203,498.291,480.87,490.236
1786110300000,489.99,490.91,484.63,486.755
1786111200000,487,488.49,479.9,480.85
1786112100000,480.5,484.62,478.99,482.87
1786113000000,482.82,483.002,476.38,476.78
1786113900000,476.759,481.2,476.58,479.69
1786114800000,479.703,483.42,479.52,481.162
1786115700000,480.91,482.49,478.5,482.03
1786116600000,482.99,483.615,479.99,480.64
1786117500000,480.48,483.29,479.83,483.29
1786118400000,483.156,485.245,482.74,483.471
1786119300000,483.275,484.16,478.428,478.428
1786120200000,478.2,481.01,476.1,480.25
1786121100000,480.88,481.55,480.232,480.92
1786122000000,480.87,482.05,479.9,480.445
1786122900000,480.01,482.165,479.8,481.55
1786123800000,481.513,481.54,479.537,481.29
1786124700000,480.81,481.565,480.296,481.08
1786125600000,481.11,482.082,480.64,481.36
1786126500000,481.325,482.145,478.99,479.09
1786127400000,479.02,480.47,478.3,478.4
1786128300000,478.444,479,477.195,478.314
1786129200000,478.81,481.68,478.352,480.76
1786130100000,480.86,481.607,480.175,481.11
1786131000000,481.08,481.11,478.05,479.32
1786131900000,479.42,483.7,479.255,483.28
1786132800000,483.198,483.32,481.401,482.755
1786133700000,482.755,482.755,482.277,482.375
1786134600000,482.358,482.605,482.2,482.444
1786135500000,482.444,482.566,482.395,482.566
1786136400000,482.41,482.579,482.41,482.44
1786137300000,482.43,482.57,482.125,482.43
1786138200000,482.56,482.795,482.056,482.75
1786139100000,482.99,483,482.261,483
1786140000000,482.437,482.85,482.006,482.41
1786140900000,482.41,482.7,482.41,482.585
1786141800000,482.585,482.735,482.585,482.717
1786142700000,482.732,482.86,482.6,482.689
1786143600000,482.691,482.7,482.553,482.65
1786144500000,482.65,482.71,482.551,482.7
1786145400000,482.7,482.825,482.306,482.743
1786146300000,482.81,483.113,482.538,482.81
1786147200000,483.083,483.083,483.057,483.057
1786149000000,483.09,483.09,482.88,482.88
1786157100000,482.84,482.84,482.83,482.83
1786165200000,482.77,482.77,482.72,482.72
1786166100000,482.8,482.8,482.8,482.8
1786177800000,482.72,482.72,482.7,482.7
1786178700000,482.66,482.66,482.66,482.66
1786194000000,482.66,482.66,482.66,482.66
1786205700000,482.79,482.79,482.79,482.79
1786209300000,482.61,482.61,482.61,482.61
1786210200000,482.95,482.95,482.95,482.95
1786217400000,482.95,483.08,482.95,483.08
1786230000000,483.08,483.23,483.08,483.23
1786235400000,483.23,483.23,483.1,483.23
1786248900000,482.84,482.84,482.84,482.84
1786256100000,482.96,482.96,482.96,482.96
1786257000000,482.8,483.26,482.8,483.26
1786263300000,483.13,483.13,483.13,483.13
1786280400000,482.69,483.37,482.57,482.78
1786281300000,482.78,483.23,482.78,483.23
1786287600000,483.23,483.66,483.23,483.66
1786292100000,483.66,483.78,483.66,483.78
1786295700000,483.78,483.78,483.62,483.62
1786296600000,483.85,483.85,483.7,483.75
1786297500000,483.86,484.34,483.73,484.34
1786298400000,484.39,484.39,484.39,484.39
1786300200000,484.47,484.66,484.47,484.66
1786304700000,484.68,484.68,484.68,484.68
1786311900000,484.33,484.33,482.88,482.88
1786312800000,483.02,483.89,483.02,483.89
1786316400000,483.89,484.09,483.89,484.09
1786318200000,484.11,484.11,484.11,484.11
1786320000000,486.01,486.56,481.95,486.01
1786320900000,485.89,485.92,483.32,483.63
1786321800000,483.62,484.11,481.24,481.51
1786322700000,481.99,482.7,481.1,481.3
1786323600000,481.2,483.35,480.9,483.35
1786324500000,483.65,484.59,483.54,483.88
1786325400000,483.92,484.13,483.13,483.81
1786326300000,483.61,484.25,483.54,483.64
1786327200000,483.68,484.16,483.35,483.61
1786328100000,483.51,483.51,483.01,483.18
1786329000000,483.25,483.44,482.32,483.42
1786329900000,483.42,483.99,483.4,483.4
1786330800000,483.65,483.79,483.03,483.1
1786331700000,483.21,483.77,483.06,483.39
1786332600000,483.29,484,483.29,483.9
1786333500000,483.81,483.81,483.2,483.42
1786334400000,483.41,483.81,483.23,483.51
1786335300000,483.55,483.99,483.39,483.39
1786336200000,483.59,483.89,483.22,483.61
1786337100000,483.5,483.92,482.85,483.12
1786338000000,483.16,484.01,483.06,483.29
1786338900000,483.71,483.86,483.23,483.61
1786339800000,483.5,483.8,483.36,483.5
1786340700000,483.53,484.74,483.37,484.74
1786341600000,484.42,485.47,484.14,485.33
1786342500000,485.29,485.6,484.42,484.42
1786343400000,484.52,485.45,484.49,485.45
1786344300000,485.27,485.31,484.7,484.8
1786345200000,484.81,486.01,484.68,485.92
1786346100000,485.61,486.45,485.61,486.31
1786347000000,486.29,487.39,486.29,487.29
1786347900000,487.32,487.98,487.15,487.96
1786348800000,488.69,489.499,483.056,488.69
1786349700000,487.9,488.45,486.315,486.49
1786350600000,486.49,487.845,486.49,487.1
1786351500000,487.1,488,486.7,488
1786352400000,488,488,487.554,488
1786353300000,486.55,488,484.05,484.05
1786354200000,485.28,487,484.782,485.28
1786355100000,485.4,485.95,484.975,485
1786356000000,485,485,482.186,482.685
1786356900000,482.21,483.769,482.21,482.21
1786357800000,483.67,483.67,481.98,482.237
1786358700000,481.35,483.13,481.045,481.35
1786359600000,480.55,482.05,479.651,480
1786360500000,481,482.865,480.163,482.865
1786361400000,482.35,483.08,480.864,481.8
1786362300000,481.5,482.401,480.5,481.5
1786363200000,482.19,482.889,479.313,482.19
1786364100000,477.99,479.312,477.77,477.77
1786365000000,479,479.741,477.415,479
1786365900000,479.81,479.81,478.051,478.19
1786366800000,479,479.637,478.55,479
1786367700000,479.5,480.388,477,477
1786368600000,477.57,477.885,470.68,477.09
1786369500000,476.81,479.81,474.435,476.19
1786370400000,476.115,483.34,474.99,480.7
1786371300000,480.455,481.27,475.26,476.26
1786372200000,476.255,481.629,476.08,477.76
1786373100000,477.756,478.43,475.76,476.045
1786374000000,475.97,478.61,475.48,476.2
1786374900000,476.39,477.28,475.43,475.85
1786375800000,476.04,478.27,475,478.27
1786376700000,478.082,479.38,477.455,478.448
1786377600000,478.441,478.8,476.33,476.572
1786378500000,476.545,477.669,476.34,476.34
1786379400000,476.29,476.65,474.56,474.63
1786380300000,474.66,475.56,474.52,475.29
1786381200000,475.388,476.5,475.21,475.956
1786382100000,476,476.26,474.705,474.98
1786383000000,475.07,475.41,474.45,474.45
1786383900000,474.685,475.625,474.61,475.56
1786384800000,475.47,476.25,474.855,475.54
1786385700000,475.509,475.64,474.92,475.195
1786386600000,475.16,476.19,475.09,475.7
1786387500000,475.7,475.946,474.9,475.74
1786388400000,475.69,476.6,475.184,475.22
1786389300000,475.15,476.25,474.8,475.625
1786390200000,475.666,475.745,473.68,474.026
1786391100000,473.96,474.45,469.36,469.7
1786392000000,469.97,470.62,469.713,470.1
1786392900000,470.09,470.934,469.986,470.42
1786393800000,470.83,471.04,470.391,470.83
1786394700000,471.009,471.189,470.528,470.625
1786395600000,470.625,470.749,470.501,470.501
1786396500000,470.53,471.241,470.15,470.53
1786397400000,470.33,470.7,470.33,470.685
1786398300000,470.51,470.685,470.36,470.51
1786399200000,470.605,471.005,470.575,470.575
1786400100000,470.575,471.004,470.425,471.004
1786401000000,470,471.005,469.702,470.1
1786401900000,470.245,470.35,470.19,470.35
1786402800000,470.35,470.35,469.66,470.25
1786403700000,469.61,470.25,469.506,469.51
1786404600000,469.725,470.066,469.375,469.65
1786405500000,469.24,469.91,469.24,469.24
1786406400000,470.56,471.26,468.51,470.74
1786407300000,470.91,470.98,470.09,470.98
1786408200000,470.96,471.28,470.82,471.23
1786409100000,471.24,472.34,471.23,471.77
1786410000000,471.75,471.99,470.4,471.91
1786410900000,471.9,472.88,471.62,472.21
1786411800000,472.24,472.49,471.72,472
1786412700000,472.03,472.51,471.59,471.98
1786413600000,471.89,472.18,471.51,471.77
1786414500000,471.98,472,471.49,471.96
1786415400000,471.96,472.17,471.41,472.04
1786416300000,472.04,472.2,471.73,471.75
1786417200000,471.81,472.19,471.75,471.94
1786418100000,472.05,472.77,471.94,472.59
1786419000000,472.61,472.81,472.34,472.67
1786419900000,472.67,472.82,472.48,472.65
1786420800000,472.69,473.51,472.69,473.51
1786421700000,473.48,473.64,473.26,473.26
1786422600000,473.32,473.74,472.79,472.89
1786423500000,472.72,472.86,472.49,472.69
1786424400000,472.69,472.84,472.28,472.7
1786425300000,472.76,472.84,471.64,471.73
1786426200000,471.75,471.89,471.37,471.66
1786427100000,471.7,471.7,471.03,471.41
1786428000000,471.39,472.45,471.11,472.31
1786428900000,472.28,472.29,470.91,471
1786429800000,471,471.18,470.22,471.12
1786430700000,471,471.16,469.49,470.03
1786431600000,470.31,470.9,470.19,470.76
1786432500000,470.74,471.17,470.37,470.79
1786433400000,470.93,472.34,470.93,471.8
1786434300000,471.81,472.92,471.78,472.33
1786435200000,469.79,473.13,469.79,471.725
1786436100000,470.89,471.725,470.69,470.89
1786437000000,471.6,471.6,470.29,471.505
1786437900000,471.505,471.505,471.48,471.48
1786438800000,471.48,471.48,468.906,471.125
1786439700000,471.125,471.125,471.125,471.125
1786440600000,471.125,471.125,471.125,471.125
1786441500000,471.125,472.475,471.125,472.245
1786442400000,472.245,472.245,471.6,471.6
1786443300000,473.41,473.41,471.6,473.41
1786444200000,472.245,473.187,472.245,473.05
1786445100000,473.05,473.05,473.05,473.05
1786446000000,473.05,475.01,473.05,474.6
1786446900000,474.6,474.6,473.75,473.75
1786447800000,473.5,474.092,473.491,473.5
1786448700000,473.01,473.491,472.407,473.01
1786449600000,473.03,474.321,472.965,474.235
1786450500000,474.235,474.408,473.054,473.55
1786451400000,473.55,474.305,473.34,473.8
1786452300000,473.09,473.95,472.013,473.09
1786453200000,473.44,473.44,472.158,473.44
1786454100000,472.681,474.89,472.33,474.79
1786455000000,474.735,474.799,464.01,465.575
1786455900000,465.765,467.11,463.24,467
1786456800000,467.09,471.11,466.851,469.02
1786457700000,468.335,471.56,466.914,468.82
1786458600000,468.821,469.09,467.01,467.523
1786459500000,467.76,470.48,467.498,468.99
1786460400000,469.06,470.51,468.59,470.44
1786461300000,469.68,470.94,468.8,469.3
1786462200000,469.226,470.93,469.215,470.334
1786463100000,470.337,470.337,468,468.205
1786464000000,467.71,468.303,466.19,466.19
1786464900000,466.29,467.72,466.285,466.81
1786465800000,466.94,467.09,465.882,466.6
1786466700000,466.59,466.869,465.85,466.58
1786467600000,466.363,466.573,465.17,465.329
1786468500000,465.19,466.395,465.18,466.36
1786469400000,466.31,468.313,465.71,468.165
1786470300000,468.1,469.559,468.067,469.5
1786471200000,469.545,471.99,469.157,471.68
1786472100000,471.65,472.59,470.317,471.011
1786473000000,471.31,472.75,470.91,471.79
1786473900000,471.85,473.83,471.729,473.12
1786474800000,472.85,473.795,472.025,473.555
1786475700000,473.42,474.99,473.36,474.8
1786476600000,474.88,475.89,474.625,474.972
1786477500000,474.79,475.01,473.36,473.975
1786478400000,473.908,474.226,473,473.95
1786479300000,474.01,474.88,473.55,474.88
1786480200000,474.503,474.703,473.6,474.019
1786481100000,474.026,474.055,473.6,473.665
1786482000000,473.665,473.815,473.55,473.654
1786482900000,473.653,474.025,473.65,473.726
1786483800000,473.725,474.024,473.695,473.695
1786484700000,473.695,473.695,473.575,473.575
1786485600000,473.575,473.711,473.358,473.524
1786486500000,473.825,473.825,473.5,473.825
1786487400000,473.9,473.93,473.417,473.9
1786488300000,473.729,473.875,473.5,473.875
1786489200000,473.875,474.181,473.814,473.845
1786490100000,473.845,473.982,473.485,473.685
1786491000000,473.685,473.685,473.685,473.685
1786491900000,475.01,475.01,473.49,475.01
1786492800000,475,475,473.55,474.37
1786493700000,474.49,476,474.49,475.51
1786494600000,475.11,475.39,474.41,474.74
1786495500000,474.71,475.14,474.51,474.91
1786496400000,474.9,475.42,474.9,475.41
1786497300000,475.33,475.49,474.2,474.81
1786498200000,474.89,475.41,474.57,475.38
1786499100000,475.29,475.42,474.75,475.03
1786500000000,475.41,475.64,474.66,475.03
1786500900000,474.83,475.45,474.83,475.39
1786501800000,475.48,476.5,475.43,476.49
1786502700000,476.44,477.5,476.36,477.21
1786503600000,477.22,477.5,476.51,477.01
1786504500000,476.99,476.99,476.32,476.67
1786505400000,476.68,477.12,476.67,476.73
1786506300000,476.69,477.12,476.53,476.59
1786507200000,476.59,477.3,476.59,476.99
1786508100000,477.07,477.07,476.73,476.73
1786509000000,476.73,476.89,476.18,476.69
1786509900000,476.71,477.12,476.57,476.99
1786510800000,477.01,477.01,476.2,476.2
1786511700000,476.15,476.47,475.87,476.47
1786512600000,476.47,476.99,476.41,476.51
1786513500000,476.5,476.96,476.5,476.91
1786514400000,476.88,477.08,476.59,476.72
1786515300000,476.71,476.85,476.29,476.29
1786516200000,476.71,477.29,476.7,476.98
1786517100000,477.06,477.41,477.06,477.41
1786518000000,477.46,478.5,477.35,478.39
1786518900000,478.44,478.74,478.14,478.55
1786519800000,478.55,478.83,478.34,478.83
1786520700000,478.76,478.83,478.38,478.55
1786521600000,480,480.265,475.151,480
1786522500000,480.25,481.5,480.075,481
1786523400000,481,481,480.5,480.5
1786524300000,481.4,481.5,480.5,481.4
1786525200000,481.57,481.605,480.874,481.57
1786526100000,480.71,481.29,480.7,480.7
1786527000000,480.935,481.19,480.845,480.845
1786527900000,480.845,480.845,480.53,480.75
1786528800000,480.75,481.06,480.7,481.034
1786529700000,481.024,481.059,480.975,481.059
1786530600000,481.064,481.085,480.89,480.89
1786531500000,480.89,480.89,478.837,478.991
1786532400000,479.28,479.649,478.603,479.28
1786533300000,479.305,479.305,478.306,478.49
1786534200000,478.5,479.42,478.49,478.5
1786535100000,478.85,479.317,478.715,479.2
1786536000000,479.318,479.852,479.2,479.454
1786536900000,479.49,480.379,479.053,480.13
1786537800000,480.99,483.256,477.746,483
1786538700000,483.125,483.286,482.167,483.196
1786539600000,483.2,483.981,483.2,483.725
1786540500000,483.99,488.317,483.48,487.06
1786541400000,488.4,488.4,480.99,485.63
1786542300000,485.93,487.685,483.945,486.2
1786543200000,486.17,487.87,485.455,486.41
1786544100000,486.301,491.09,486.05,490.93
1786545000000,490.716,491.51,488.39,491.035
1786545900000,491.24,491.48,487.07,487.76
1786546800000,487.49,490.11,487,489.615
1786547700000,489.49,489.646,488.02,488.51
1786548600000,488.4,489.032,486.61,486.61
1786549500000,486.658,487.177,486.23,486.889
1786550400000,486.96,487.74,486.75,486.79
1786551300000,487.01,487.88,486.198,487.41
1786552200000,487.18,487.401,486.29,486.94
1786553100000,486.963,488.044,486.76,488.044
1786554000000,488.044,488.76,487.49,487.56
1786554900000,487.56,487.56,486.34,487.1
1786555800000,486.99,488.67,486.635,488.67
1786556700000,488.46,489.85,488.397,489.37
1786557600000,489.25,489.402,486.99,487.175
1786558500000,487.135,487.337,486.06,486.103
1786559400000,486.11,487.13,486.095,486.67
1786560300000,486.55,486.752,485.06,485.6
1786561200000,485.61,485.795,484.48,484.49
1786562100000,484.62,485.42,483.18,483.98
1786563000000,484,484,481.626,481.901
1786563900000,481.8,483.49,481.1,482.845
1786564800000,483.1,483.25,482.082,483.1
1786565700000,482.153,482.535,481.875,482.385
1786566600000,481.89,482.549,481.505,481.89
1786567500000,482.55,482.553,481.952,482.327
1786568400000,482.89,482.89,482.112,482.89
1786569300000,482.49,482.7,482.49,482.49
1786570200000,482.69,483.953,482.6,482.69
1786571100000,483,483.05,482.445,482.84
1786572000000,482.84,482.88,482.5,482.5
1786572900000,482,482.5,481.601,482
1786573800000,482.5,482.5,481.765,481.765
1786574700000,482.31,482.77,481.765,482.16
1786575600000,482.57,482.767,482.325,482.575
1786576500000,482.575,482.7,482.325,482.7
1786577400000,482.7,483.328,482.7,483.259
1786578300000,483.257,483.257,482.901,483.104
1786579200000,483.3,484.97,482.79,484.2
1786580100000,484.18,484.65,483.63,483.96
1786581000000,483.88,483.99,483,483.35
1786581900000,483.19,484.08,483.05,484
1786582800000,483.71,484.31,483.05,483.81
1786583700000,483.55,483.95,482.63,483.18
1786584600000,483.19,483.99,483.07,483.81
1786585500000,483.99,485.12,483.9,484.61
1786586400000,484.81,485.38,484.61,485.25
1786587300000,485.01,485.13,484.79,484.84
1786588200000,484.79,485,484,484.99
1786589100000,484.99,485.01,484.52,484.8
1786590000000,484.81,484.82,484.37,484.45
1786590900000,484.57,484.8,484.28,484.29
1786591800000,484.27,484.28,483.55,484.25
1786592700000,484.29,484.53,484.29,484.36
1786593600000,484.43,484.79,484.08,484.38
1786594500000,484.41,484.42,483.26,483.74
1786595400000,484.01,484.63,483.74,484.32
1786596300000,484.26,484.87,484.19,484.42
1786597200000,484.57,485.8,484.23,485.48
1786598100000,485.67,486.55,485.44,486.12
1786599000000,486.14,486.25,485.81,485.84
1786599900000,485.79,486.26,484.93,484.93
1786600800000,484.95,485.27,484.37,485.24
1786601700000,485.14,485.42,484.73,485
1786602600000,485.05,485.51,484.02,484.07
1786603500000,484.04,484.38,483.58,484.37
1786604400000,484.35,485.08,482.51,482.76
1786605300000,482.84,483.99,482.64,483.35
1786606200000,483.28,483.95,483.2,483.71
1786607100000,483.93,484.02,483.37,483.7
1786608000000,481.01,486.964,480.3,480.61
1786608900000,481.27,481.934,480.495,481.128
1786609800000,481.119,483.3,481.078,481.935
1786610700000,481.935,482.14,481.82,482.14
1786611600000,482.14,482.14,480.728,480.915
1786612500000,480.915,481.005,480.3,480.8
1786613400000,480.8,480.925,480.8,480.925
1786614300000,480.925,482.64,480.925,482.64
1786615200000,482.64,482.64,482.513,482.64
1786616100000,482.64,483.65,482.64,482.64
1786617000000,482.64,483.48,482.505,482.505
1786617900000,482.505,483.679,482.505,483.679
1786618800000,483.699,483.772,482.585,483.23
1786619700000,483.23,483.23,481.565,481.81
1786620600000,482.27,482.5,481.566,482.27
1786621500000,482.12,482.98,482.12,482.28
1786622400000,481.81,482.225,480,481.06
1786623300000,481.15,481.15,479.941,480.85
1786624200000,480.99,482.017,480.73,481.07
1786625100000,479.99,482.1,477.99,482
1786626000000,482.01,484,481.604,483.54
1786626900000,482.71,483.6,482.275,483.5
1786627800000,482.991,495.59,481.29,493.384
1786628700000,493.16,496.4,491.07,495.78
1786629600000,495.91,495.915,493,493.53
1786630500000,493.58,495.21,489.48,494.785
1786631400000,494.736,496.57,494.45,495.217
1786632300000,495.198,496,494.456,495.007
1786633200000,494.5,497.88,493.38,494.59
1786634100000,494.295,497.43,493.39,496.58
1786635000000,495.515,496.399,491.725,492.81
1786635900000,492.24,492.696,490.55,491.545
1786636800000,491.54,494.424,491.54,491.626
1786637700000,491.63,493.433,491.135,493.13
1786638600000,493.14,493.675,491.949,492.72
1786639500000,492.99,493.36,492.335,493.21
1786640400000,493.44,494.55,493.305,494.03
1786641300000,494.138,495.665,493.665,494.127
1786642200000,494.01,494.532,493.84,493.945
1786643100000,494.075,494.606,492.373,492.47
1786644000000,492.3,492.371,490.26,490.665
1786644900000,490.8,490.876,490.115,490.4
1786645800000,490.476,491.63,489.38,489.575
1786646700000,489.63,490.75,489.571,490.585
1786647600000,490.645,491.306,487.96,487.96
1786648500000,487.59,488.95,486.646,487.13
1786649400000,487.13,487.39,485.62,485.65
1786650300000,485.642,486.11,482.18,482.96
1786651200000,482.879,484.558,482.312,484.25
1786652100000,484.48,484.75,484.225,484.49
1786653000000,484.75,485.69,484.75,485.249
1786653900000,485.25,485.25,484.625,485.175
1786654800000,485.175,485.175,484.39,485.048
1786655700000,484.75,485.02,484.5,484.75
1786656600000,485.01,485.43,484.5,485.21
1786657500000,485.332,485.835,484.951,485.625
1786658400000,485.625,485.625,485.03,485.03
1786659300000,485.03,485.425,484.925,485.102
1786660200000,485.103,485.627,485.1,485.5
1786661100000,485.31,485.5,485.3,485.31
1786662000000,485.31,485.81,485.15,485.81
1786662900000,485.6,486.355,485.451,485.805
1786663800000,485.796,485.85,485.676,485.781
1786664700000,486.01,486.8,485.78,486.01
1786665600000,486.99,487.87,486.06,486.32
1786666500000,486.06,486.43,485.12,485.53
1786667400000,485.51,486.2,485.29,485.69
1786668300000,485.73,486.01,484.21,484.77
1786669200000,484.51,484.51,482.23,482.32
1786670100000,482.44,483.79,482.22,483.79
1786671000000,483.64,484.12,483.23,484.02
1786671900000,484.12,484.44,483.66,483.68
1786672800000,483.65,484.35,483.63,484.19
1786673700000,484.19,484.57,483.91,484.56
1786674600000,484.65,485.1,484.5,484.5
1786675500000,484.57,484.57,483.2,483.23
1786676400000,483.36,483.62,482.93,483.44
1786677300000,483.62,484.36,483.52,484.15
1786678200000,484.05,484.07,483.43,483.43
1786679100000,483.6,483.65,483.16,483.29
1786680000000,483.29,483.4,482.61,483.24
1786680900000,483.23,483.83,483.2,483.83
1786681800000,483.82,483.82,483.14,483.44
1786682700000,483.46,483.46,482.23,482.3
1786683600000,482.44,482.71,481.5,481.97
1786684500000,482.11,482.58,481.84,482.57
1786685400000,482.61,483.01,482.29,482.58
1786686300000,483.11,483.76,482.92,483.39
1786687200000,483.4,483.4,482.66,482.84
1786688100000,482.86,483.17,482.83,483.14
1786689000000,483.14,483.14,482.7,483.02
1786689900000,483.18,483.69,483.17,483.58
1786690800000,483.58,484.01,483.56,483.89
1786691700000,483.77,483.98,483.42,483.6
1786692600000,483.62,484.13,483.59,484.13
1786693500000,484.14,484.88,484.08,484.49
1786694400000,486.454,486.454,483.505,484.85
1786695300000,484.85,485.1,484.253,484.834
1786696200000,484.837,485.6,484.837,485.6
1786697100000,485.6,485.69,485.2,485.2
1786698000000,485.2,485.2,485.1,485.1
1786698900000,485.1,485.1,485.1,485.1
1786699800000,485.1,485.1,485.1,485.1
1786700700000,485.025,485.69,484.65,485.355
1786701600000,485.355,486.494,485.355,486.38
1786702500000,486.38,486.598,485.83,485.83
1786703400000,485.83,485.875,485.375,485.75
1786704300000,485.75,486.05,485.75,486
1786705200000,486.76,487.75,486,487.45
1786706100000,487.625,487.625,486.36,486.473
1786707000000,486.1,486.799,485.89,485.89
1786707900000,486.51,486.815,486.09,486.51
1786708800000,486.344,486.345,484.366,485.166
1786709700000,484.59,485.792,484.176,484.7
1786710600000,485.5,486.25,485.38,486
1786711500000,485.8,486.075,485.5,485.8
1786712400000,486.5,486.89,485.85,486.49
1786713300000,486.495,490.99,486.352,487.626
1786714200000,487.655,496.68,483.47,496.4
1786715100000,496.23,501.44,494.18,497.725
1786716000000,497.6,504.525,496.615,501.89
1786716900000,502.165,505.69,499.99,505.275
1786717800000,505.322,511.29,503.39,506.42
1786718700000,506.4,506.668,503.645,503.83
1786719600000,503.64,505.85,503.49,503.7
1786720500000,503.65,504.39,499.8,501.04
1786721400000,501.14,501.169,497.38,497.865
1786722300000,498.102,499.165,496.4,497.823
1786723200000,497.615,500.59,497.615,499.67
1786724100000,499.655,501.96,499.54,500.94
1786725000000,500.9,501.4,499.11,500.605
1786725900000,500.59,502.767,500.419,502.64
1786726800000,502.65,503.84,502.49,502.727
1786727700000,502.735,503.048,501.331,502.805
1786728600000,502.82,504.455,502.49,503.75
1786729500000,503.75,506.771,503.193,506.68
1786730400000,506.45,509.405,506.04,507.62
1786731300000,507.662,508.171,507.12,507.882
1786732200000,507.78,508.81,507.32,508.375
1786733100000,508.435,508.58,507.605,507.76
1786734000000,507.55,508.66,507.11,507.64
1786734900000,507.69,509.28,507.69,508.49
1786735800000,508.675,509.52,508.36,508.675
1786736700000,508.45,514.6,508.335,514.385
1786737600000,514.4,516.024,513.328,514
1786738500000,513.5,514.21,513.015,514.036
1786739400000,514.032,514.668,513.875,514.095
1786740300000,514.095,514.353,513.705,514.049
1786741200000,514.05,514.398,513.954,514.15
1786742100000,514.15,514.279,514.07,514.279
1786743000000,514.51,515.105,514.28,514.51
1786743900000,515.25,515.499,514.766,515.25
1786744800000,515,515.75,514.972,515.5
1786745700000,515.33,515.5,515.016,515.33
1786746600000,514.99,515.085,514.685,514.99
1786747500000,514.875,514.975,514.751,514.85
1786748400000,514.81,515,514.69,514.86
1786749300000,514.9,515.42,514.9,515.42
1786750200000,515.42,515.42,514.75,514.75
1786751100000,514.75,515.75,514.75,515.75
1786752000000,515.75,515.75,515.42,515.42
1786753800000,515.24,515.24,515.09,515.09
1786756500000,515.26,516.15,515.26,516.15
1786765500000,516.25,516.51,514.94,516.04
1786770000000,516.04,516.04,515.52,515.52
1786772700000,515.5,515.5,515.29,515.29
1786774500000,515.26,515.26,515.26,515.26
1786785300000,515.26,515.26,515.26,515.26
1786793400000,515.26,515.26,515.26,515.26
1786798800000,515.22,515.26,515.22,515.26
1786801500000,515.21,515.21,515.21,515.21
1786806900000,515.43,515.43,515.17,515.17
1786809600000,515.43,515.43,515.15,515.15
1786815000000,515.43,515.43,515.43,515.43
1786818600000,515.17,515.17,515.17,515.17
1786819500000,515.15,515.15,515.15,515.15
1786820400000,515.52,515.52,515.52,515.52
1786823100000,515.14,515.52,515.14,515.52
1786824900000,514.99,514.99,514.99,514.99
1786827600000,515.37,516.11,515.17,515.17
1786830300000,515.05,515.05,515.05,515.05
1786845600000,515.37,515.51,515.37,515.51
1786848300000,515.51,515.76,515.51,515.76
1786851000000,515.76,515.84,515.57,515.84
1786851900000,515.84,515.84,515.84,515.84
1786852800000,515.58,515.89,515.58,515.89
1786865400000,515.89,515.89,515.89,515.89
1786871700000,515.89,515.89,515.89,515.89
1786875300000,515.89,515.89,515.89,515.89
1786889700000,515.89,515.89,515.89,515.89
1786898700000,515.89,515.95,515.89,515.95
1786901400000,515.91,515.91,515.91,515.91
1786908600000,515.91,515.91,515.91,515.91
1786918500000,515.64,515.64,515.64,515.64
1786919400000,515.91,515.91,515.64,515.64
1786923000000,515.91,515.98,515.91,515.98
1786924800000,516.01,520.5,516,519.28
1786925700000,519.32,519.44,517.75,518.16
1786926600000,518.22,518.44,517.2,517.96
1786927500000,517.97,518.65,517.88,518.51
1786928400000,518.59,519.75,518.07,519.37
1786929300000,519.49,520.5,519.12,519.85
1786930200000,519.84,519.85,518.05,518.63
1786931100000,518.57,518.65,517.68,517.71
1786932000000,517.76,517.99,516.87,517.76
1786932900000,517.7,518.71,517.69,518.43
1786933800000,518.42,519.01,518.37,518.7
1786934700000,518.7,519.2,518.7,518.94
1786935600000,519,519.3,518.76,518.77
1786936500000,518.84,519.98,518.64,519.98
1786937400000,519.99,520.54,519.61,520.39
1786938300000,520.37,520.72,519.98,520.33
1786939200000,520.38,520.51,519.72,519.78
1786940100000,520.17,520.25,519.64,519.79
1786941000000,519.79,519.97,519.19,519.8
1786941900000,519.8,520.01,519.11,519.12
1786942800000,519.2,519.75,519.07,519.19
1786943700000,519.3,519.3,518.58,518.87
1786944600000,518.92,519.51,518.69,519.29
1786945500000,519.3,519.91,519.04,519.35
1786946400000,519.65,520.73,519.52,520.41
1786947300000,520.37,521.21,519.63,521.08
1786948200000,521.15,521.56,520.87,521.24
1786949100000,521.35,521.75,521.22,521.75
1786950000000,521.59,522,519.4,519.42
1786950900000,519.5,519.53,518.44,519.19
1786951800000,519.13,521.74,519.13,521.46
1786952700000,521.4,521.77,520.95,520.96
1786953600000,520,523.295,515.75,520
1786954500000,522.5,523.3,522,522.692
1786955400000,522.39,522.845,521.515,522.39
1786956300000,521.515,522.163,520.54,521.62
1786957200000,521.62,521.62,519.46,519.521
1786958100000,518.79,519.535,518.552,518.79
1786959000000,519.13,519.745,519.13,519.495
1786959900000,519.495,520.5,519.495,520.046
1786960800000,519.32,520.385,519.32,520
1786961700000,520.181,520.5,519.75,520.5
1786962600000,520.5,521,520.5,521
1786963500000,521,521,520.5,521
1786964400000,520.85,521.435,520.5,520.85
1786965300000,520.01,520.5,519.573,519.84
1786966200000,519.895,520.1,519.49,519.745
1786967100000,519.81,519.95,517.565,518
1786968000000,515.99,518.067,513.373,514.08
1786968900000,512.03,514.299,510.583,512
1786969800000,512,513.422,510.126,510.57
1786970700000,511.99,512.889,511.081,512.55
1786971600000,513.01,513.261,511.86,512.81
1786972500000,512.56,514.25,511.585,514.01
1786973400000,514.5,515.71,506.51,512.19
1786974300000,511.925,515.075,510.29,511.802
1786975200000,511.9,512.99,509.81,512.687
1786976100000,512.73,512.73,510.33,512.28
1786977000000,512.2,512.351,509.95,510.73
1786977900000,510.9,514.48,510.25,514.35
1786978800000,514.199,517.215,513.49,514.606
1786979700000,514.38,515.82,514.21,515.7
1786980600000,515.645,517.05,512.99,513.705
1786981500000,513.56,515.01,512.505,513.72
1786982400000,513.6,513.841,510.94,511.28
1786983300000,511.307,511.9,510.79,511.395
1786984200000,511.375,511.375,510.36,510.638
1786985100000,510.74,511.73,510.485,511.24
1786986000000,511.19,511.5,510.01,510.35
1786986900000,510,511.013,509,509.015
1786987800000,509.49,510.698,508.88,510.37
1786988700000,510.59,510.727,509.374,509.98
1786989600000,509.64,509.992,508.065,508.42
1786990500000,508.25,509.655,507.76,509.315
1786991400000,509.18,510.3,508.644,509.91
1786992300000,509.931,511.03,509.771,510.599
1786993200000,510.365,510.654,505.301,505.42
1786994100000,505.26,506.92,505,506.025
1786995000000,505.82,507.57,505.572,506.49
1786995900000,506.55,507.43,504.72,506.195
1786996800000,506.133,506.155,505.025,505.694
1786997700000,505.703,506.125,505.703,506.122
1786998600000,506.123,506.125,505.4,505.47
1786999500000,505.47,505.9,505.35,505.9
1787000400000,505.9,506.239,505.9,506
1787001300000,506,506,505.525,505.875
1787002200000,505.875,506.25,505.875,506.25
1787003100000,506,506.259,505.6,506
1787004000000,505.765,506.91,505.765,506.503
1787004900000,506.502,506.736,506.375,506.656
1787005800000,506.655,506.655,506.3,506.5
1787006700000,506.504,507.21,506.5,507.21
1787007600000,507.21,507.56,507.04,507.56
1787008500000,507.56,507.579,507.042,507.579
1787009400000,507.58,508.058,507.21,507.94
1787010300000,507.7,508.004,507.51,507.51
1787011200000,507.98,508.05,506.59,507.49
1787012100000,507.61,508.54,507.41,508.1
1787013000000,508.28,508.85,507.79,508.16
1787013900000,508.16,508.21,506.79,506.79
1787014800000,506.89,507.86,506.89,507.86
1787015700000,507.87,507.87,507.19,507.55
1787016600000,507.5,507.5,505.39,505.39
1787017500000,505.41,505.41,502.09,503.16
1787018400000,503.26,503.53,500.99,500.99
1787019300000,501.1,501.11,498.99,499.47
1787020200000,499.22,499.47,497.02,497.02
1787021100000,497.01,497.04,495.7,496.44
1787022000000,496.42,497.8,496.42,496.8
1787022900000,496.85,496.96,494.61,496.38
1787023800000,496.14,497.54,494.99,497.54
1787024700000,497.53,498.7,497.38,498.37
1787025600000,498.41,499.48,497.34,499.47
1787026500000,499.28,499.99,497.94,499.99
1787027400000,500.01,501.71,499.63,500.5
1787028300000,500.53,501.99,500.22,501.68
1787029200000,501.55,501.55,499.5,499.82
1787030100000,499.48,499.82,498.9,499.18
1787031000000,499.01,499.28,498.41,498.99
1787031900000,498.66,499.46,497.99,498.06
1787032800000,498.02,498.56,496.45,498.56
1787033700000,498.32,499.03,497.96,498.61
1787034600000,498.79,500.41,498.6,499.94
1787035500000,499.48,499.96,498.73,499.74
1787036400000,499.6,499.89,499.01,499.01
1787037300000,498.75,499.03,497.59,497.6
1787038200000,497.62,497.87,496.58,496.78
1787039100000,496.8,497.53,496.3,496.69
1787040000000,507.9,507.9,491.738,493.23
1787040900000,493.23,494.063,490.64,493.2
1787041800000,493.2,495.465,493.2,494.9
1787042700000,492.87,494.9,490.94,492.87
1787043600000,491.92,493.29,491.415,491.99
1787044500000,492.065,492.065,490.965,491.545
1787045400000,491.545,491.73,490.032,490.882
1787046300000,490.895,490.958,488.83,490.885
1787047200000,490.885,490.885,489.74,489.74
1787048100000,489.74,489.74,488.5,488.5
1787049000000,490.85,490.85,488.5,490.85
1787049900000,489.551,489.875,489.501,489.875
1787050800000,489.875,492.492,489.875,491.081
1787051700000,490.9,491.543,490.05,490.9
1787052600000,490.575,490.575,488.401,489.955
1787053500000,489.79,490.049,489.393,489.74
1787054400000,491,491.489,488.99,488.99
1787055300000,489.01,490.249,488.61,488.61
1787056200000,488.49,488.78,488.143,488.21
1787057100000,488.754,490.234,488.15,488.75
1787058000000,487.99,489.494,487.01,487.44
1787058900000,488.06,489.95,487.082,489.95
1787059800000,488.1,491.5,485.36,487.505
1787060700000,487,487.356,479.84,481.94
1787061600000,481.83,483.472,477.615,478.208
1787062500000,478.28,482.745,477.71,481.51
1787063400000,481.66,482.65,479,479
1787064300000,478.94,479.382,475.29,476.57
1787065200000,476.445,477.99,474.985,476.99
1787066100000,476.862,479.9,476.23,479.769
1787067000000,479.768,480.87,478.595,480.398
1787067900000,480.285,481.224,479.35,479.81
1787068800000,480.235,480.64,478.9,478.9
1787069700000,478.99,479.414,477.47,477.475
1787070600000,477.528,479.205,477.43,478.058
1787071500000,478.19,479.95,477.7,479.709
1787072400000,479.6,480.662,478.8,479.79
1787073300000,479.66,479.73,478.215,479.5
1787074200000,479.48,479.8,478.3,479.37
1787075100000,479.302,479.51,476.6,476.62
1787076000000,476.587,477.698,475.49,476.71
1787076900000,476.79,478.27,476.66,478.15
1787077800000,478.06,479.753,477.841,479.65
1787078700000,479.585,480.75,479.358,479.78
1787079600000,479.88,480.48,479.44,480.422
1787080500000,480.437,482.633,480.07,482.207
1787081400000,481.64,484.25,480.755,484.005
1787082300000,483.87,485.185,481.03,484.44
1787083200000,484.52,484.624,484.006,484.49
1787084100000,484.345,484.345,483.245,483.87
1787085000000,483.87,483.975,483.828,483.975
1787085900000,483.975,483.975,482.5,483.455
1787086800000,483.2,483.455,481.829,482.37
1787087700000,482.96,483.006,482.266,482.47
1787088600000,482.471,482.475,482.3,482.3
1787089500000,482.16,482.3,481.25,482.16
1787090400000,481.99,482.544,481.751,481.99
1787091300000,481.81,482.849,481.006,481.81
1787092200000,481,482.721,481,481
1787093100000,481.165,481.206,478.798,478.925
1787094000000,478.925,479.75,478,479
1787094900000,479,480.2,478.465,479.775
1787095800000,479.1,480.498,478.995,479.01
1787096700000,479.55,479.559,478.655,479.225
1787097600000,479.267,479.473,475.67,475.95
1787098500000,475.72,479.4,475.24,479.27
1787099400000,479.4,481.36,479.24,481.06
1787100300000,481.48,482.03,480.08,480.08
1787101200000,480.1,482.93,479.71,482.17
1787102100000,482.16,483.34,481.02,483.01
1787103000000,483.12,483.3,481.2,482.15
1787103900000,481.5,482.44,481.46,481.92
1787104800000,481.8,482.05,479.36,479.4
1787105700000,479.57,480.42,478.63,479.4
1787106600000,479.45,479.45,478.18,478.18
1787107500000,478.5,479.51,478.39,478.88
1787108400000,478.9,480.25,478.73,479.01
1787109300000,479.2,479.6,478.71,478.95
1787110200000,479.07,479.99,478.92,479.33
1787111100000,479.15,479.44,478.7,479.19
1787112000000,479.19,479.19,478.05,478.61
1787112900000,478.62,479.57,478.39,479.52
1787113800000,479.41,479.41,478,478.19
1787114700000,478.01,478.21,477.19,478.18
1787115600000,478.17,479.08,477.59,477.64
1787116500000,477.53,478.68,476.87,478.68
1787117400000,478.52,478.52,476.69,476.9
1787118300000,477,477,475.9,476.14
1787119200000,476.14,476.25,475.49,475.63
1787120100000,475.61,477.8,475.61,476.46
1787121000000,476.7,477.35,475.85,477.23
1787121900000,477.21,480.02,477.17,479.86
1787122800000,479.8,480.99,479.01,480.98
1787123700000,480.86,482.89,479.91,482.49
1787124600000,482.87,482.99,480.99,482
1787125500000,481.99,483.81,481.99,483.53
1787126400000,487.2,487.506,479.474,487.2
1787127300000,486.5,486.5,483.896,483.95
1787128200000,483.958,485.33,483.958,485.33
1787129100000,485.33,486.285,485.175,485.175
1787130000000,485.175,485.175,483.96,483.96
1787130900000,483.96,483.96,481.765,481.765
1787131800000,481.846,483.8,480.745,480.745
1787132700000,480.745,480.745,479.94,480.24
1787133600000,480.24,480.24,479.59,480.14
1787134500000,480.14,480.14,479.74,479.74
1787135400000,479.74,480.99,479.74,480.99
1787136300000,480.908,480.908,479.74,479.74
1787137200000,482.39,482.5,479.501,482.39
1787138100000,481.658,482.26,481.2,482.104
1787139000000,480,482.091,479.498,480
1787139900000,479.69,480,478.76,479.76
1787140800000,480,481.305,479.88,480.355
1787141700000,481.01,483.5,476.61,476.61
1787142600000,484.01,487.558,480.92,486
1787143500000,488.5,489.766,487.5,488.64
1787144400000,487.64,489.235,486.706,488.49
1787145300000,488.229,488.583,486.35,487.075
1787146200000,487.075,487.075,474.71,476.786
1787147100000,476.77,477.4,464.4,468.388
1787148000000,468.14,469.86,462.98,463.179
1787148900000,463.159,467.39,462.72,467.245
1787149800000,467.203,468.596,462.8,467.2
1787150700000,467.19,467.19,463.52,465.75
1787151600000,465.62,466.67,462.86,466.38
1787152500000,466.537,467.295,465.01,466.991
1787153400000,467.008,467.284,464.825,467.284
1787154300000,467.292,467.965,465.82,467.48
1787155200000,467.493,469.43,466.73,467.682
1787156100000,467.51,468.18,465.89,466.509
1787157000000,466.05,469.21,465.775,468.615
1787157900000,468.69,468.825,466.94,467.6
1787158800000,467.391,468,466.13,466.66
1787159700000,466.7,467.165,465.87,466.557
1787160600000,466.55,466.724,465.48,465.73
1787161500000,465.736,466.68,465.58,465.684
1787162400000,465.81,466.875,463.93,464.7
1787163300000,464.755,465.33,463.588,465.33
1787164200000,465.46,467.37,465.25,466.62
1787165100000,466.641,466.935,465.5,466.261
1787166000000,466.252,467.015,465.81,466.699
1787166900000,466.725,469.01,466.53,467.683
1787167800000,467.98,468.214,466.53,466.66
1787168700000,466.8,467.56,465.925,466.23
1787169600000,466.46,467.51,465.738,466.43
1787170500000,466.43,466.775,466.148,466.43
1787171400000,466.15,466.425,466.15,466.275
1787172300000,466.275,466.28,465.765,466.125
1787173200000,465.8,466.224,465.8,465.8
1787174100000,465.938,466.232,465.825,466.125
1787175000000,466.125,466.49,466.025,466.145
1787175900000,466.145,466.215,466.09,466.211
1787176800000,466.01,467.53,466.01,466.01
1787177700000,467,467.539,466.69,467.21
1787178600000,467.115,468.599,466.964,468.25
1787179500000,468.96,470.076,468.25,469.74
1787180400000,470.01,470.105,468.945,470
1787181300000,469.175,469.81,468.65,469.276
1787182200000,469.294,469.68,468.878,469.68
1787183100000,469.7,469.85,469.4,469.523
1787184000000,469.524,469.68,467.49,469.5
1787184900000,469.47,471.44,469.39,470.13
1787185800000,470.14,471.37,469.66,470.67
1787186700000,470.99,472.31,470.52,471.99
1787187600000,472.07,472.65,471.19,471.19
1787188500000,471.33,471.99,470.75,471.54
1787189400000,471.39,472.23,471.23,471.99
1787190300000,471.99,472.51,470.79,471.24
1787191200000,471.24,472.8,471.12,472.22
1787192100000,471.94,472.24,470.17,470.99
1787193000000,471.01,471.55,470.47,471
1787193900000,471.08,471.77,470.89,471.75
1787194800000,471.5,472.2,470.8,471.29
1787195700000,471.44,472,471.29,471.41
1787196600000,471.29,471.29,470.46,471.05
1787197500000,471.46,472.01,471.17,471.17
1787198400000,471.28,472.51,471.14,472.5
1787199300000,472.54,472.89,472.32,472.59
1787200200000,472.51,472.51,471.35,471.6
1787201100000,472.01,472.01,471.31,471.56
1787202000000,471.45,471.88,470.69,470.7
1787202900000,470.74,471.8,470.74,471.36
1787203800000,471.32,471.66,471.04,471.48
1787204700000,471.3,471.58,470.73,470.96
1787205600000,470.99,472.57,470.98,472.5
1787206500000,472.4,473.27,471.96,473.25
1787207400000,473.14,474.05,473.01,473.94
1787208300000,474.04,474.31,473.51,473.81
1787209200000,473.54,473.54,472.25,472.57
1787210100000,472.36,472.99,471.52,471.65
1787211000000,471.86,472.58,470.82,471.96
1787211900000,471.73,473.01,471.61,472.22
1787212800000,469.877,472.492,468.255,468.255
1787213700000,468.255,470.005,467.48,467.799
1787214600000,467.8,467.8,466.671,467.75
1787215500000,467.75,467.75,465.712,466.375
1787216400000,466.375,468.64,466.375,467.869
1787217300000,468.09,468.605,467.725,468.09
1787218200000,468.605,468.605,467.35,467.5
1787219100000,467.5,468.658,467.35,468.35
1787220000000,468.35,470.075,468.35,470.075
1787220900000,470.075,470.075,469.176,469.176
1787221800000,469.175,469.175,468.68,468.75
1787222700000,468.75,468.75,468.75,468.75
1787223600000,467.49,469.53,466.65,467.49
1787224500000,467.075,467.142,464.667,464.667
1787225400000,466.29,466.65,464.5,466.29
1787226300000,465.01,465.933,462.751,463.01
1787227200000,461.99,463.253,460.663,461.01
1787228100000,460.68,462.5,459.966,461
1787229000000,462.021,462.478,460.074,462.361
1787229900000,462.71,463.982,462,463.51
1787230800000,463.81,464.478,462.954,463.26
1787231700000,464.74,467.2,462.675,467.2
1787232600000,465.925,475.42,465.74,472.14
1787233500000,471.972,472.35,464.39,466.306
1787234400000,466.265,470.51,465,468.81
1787235300000,468.936,470.19,464.73,466.367
1787236200000,466,469.3,465.89,469.21
1787237100000,469,469.28,465.22,466.68
1787238000000,467.01,468.41,463.53,465.69
1787238900000,465.701,466.155,464.078,464.78
1787239800000,464.747,464.747,460.85,461.044
1787240700000,461.034,464.17,460.27,463.909
1787241600000,464.16,464.168,462.33,462.395
1787242500000,462.9,464.561,462.461,463.88
1787243400000,463.815,464.39,462.779,464.32
1787244300000,464.234,464.541,463.26,464.43
1787245200000,464.424,464.424,463.31,463.399
1787246100000,463.396,464.273,462,464.013
1787247000000,464.014,464.3,463.247,463.8
1787247900000,463.805,464.7,463.714,464.48
1787248800000,463.93,463.964,461.749,462.32
1787249700000,462.39,462.585,461.534,462.21
1787250600000,462.177,462.23,461.194,461.421
1787251500000,461.427,463.71,461.364,463.59
1787252400000,463.42,465.21,463.42,464.42
1787253300000,464.515,466.13,464.4,466.045
1787254200000,465.8,466.998,465.546,466.9
1787255100000,466.7,469.75,466.01,469.38
1787256000000,469.01,469.525,467.461,468.12
1787256900000,468,469,467.46,468.51
1787257800000,468.484,468.505,467.96,468.182
1787258700000,468.27,468.8,468.14,468.27
1787259600000,468.747,468.796,468.5,468.565
1787260500000,468.565,468.565,468.175,468.26
1787261400000,468.26,468.564,468.26,468.3
1787262300000,468,468.328,467.98,468
1787263200000,468.41,468.41,467.509,468.08
1787264100000,467.595,467.8,467.595,467.8
1787265000000,467.8,468.56,467.8,468.325
1787265900000,468.298,468.799,468.064,468.66
1787266800000,468.66,468.66,468.165,468.168
1787267700000,468.82,468.82,468.165,468.82
1787268600000,468.68,468.68,468.175,468.55
1787269500000,468.552,468.603,467.655,467.881
1787270400000,468.67,470.33,467.87,470.16
1787271300000,470.23,470.23,468.61,468.87
1787272200000,468.81,470.1,468.31,470.09
1787273100000,469.94,470.89,469.3,469.8
1787274000000,469.57,470.26,468.5,470.15
1787274900000,470.16,470.94,469.47,470.41
1787275800000,470.04,470.9,469.71,470.9
1787276700000,470.7,470.89,469.58,470.1
1787277600000,470.17,471.01,470.05,470.99
1787278500000,471.08,472,471.08,471.61
1787279400000,471.69,472.01,471.46,471.49
1787280300000,471.53,472.32,471.51,472.01
1787281200000,472.09,472.09,470.41,470.82
1787282100000,470.43,470.88,470.25,470.52
1787283000000,470.73,471,470.36,470.36
1787283900000,470.36,470.38,469.71,470.14
1787284800000,469.78,470.31,469.78,470.31
1787285700000,470.31,470.4,468.93,469.01
1787286600000,469.02,469.41,468.79,469.13
1787287500000,469.3,470.22,469.3,469.98
1787288400000,469.97,470.72,469.96,470.7
1787289300000,470.72,471.16,470.63,470.63
1787290200000,470.53,471.36,470.46,471.05
1787291100000,470.68,470.68,469.83,470.49
1787292000000,470.04,471.03,470.04,471.03
1787292900000,471.08,471.59,470.9,471.59
1787293800000,471.59,472,471.51,471.52
1787294700000,471.47,471.98,471.31,471.96
1787295600000,472,474.76,471.99,474.76
1787296500000,474.72,475,473.89,473.96
1787297400000,473.98,474.67,473.69,473.69
1787298300000,473.7,474.29,473.5,473.84
1787299200000,467.929,474.052,467.929,472.12
1787300100000,472.12,472.12,470,470.9
1787301000000,470.9,472.205,470.9,472.205
1787301900000,472.205,473.4,472.205,472.25
1787302800000,472.14,472.499,471.5,472.14
1787303700000,471.5,473,471.5,472.595
1787304600000,472.595,472.595,472.595,472.595
1787305500000,472.595,473.75,472.595,473.5
1787306400000,473.5,474.685,473.5,474
1787307300000,474,474,474,474
1787308200000,474,474,473.095,473.345
1787309100000,473.345,474.445,473.345,474
1787310000000,474,474.334,473.13,473.13
1787310900000,473.76,475.025,473.13,475.01
1787311800000,474.66,475.45,474.66,474.66
1787312700000,474.88,474.999,474.31,474.555
1787313600000,474.551,474.65,473.803,474.417
1787314500000,474,474.91,473.65,474.91
1787315400000,475.33,475.51,474.295,475.51
1787316300000,475.49,475.615,475.033,475.49
1787317200000,475.598,475.75,475,475.464
1787318100000,473.99,477.519,473.3,475.99
1787319000000,474.62,477.01,468.38,471.91
1787319900000,472.2,474.53,468.501,470.97
1787320800000,470.567,470.715,464.8,465.171
1787321700000,465.168,467.67,462.21,466.315
1787322600000,466.435,467.663,465.146,466.145
1787323500000,466.4,467.069,463.99,464.875
1787324400000,464.45,468.257,464.45,467.6
1787325300000,468.275,468.409,466.735,468.044
1787326200000,468.043,471.02,467.846,470.033
1787327100000,469.99,471.063,468.895,469.06
1787328000000,469.34,469.513,468.19,468.82
1787328900000,468.34,471,468.232,469.54
1787329800000,469.999,470.601,469.06,470.319
1787330700000,470.297,470.331,468.99,469.545
1787331600000,469.66,470.35,469.541,469.93
1787332500000,469.78,470.027,468.808,469.5
1787333400000,469.6,470.849,469.548,470.43
1787334300000,470.446,471.753,470.311,471.454
1787335200000,471.457,472.232,471.098,471.11
1787336100000,471.33,472.255,470.96,471
1787337000000,470.81,471.355,470.61,471.26
1787337900000,471.31,472.58,471.261,472.49
1787338800000,472.431,473,472.04,472.261
1787339700000,472.262,472.506,471.15,471.317
1787340600000,471.535,472.28,470.4,470.66
1787341500000,470.64,474.01,470.19,473
1787342400000,473.197,473.365,472.286,472.475
1787343300000,472.475,472.765,472.475,472.615
1787344200000,472.578,472.578,472.39,472.521
1787345100000,472.09,472.54,471.727,472.09
1787346000000,472.12,472.13,471.725,472.12
1787346900000,472.04,472.2,471.9,472.04
1787347800000,472,472.994,471.971,472.8
1787348700000,472.55,473.335,472.25,472.25
1787349600000,472.01,472.55,471.925,472.01
1787350500000,472.55,472.55,472.284,472.525
1787351400000,472.525,472.525,472.275,472.525
1787352300000,472.525,472.525,472.247,472.249
1787353200000,472.248,472.575,472.245,472.525
1787354100000,472.508,472.699,472.2,472.575
1787355000000,472.575,472.575,472.465,472.465
1787355900000,472.465,472.67,472.385,472.52
1787363100000,470.97,470.97,470.97,470.97
1787366700000,471.27,471.27,471.27,471.27
1787368500000,471.27,471.29,471.27,471.29
1787373000000,470.92,470.92,470.92,470.92
1787374800000,470.83,470.83,466.71,466.93
1787375700000,466.93,467.39,466.93,467.39
1787376600000,467.39,467.87,467.39,467.87
1787379300000,467.87,467.87,467.87,467.87
1787382900000,467.87,468.15,467.79,467.79
1787397300000,468.15,468.15,468.15,468.15
1787403600000,467.72,467.72,467.72,467.72
1787410800000,467.7,467.7,467.47,467.47
1787411700000,467.47,467.47,467.35,467.35
1787412600000,467.35,467.35,467.35,467.35
1787413500000,467.57,467.57,467.57,467.57
1787419800000,467.57,467.57,467.57,467.57
1787420700000,467.57,467.57,467.35,467.35
1787425200000,467.57,467.71,467.57,467.61
1787428800000,467.61,467.61,467.61,467.61
1787444100000,467.61,468.78,467.61,468.78
1787445000000,468.84,468.84,468.84,468.84
1787449500000,468.84,468.84,468.84,468.84
1787461200000,468.84,468.84,468.84,468.84
1787478300000,468.84,469.54,468.84,469.54
1787479200000,469.62,469.73,469.62,469.73
1787481900000,469.73,469.81,469.54,469.54
1787482800000,469.86,470.03,469.84,470.03
1787490900000,470.36,470.62,470.36,470.62
1787492700000,470.62,470.84,470.62,470.84
1787495400000,470.64,470.64,470.43,470.43
1787497200000,470.42,470.74,470.11,470.15
1787498100000,470.12,470.59,469.67,469.87
1787499000000,469.86,470.55,469.86,470.33
1787501700000,470.93,470.93,470.93,470.93
1787502600000,471.17,471.21,471.17,471.21
1787508000000,470.84,470.84,470.84,470.84
1787511600000,471.42,472.3,471.42,472.3
1787512500000,471.39,472.16,471.39,472.16
1787513400000,472.52,472.52,472.52,472.52
1787514300000,473.46,473.46,473.46,473.46
1787517000000,473.41,473.41,472.17,472.17
1787520600000,472.26,472.3,471.51,471.51
1787522400000,471.44,471.44,470.89,470.89
1787523300000,470.88,470.88,470.17,470.17
1787524200000,470.43,470.43,470.43,470.43
1787526000000,470.43,470.43,470.43,470.43
1787526900000,470.65,470.96,470.65,470.96
1787527800000,470.96,470.96,470.96,470.96
1787529600000,473.61,474.01,471.09,472.71
1787530500000,472.32,472.32,469.06,469.76
1787531400000,469.73,470.92,469.38,470.01
1787532300000,470.38,472.41,469.89,472.21
1787533200000,472.35,472.99,471.52,472.63
1787534100000,472.58,472.8,472.01,472.24
1787535000000,472.26,472.52,471.51,471.63
1787535900000,471.43,471.51,469.5,469.51
1787536800000,469.38,470.48,468.8,470.48
1787537700000,470.3,470.56,469.75,470.01
1787538600000,470,470.26,469.37,469.78
1787539500000,469.73,469.83,469,469.5
1787540400000,469.51,469.51,467.74,468.05
1787541300000,468,468,465.62,465.93
1787542200000,465.83,466.11,465.01,465.43
1787543100000,465.51,466,464.99,465.21
1787544000000,465.28,466.75,465.22,466.75
1787544900000,466.92,466.95,465.78,466.25
1787545800000,466.39,467.09,466.15,467.09
1787546700000,467.06,467.19,465.94,465.94
1787547600000,466.06,467.01,465.79,466.98
1787548500000,467,467,465.61,465.76
1787549400000,465.6,466.4,464.94,465.99
1787550300000,465.88,466,464.82,464.86
1787551200000,465.16,465.65,462.99,463.27
1787552100000,463.5,464.58,462.99,464.31
1787553000000,464.46,464.66,463.32,463.77
1787553900000,463.7,464.36,463.39,464.04
1787554800000,463.86,465.01,463.3,464.82
1787555700000,464.84,464.88,464.05,464.16
1787556600000,464.13,465,463.39,463.39
1787557500000,463.31,463.66,462.62,462.62
1787558400000,471.03,471.03,461.86,463
1787559300000,463,463.925,463,463.92
1787560200000,463.92,464.045,463.92,464.045
1787561100000,464.045,465.535,464.045,464.891
1787562000000,464.889,465.005,464.5,465.005
1787562900000,465.005,465.005,464.99,464.99
1787563800000,464.99,464.99,464.99,464.99
1787564700000,465.76,466.768,464.99,465.76
1787565600000,465.16,467.035,465.16,467.035
1787566500000,467.035,467.035,464.432,464.432
1787567400000,464.428,466.095,464.41,464.945
1787568300000,464.945,464.945,463.985,464.03
1787569200000,463.41,464.399,462.509,463.03
1787570100000,463.44,464.24,463.44,463.948
1787571000000,463.947,466.999,463.94,466.775
1787571900000,466.02,466.9,465.705,466.02
1787572800000,465.57,466.418,465.15,465.57
1787573700000,465.58,466.025,465.252,466.025
1787574600000,466.025,466.025,464.281,464.613
1787575500000,464.627,465.525,464.5,464.501
1787576400000,464.5,465.38,464.37,465.041
1787577300000,465.5,469.194,464.937,465.3
1787578200000,466.64,468.985,455.55,456.2
1787579100000,455.9,458.3,452.82,454.73
1787580000000,454.521,454.521,451,454.181
1787580900000,454.36,455.985,452.99,455.55
1787581800000,455.76,458.678,455.738,457.18
1787582700000,456.78,457.9,456.21,456.37
1787583600000,456.369,457.15,455.35,456.06
1787584500000,456.066,459.22,456.066,458.8
1787585400000,458.97,461.85,458.803,461.18
1787586300000,461.76,462.996,459.61,460.66
1787587200000,461.11,461.11,458.39,459.67
1787588100000,459.803,461.527,459.803,460.422
1787589000000,460.81,460.81,459.28,459.65
1787589900000,459.7,459.793,459,459.46
1787590800000,459,460.775,458.905,460.4
1787591700000,460.428,460.471,458.29,458.608
1787592600000,458.61,458.61,457.4,457.612
1787593500000,457.601,457.73,456.914,457.354
1787594400000,457.57,458.832,457.358,458.7
1787595300000,458.84,459.641,457.856,458.58
1787596200000,458.44,459.435,458.17,458.87
1787597100000,458.826,458.902,457.55,457.661
1787598000000,457.76,458.05,456.793,456.86
1787598900000,456.74,456.847,456.174,456.57
1787599800000,456.735,457.18,455.412,456.4
1787600700000,456.315,457.16,455.585,456.879
1787601600000,456.877,457.051,456.304,456.304
1787602500000,456.317,456.53,455.492,456.42
1787603400000,456.42,456.47,455.995,456.382
1787604300000,456.381,456.73,456.3,456.73
1787605200000,456.73,456.73,456.47,456.47
1787606100000,456.47,456.65,456.376,456.625
1787607000000,456.625,456.87,456.625,456.863
1787607900000,456.94,457.4,456.501,456.94
1787608800000,456.875,457.1,456.503,456.7
1787609700000,456.7,456.734,456.321,456.501
1787610600000,456.501,456.55,456.161,456.55
1787611500000,456.55,456.65,456.112,456.55
1787612400000,456.55,456.643,456.201,456.643
1787613300000,456.58,456.628,456.044,456.075
1787614200000,456.075,456.075,455.195,455.274
1787615100000,455.29,455.532,454.425,455.01
1787616000000,455.59,456.15,452.49,452.5
1787616900000,452.51,454.33,451.81,454.3
1787617800000,454.32,456.01,454.19,456
1787618700000,455.56,456.81,455.56,456.51
1787619600000,456.25,456.6,455.78,456.32
1787620500000,456.01,456.18,455.02,455.39
1787621400000,455.85,457.39,455.85,456.73
1787622300000,457.22,457.99,457.11,457.59
1787623200000,457.59,457.99,456.71,456.95
1787624100000,457,458.09,457,458
1787625000000,458,458.77,457.19,457.65
1787625900000,457.31,457.31,455.6,456.03
1787626800000,456.04,457.75,456.01,457.72
1787627700000,457.72,459.01,457.6,459
1787628600000,459,459.51,458.86,459
1787629500000,458.85,458.85,458,458.49
1787630400000,458.36,459.86,458.31,459.86
1787631300000,459.86,460.56,459.71,460.37
1787632200000,460.37,460.64,459.77,460.55
1787633100000,460.56,460.8,459.6,460
1787634000000,459.99,461,459.96,460.51
1787634900000,460.83,461.51,460.5,461.39
1787635800000,461.46,462.01,461.1,461.16
1787636700000,461.12,462.23,461.03,461.9
1787637600000,462.22,462.72,462,462.19
1787638500000,462.37,463.91,462.33,463.52
1787639400000,463.52,463.52,462.71,463
1787640300000,463.07,463.2,462.08,462.76
1787641200000,462.97,465.01,462.97,464.51
1787642100000,464.29,464.5,463.47,464.45
1787643000000,464.1,466.69,464.02,466.31
1787643900000,466.33,466.59,465.28,465.91
1787644800000,454.999,465.648,454.999,464.4
1787645700000,464.4,466.89,464.4,465.884
1787646600000,465.891,466.974,465.231,465.905
1787647500000,465.905,466.27,465,465
1787648400000,465.95,467.45,465,467
1787649300000,467.99,468.331,467.42,467.99
1787650200000,468.79,470.181,467.745,468.79
1787651100000,469.27,471.14,469.27,470.952
1787652000000,470.28,471.492,470.28,470.28
1787652900000,471.01,471.495,470.25,471.01
1787653800000,470.284,470.375,468.955,468.955
1787654700000,469.18,469.18,468.141,469.18
1787655600000,468.99,468.99,466.385,467.51
1787656500000,467.03,468.05,466.503,467.45
1787657400000,468.25,468.33,467.3,468.29
1787658300000,468.3,469.536,468.086,469.5
1787659200000,470,470.99,469,470.38
1787660100000,471.24,472.291,470.383,471.74
1787661000000,470.49,471.255,469.112,470.17
1787661900000,469.8,470.11,469.55,469.99
1787662800000,469.915,470.505,468.361,470.305
1787663700000,470.305,474.877,469.916,474.195
1787664600000,474.6,478.01,469.425,473.76
1787665500000,473.99,478.57,472,474.41
1787666400000,474.72,475.835,472.685,473.245
1787667300000,473.11,474.61,470.84,473.23
1787668200000,473.243,477.61,470.93,473.811
1787669100000,473.725,478.61,473.575,478.48
1787670000000,478.51,479.87,477.71,478.46
1787670900000,478.58,480.746,477.715,479.345
1787671800000,479.539,479.82,476.17,476.434
1787672700000,476.432,477.51,475.34,477.423
1787673600000,477.49,479.83,477.25,479.5
1787674500000,479.68,480.255,477.558,477.99
1787675400000,478.13,478.35,476.415,476.51
1787676300000,476.494,477.43,475.93,476.542
1787677200000,476.545,477.095,475.99,476.534
1787678100000,476.59,477.092,476.25,476.465
1787679000000,476.51,477.115,476.272,476.775
1787679900000,476.37,478.521,476.331,478.075
1787680800000,478.102,478.157,476.725,477.47
1787681700000,477.408,479.29,477.408,478.931
1787682600000,479.11,480.89,478.863,480.725
1787683500000,480.99,481.439,480.13,480.685
1787684400000,480.495,480.9,479.705,480.205
1787685300000,480.47,480.76,479.105,479.93
1787686200000,479.954,480.118,479.15,479.168
1787687100000,479.275,480.47,478,479.045
1787688000000,479.51,481.14,478.175,480.49
1787688900000,481.21,482.33,481.106,481.99
1787689800000,481.45,482,481.38,481.45
1787690700000,481.38,481.555,480.27,481.5
1787691600000,481.5,481.5,480.121,480.35
1787692500000,480.69,480.955,480.245,480.69
1787693400000,480.7,481.299,480.7,480.955
1787694300000,480.955,481.335,480.75,481.335
1787695200000,481.335,481.335,481.025,481.165
1787696100000,481.165,481.675,481.165,481.21
1787697000000,481.21,481.495,481.21,481.275
1787697900000,481.275,481.653,480.951,481.653
1787698800000,481.654,481.654,481.05,481.125
1787699700000,481.125,481.125,480.44,480.5
1787700600000,480.5,480.63,479.95,480.125
1787701500000,480,480.125,479.301,480
1787702400000,479.85,480.35,478.04,478.77
1787703300000,479.53,479.86,476.99,477.38
1787704200000,477.59,477.72,476.43,476.5
1787705100000,476.51,476.85,475.01,475.24
1787706000000,475.41,477.19,475.3,476.02
1787706900000,476.13,476.71,475.72,476.04
1787707800000,475.99,476.6,475.79,476.18
1787708700000,476.17,476.5,475.61,476.5
1787709600000,476.49,476.83,475.55,476.61
1787710500000,476.65,478.21,476.52,478.21
1787711400000,478.13,479.53,478.13,479.5
1787712300000,479.51,479.76,479.25,479.57
1787713200000,479.43,479.98,479.25,479.9
1787714100000,479.89,480,479.14,479.14
1787715000000,479.13,480.15,479,479.96
1787715900000,480.03,481.55,480.03,481.3
1787716800000,481.21,481.51,480.77,480.99
1787717700000,481.32,481.61,481.14,481.29
1787718600000,481.35,481.41,480.32,480.32
1787719500000,480.18,480.18,479.59,479.64
1787720400000,479.59,480.53,479.59,479.77
1787721300000,479.59,479.88,479.27,479.76
1787722200000,479.94,480.42,479.94,480.02
1787723100000,480.03,480.21,479.62,479.98
1787724000000,479.98,479.98,479.01,479.4
1787724900000,479.23,479.61,478.73,479.51
1787725800000,479.51,480.72,479.29,480.72
1787726700000,480.87,481.47,480.33,480.99
1787727600000,480.81,480.88,478.99,479.73
1787728500000,479.8,479.98,478.66,478.87
1787729400000,478.97,479,478.43,478.85
1787730300000,478.8,479.81,478.42,479.81
1787731200000,478.19,480.699,478.19,478.19
1787732100000,479.7,479.7,478.878,479.055
1787733000000,479.055,479.8,479.055,479.8
1787733900000,479.8,480.125,479.506,479.63
1787734800000,479.63,480.249,479.63,480.249
1787735700000,480.25,480.25,479.625,479.75
1787736600000,479.75,479.75,479.74,479.74
1787737500000,479.74,479.83,479.74,479.83
1787738400000,479.83,480.12,479.83,480.12
1787739300000,480.12,480.12,479.83,479.83
1787740200000,479.83,480.7,479.83,480.2
1787741100000,480.2,480.25,480.2,480.23
1787742000000,481.39,481.59,480.23,480.75
1787742900000,481.69,481.69,480.76,481.69
1787743800000,476.35,480.85,475.725,475.99
1787744700000,476.64,477.89,476.322,476.78
1787745600000,476.78,476.9,476.4,476.57
1787746500000,476.31,477.528,475.44,476.31
1787747400000,475.11,477.57,473.088,474.13
1787748300000,474.31,475.095,473.21,474.31
1787749200000,473.5,474.844,472.435,474.306
1787750100000,475.01,475.069,473.7,475.01
1787751000000,475.35,488.095,474.92,487.17
1787751900000,486.25,490.99,486.25,489.97
1787752800000,489.98,490.65,482.25,483.01
1787753700000,483.169,483.48,481.111,483.17
1787754600000,483.49,485.733,483.14,485.35
1787755500000,485.26,486.122,483.777,484.11
1787756400000,483.86,484.664,482.12,482.25
1787757300000,482.545,484.788,482.11,484.341
1787758200000,484.326,485.371,483.399,485.219
1787759100000,485.1,485.855,483.5,483.5
1787760000000,483.47,483.711,482.511,482.52
1787760900000,482.59,483.294,482.29,482.415
1787761800000,482.503,482.953,481.15,481.249
1787762700000,481.25,482.84,481.25,482.563
1787763600000,482.88,482.88,481.869,482.265
1787764500000,482.36,483.528,481.846,483.34
1787765400000,483.44,484.253,483.376,483.805
1787766300000,483.955,484.075,482.92,483.205
1787767200000,483.354,483.354,481.26,481.473
1787768100000,481.48,481.49,480.7,480.84
1787769000000,480.87,482.103,480.812,482.05
1787769900000,481.93,482.722,481.51,481.87
1787770800000,481.81,483.72,481.79,481.79
1787771700000,482.341,484.155,482.341,482.515
1787772600000,482,482.502,479.705,479.705
1787773500000,479.69,481.192,478.99,480.85
1787774400000,480.722,482.205,480.656,481.839
1787775300000,479.51,482.25,478.683,480.29
1787776200000,479.558,480.174,478.807,479.235
1787777100000,480.21,480.46,479.235,480.21
1787778000000,481,485.243,479.755,484.74
1787778900000,483.63,483.764,479.966,480
1787779800000,481.99,482.38,480.501,482.08
1787780700000,481.55,482.611,481.529,482.397
1787781600000,482.396,482.741,481.75,482.29
1787782500000,482.54,482.615,482.29,482.54
1787783400000,482.465,483.115,482.465,482.995
1787784300000,482.8,483.09,482.347,482.8
1787785200000,482.36,482.745,482.36,482.595
1787786100000,482.595,483.104,482.583,482.821
1787787000000,482.82,484.046,482.82,483.634
1787787900000,483.98,485.019,483.636,484.49
1787788800000,485.05,486.94,483.52,483.75
1787789700000,483.61,484.5,482.44,484.5
1787790600000,484.66,484.66,480.32,480.45
1787791500000,480.5,481.22,479.02,479.61
1787792400000,479.8,482.46,479.51,480.69
1787793300000,481,483.22,480.67,482.69
1787794200000,482.68,483.45,481.91,482.01
1787795100000,481.98,483.69,481.98,482.96
1787796000000,483,483.1,482.59,482.74
1787796900000,482.75,483.15,482.69,483.02
1787797800000,483.04,483.43,482.72,483.13
1787798700000,483.09,483.75,482.75,483.17
1787799600000,483.49,483.61,482.6,482.99
1787800500000,483.05,483.89,482.62,483.66
1787801400000,483.86,483.88,483.31,483.44
1787802300000,483.43,484.36,483.3,484.27
1787803200000,484.16,484.43,483.71,483.89
1787804100000,484.18,484.8,483.88,483.88
1787805000000,483.81,484.01,482.7,482.7
1787805900000,482.74,483.17,482.23,482.61
1787806800000,482.67,482.91,481.83,482.15
1787807700000,482.4,482.82,481.61,482.35
1787808600000,482.36,482.89,481.83,482.04
1787809500000,482.06,482.85,481.29,481.38
1787810400000,481.63,481.79,480.9,481.65
1787811300000,481.98,482.49,481.9,482.34
1787812200000,482.38,483.48,482.35,483.39
1787813100000,483.39,483.59,483.01,483.4
1787814000000,483.39,484.99,483.04,484.85
1787814900000,484.94,485.5,484.71,485.5
1787815800000,485.49,485.56,484.31,484.53
1787816700000,484.79,485.51,484.5,485.34
1787817600000,484.751,487.955,484.751,487.955
1787818500000,487.955,489.5,487,489.483
1787819400000,488.65,489.495,488.425,488.65
1787820300000,489.99,490.269,488.985,489.99
1787821200000,489.125,489.125,487.885,488.385
1787822100000,488.385,488.499,487.5,488.25
1787823000000,488.25,488.5,488.25,488.455
1787823900000,488.65,488.65,488.01,488.01
1787824800000,488.25,488.27,487.44,488.065
1787825700000,488.065,488.065,487.395,487.45
1787826600000,487.45,487.5,486.81,487.5
1787827500000,487.5,487.5,487.25,487.5
1787828400000,488.45,489.3,487.25,489.3
1787829300000,488.34,489.425,488.33,488.33
1787830200000,488.01,488.404,487.003,487.38
1787831100000,487,487.727,485.422,487
1787832000000,486.87,487.07,485.824,486.99
1787832900000,487.07,487.325,486.575,487.325
1787833800000,486.01,487.325,485.721,486.01
1787834700000,485.72,485.999,483.727,484.29
1787835600000,484.297,485.05,484.297,484.78
1787836500000,482.5,485.809,481.01,481.01
1787837400000,481.51,482.57,472.285,479.84
1787838300000,480.265,481.443,472.38,473.8
1787839200000,473.677,478.46,473.4,477.525
1787840100000,477.37,478.7,475.205,478.56
1787841000000,478.76,478.99,474.325,474.56
1787841900000,474.51,477.43,474.01,476.81
1787842800000,476.799,479.773,476.735,478.488
1787843700000,478.483,478.502,474.935,474.973
1787844600000,474.988,475.7,472.67,472.808
1787845500000,472.57,474.73,471.47,474.115
1787846400000,474.26,475.37,472.621,472.69
1787847300000,472.733,473.25,471.1,472.124
1787848200000,472.118,474.13,472,473.922
1787849100000,474.03,474.611,473.585,474.21
1787850000000,473.94,474.566,473.94,474.48
1787850900000,474.65,476.17,474.36,474.455
1787851800000,474.486,475.05,473.429,473.429
1787852700000,473.42,473.921,472.7,472.934
1787853600000,472.934,473.205,471.225,471.927
1787854500000,472.055,472.47,469.897,470.065
1787855400000,470.7,471.99,470.324,471.82
1787856300000,471.76,471.88,470.94,471.7
1787857200000,471.484,471.547,470.185,471.283
1787858100000,471.59,473.18,471.291,472.645
1787859000000,472.28,474.035,472.21,473.62
1787859900000,473.525,476.99,473.285,476.695
1787860800000,476.612,476.64,474.563,475.5
1787861700000,475.501,475.567,474.551,475.102
1787862600000,475.103,475.385,474.505,474.95
1787863500000,474.95,475.388,474.635,475.025
1787864400000,474.9,475.19,474.425,474.9
1787865300000,474.425,474.94,474.207,474.94
1787866200000,474.9,475,474.545,474.825
1787867100000,474.825,475.19,474.634,474.95
1787868000000,474.95,475.185,474.7,474.826
1787868900000,474.825,475.15,474.793,475.125
1787869800000,475.125,475.31,474.741,474.741
1787870700000,474.739,475.265,474.735,475.265
1787871600000,475.265,475.265,474.575,474.625
1787872500000,474.625,475,474.625,474.95
1787873400000,474.95,475,474.6,474.95
1787874300000,474.26,474.95,474.145,474.26
1787875200000,474.9,475.49,473.74,475.19
1787876100000,475.36,476.02,474.97,476.01
1787877000000,476.06,476.09,475.01,475.68
1787877900000,475.66,476.05,475.43,475.96
1787878800000,475.62,476.11,475.49,475.52
1787879700000,475.46,476.02,475.44,475.6
1787880600000,475.53,476.1,475.5,475.89
1787881500000,475.72,476.5,475.5,476.09
1787882400000,476.48,476.76,476.42,476.54
1787883300000,476.67,476.76,476.26,476.49
1787884200000,476.39,476.39,475.39,475.39
1787885100000,475.36,475.76,475.36,475.68
1787886000000,475.37,476.71,475.36,476.35
1787886900000,476.22,476.5,476.11,476.5
1787887800000,476.03,476.03,475.29,475.29
1787888700000,475.3,475.55,475.02,475.31
1787889600000,475.31,475.31,474.4,474.84
1787890500000,474.83,474.91,474.6,474.7
1787891400000,474.65,474.66,473.99,474.05
1787892300000,474.16,474.44,474.01,474.04
1787893200000,474.16,474.17,473.28,473.28
1787894100000,473.31,473.59,472.99,473.59
1787895000000,473.52,473.54,472.43,472.52
1787895900000,472.46,472.82,472.33,472.71
1787896800000,472.65,473.64,472.51,473.43
1787897700000,473.35,473.52,472.8,472.81
1787898600000,472.87,473.49,472.76,473.49
1787899500000,473.29,474.24,473.29,474.24
1787900400000,473.98,474.36,473.01,473.13
1787901300000,473.43,473.45,472.61,473.44
1787902200000,473.26,473.46,472.99,472.99
1787903100000,472.89,473.1,472.79,473.01
1787904000000,474.145,474.145,470.575,471.005
1787904900000,471.005,472.46,470.6,472.35
1787905800000,472.35,472.35,472.35,472.35
1787906700000,472.35,472.35,472.35,472.35
1787907600000,472.35,472.35,471.25,471.376
1787908500000,471.387,471.6,471.387,471.6
1787909400000,471.6,471.9,471.5,471.9
1787910300000,471.9,471.9,471.44,471.75
1787911200000,471.75,471.93,471.59,471.59
1787912100000,472.01,472.01,471.59,472.01
1787913000000,471.75,473.094,471.75,473.094
1787913900000,473.096,473.1,472,472.6
1787914800000,472.8,473.25,472.5,472.8
1787915700000,473.1,473.35,473.1,473.1
1787916600000,473.1,473.1,472.119,472.2
1787917500000,472.2,472.35,471.605,471.605
1787918400000,471.68,471.95,471,471.68
1787919300000,471.59,472.6,471.45,472.6
1787920200000,472.6,472.6,471.25,472.26
1787921100000,472.16,472.515,472,472.03
1787922000000,472.472,472.695,471.765,472.264
1787922900000,472.246,472.85,471.775,472.85
1787923800000,472.51,476.61,469.905,472.84
1787924700000,473.2,476.33,472.976,474.35
1787925600000,474.24,476.59,471.237,472
1787926500000,472.138,476.8,472.138,475.78
1787927400000,475.79,477.84,474.836,476.83
1787928300000,476.375,478.57,475.93,477.815
1787929200000,478.26,478.685,475.397,475.92
1787930100000,475.979,476.208,473.83,475.05
1787931000000,475.054,475.156,471.43,471.447
1787931900000,471.453,471.625,467.305,467.815
1787932800000,467.655,469.6,465.731,468.39
1787933700000,468.18,469.03,466.99,468.71
1787934600000,468.802,469.117,466.99,467.915
1787935500000,467.948,472.34,467.948,471.79
1787936400000,471.5,471.824,469.21,471.77
1787937300000,471.44,472.016,470.37,470.91
1787938200000,470.994,471.857,470.899,471.461
1787939100000,471.481,473.366,471.371,471.532
1787940000000,471.53,471.803,470.268,470.268
1787940900000,470.263,470.774,469.64,469.646
1787941800000,469.74,470.57,469.47,470.28
1787942700000,469.86,470.221,468.665,468.95
1787943600000,468.89,469.86,467.59,468.687
1787944500000,468.704,469.88,468.235,469.819
1787945400000,469.115,469.901,468.75,469.86
1787946300000,469.99,470.98,465.28,465.6
1787947200000,466.2,466.4,465.5,465.61
1787948100000,466.69,467.398,466.026,467.01
1787949000000,466.74,466.869,466,466.65
1787949900000,466.78,466.97,466.567,466.78
1787950800000,466.97,467.04,466.42,466.806
1787951700000,466.806,466.806,466.25,466.475
1787952600000,466.475,466.475,466.14,466.14
1787953500000,466.14,466.86,466.14,466.45
1787954400000,466.449,466.469,466.17,466.445
1787955300000,466.445,466.445,466.1,466.2
1787956200000,466.2,466.2,465.975,465.975
1787957100000,465.93,466.125,465.93,465.93
1787958000000,466.125,466.242,466.125,466.242
1787958900000,466.255,466.32,466.075,466.275
1787959800000,466.275,466.31,465.87,466.15
1787960700000,466.09,466.183,466.025,466.09
1787961600000,466.025,466.025,466.025,466.025
1787963400000,465.38,465.38,465.38,465.38
1787987700000,466.25,466.25,465.48,465.48
1787990400000,466.58,466.84,466.58,466.84
1787991300000,466.52,466.52,466.52,466.52
1787993100000,466.87,466.95,466.87,466.95
1788003000000,466.64,466.64,466.06,466.06
1788015600000,466.3,466.3,464.82,465.83
1788016500000,465.63,465.84,464.91,465.36
1788017400000,465.36,465.46,465.24,465.46
1788018300000,465.32,465.46,465.32,465.46
1788020100000,465.57,465.71,465.19,465.19
1788021000000,465.17,465.17,465.17,465.17
1788021900000,465.71,465.71,465.71,465.71
1788022800000,465.17,465.17,465.17,465.17
1788023700000,465.73,465.96,465.73,465.96
1788026400000,465.96,465.96,465.96,465.96
1788027300000,465.96,466,465.96,466
1788029100000,466,466.56,466,466.4
1788030000000,466.42,466.63,466.42,466.63
1788030900000,466.67,466.67,466.67,466.67
1788031800000,466.38,466.68,466.38,466.68
1788032700000,466.38,467.25,466.38,467.25
1788033600000,467.03,467.28,467.03,467.28
1788034500000,467.03,468.43,467.03,468.43
1788035400000,468.07,468.07,468.07,468.07
1788050700000,468.45,468.66,468.07,468.44
1788056100000,468.53,468.83,468.53,468.83
1788073200000,468.89,469.78,468.89,469.78
1788081300000,469.53,469.53,469.22,469.22
1788092100000,469.28,469.51,469.05,469.05
1788093000000,469.53,469.53,469.53,469.53
1788102000000,469.15,469.15,468.86,468.86
1788102900000,468.79,468.79,467.89,467.89
1788104700000,468.12,468.12,468.12,468.12
1788105600000,468.13,468.22,468.13,468.22
1788116400000,468.22,469.4,468.22,469.4
1788122700000,469.16,469.16,469.03,469.03
1788125400000,469.03,469.03,468.8,468.8
1788127200000,468.8,468.8,467.61,467.61
1788134400000,462.16,465.64,460,463.55
1788135300000,463.35,464.49,463,464.14
1788136200000,464.01,465.01,463.95,464.1
1788137100000,463.94,464.1,462.19,462.71
1788138000000,461.99,462.6,460.99,461.99
1788138900000,461.99,462.8,461.49,462.6
1788139800000,462.49,462.76,461.59,461.99
1788140700000,461.91,462.08,461.52,461.99
1788141600000,461.98,463.24,461.98,463
1788142500000,463.19,463.19,461.61,462.45
1788143400000,461.91,462.02,460.99,461.51
1788144300000,461.76,462.53,461.21,462.53
1788145200000,462.61,463.09,462.32,462.79
1788146100000,462.79,463.09,462.45,462.79
1788147000000,462.54,462.99,462.4,462.4
1788147900000,462.27,462.55,462.25,462.52
1788148800000,462.5,462.72,462.32,462.72
1788149700000,462.6,462.67,462.36,462.44
1788150600000,462.42,463.66,462.03,463.56
1788151500000,463.6,464.9,463.25,464.59
1788152400000,464.63,465.16,464.31,465
1788153300000,465.08,467.31,465.02,467.09
1788154200000,467.09,467.37,466.33,466.8
1788155100000,466.81,467.38,466.33,467.25
1788156000000,467.36,469.47,466.98,469.31
1788156900000,469.44,471.01,469.44,469.62
1788157800000,469.65,470.01,469.4,469.85
1788158700000,469.98,470.78,469.98,470.14
1788159600000,470.02,470.49,469.43,469.49
1788160500000,469.37,469.74,469.25,469.41
1788161400000,469.4,469.65,468.86,468.99
1788162300000,469.36,469.96,466.025,469.96
1788163200000,466.483,470.9,466.483,469.84
1788164100000,469.84,469.84,469.11,469.637
1788165000000,469.639,469.65,468.89,468.89
1788165900000,468.89,468.89,468.35,468.35
1788166800000,468.35,469.314,467.485,467.773
1788167700000,467.772,469.315,467.77,469.315
1788168600000,469.315,469.315,467.918,467.918
1788169500000,467.08,467.905,466.375,467.08
1788170400000,466.505,466.505,465.97,465.97
1788171300000,465.97,467.12,465.97,467.12
1788172200000,467.12,467.12,466.57,467.02
1788173100000,467.02,467.02,467.02,467.02
1788174000000,465.85,467.02,465.81,465.85
1788174900000,465.81,467.125,465.81,466.27
1788175800000,466.27,467.62,466.15,467.31
1788176700000,465.75,467.31,465.75,465.75
1788177600000,466.29,467.019,465.795,466.29
1788178500000,465.795,467.5,464.935,465.801
1788179400000,465.784,465.784,464.9,464.9
1788180300000,464.9,464.9,463.683,464.605
1788181200000,464.605,464.94,464.169,464.94
1788182100000,465.51,466.614,464.29,465.51
1788183000000,465.47,475.63,464.05,468.95
1788183900000,468.986,471.6,468.77,471.169
1788184800000,471.47,473.78,468.276,469.84
1788185700000,470.2,471,467.75,467.915
1788186600000,467.55,469.939,467.42,468.8
1788187500000,468.7,469.428,467.853,469.15
1788188400000,468.655,469.217,466.25,466.87
1788189300000,466.49,468.25,466.369,467.75
1788190200000,467.5,467.623,465.74,466.14
1788191100000,466.32,466.72,465.6,465.75
1788192000000,465.89,466.361,465.283,466.242
1788192900000,466.255,467.753,466.011,467.753
1788193800000,467.64,468.449,467.31,467.99
1788194700000,467.99,469.2,467.7,469.2
1788195600000,469.31,469.52,468.43,468.43
1788196500000,468.51,468.544,467.57,467.82
1788197400000,467.81,468.699,466.99,468.5
1788198300000,468.54,469.1,468.27,468.27
1788199200000,468.74,469.289,468.409,468.875
1788200100000,468.76,469.66,468.631,468.9
1788201000000,468.792,469.007,466.87,467.533
1788201900000,467.63,468.01,467.19,467.36
1788202800000,467.51,467.917,467.146,467.46
1788203700000,467.48,469.029,467.394,468.45
1788204600000,468.715,469.61,468.204,469.34
1788205500000,469.34,471.7,468.6,470.953
1788206400000,470.919,470.919,469.603,470.485
1788207300000,470.485,470.625,470.25,470.5
1788208200000,470.5,470.5,470.35,470.405
1788209100000,470.405,470.5,470.105,470.5
1788210000000,470.5,470.65,470.5,470.587
1788210900000,470.572,470.572,470.385,470.385
1788211800000,470.385,471.1,470.385,471.1
1788212700000,471.1,471.1,470.4,470.55
1788213600000,470.29,470.55,470.19,470.19
1788214500000,470.295,470.405,470.2,470.405
1788215400000,470.405,470.405,470.225,470.3
1788216300000,470.3,470.405,470.205,470.205
1788217200000,470.205,470.405,470.205,470.295
1788218100000,470.295,470.295,469.55,469.55
1788219000000,469.55,470.045,469.342,470.045
1788219900000,470.045,470.115,469.81,469.89
1788220800000,469.79,469.87,469.06,469.34
1788221700000,469,469.91,468.58,469.39
1788222600000,469.59,470.01,468.94,469.86
1788223500000,469.81,469.9,469.49,469.67
1788224400000,470.01,470.4,469.78,470.01
1788225300000,470.26,470.41,469.39,469.39
1788226200000,469.4,470.43,469.4,469.98
1788227100000,470.05,470.25,469.55,469.88
1788228000000,469.74,470,469.34,469.61
1788228900000,469.49,469.68,468.85,468.98
1788229800000,469.02,469.13,467.84,467.88
1788230700000,467.86,469.19,467.81,469.19
1788231600000,469.03,469.2,468.91,469
1788232500000,469,469,468.47,468.79
1788233400000,468.86,469.18,468.8,469.17
1788234300000,468.93,469.21,468.93,469.21
1788235200000,469.29,469.56,469.29,469.4
1788236100000,469.39,469.8,469.29,469.44
1788237000000,469.67,469.81,469.2,469.24
1788237900000,469.4,469.8,469.39,469.4
1788238800000,469.38,469.46,468.98,468.98
1788239700000,468.94,469.4,468.91,469.4
1788240600000,469.75,471.48,469.7,471.48
1788241500000,471.32,472.44,471.13,472.27
1788242400000,472.21,472.51,471.47,471.98
1788243300000,471.83,471.88,471.02,471.02
1788244200000,471.14,471.56,470.99,471.56
1788245100000,471.55,471.56,470.75,471.09
1788246000000,471.38,472.24,471.38,472.23
1788246900000,472.05,472.66,472.05,472.66
1788247800000,472.53,472.53,469.98,469.98
1788248700000,470.08,470.2,469.37,469.41
1788249600000,468.15,470.257,466.56,468.15
1788250500000,468.13,468.13,466.495,466.495
1788251400000,466.495,466.495,466.495,466.495
1788252300000,465,466.495,465,465
1788253200000,465.295,465.5,463.25,464.5
1788254100000,463.01,464.5,462.66,463.01
1788255000000,462.66,464.076,462.66,464.075
1788255900000,464.075,464.43,463.6,463.6
1788256800000,463.6,464.255,462.945,462.945
1788257700000,462.945,464.13,462.945,463.625
1788258600000,463.625,464.11,463.422,463.709
1788259500000,463.71,463.71,462.45,462.65
1788260400000,462,462.777,461.599,462
1788261300000,462.4,462.544,461.85,462.44
1788262200000,462.4,463.3,462.4,463.045
1788263100000,463.045,463.093,461.254,461.5
1788264000000,460.92,461.786,460.696,461.04
1788264900000,461.24,461.725,460.577,461.24
1788265800000,460.93,461.453,460.163,460.61
1788266700000,460.81,461.439,460.291,460.81
1788267600000,460.5,460.871,458.594,458.67
1788268500000,458.619,460.118,458.524,460.004
1788269400000,459.99,460.59,453.25,454.45
1788270300000,454.54,459.55,454.359,458.529
1788271200000,458.74,459.18,454.935,455.16
1788272100000,455.4,456.44,452.37,452.53
1788273000000,453.05,456.373,452.553,456.26
1788273900000,456.68,458.03,456.01,457.24
1788274800000,457.154,458.282,456.53,457.348
1788275700000,457.312,458.8,456.78,458.624
1788276600000,458.8,459.79,458.21,459.79
1788277500000,459.95,461.448,459.75,459.8
1788278400000,459.84,460.231,459.33,459.61
1788279300000,459.5,459.821,456.04,456.9
1788280200000,456.79,457.3,455.19,456.67
1788281100000,456.49,459.073,456.393,458.905
1788282000000,458.845,458.845,457.14,457.33
1788282900000,457.5,457.61,455.51,456.5
1788283800000,456.885,457.4,456.753,456.838
1788284700000,456.839,456.839,455.14,455.647
1788285600000,455.7,456.142,454.678,454.845
1788286500000,454.85,455.502,454.465,454.87
1788287400000,454.94,455.61,453.99,454
1788288300000,453.88,456.52,453.859,456.28
1788289200000,456.44,459.21,456.15,459.21
1788290100000,459.29,460.33,458.06,460.33
1788291000000,460.275,460.36,458.61,459.64
1788291900000,459.65,460.5,457.8,459.725
1788292800000,459.693,459.693,458.707,459.675
1788293700000,459.675,460.682,459.675,460.16
1788294600000,460.16,460.56,460.16,460.56
1788295500000,460.56,460.916,460.2,460.35
1788296400000,460.27,460.35,459.616,460.27
1788297300000,459.696,460.049,459.609,459.856
1788298200000,459.854,460.065,459.631,459.805
1788299100000,459.805,459.84,459.691,459.8
1788300000000,459.8,459.836,459.495,459.495
1788300900000,459.495,459.62,458.681,459.62
1788301800000,459.62,459.625,459.338,459.5
1788302700000,459.5,459.5,459.022,459.375
1788303600000,459.375,459.4,459.346,459.4
1788304500000,459.01,459.4,457.725,458.76
1788305400000,459.025,459.937,459.025,459.508
1788306300000,459.519,459.8,459.271,459.271
1788307200000,459.13,460.29,458.64,460.21
1788308100000,460.2,461.08,460.15,460.15
1788309000000,460.15,460.89,459.99,460.27
1788309900000,460.27,460.62,459.42,459.42
1788310800000,459.38,460.07,459,459.03
1788311700000,459.14,459.64,459.02,459.55
1788312600000,459.37,459.58,458.25,458.29
1788313500000,458.18,458.32,457.21,458.07
1788314400000,458,458.01,457.2,457.75
1788315300000,458.13,458.82,458.13,458.5
1788316200000,458.24,458.35,457.85,458.35
1788317100000,458.55,458.55,458.05,458.23
1788318000000,458.38,458.38,457.49,457.94
1788318900000,457.89,458.08,457.76,457.86
1788319800000,457.76,457.84,457.36,457.66
1788320700000,457.45,457.61,457.33,457.35
1788321600000,457.35,457.46,457,457.17
1788322500000,457.12,457.42,456.85,456.85
1788323400000,456.83,457.24,456.4,457.02
1788324300000,457.02,457.2,457.02,457.08
1788325200000,457,457.08,456.68,457.07
1788326100000,457.2,457.86,457.2,457.86
1788327000000,457.86,458.01,457.14,457.21
1788327900000,457.8,457.91,457.06,457.18
1788328800000,457.24,457.31,456.84,457.01
1788329700000,456.84,456.84,456.19,456.19
1788330600000,456.38,457.99,455.83,457.64
1788331500000,457.45,457.46,456.66,456.99
1788332400000,457.4,459.63,457.4,459.62
1788333300000,459.4,459.99,458.79,458.79
1788334200000,458.79,458.79,458.05,458.06
1788335100000,458.01,458.01,457.32,457.51
1788336000000,459.271,459.271,457,457.235
1788336900000,457.268,457.95,456.617,457.3
1788337800000,457.291,457.635,457.25,457.29
1788338700000,457.29,457.29,454.145,455.07
1788339600000,455.07,456.325,455.07,455.28
1788340500000,455.28,455.48,455.005,455.28
1788341400000,455.28,455.28,453.526,453.73
1788342300000,453.73,453.751,453.43,453.64
1788343200000,453.64,453.64,453.14,453.47
1788344100000,453.47,453.725,453.47,453.725
1788345000000,453.937,455,453.937,455
1788345900000,455,455,454,454.383
1788346800000,454.402,455.056,453.28,454.61
1788347700000,455.39,456.006,454.61,455.99
1788348600000,456,456.65,455.705,456.05
1788349500000,456.05,456.25,455.325,456.25
1788350400000,456.25,457.22,456.15,457.12
1788351300000,458.11,458.19,456.491,458.19
1788352200000,457.467,457.8,456.331,456.331
1788353100000,456.325,456.325,455.381,455.46
1788354000000,455.502,456.826,455.502,456.581
1788354900000,457.2,459.695,456.219,459.24
1788355800000,459.52,461.41,455.93,458.52
1788356700000,459.09,459.8,452.45,453.17
1788357600000,453.16,457.24,452.37,456.845
1788358500000,456.862,461.18,456.862,461.007
1788359400000,461.1,462.17,458.88,459.21
1788360300000,458.99,459.205,456.01,456.39
1788361200000,456.5,457.06,454.99,456.58
1788362100000,456.5,459.225,456.5,459.05
1788363000000,459.154,459.72,458.199,458.719
1788363900000,458.75,459.035,457.552,458.64
1788364800000,458.6,459.346,458.041,458.99
1788365700000,459.28,459.35,457.25,457.25
1788366600000,457.445,457.684,456.5,456.59
1788367500000,457,457.256,456.43,456.99
1788368400000,457.08,458.415,456.464,456.91
1788369300000,457.1,457.47,456.53,457.395
1788370200000,457.4,457.464,456.75,457.275
1788371100000,457.63,457.669,456.67,457.01
1788372000000,457.035,457.13,455.49,455.68
1788372900000,455.82,456.925,455.63,456.3
1788373800000,456.345,457.01,456.063,456.279
1788374700000,456.23,457.046,456.08,456.99
1788375600000,456.695,457.33,456.434,457.23
1788376500000,457.23,457.29,456.178,456.91
1788377400000,456.65,456.819,455.981,456.16
1788378300000,456.207,457.49,455.985,456.5
1788379200000,457.032,457.25,456.827,456.95
1788380100000,456.64,456.95,455.398,455.68
1788381000000,456.194,456.285,455.754,456.011
1788381900000,456.01,456.249,455.81,456.005
1788382800000,456.005,456.333,455.805,456.333
1788383700000,456.7,457,455.813,457
1788384600000,457,457.255,456.84,457
1788385500000,457.005,457.37,457.002,457.002
1788386400000,456.49,456.986,456.255,456.49
1788387300000,456.78,456.82,456.606,456.82
1788388200000,456.754,456.755,456.61,456.61
1788389100000,456.61,456.61,456.099,456.25
1788390000000,456.25,456.753,456.145,456.145
1788390900000,456.145,456.45,456.145,456.447
1788391800000,456.19,456.45,456.15,456.24
1788392700000,456.201,456.805,456.04,456.7
1788393600000,457.99,458,454.97,455.67
1788394500000,455.34,455.37,454.56,455.11
1788395400000,455.25,456.01,455.03,456.01
1788396300000,455.76,455.87,455.18,455.25
1788397200000,455.81,456.5,455.81,456.5
1788398100000,456.7,457.51,456.21,456.68
1788399000000,456.64,457.19,456.5,456.5
1788399900000,456.35,456.51,455.49,455.5
1788400800000,455.51,456.49,455.51,456.45
1788401700000,456.44,456.44,456.36,456.36
1788402600000,456.59,456.75,456.3,456.31
1788403500000,456.35,456.77,456.21,456.46
1788404400000,456.32,456.94,456.27,456.94
1788405300000,457,458.01,457,457.99
1788406200000,457.9,458.02,457.68,458
1788407100000,457.88,458.21,457.69,458
1788408000000,458.1,458.97,458.09,458.49
1788408900000,458.5,458.74,458.11,458.11
1788409800000,458.34,458.39,457.84,457.86
1788410700000,457.84,457.89,457.24,457.24
1788411600000,457.26,457.26,455.8,455.8
1788412500000,456.01,456.05,453.63,454.39
1788413400000,454.55,455.63,454.43,455.34
1788414300000,455.4,456.18,454.94,456.18
1788415200000,456.25,456.95,456.06,456.09
1788416100000,456.09,456.22,456.09,456.19
1788417000000,456.28,456.53,456.14,456.53
1788417900000,456.53,456.55,456.13,456.14
1788418800000,456.3,457.99,456.11,457.85
1788419700000,457.5,457.73,456.99,457.31
1788420600000,457.14,458.19,457.11,458.1
1788421500000,457.98,458,456.74,457.19
1788422400000,456.798,458.875,456.798,458.159
1788423300000,458.09,458.674,457.545,457.545
1788424200000,457.545,457.545,456.315,456.899
1788425100000,456.9,457.545,456.895,456.9
1788426000000,456.898,456.9,456.895,456.9
1788426900000,456.9,456.9,455.49,455.705
1788427800000,455.72,455.945,455.5,455.645
1788428700000,455.645,455.695,454.732,454.732
1788429600000,454.731,455.95,454.51,454.51
1788430500000,454.51,455.7,454.51,454.715
1788431400000,454.715,456.091,454.32,454.32
1788432300000,454.32,454.425,454.215,454.303
1788433200000,454.306,454.869,453.965,454.35
1788434100000,454.35,454.776,454.15,454.494
1788435000000,454.508,454.575,453.645,454.5
1788435900000,454.5,454.5,453.17,453.26
1788436800000,453.26,453.978,453.11,453.283
1788437700000,453.281,453.812,452.807,453.595
1788438600000,453.98,455.285,453.482,454.67
1788439500000,454.67,455.99,454.541,455.819
1788440400000,455.82,455.825,454.127,455.15
1788441300000,455.15,455.395,452.96,453.508
1788442200000,453.549,453.61,440.635,447.57
1788443100000,447.693,449.88,446.893,447.25
1788444000000,447.247,447.247,444.47,446.827
1788444900000,446.829,452.83,446.829,451.626
1788445800000,451.616,451.89,449.995,450.798
1788446700000,450.787,454.15,449.6,453.998
1788447600000,453.999,456.203,453.999,455.813
1788448500000,455.82,456.99,454.593,456.775
1788449400000,456.779,457,455.94,456.321
1788450300000,456.307,457.5,455.674,457.093
1788451200000,457.095,458.26,456.505,457.956
1788452100000,457.964,459.74,457.869,458.02
1788453000000,458.035,459.61,457.113,459.387
1788453900000,459.397,459.458,458.5,458.568
1788454800000,458.567,458.612,456.785,457.229
1788455700000,457.234,458.34,457.193,458.125
1788456600000,458.131,458.42,457.39,457.646
1788457500000,457.671,457.998,457.375,457.653
1788458400000,457.656,458.955,457.426,457.553
1788459300000,457.553,457.73,456.795,457.179
1788460200000,457.183,457.84,456.22,456.472
1788461100000,456.476,457.67,456.476,457.402
1788462000000,457.41,458.09,456.053,456.663
1788462900000,456.692,456.99,456.243,456.872
1788463800000,456.865,456.955,455.513,455.868
1788464700000,455.869,456.27,454.569,456.121
1788465600000,456.131,456.19,455.5,455.925
1788466500000,455.925,455.982,455.645,455.789
1788467400000,455.811,455.925,455.685,455.7
1788468300000,455.7,455.996,455.258,455.575
1788469200000,455.575,455.575,455.426,455.426
1788470100000,455.426,455.734,455.425,455.477
1788471000000,455.476,455.746,455.475,455.625
1788471900000,455.625,455.705,455.545,455.55
1788472800000,455.575,455.69,454.69,455.194
1788473700000,455.195,455.512,455.195,455.3
1788474600000,455.3,455.475,455.1,455.195
1788475500000,455.195,455.423,455.025,455.375
1788476400000,455.375,455.5,455.075,455.2
1788477300000,455.2,455.271,455.05,455.167
1788478200000,455.151,455.365,455.045,455.045
1788479100000,455.2,455.249,455.079,455.175
1788480000000,455.97,458.48,455,455.75
1788480900000,455.61,456.5,455.54,456.5
1788481800000,456.55,456.87,456.36,456.87
1788482700000,456.9,457.3,456.9,456.98
1788483600000,456.92,457.22,456.61,456.93
1788484500000,456.94,457.6,456.63,457.37
1788485400000,457.51,457.84,457.42,457.72
1788486300000,457.72,457.72,457.01,457.42
1788487200000,457.39,457.73,457.26,457.73
1788488100000,457.69,457.85,457.3,457.72
1788489000000,457.71,457.95,457.31,457.36
1788489900000,457.36,458.17,457.36,458.14
1788490800000,458.14,458.19,457.82,457.82
1788491700000,457.95,458.46,457.9,458.01
1788492600000,458.02,458.81,458.02,458.21
1788493500000,458.18,458.36,458.1,458.32
1788494400000,458.3,459.1,457.82,459.1
1788495300000,458.89,459.21,458.8,458.99
1788496200000,458.99,459.09,458.71,458.88
1788497100000,458.88,459.16,458.88,459.06
1788498000000,459.1,459.31,459.01,459.29
1788498900000,459.1,460.7,459.1,460.64
1788499800000,460.6,460.65,459.7,459.7
1788500700000,459.7,460.01,459.28,460.01
1788501600000,459.88,461.12,459.75,461.12
1788502500000,461.02,461.05,460.42,460.67
1788503400000,460.62,460.68,459.83,459.91
1788504300000,459.76,459.88,459.27,459.38
1788505200000,459.41,462.01,459.41,461.74
1788506100000,461.79,462.7,461.61,462.46
1788507000000,462.45,462.71,462.09,462.57
1788507900000,462.58,462.85,462.46,462.71
1788508800000,455.187,464.745,455.187,463.91
1788509700000,463.91,464.461,463.6,464
1788510600000,464,464.427,463.624,463.751
1788511500000,463.75,463.75,462.845,463.75
1788512400000,463.75,463.765,462.845,462.845
1788513300000,462.845,463.4,462.845,463
1788514200000,463,463.91,462.98,463.681
1788515100000,463.68,464.5,463.68,464.265
1788516000000,464.265,465,464.25,464.25
1788516900000,464.25,464.845,463.82,464.518
1788517800000,464.514,464.826,464.16,464.473
1788518700000,464.477,464.495,463.975,464.245
1788519600000,464.245,464.245,461.911,462.7
1788520500000,462.7,463.546,462.5,462.898
1788521400000,462.894,463.493,462.875,463.493
1788522300000,463.495,463.697,463.227,463.655
1788523200000,463.655,463.655,462.922,463.624
1788524100000,463.604,464.59,463.5,464.449
1788525000000,464.457,464.463,459.63,461.156
1788525900000,461.145,461.243,459.176,460.67
1788526800000,460.67,461.128,460.082,460.7
1788527700000,460.7,463.78,460.692,461.21
1788528600000,462,468.47,458,465.033
1788529500000,465.0282,471,464.5255,470.43
1788530400000,470.13,473.88,469.7901,473.71
1788531300000,473.8,473.9098,466.43,469.14
1788532200000,469.24,470.7295,468.18,468.3801
1788533100000,468.53,472.96,467.2,472.84
1788534000000,472.79,473.1,470.36,471.44
1788534900000,471.52,471.57,469.18,469.75
1788535800000,469.8,471.09,468.82,470.7089
1788536700000,470.71,470.84,469.12,470.7
1788537600000,470.73,474.3,470.56,474.045
1788538500000,474.02,474.26,471.5101,472.7275
1788539400000,472.84,475.55,472.7343,475.2415
1788540300000,475.3,477.2,474.86,476.915
1788541200000,476.8,476.886,474.66,474.97
1788542100000,474.87,475.2399,473.38,473.96
1788543000000,473.83,473.84,472.485,472.775
1788543900000,472.765,473.41,472.4,472.92
1788544800000,472.92,473.01,471.5907,471.71
1788545700000,471.755,472.289,471.52,472.1201
1788546600000,472.13,472.72,471.5804,471.92
1788547500000,471.935,472.4,471.55,472.025
1788548400000,472.12,472.44,471,471.095
1788549300000,471.095,472.08,471.03,471.65
1788550200000,471.65,474.06,471.15,474
1788551100000,473.94,478.83,473.55,477.57
1788552000000,477.3694,478,476.33,476.56
1788552900000,476.75,477.57,476.3,476.37
1788553800000,476.5,476.5,475.64,476
1788554700000,475.73,477.57,472.9791,476.1
1788555600000,475.89,477.35,475.89,477.092
1788556500000,477.3,477.5951,476.75,477.5755
1788557400000,477.5745,477.67,476.11,476.33
1788558300000,476.383,477,476.11,476.2453
1788559200000,476.55,476.55,476.11,476.1295
1788560100000,476.1209,476.5499,476.05,476.105
1788561000000,476.12,476.48,476.07,476.1504
1788561900000,476.2,476.5499,476.07,476.12
1788562800000,476.14,476.4,476.06,476.13
1788563700000,476.1007,476.3988,475.83,476.06
1788564600000,476.06,476.4,475.64,476.29
1788565500000,476.39,476.4,475.77,476.25
1788570000000,475.91,475.91,474.97,474.97
1788596100000,474.89,474.89,474.89,474.89
1788597000000,475.04,476.2,475.04,476.2
1788600600000,476.26,476.26,475.95,475.95
1788601500000,475.97,475.97,475.97,475.97
1788603300000,475.97,476.43,475.8,476.12
1788610500000,476.5,476.5,476.5,476.5
1788617700000,476.22,476.22,475.04,475.04
1788620400000,474.98,474.98,474.82,474.82
1788621300000,474.82,474.82,474.66,474.66
1788624000000,475.03,475.03,474.44,474.44
1788636600000,474.95,474.95,474.95,474.95
1788638400000,474.95,474.95,474.95,474.95
1788646500000,474.95,474.97,474.95,474.97
1788660000000,474.97,475.02,474.97,475.02
1788660900000,475.02,475.2,474.9,475.2
1788661800000,475.37,475.37,475.37,475.37
1788680700000,474.75,475.7,474.36,475.7
1788681600000,475.7,475.84,475.7,475.84
1788684300000,475.84,475.84,475.84,475.84
1788685200000,475.84,476.04,474.88,475.97
1788687000000,476.56,476.56,476.56,476.56
1788687900000,476.39,476.39,476.39,476.39
1788688800000,476.62,476.74,476.62,476.74
1788690600000,476.76,476.93,476.76,476.93
1788691500000,476.99,477.25,476.99,477.25
1788696000000,477.15,477.15,476.92,476.92
1788696900000,477.28,477.32,477.28,477.32
1788699600000,477.36,477.36,477.36,477.36
1788702300000,477.36,477.36,477.36,477.36
1788703200000,477.36,477.36,474.53,475.37
1788707700000,474.73,474.73,474.73,474.73
1788708600000,475.16,475.28,474.89,474.89
1788709500000,475.28,475.84,474.89,475.46
1788710400000,475.9,477,475.9,477
1788714000000,477.2,477.2,477.2,477.2
1788715800000,477.23,477.73,477.23,477.73
1788716700000,477.77,477.99,477.77,477.99
1788717600000,478.06,478.1,477.96,477.96
1788718500000,478.17,478.31,478.17,478.31
1788720300000,478.45,478.94,478.45,478.67
1788721200000,478.91,479.59,478.91,479.59
1788723000000,479.72,479.72,479.72,479.72
1788732900000,479.65,479.65,479.2,479.24
1788737400000,479.4,479.4,479.4,479.4
1788738300000,479.24,479.24,479.07,479.07
1788742800000,479.25,481.58,479.25,481.49
1788743700000,478.79,478.79,478.79,478.79
1788746400000,478.65,478.74,478.47,478.74
1788747300000,478.47,478.99,478.41,478.99
1788748200000,478.55,479.58,478.4,479.36
1788749100000,479.71,480.17,479.52,479.52
1788751800000,480,480.18,479.61,479.61
1788752700000,480.25,480.42,479.85,480.42
1788753600000,480.07,480.87,479.95,480.87
1788754500000,480.76,481.24,480.66,481.24
1788755400000,481.27,481.66,481.17,481.66
1788756300000,481.4,481.88,481.39,481.72
1788757200000,481.94,482.58,481.94,482.15
1788758100000,482.59,482.94,482.1,482.74
1788759000000,482.96,483.06,482.54,483.06
1788759900000,482.68,482.68,482.58,482.58
1788760800000,483,483.55,482.57,483.4
1788761700000,483.6,483.63,483.28,483.63
1788762600000,483.67,484.49,483.67,484.48
1788763500000,484.5,485.83,484.5,485.83
1788764400000,485.57,485.57,485.57,485.57
1788765300000,485.57,485.59,485.56,485.56
1788766200000,485.56,485.56,483.49,483.49
1788768000000,483.9,484.19,483.9,484.19
1788768900000,484.28,484.95,484.28,484.95
1788769800000,485.03,485.2,485.03,485.2
1788773400000,484.81,484.81,484.81,484.81
1788774300000,484.81,484.81,483.5,483.5
1788777900000,483.5,483.5,482.71,482.71
1788781500000,482.71,482.71,481.12,481.12
1788782400000,481.12,481.12,480.88,480.88
1788783300000,480.72,480.72,480.72,480.72
1788786900000,481.08,481.08,481.08,481.08
1788787800000,481.16,481.6,481.16,481.6
1788788700000,481.65,482.5,481.65,482.5
1788792300000,482.58,482.7,482.58,482.7
1788793200000,482.74,482.74,482.48,482.48
1788794100000,482.48,482.48,482.34,482.34
1788795000000,482.34,482.34,482.34,482.34
1788796800000,482.51,482.51,481.55,481.55
1788798600000,481.91,482.49,481.91,482.49
1788799500000,482.5,482.5,482.5,482.5
1788800400000,482.63,483.42,482.63,483.42
1788801300000,483.52,483.83,483.52,483.83
1788803100000,483.98,483.98,483.98,483.98
1788805800000,483.77,483.77,483.46,483.46
1788811200000,483.46,483.46,483.35,483.35
1788813900000,483.67,483.85,483.67,483.85
1788814800000,484,484.14,484,484.14
1788818400000,483.96,483.96,483.13,483.13
1788820200000,483.13,483.13,482.43,482.43
1788821100000,482.43,482.43,481.23,481.31
1788822000000,481.31,481.31,480.57,480.62
1788823800000,480.59,481.19,480.59,481.19
1788824700000,481.26,481.63,481.26,481.63
1788825600000,481.5,482.43,479.15,480
1788826500000,480.54,482.76,480.45,482.72
1788827400000,482.75,483.16,482.1,482.91
1788828300000,482.92,483.73,482.9,483.36
1788829200000,483.36,487,482.95,486.76
1788830100000,486.56,486.56,485,485.58
1788831000000,485.49,486.45,485.05,485.71
1788831900000,485.96,487.25,485.68,486.82
1788832800000,486.77,487,486,486.65
1788833700000,486.63,487.34,486.54,486.78
1788834600000,486.79,487.34,486.15,486.15
1788835500000,486.16,486.72,485.41,485.57
1788836400000,485.5,487,485.12,487
1788837300000,486.55,487.2,486.23,487.2
1788838200000,487.27,487.8,487.24,487.37
1788839100000,487.37,487.83,487.31,487.81
1788840000000,487.67,488.33,487.51,487.85
1788840900000,487.65,488.25,487.62,488
1788841800000,487.99,488.25,487.5,488
1788842700000,488.07,488.58,488,488.09
1788843600000,488.07,488.07,486.22,486.6
1788844500000,486.84,487.91,486.77,486.92
1788845400000,486.84,487.35,486,486.04
1788846300000,486.04,486.58,485.5,485.87
1788847200000,486.07,486.3,484.13,484.3
1788848100000,484.13,484.13,481.95,482.74
1788849000000,482.5,484.08,481.5,484.08
1788849900000,483.64,484.15,483,483.43
1788850800000,483.36,484.58,482.89,483.85
1788851700000,483.85,484.88,483.41,484.52
1788852600000,484.43,484.46,483,483.27
1788853500000,483.02,483.32,481.84,481.85
1788854400000,483,488.59,480.01,483
1788855300000,481.5,484,481.5,483.53
1788856200000,483.2,483.99,482.4,482.85
1788857100000,482.4,483.8,482.3272,482.85
1788858000000,482.64,485,482.17,484.87
1788858900000,484.79,485.827,483.52,484.363
1788859800000,484.3605,486.14,484.2,485.39
1788860700000,484.8275,485.9,484.8275,485.3
1788861600000,485.08,485.4988,483.7,483.95
1788862500000,483.95,486.35,483.9,485.15
1788863400000,485.2,486.2504,484.54,485.26
1788864300000,485.12,485.4,482.6412,483.5
1788865200000,483.25,484.3,482.01,482.3
1788866100000,482.263,483.4,482.1469,482.8
1788867000000,482.263,483.281,481.83,482.05
1788867900000,481.8,484.3,481.53,484.3
1788868800000,483.88,484.88,482.76,483.01
1788869700000,483.1619,484.75,483,484.5
1788870600000,484.34,485.98,484.05,485.45
1788871500000,485,487.47,484.9884,487.47
1788872400000,487.47,488.3502,486.19,487.9
1788873300000,488.35,489.84,486.44,488.32
1788874200000,488.88,496.7699,487.955,491.5
1788875100000,491.57,494.75,486.5706,493.115
1788876000000,493.191,494.24,489.1,493.705
1788876900000,493.705,500.56,493.344,500.04
1788877800000,500.01,500.11,496.32,498.215
1788878700000,498.215,502.42,497.47,502.375
1788879600000,502.41,507.6299,501.36,507.4
1788880500000,507.2803,509.4786,506.57,508.1675
1788881400000,508.1043,510.48,507.77,509.99
1788882300000,510.1,510.15,508.04,509.495
1788883200000,509.4733,510.5634,507.84,508.9038
1788884100000,508.795,509.29,506.98,506.99
1788885000000,506.98,508.6473,506.91,508.01
1788885900000,508.07,510.7501,507.91,509.125
1788886800000,509.03,511.325,509.01,511.25
1788887700000,511.36,512.3569,510.5001,510.835
1788888600000,510.8786,511.8965,509.35,509.42
1788889500000,509.49,509.84,507.5803,508.06
1788890400000,508.11,508.6,507.5,507.91
1788891300000,507.9,508.8,507.09,507.739
1788892200000,507.76,508.41,507.3601,507.92
1788893100000,507.855,508.2899,505.65,506.57
1788894000000,506.62,507.03,505.67,506.595
1788894900000,506.6125,506.84,505.4101,505.995
1788895800000,505.96,506.1599,504.1601,504.2058
1788896700000,504.36,506.06,503.17,505.74
1788897600000,505.69,506,504.28,505.7197
1788898500000,505.73,506.5,504.5,505.08
1788899400000,505.02,505.74,504.2,504.4399
1788900300000,504.36,505.48,504.3,504.8209
1788901200000,504.84,505.48,504.7392,504.76
1788902100000,504.7,506.4999,504.65,506.4999
1788903000000,506.2986,507,505.74,505.8631
1788903900000,505.8,506.2875,505.74,505.76
1788904800000,505.74,506.1362,505.5,505.5613
1788905700000,505.5613,505.97,505.5,505.57
1788906600000,505.62,506.25,505.5,505.98
1788907500000,505.99,506.492,505.5,506.49
1788908400000,506.5,506.975,505.8,506.0264
1788909300000,506.02,506.19,505.6,505.6327
1788910200000,505.69,506,505.5,505.5001
1788911100000,505.5232,505.8,505.5,505.72
1788912000000,505.7,508,505.7,507.1
1788912900000,506.51,506.85,505.8,505.99
1788913800000,505.86,506.22,505.2,506.1
1788914700000,506.1,507.26,505.97,506.98
1788915600000,507.28,508.79,507.28,508.51
1788916500000,508.68,509,508.34,508.79
1788917400000,508.7,509.5,508.31,508.75
1788918300000,508.91,509.39,508.51,509.01
1788919200000,509.19,509.55,508.72,508.72
1788920100000,509,509.1,508.66,509.05
1788921000000,508.85,510.01,508.8,510.01
1788921900000,510.01,510.4,509.21,509.4
1788922800000,509.63,509.69,508.11,508.11
1788923700000,508.5,508.59,507.94,508.36
1788924600000,508.19,508.58,508.06,508.14
1788925500000,508.14,508.14,506.82,507.46
1788926400000,507.21,508.27,506.51,506.79
1788927300000,506.9,508.28,506.78,508
1788928200000,507.99,508.54,507.57,508.17
1788929100000,508.31,508.88,508.21,508.76
1788930000000,508.53,508.77,508.31,508.42
1788930900000,508.8,508.8,506.96,507.5
1788931800000,507.63,507.71,506.87,507.15
1788932700000,507.16,508.27,507.12,508.27
1788933600000,508.5,508.8,508.1,508.8
1788934500000,508.83,509.17,508.27,508.47
1788935400000,508.48,508.91,508.28,508.72
1788936300000,508.8,508.99,508,508.01
1788937200000,508.01,508.8,507.5,507.8
1788938100000,507.51,508.44,507.07,508.44
1788939000000,508.31,508.66,508,508
1788939900000,507.85,507.94,507.26,507.52
1788940800000,506.94,509.17,506.1412,507.45
1788941700000,507.765,507.7988,506.4,507.0297
1788942600000,507.2,507.8,506.2,506.4
1788943500000,506.4,506.9,505.76,506.58
1788944400000,506.4,506.63,504.0349,505.12
1788945300000,505.33,505.5,504.27,504.67
1788946200000,504.63,505,501.01,501.84
1788947100000,501.98,502.97,499,499.64
1788948000000,499.5,500,497.1051,499.046
1788948900000,499.6,500,498,499.53
1788949800000,499.53,501.99,499,499.73
1788950700000,499.74,500.7322,498.23,499.9
1788951600000,500.22,501,499.5,500.17
1788952500000,500,502,499.1067,501.3
1788953400000,501.01,501.64,500,500.69
1788954300000,501.2987,504,500.7828,501.94
1788955200000,501.75,502,498.3,498.48
1788956100000,498.61,500.32,498.3,499.58
1788957000000,499.45,500.5,499,500.16
1788957900000,500.2,500.876,499.71,499.81
1788958800000,500.08,501.93,499.5,500.16
1788959700000,500.16,507.63,500,507.04
1788960600000,507.6201,517.7499,506.36,515.605
1788961500000,515.44,524.8,515,524.085
1788962400000,524.389,526.79,520.5905,521.36
1788963300000,521.36,521.4799,518.23,521.17
1788964200000,521.125,522.1,520.1,521.6799
1788965100000,521.5451,523.3318,520,522.6
1788966000000,522.655,524.3891,518.46,519.3789
1788966900000,519.33,521.4226,517.367,519.115
1788967800000,519.13,522.32,519.0326,522.04
1788968700000,522.055,525.97,522.05,525.54
1788969600000,525.51,525.7385,522.626,522.81
1788970500000,522.845,523.34,520.93,521.225
1788971400000,521.21,523.9799,521.21,523.6401
1788972300000,523.67,524.2099,522.26,523.83
1788973200000,523.77,524.4621,522.79,524.3199
1788974100000,524.33,524.48,522,522.0401
1788975000000,522.11,522.75,521.2501,522.6499
1788975900000,522.62,524.89,522.62,523.55
1788976800000,523.5,524.22,522.9901,524.195
1788977700000,524.15,524.2497,522.7701,523.295
1788978600000,523.3,523.8,522.32,522.46
1788979500000,522.55,522.98,520.945,521.06
1788980400000,521.13,521.77,520.785,521.0699
1788981300000,521.1,521.63,518.81,518.83
1788982200000,518.71,520.08,518.65,519.7
1788983100000,519.64,521.15,519.32,521.095
1788984000000,521.12,521.4595,519.7,521.05
1788984900000,521.095,521.2,520.95,521.0493
1788985800000,521.0493,521.3,520.8,521.25
1788986700000,521.3,521.47,521.1,521.3
1788987600000,521.22,522.385,521.1,521.46
1788988500000,521.429,521.65,521.39,521.4986
1788989400000,521.49,521.6,520.7,520.81
1788990300000,520.81,521.4,520.41,520.6753
1788991200000,520.99,521.45,520.35,520.35
1788992100000,520.35,520.64,520.1,520.5988
1788993000000,520.16,520.6,520,520.5086
1788993900000,520.123,520.4,520,520.0018
1788994800000,520,520.7,519.65,520
1788995700000,519.99,520.6737,519.5,519.65
1788996600000,519.65,520.1401,519.5,519.89
1788997500000,519.9,520.99,519.8,520.548
1788998400000,520.5,521.98,520,520.14
1788999300000,520.17,521.26,519.84,520.92
1789000200000,521.07,521.07,519.5,519.85
1789001100000,519.54,519.62,518.34,518.4
1789002000000,518.34,518.74,517.6,517.62
1789002900000,517.63,518.15,516.23,516.6
1789003800000,516.5,517.55,515.66,517.55
1789004700000,517.59,518.13,517,518.02
1789005600000,518.1,518.25,517,517.42
1789006500000,517.6,517.66,517.1,517.31
1789007400000,517.2,519,517.2,518.74
1789008300000,519,519.1,518.61,519
1789009200000,519.01,519.5,518.75,518.75
1789010100000,518.81,519.11,517.39,517.4
1789011000000,517.99,518.45,517.11,518.1
1789011900000,518.14,518.61,518.14,518.61
1789012800000,518.61,518.79,518.34,518.65
1789013700000,518.76,518.95,518.65,518.65
1789014600000,518.86,519.45,518.71,519.2
1789015500000,519.37,520.58,519.28,520.58
1789016400000,520.58,520.73,520,520.21
1789017300000,520,522.5,520,522.5
1789018200000,522.52,522.61,522,522.01
1789019100000,522.04,522.28,520.54,521.3
1789020000000,521.4,521.49,520.06,520.06
1789020900000,520.04,520.6,519.11,520.18
1789021800000,520.5,520.85,520.39,520.39
1789022700000,520.47,520.83,520.08,520.15
1789023600000,520.15,520.16,519.4,519.68
1789024500000,519.89,519.9,518.88,518.88
1789025400000,518.74,519.11,518.24,519.11
1789026300000,519.11,519.13,518.3,518.46
1789027200000,520,522.677,517.5,517.99
1789028100000,517.75,519.4176,517.5003,518.9232
1789029000000,518.64,518.955,517.58,517.9239
1789029900000,517.75,518.58,517.5,518.4
1789030800000,518.953,518.9888,518,518.3
1789031700000,518.51,519.9988,518.0247,519
1789032600000,518.72,519.1488,516.25,517.73
1789033500000,517,519.497,517,517.89
1789034400000,517.66,519.438,517,517.75
1789035300000,517.95,518.75,517.0892,517.4285
1789036200000,517.4722,517.863,516.2,516.78
1789037100000,516.68,517.7997,515.13,515.81
1789038000000,516.4025,516.5,514,514.9
1789038900000,515,515.2762,514.01,514.57
1789039800000,514.5,515.2,514,514.25
1789040700000,514.3,514.61,511.3,511.5535
1789041600000,511.6,512.11,510.5,511.8
1789042500000,511.871,512.36,510.5,512.13
1789043400000,512.5,512.5,507.7,510.19
1789044300000,509.6,510.3256,506.57,507.2
1789045200000,507,508.8,506.61,507.2
1789046100000,507,509.78,505.1542,509.61
1789047000000,508.7,516.3322,507.7,509.38
1789047900000,509.385,510.73,504.03,504.43
1789048800000,504.485,509.33,504.26,506.3095
1789049700000,506.29,509.915,504.401,507.35
1789050600000,507.53,510.8599,507.53,509.035
1789051500000,509.095,510.33,508.2474,510.03
1789052400000,510.04,510.1999,508.49,509.835
1789053300000,509.825,509.9,507.53,507.73
1789054200000,507.65,508.465,506.82,508.3279
1789055100000,508.275,509.22,507.05,508.39
1789056000000,508.31,508.42,504.1501,504.68
1789056900000,504.8151,505.42,503.55,504.08
1789057800000,504.0775,505.5,503.24,505.08
1789058700000,505.17,507.01,504.81,505.75
1789059600000,505.9699,507.57,505.55,506.45
1789060500000,506.52,506.931,506.05,506.505
1789061400000,506.425,506.78,505.02,505.415
1789062300000,505.46,506.58,504.5,506.295
1789063200000,506.29,507.3,505.3201,506.85
1789064100000,506.79,506.919,505.2399,505.69
1789065000000,505.59,505.935,504.6718,504.7
1789065900000,504.7,505.5,503.88,505.28
1789066800000,505.3999,505.754,503.4318,504.04
1789067700000,503.9501,506.19,503.9501,505.75
1789068600000,505.77,506.08,504.68,504.7475
1789069500000,504.75,505.31,502.92,503.6
1789070400000,503.46,504.17,503.02,503.5868
1789071300000,503.6,504.06,503.5001,503.89
1789072200000,503.89,504,503.6,503.7678
1789073100000,503.7683,503.96,503.45,503.88
1789074000000,503.96,504.51,503.31,504.32
1789074900000,504.3,504.4,504.2,504.2
1789075800000,504.216,504.37,503.9,503.9
1789076700000,503.96,504.5,503.8,504.19
1789077600000,504.34,504.69,504.01,504.44
1789078500000,504.44,504.7,503.7512,503.8
1789079400000,503.75,504.23,503.1,503.2
1789080300000,503.1,503.95,502.61,502.8
1789081200000,503.15,503.8,502.56,503
1789082100000,503.047,503.5,502.6,502.9317
1789083000000,502.61,503,502.3,502.38
1789083900000,502.41,502.5897,502,502.0159
1789084800000,502.03,503.68,502.03,502.21
1789085700000,502.33,503.69,501.65,503.66
1789086600000,503.81,504.41,502.64,502.64
1789087500000,503.14,504.65,503.14,504.65
1789088400000,504.6,504.97,504.04,504.04
1789089300000,504.24,504.24,503.36,503.36
1789090200000,503.27,503.65,502.44,502.44
1789091100000,502.46,502.84,502.01,502.84
1789092000000,502.76,503.41,502.67,503.2
1789092900000,502.85,502.85,501.9,502
1789093800000,502,502.13,501,501
1789094700000,501.12,501.72,500.81,501.02
1789095600000,501.1,501.29,500.17,500.17
1789096500000,500.36,500.6,500.06,500.1
1789097400000,500.08,501.2,499.61,501.2
1789098300000,501.13,501.23,499.95,500
1789099200000,499.79,500.74,499.44,500.74
1789100100000,500.74,501.97,500.4,501.97
1789101000000,501.86,503,501.86,503
1789101900000,503.1,503.34,502.28,502.42
1789102800000,502.38,503.65,502.2,503.65
1789103700000,503.63,503.63,502.61,503
1789104600000,503,504.96,503,504.9
1789105500000,504.96,506,504.48,505.38
1789106400000,505.72,506.82,505.5,506.82
1789107300000,506.8,507.05,506,506
1789108200000,506.02,506.35,505.5,506.25
1789109100000,506.39,507.28,506.28,506.72
1789110000000,506.74,507.84,506.67,507.8
1789110900000,507.66,508,506.47,506.59
1789111800000,506.5,506.87,506.34,506.34
1789112700000,506.43,506.78,506.4,506.7
1789113600000,506.34,508.13,499.25,506.55
1789114500000,506.41,508.45,506,508
1789115400000,507.56,508.99,507.56,508.66
1789116300000,508.69,509.7546,508.69,509.5
1789117200000,509.55,509.8388,508.62,508.65
1789118100000,508.9847,509.5,508.0516,508.61
1789119000000,508.68,508.8188,508,508
1789119900000,508.74,508.9988,508.1012,508.775
1789120800000,509,509.98,508.11,509.9357
1789121700000,509.48,509.81,509.02,509.16
1789122600000,509.0212,509.878,508.6412,509.02
1789123500000,509.9,509.9,508.84,508.98
1789124400000,509,509,507.44,508.09
1789125300000,508,508.75,507,508.25
1789126200000,508.25,509.2805,507,509.15
1789127100000,508.7138,509.3,508.5,508.6861
1789128000000,508.6931,509.3,507.17,507.86
1789128900000,507.68,508.35,506,507.75
1789129800000,508,510.91,503.01,509.8
1789130700000,509.78,513.88,509.1912,512.72
1789131600000,512.77,513.87,511.83,512.09
1789132500000,512.13,513,510,510.43
1789133400000,511.185,512.88,501.35,511.135
1789134300000,511.17,519,509,518.6
1789135200000,518.41,520.2199,508.3345,513.245
1789136100000,513.32,520.2,513.133,520.065
1789137000000,520.1978,521.06,513.355,513.84
1789137900000,513.84,514.2,511.09,512.4
1789138800000,512.395,515.72,512.25,513.175
1789139700000,513.5,516.64,513.4957,516.21
1789140600000,516.125,518.85,514.5344,514.62
1789141500000,514.67,516.42,514.5,515.87
1789142400000,515.905,516.49,513.541,514.1121
1789143300000,514.015,514.6,511.83,511.9
1789144200000,512.0444,513.4,511.295,512.94
1789145100000,512.77,513.58,511.87,513.12
1789146000000,513.25,514.08,511.54,511.725
1789146900000,511.716,516.4599,511.5,516
1789147800000,516.015,517.13,515.2201,516.82
1789148700000,516.6714,518.63,515.78,516.98
1789149600000,517.085,517.66,516.2375,516.8423
1789150500000,516.78,518.4955,516.19,518.03
1789151400000,518.04,518.56,517.1701,517.935
1789152300000,517.935,518.53,516.9,517.5601
1789153200000,517.5601,517.67,515.34,516.475
1789154100000,516.56,517.5999,515.5101,516.26
1789155000000,516.36,516.58,515.18,515.546
1789155900000,515.57,516.4,514.58,516.13
1789156800000,515.97,516.378,515,515.5001
1789157700000,515.75,516.13,515.1,515.2
1789158600000,515.2,516.13,515.05,515.2483
1789159500000,515.1448,515.3,514.81,515.1251
1789160400000,515.1251,515.2925,514.86,515.0521
1789161300000,515.13,515.4999,514.81,515.1
1789162200000,515.1,516.13,514.81,515.1
1789163100000,515.23,515.5,515.01,515.01
1789164000000,515.35,515.64,515.01,515.62
1789164900000,515.52,515.75,515.01,515.36
1789165800000,515.43,515.7217,515.34,515.64
1789166700000,515.58,515.64,515.13,515.637
1789167600000,515.4,515.65,515.25,515.5443
1789168500000,515.55,515.65,515.3067,515.5688
1789169400000,515.3965,515.65,515.35,515.52
1789170300000,515.5,515.7785,515.3972,515.7785
1789172100000,515.98,516.07,515.98,516.07
1789173000000,516.08,516.1,516.08,516.1
1789173900000,516.12,516.45,516.12,516.45
1789178400000,516.38,516.38,516.38,516.38
1789187400000,516.51,516.51,516.51,516.51
1789189200000,516.54,516.54,516.54,516.54
1789190100000,516.51,516.51,516.51,516.51
1789191000000,516.54,516.54,516.54,516.54
1789200000000,515.67,515.67,515.67,515.67
1789204500000,516.56,516.56,516.56,516.56
1789205400000,516.34,516.34,516.34,516.34
1789210800000,516.67,516.67,516.67,516.67
1789211700000,516.48,516.48,516.48,516.48
1789212600000,516.62,516.93,516.62,516.93
1789213500000,516.68,516.81,516.56,516.81
1789214400000,516.55,516.87,516.55,516.87
1789215300000,516.91,516.94,516.63,516.63
1789218000000,516.77,516.77,516.67,516.67
1789219800000,516.82,517.24,516.71,517.24
1789220700000,517.15,517.35,516.9,517.1
1789221600000,516.91,517.09,516.91,517.09
1789222500000,515.67,517.61,515.67,517.61
1789225200000,517.31,517.31,517.3,517.3
1789226100000,517.3,517.33,516.77,517.33
1789227000000,516.93,517.29,516.93,517.29
1789227900000,517.08,517.18,517.08,517.18
1789229700000,516.82,517.39,516.82,517.01
1789230600000,517.1,517.12,517,517.12
1789231500000,517.28,517.28,517.28,517.28
1789232400000,517.39,517.39,517.39,517.39
1789238700000,517.4,517.4,517.4,517.4
1789241400000,516.87,516.87,516.84,516.84
1789242300000,517.1,517.1,516.73,516.87
1789243200000,517.23,517.23,516.77,516.77
1789244100000,517.17,517.41,516.81,516.81
1789255800000,515.77,515.77,515.77,515.77
1789257600000,515.77,515.77,515.7,515.7
1789259400000,515.7,515.77,515.44,515.74
1789265700000,515.74,515.74,515.58,515.58
1789267500000,515.58,515.58,515.47,515.47
1789269300000,515.47,515.66,515.45,515.57
1789271100000,515.57,515.8,513.56,513.56
1789272000000,513.43,513.43,513.34,513.34
1789274700000,513.58,513.58,513.11,513.11
1789276500000,513.11,513.11,513.07,513.07
1789279200000,512.99,512.99,512.07,512.07
1789281900000,512.81,512.81,512.41,512.41
1789282800000,512.36,512.66,512.21,512.37
1789287300000,512.38,512.38,512.27,512.27
1789289100000,512.56,512.56,512.2,512.2
1789290000000,512.59,512.59,512.51,512.51
1789291800000,512.47,512.47,512.47,512.47
1789292700000,512.51,512.51,512.51,512.51
1789295400000,512.48,512.48,512.37,512.37
1789297200000,512.52,512.52,512.34,512.34
1789298100000,512.22,512.22,512.22,512.22
1789299000000,512.46,512.46,512.46,512.46
1789299900000,512.25,512.25,512.16,512.16
1789300800000,512.5,512.5,512.28,512.28
1789301700000,512.27,512.27,511.89,511.89
1789302600000,512.38,512.38,512.21,512.21
1789303500000,512.36,512.36,511.69,511.69
1789306200000,512.08,512.08,512.08,512.08
1789308000000,512.24,512.24,512.24,512.24
1789315200000,512.42,512.42,512.42,512.42
1789317000000,512.42,512.42,512.42,512.42
1789319700000,512.14,512.26,512.14,512.26
1789321500000,512.1,512.1,512.09,512.09
1789322400000,512.14,512.14,511.96,511.96
1789329600000,512.26,512.26,512.26,512.26
1789331400000,512.22,512.22,512.22,512.22
1789336800000,512.18,512.18,511.39,511.39
1789337700000,512.01,512.01,512.01,512.01
1789338600000,511.94,512.26,511.8,512.26
1789341300000,511.89,511.89,511.83,511.83
1789342200000,512.26,512.26,512.26,512.26
1789343100000,511.99,511.99,511.64,511.64
1789344000000,502.22,505.14,500.89,503.22
1789344900000,503.24,503.47,500.69,501.18
1789345800000,501.01,502.01,500.67,501.99
1789346700000,501.99,502.25,500.75,500.8
1789347600000,500.75,501,498.81,498.86
1789348500000,498.82,499.32,498.08,499.3
1789349400000,499.18,500.03,498.32,500
1789350300000,500.06,501.94,500.06,501.75
1789351200000,501.66,502.61,501.32,502.29
1789352100000,502.46,502.89,501.77,502.5
1789353000000,502.4,502.61,501.33,501.34
1789353900000,501.33,502.16,501.11,501.5
1789354800000,501.5,501.61,500.52,500.75
1789355700000,500.68,500.71,499.84,500.51
1789356600000,500.2,500.26,499.51,499.57
1789357500000,499.88,500,499.37,499.51
1789358400000,499.51,499.83,499.05,499.29
1789359300000,499.2,499.48,498.89,499.48
1789360200000,499.31,499.4,498.76,498.76
1789361100000,498.8,499.8,498.69,499.07
1789362000000,499.34,499.5,498.52,498.85
1789362900000,498.86,498.87,498.19,498.55
1789363800000,498.54,499,497.7,497.81
1789364700000,497.82,498.12,497.6,498.12
1789365600000,498.14,498.88,498,498
1789366500000,498.2,498.21,497.59,497.94
1789367400000,497.93,498.21,497.25,497.51
1789368300000,497.71,497.89,496.99,497.06
1789369200000,497.12,497.14,494.84,496.11
1789370100000,495.87,496.03,493.25,493.3
1789371000000,493.2,493.75,492.58,492.58
1789371900000,492.65,493,491.96,492.51
1789372800000,494,499.966,489.5308,491.68
1789373700000,491.37,491.6988,489.01,489.01
1789374600000,489,491.7,488.5,490.85
1789375500000,491.0362,491.0535,488.5652,490.05
1789376400000,490.25,490.763,488.0012,488.46
1789377300000,488.57,488.69,486.1,487.1
1789378200000,487.11,487.87,486.1225,487.01
1789379100000,487.83,487.9,486.68,487.55
1789380000000,487.3,488.76,486.5012,487.95
1789380900000,487.69,489.9725,487,489.58
1789381800000,489.5,490,489.0012,489.38
1789382700000,489.3,489.66,487.55,488.53
1789383600000,488.99,489.9567,487.71,488.3705
1789384500000,488.29,489.6,487.002,489.3381
1789385400000,489.35,489.5,487.5267,488
1789386300000,488,488.4489,486.8,487.21
1789387200000,487.23,487.5,485.25,486.9
1789388100000,486.3,488,486.3,487.3
1789389000000,487.3,488,485.71,487.28
1789389900000,487.49,487.5,485.71,486.56
1789390800000,486.7,486.95,484.71,486
1789391700000,486,487.9,485.09,485.4
1789392600000,486.13,491.83,480.33,485.5
1789393500000,485.5,491.2,484.17,485.215
1789394400000,485.21,492.78,483.8001,490.6439
1789395300000,490.8,492.9,486.5471,487.375
1789396200000,487.345,488.38,482.7,483.5
1789397100000,483.5872,485.67,482.75,485.2
1789398000000,485.2,487.63,483.66,483.66
1789398900000,483.69,487.25,483.51,487.08
1789399800000,487.02,492.83,486.83,491.97
1789400700000,491.98,492.2425,490.1058,490.745
1789401600000,490.51,490.7174,488.9,489.42
1789402500000,489.56,494.57,489.47,492.81
1789403400000,492.64,493.48,491.73,493.34
1789404300000,493.4,495.1,492.8,493.1
1789405200000,493.38,494.44,493.0001,493.36
1789406100000,493.3278,495.45,493.3278,495.315
1789407000000,495.345,495.4399,493.58,494.37
1789407900000,494.26,496.98,494.0007,496.19
1789408800000,496.2,498.19,496.14,497.905
1789409700000,497.928,498.39,496.58,496.99
1789410600000,497.04,497.22,496.46,496.73
1789411500000,496.705,497.94,496.635,497.49
1789412400000,497.3943,498,495.3,495.61
1789413300000,495.678,496.6583,495.16,495.91
1789414200000,495.95,496.62,494.6,495.935
1789415100000,495.85,496.49,493.12,493.41
1789416000000,493.57,494.4,492.35,493.47
1789416900000,493.41,495,493.23,494.75
1789417800000,494.78,495.25,494.5,494.85
1789418700000,494.85,495.02,494.6,494.9
1789419600000,494.99,495.08,494.6,494.8722
1789420500000,494.8713,494.99,494.5,494.74
1789421400000,494.8,494.99,493.2395,493.5
1789422300000,494,494,493.11,493.96
1789423200000,493.96,494.4,493.41,493.5938
1789424100000,494.2,494.3588,493.2,493.7735
1789425000000,493.8,493.8,493.55,493.73
1789425900000,493.8,494.36,493.2,493.9
1789426800000,493.8,494.17,493.45,493.9
1789427700000,493.95,494.35,493.65,494
1789428600000,493.7731,494.35,493.56,494.35
1789429500000,493.99,494.19,493.01,493.78
1789430400000,492.95,494.57,492.71,494.25
1789431300000,494.31,495.18,493.39,494.65
1789432200000,494.65,496.09,494.65,496.01
1789433100000,496.02,496.39,494.66,495.02
1789434000000,494.87,495.99,494.66,495.7
1789434900000,496,496.29,495.18,495.18
1789435800000,495.26,495.26,493.56,493.85
1789436700000,493.7,494.89,493.69,494.8
1789437600000,494.9,495.1,494.73,494.89
1789438500000,494.91,495.25,494.8,495.06
1789439400000,495.02,495.73,495.02,495.27
1789440300000,495.29,495.91,495.27,495.75
1789441200000,495.6,495.6,495,495.1
1789442100000,495,495,494.34,494.52
1789443000000,494.4,494.89,494.4,494.66
1789443900000,494.66,494.66,493.19,493.19
1789444800000,493.19,493.88,493.16,493.26
1789445700000,493.41,493.51,492.06,492.2
1789446600000,492.26,492.95,491.89,492.95
1789447500000,492.75,493.16,491.39,491.39
1789448400000,491.39,491.5,489.86,489.86
1789449300000,489.61,490.5,489.1,490.5
1789450200000,490.51,492.45,490.3,492.45
1789451100000,492.68,492.8,491.79,492
1789452000000,492.24,492.48,491.4,492.48
1789452900000,492.25,493.57,492.25,492.56
1789453800000,492.69,492.69,491.77,492
1789454700000,492,492.05,491.53,492
1789455600000,491.9,493,491.23,491.23
1789456500000,491.15,493.1,491.15,492.41
1789457400000,492.41,492.7,491.15,491.15
1789458300000,491.24,491.77,491.24,491.48
1789459200000,491.73,493.89,488.28,490.59
1789460100000,490.59,491.9552,490.01,491.16
1789461000000,491,491.4988,490.2,491.09
1789461900000,491.17,491.3,490.3542,490.63
1789462800000,490.63,491.2675,489.635,490.34
1789463700000,490.29,491.24,489.622,490.88
1789464600000,491,492.46,489.7212,492.46
1789465500000,492.37,494.77,492.05,493.96
1789466400000,494.19,495.46,492.5,494.99
1789467300000,494.81,496.159,494.33,495.57
1789468200000,495.97,496.24,494.33,495.47
1789469100000,495.16,495.9488,494.56,495.3
1789470000000,495.39,498.9,493.41,498.5
1789470900000,498.29,498.702,495.6,496.7601
1789471800000,496.6,496.8591,495.29,496.35
1789472700000,496.5,497.37,496,497.0399
1789473600000,497.1,498.34,496.4003,497.9
1789474500000,498.01,498.62,496.7707,498.06
1789475400000,498.022,499.45,497.2,499.0942
1789476300000,499.13,501.987,498.8162,499.69
1789477200000,499.62,500.39,499,499.2
1789478100000,499.01,501.95,497.68,501.9
1789479000000,501.125,507.3581,497.511,505.16
1789479900000,505.295,513.665,504.3601,511.45
1789480800000,511.2564,513.49,508.12,508.9085
1789481700000,508.995,510.29,506.64,508.68
1789482600000,508.2021,509.551,505.5524,506.94
1789483500000,507.1,509.8499,503.43,504.59
1789484400000,504.68,505.95,501.28,502.99
1789485300000,503,506.36,502.4,505.3601
1789486200000,505.71,505.71,502.88,503.8075
1789487100000,503.9,505.3,502.31,502.465
1789488000000,502.415,503.86,501.64,501.82
1789488900000,501.76,504.39,501.75,503.02
1789489800000,502.97,503.6699,502.32,503.11
1789490700000,503.075,504.5494,502.2501,503.055
1789491600000,502.98,502.98,501,501.965
1789492500000,502.07,504.9462,501.91,504.76
1789493400000,504.785,505.4708,502.3001,502.6126
1789494300000,502.645,503.969,502.49,503.56
1789495200000,503.614,505.7,503.2,504.54
1789496100000,504.54,504.81,503.5501,504.53
1789497000000,504.511,504.64,502.5205,503.385
1789497900000,503.34,503.66,502.638,503.56
1789498800000,503.64,504.6499,503.23,504.145
1789499700000,504.19,504.43,503.0401,503.92
1789500600000,503.8001,504.99,503.16,504.62
1789501500000,504.5122,505.15,503.45,504.2
1789502400000,504.35,504.8,503.5,504.54
1789503300000,504.32,504.6,503.83,503.83
1789504200000,503.95,504.39,503.82,504.35
1789505100000,504.16,504.4,504.01,504.15
1789506000000,504.3,504.4,503.83,503.9999
1789506900000,503.83,504.2,503.33,503.5
1789507800000,503.7492,503.76,503.2,503.4
1789508700000,503.35,503.749,503.3,503.56
1789509600000,503.41,503.7,503.37,503.51
1789510500000,503.54,503.9599,503.4,503.4787
1789511400000,503.55,504.4,503.4787,504.2815
1789512300000,504.22,504.4,503.56,504
1789513200000,504.1,504.2,503.79,503.93
1789514100000,503.93,504.3988,503.8743,504.15
1789515000000,504,504.49,503.88,504.3
1789515900000,504.4875,504.5,504,504.0981
1789516800000,504.3,505.16,503.75,504.4
1789517700000,504.4,505.04,504.4,504.85
1789518600000,504.99,505.16,504.6,504.89
1789519500000,504.9,505.07,504.26,504.6
1789520400000,504.59,505,503.76,505
1789521300000,504.66,504.99,504.46,504.8
1789522200000,504.71,504.71,503.45,503.86
1789523100000,503.88,504,502.24,502.61
1789524000000,502.56,503.5,502.56,503.1
1789524900000,502.99,504.79,502.99,504.79
1789525800000,504.79,505,504.5,504.5
1789526700000,504.69,505.32,504.66,505.15
1789527600000,505.5,506.99,505.5,506.99
1789528500000,506.99,508.59,506.95,507.61
1789529400000,507.58,507.78,506.77,507.69
1789530300000,507.69,508.3,507.69,508.29
1789531200000,508.11,508.48,507.56,507.57
1789532100000,507.57,507.96,507.44,507.44
1789533000000,507.45,507.46,506.52,507.13
1789533900000,506.9,507.17,506.4,506.9
1789534800000,506.9,507.1,506.03,507.03
1789535700000,507.03,507.32,506.95,507.15
1789536600000,507.16,507.94,507.16,507.9
1789537500000,507.9,508,507.34,507.79
1789538400000,508,509.14,508,509.05
1789539300000,508.88,509.05,508.34,508.66
1789540200000,508.67,508.73,508.37,508.69
1789541100000,508.69,508.99,508.26,508.99
1789542000000,508.91,510.88,508.91,510.41
1789542900000,510.42,511.2,509.97,511.11
1789543800000,511.52,511.76,510.45,510.55
1789544700000,510.45,511,510.22,510.99
1789545600000,510.42,513.516,506.2702,510.7283
1789546500000,511.09,511.8,510.3337,511.14
1789547400000,511.14,511.87,508.9013,510.5
1789548300000,510.5043,511.75,509.4012,511.3888
1789549200000,511.09,511.7227,510.5,510.75
1789550100000,510.8,511.7888,509.83,511.4875
1789551000000,511.4739,511.66,510.8077,511.22
1789551900000,511.44,512.2988,511.1172,512.2988
1789552800000,512.0005,512.0005,510,511
1789553700000,510.24,511.76,510.2232,510.85
1789554600000,510.9,511.9988,510.2,511.05
1789555500000,510.9853,511.7675,510.77,511.67
1789556400000,510.77,513.25,510.6697,512.21
1789557300000,512.09,512.6,511.77,512.23
1789558200000,512,513.56,511.89,513.44
1789559100000,513.38,513.77,512.27,512.74
1789560000000,512.74,513.77,512.39,513.52
1789560900000,513.6572,514.66,513.5,514.45
1789561800000,514.45,514.66,512.4069,513
1789562700000,513.0225,514.16,512.62,513.6347
1789563600000,513.2,514.49,512.44,514.15
1789564500000,514.1962,517.43,513.3,517.3914
1789565400000,517.12,522.7699,514.16,520.405
1789566300000,520.385,524.68,518.21,524.68
1789567200000,524.61,525.4799,520.77,523.94
1789568100000,524.3,527.2,523.31,525.75
1789569000000,525.79,526.1999,521.66,522.59
1789569900000,522.6125,523.51,521.83,523.5099
1789570800000,523.39,523.61,521.453,523.1
1789571700000,523.1,525.79,521.0594,525.2501
1789572600000,525.375,526.52,522.21,525.16
1789573500000,525.07,527.25,524.54,524.99
1789574400000,524.875,525.2537,523.8008,524.95
1789575300000,524.97,525.3,522.84,523.52
1789576200000,523.58,523.62,522.5,522.555
1789577100000,522.59,523.86,522.21,522.3001
1789578000000,522.35,523.5679,520.7501,523.5
1789578900000,523.425,523.65,521.6997,521.92
1789579800000,522.02,522.52,520.82,521.26
1789580700000,521.21,524.825,520.78,523.85
1789581600000,524,526,521.36,521.49
1789582500000,521.47,521.66,517.5008,519.42
1789583400000,519.32,520,515.28,518.59
1789584300000,518.4,519.0774,512.02,512.8654
1789585200000,512.9,514.3,506.4613,507.155
1789586100000,507.2117,508.6899,506.05,508.535
1789587000000,508.45,512.74,508.0701,511.77
1789587900000,511.6575,514.29,511.2,512.5
1789588800000,512.93,513.5,512.17,512.7557
1789589700000,512.7,512.99,512.3,512.62
1789590600000,512.56,512.9,512.32,512.6515
1789591500000,512.62,513,512.54,512.9
1789592400000,512.9885,513,512.58,512.9751
1789593300000,513,513.8699,512.77,513.6
1789594200000,513.5,515.99,513.4,515.5
1789595100000,515.407,515.5,514.7,514.84
1789596000000,514.895,515.4499,514,514.85
1789596900000,514.9,516.49,514.9,516.45
1789597800000,516.3,517.49,516.0001,517.11
1789598700000,517.289,517.5,516.5,516.9546
1789599600000,516.9546,518.5,516.6101,517.56
1789600500000,518.15,518.86,518,518.63
1789601400000,518.7211,519.48,518.4,519.44
1789602300000,519.16,519.5,519,519.0465
1789603200000,518.91,520.05,517.35,517.58
1789604100000,517.41,519.45,517.36,518.92
1789605000000,518.62,519.7,518.5,519.25
1789605900000,519.08,519.08,518.21,518.21
1789606800000,518.24,519.25,517.92,518.35
1789607700000,518.38,518.6,518.02,518.6
1789608600000,518.8,519.02,517.77,517.8
1789609500000,518.18,518.23,516.5,516.52
1789610400000,516.61,517.66,515.63,516.1
1789611300000,516.1,516.75,515.8,516.24
1789612200000,516.26,518.31,516.24,518.16
1789613100000,518.07,518.25,517.06,517.06
1789614000000,517.06,518.18,517.06,518.02
1789614900000,518.18,518.18,517.44,517.74
1789615800000,517.8,518.5,517.8,518.5
1789616700000,518.43,518.89,518.25,518.88
1789617600000,518.88,519.19,518.83,519.1
1789618500000,519.16,519.25,518.18,518.6
1789619400000,518.62,519,518.05,518.99
1789620300000,518.98,519.41,518.56,519.38
1789621200000,519.34,519.47,518.7,518.7
1789622100000,518.7,518.81,518.23,518.55
1789623000000,518.34,518.34,516.7,516.72
1789623900000,516.84,517.09,516.35,516.35
1789624800000,516.35,517.45,516.18,516.35
1789625700000,516.37,517.61,515.74,517.5
1789626600000,517.93,518.42,517.21,518.28
1789627500000,518.32,518.89,518.27,518.89
1789628400000,518.6,520.65,518.55,520.3
1789629300000,520.28,521.46,520.08,521.4
1789630200000,521.42,521.75,520.7,520.7
1789631100000,520.74,520.74,519.7,520.13
1789632000000,520.47,522,515.55,520.43
1789632900000,520.43,521.3988,519.2,521.16
1789633800000,521.16,522.47,520.58,522.1485
1789634700000,522.1,522.7,521.95,522.53
1789635600000,522.4,523.9988,522.4,523.4682
1789636500000,523.42,523.42,522.25,522.81
1789637400000,522.87,522.9,522.31,522.89
1789638300000,522.5,522.9,522.19,522.5897
1789639200000,522.58,523.6616,522.32,523.34
1789640100000,523.37,524.92,523.22,524.49
1789641000000,524.55,524.92,523.0012,523.5
1789641900000,523.35,524,523,524
1789642800000,523.96,525.39,523.75,525.3511
1789643700000,525.17,525.89,524.1,525.73
1789644600000,525.7779,526.48,525.1,525.79
1789645500000,525.84,526.9,525.2,526.75
1789646400000,526.82,529,526,528.562
1789647300000,528.816,530.8,528.41,530.4643
1789648200000,530.485,532.3,529.8,529.9
1789649100000,530,530.5,529.15,529.4
1789650000000,529.5,533.81,529.5,533.81
1789650900000,533.6915,534.5,532,533.57
1789651800000,533.9,535.03,527.65,533.545
1789652700000,533.8168,539.6686,532.02,539.538
1789653600000,539.48,540.2,532.83,534.61
1789654500000,534.61,536.61,533.902,534.995
1789655400000,535.01,538.97,534.2242,537.34
1789656300000,537.345,543.25,536.8,541.7821
1789657200000,542,545.49,541.2,543.255
1789658100000,543.235,544.88,542.23,544.6543
1789659000000,544.77,545.88,543.46,545.175
1789659900000,545.22,547.19,544.8193,545.7539
1789660800000,545.68,550.8999,544.81,550.245
1789661700000,550.25,551.42,549.0501,550.25
1789662600000,550.25,550.64,549.101,549.28
1789663500000,549.28,550.04,548.29,548.76
1789664400000,548.66,550.19,547.68,548.2201
1789665300000,548.27,548.83,547.42,547.5
1789666200000,547.47,547.99,546.4173,546.53
1789667100000,546.535,547.6,546,546.53
1789668000000,546.5,547.469,545.02,545.115
1789668900000,545.18,546.48,545.115,545.285
1789669800000,545.31,545.58,544.21,544.405
1789670700000,544.395,544.8299,543.69,543.88
1789671600000,543.92,546.5,543.87,545.88
1789672500000,545.885,546.7599,545.555,545.815
1789673400000,545.7975,546.75,544.91,545.64
1789674300000,545.67,546.13,543.01,545.09
1789675200000,544.78,546,542.0414,544.9
1789676100000,545,545.14,544.7,545.09
1789677000000,545,546,544.71,545.3
1789677900000,545.1125,546.14,545.1,545.963
1789678800000,545.75,546.59,542.0797,546.4
1789679700000,546.58,546.5899,546,546.17
1789680600000,546.3,547,546,546.62
1789681500000,546.5986,546.9,546.25,546.75
1789682400000,546.7,546.8592,545.8075,546.1
1789683300000,546.03,546.03,545,545
1789684200000,545,545.8999,544.7,544.905
1789685100000,545.238,545.52,544.9,545.38
1789686000000,545.378,545.99,545.015,545.2
1789686900000,545.2,545.7,545.05,545.12
1789687800000,545.12,545.5,545.1,545.139
1789688700000,545.1097,545.4899,543.3,545.0001
1789689600000,546.67,546.67,543.19,544.79
1789690500000,544.79,544.8,543.18,543.4
1789691400000,543.6,543.67,542,542.78
1789692300000,542.76,542.77,541.75,542.28
1789693200000,542.25,542.62,541.45,542.15
1789694100000,542.06,542.5,541.32,542.12
1789695000000,542.3,542.69,541.53,542.44
1789695900000,542.44,543.08,542.21,542.46
1789696800000,542.6,542.77,542.3,542.55
1789697700000,542.55,542.8,542.2,542.2
1789698600000,542.23,542.92,542.2,542.8
1789699500000,542.86,543,542.36,542.43
1789700400000,542.42,544.98,542.4,544.69
1789701300000,544.8,545.5,544.34,545.42
1789702200000,545.42,546.26,545.1,545.85
1789703100000,545.99,546.66,545.82,546
1789704000000,546.03,546.67,546,546.4
1789704900000,546.59,546.63,545.89,546.36
1789705800000,546.44,547.01,546,546.76
1789706700000,546.84,548.81,546.8,548.04
1789707600000,548.14,548.66,547.99,548.05
1789708500000,548.03,548.67,547.29,547.63
1789709400000,547.69,548.5,547.69,548.49
1789710300000,548.6,548.88,547.83,548.15
1789711200000,548.15,549.97,548.09,549.97
1789712100000,549.85,550.78,549.4,550.21
1789713000000,550.17,552,550.01,551.25
1789713900000,551.44,552,551.03,551.75
1789714800000,551.75,553.73,551.69,552.8
1789715700000,552.8,554.62,552.52,554.42
1789716600000,554.42,555.17,553.46,554
1789717500000,554,554.48,553.22,553.22
1789718400000,553.03,555.15,545.09,552.47
1789719300000,552.6,554,552.13,552.7795
1789720200000,552.38,553.25,551.8,552.515
1789721100000,552.48,552.99,551,551
1789722000000,551.02,551.02,549.4067,550.26
1789722900000,550.27,551.975,550.25,550.7
1789723800000,550.7,550.9788,549.07,549.07
1789724700000,549.03,550.25,549,549.657
1789725600000,549.78,551.1,549.56,551.06
1789726500000,551,552.5,550.45,552.3
1789727400000,552.27,552.5,551.6,551.99
1789728300000,551.83,552,550.7,550.7
1789729200000,550.83,551.1,548,548.51
1789730100000,548.42,548.99,546.4,546.6
1789731000000,546.49,548.3,545.3,545.6
1789731900000,545.85,547.39,545.4197,546.98
1789732800000,546.98,547.07,544.2,545.2747
1789733700000,545.5,546.55,544.62,546.09
1789734600000,546.2884,546.5,544.22,544.42
1789735500000,544.38,545.65,544.23,544.755
1789736400000,544.81,546.5,544.39,546.2
1789737300000,545.5,550.5,544.81,547.79
1789738200000,547.5,550,544,548.105
1789739100000,548.2,551.39,547.8,551.2899
1789740000000,551.1679,552.95,547.12,549.115
1789740900000,549.12,549.79,547.52,548.32
1789741800000,548.315,548.66,543.87,543.931
1789742700000,544.1099,545.26,542.52,542.58
1789743600000,542.575,543.7499,541.54,542.54
1789744500000,542.58,544.25,542.1,543.565
1789745400000,543.73,544.165,542.26,543.68
1789746300000,543.84,544.43,543.3,543.85
1789747200000,544,544.4,542.805,543.59
1789748100000,543.495,544.1,542.3,543.4074
1789749000000,543.515,544.55,543.15,544.45
1789749900000,544.47,545.2999,543.76,544.88
1789750800000,544.855,545.91,544.62,545.91
1789751700000,545.91,546.3084,545.29,545.43
1789752600000,545.47,546.3371,544.91,546.19
1789753500000,546.252,546.54,545.23,545.45
1789754400000,545.49,545.55,544.09,544.47
1789755300000,544.38,544.8457,543.54,544.25
1789756200000,544.2954,544.61,543.23,543.97
1789757100000,543.97,545.38,543.97,544.95
1789758000000,544.925,545.75,544.3,544.93
1789758900000,544.86,545.7112,544.09,545.435
1789759800000,545.43,547.7199,545.0801,547.41
1789760700000,547.41,559.91,547.05,559.82
1789761600000,559.8,559.9,557.4955,559.1
1789762500000,559.35,559.82,557.3,557.58
1789763400000,557.63,558,557.1,557.3
1789764300000,557.2057,558.08,556.94,557.15
1789765200000,557.2,559.82,557.1355,557.5
1789766100000,557.58,559.82,557.37,557.5901
1789767000000,557.5956,557.862,557.01,557.25
1789767900000,557.155,557.46,557,557.26
1789768800000,557.22,557.65,557.0087,557.3501
1789769700000,557.4185,557.5,557.05,557.2
1789770600000,557.0977,557.4,557.09,557.1225
1789771500000,557.1407,557.3444,556.65,556.68
1789772400000,556.6817,557.36,556.68,557.23
1789773300000,557.23,557.5975,556.71,557.53
1789774200000,557.5061,557.75,557.2,557.21
1789775100000,557.3,558.1,557.2,557.98
1789780500000,557.53,557.53,556.41,556.41
1789781400000,556.41,556.41,556.41,556.41
1789782300000,556.41,556.41,556.41,556.41
1789783200000,556.31,556.31,556.14,556.14
1789784100000,556.14,556.14,556.09,556.09
1789785000000,556.08,556.08,556.06,556.06
1789786800000,556.05,556.05,556.05,556.05
1789792200000,555.39,555.39,555.08,555.08
1789793100000,556.17,556.17,555.99,555.99
1789794000000,555.92,555.92,555.92,555.92
1789795800000,555.83,555.83,555.8,555.8
1789796700000,555.79,555.79,555.77,555.77
1789803000000,555.64,555.64,555.63,555.63
1789806600000,555.62,555.62,555.6,555.6
1789810200000,555.59,555.59,555.59,555.59
1789812000000,555.59,555.59,555.18,555.18
1789812900000,555.17,555.17,555.17,555.17
1789813800000,555.16,555.16,555.16,555.16
1789816500000,555.15,555.15,555.15,555.15
1789829100000,555.08,555.09,555.08,555.09
1789830000000,555.08,555.08,555.06,555.06
1789830900000,555.06,555.06,554.92,554.92
1789831800000,554.92,554.92,554.92,554.92
1789834500000,554.88,554.88,554.87,554.87
1789840800000,554.87,554.87,554.87,554.87
1789850700000,555.49,555.49,555.15,555.15
1789856100000,555.49,555.63,555.49,555.63
1789868700000,555.52,555.67,555.52,555.67
1789869600000,556.1,556.39,556.1,556.39
1789871400000,555.88,555.88,555.05,555.05
1789872300000,555,555,554.58,554.58
1789873200000,554.54,555.29,553.79,555.29
1789874100000,554.35,555.03,554.35,555.03
1789875900000,555.02,555.02,551.23,553.45
1789876800000,553.45,553.45,553.45,553.45
1789880400000,553.45,553.99,553.45,553.99
1789881300000,553.99,554.05,553.99,554.05
1789883100000,554.05,554.07,554.05,554.07
1789885800000,554.06,554.06,554.06,554.06
1789886700000,554.06,554.33,551.66,553.29
1789887600000,554.04,554.33,552.65,554.33
1789888500000,554.33,554.34,552.65,554.34
1789896600000,554.27,554.27,554.27,554.27
1789900200000,554.61,554.61,554.61,554.61
1789902900000,554.23,554.23,554.23,554.23
1789906500000,554.17,554.17,554.12,554.12
1789907400000,554.09,554.09,553.88,553.88
1789916400000,554.41,555.42,554.41,555.18
1789917300000,555.2,556.02,555.09,555.62
1789918200000,555.54,555.54,555.53,555.53
1789919100000,555.98,555.98,555.98,555.98
1789920000000,555.46,556.3,555.38,556.3
1789920900000,556.3,556.31,556.3,556.31
1789923600000,557.12,558.11,557.12,558.11
1789931700000,557.45,557.45,557.45,557.45
1789942500000,557.89,558.29,557.89,558.24
1789943400000,558.24,562.55,557.68,562.55
1789944300000,562.33,565.32,562.24,565.32
1789945200000,564.6,564.6,563.64,563.64
1789947000000,563.81,564.04,563.81,564.03
1789947900000,564.04,564.47,563.88,563.88
1789948800000,563.88,569.13,561.59,568.7
1789949700000,568.86,571.01,567,570.77
1789950600000,570.95,572.38,570.87,571
1789951500000,570.88,571.99,570.75,571.98
1789952400000,571,572.16,570.35,570.92
1789953300000,571.43,571.58,570.8,571.25
1789954200000,571.04,571.04,570.01,570.22
1789955100000,570.39,570.39,568,568.62
1789956000000,568.65,570,568,569.66
1789956900000,569.33,570.19,569.26,570
1789957800000,569.95,571.4,569.38,571.29
1789958700000,571,571.88,570.05,570.39
1789959600000,570.51,570.93,569.93,570.47
1789960500000,570.47,570.88,570.26,570.26
1789961400000,570.26,570.84,570.2,570.7
1789962300000,570.7,570.9,570.33,570.46
1789963200000,570.32,570.46,568.42,568.8
1789964100000,568.9,570,568.8,569.52
1789965000000,569.53,570.67,568.97,570.6
1789965900000,570.6,570.6,569.65,569.74
1789966800000,569.73,569.73,568.96,569.06
1789967700000,569,569,567.6,567.63
1789968600000,567.9,569.47,567.02,569.16
1789969500000,569.39,569.68,568.7,569.35
1789970400000,569.5,570.11,569.22,569.22
1789971300000,569.71,569.73,569.12,569.69
1789972200000,569.69,570,569.52,569.97
1789973100000,569.93,570.87,569.93,570.59
1789974000000,570.86,570.96,569.38,569.96
1789974900000,569.96,570.37,569.1,570.37
1789975800000,570.37,570.8,570.3,570.56
1789976700000,570.34,571.5,570.34,571.5
1789977600000,571.22,574.44,567,573.9298
1789978500000,573.54,574.1,573.01,573.5
1789979400000,573.3,574.8488,573.2,573.2
1789980300000,574.2822,574.43,573.2,574.25
1789981200000,574.18,578,574,577.16
1789982100000,577.16,578.31,576.1115,577.45
1789983000000,577.37,577.7988,576,576.64
1789983900000,576.9988,577.5,574.1752,574.72
1789984800000,574.7244,576,574.0012,574.53
1789985700000,574.59,575.48,574.3467,575.02
1789986600000,574.83,576.45,574.5,576.15
1789987500000,575.95,576.6,575,575.18
1789988400000,575.01,575.8,574,574.66
1789989300000,574.6677,575,573.2,574.67
1789990200000,574.7417,575,573.3,574.05
1789991100000,573.88,575.68,573.88,575.388
1789992000000,575.25,579.77,575,578
1789992900000,578.41,579.95,578.036,578.25
1789993800000,578.06,582.37,577.8,580.99
1789994700000,580.8,581.4,579.25,579.36
1789995600000,579.29,580.8,578.4,579.39
1789996500000,579.44,586.56,578.4,584
1789997400000,583.94,604.0267,582.27,604.015
1789998300000,603.955,608.2299,600.1088,607.065
1789999200000,607.165,612.54,605.4182,611.53
1790000100000,611.4023,613.924,607.54,609.5855
1790001000000,609.725,611.72,608.4,610.875
1790001900000,610.9,614.3,610.645,614.3
1790002800000,614.25,615.99,611.2346,611.335
1790003700000,611.3301,612.3292,610.5,611.665
1790004600000,611.75,612.98,609.42,609.6
1790005500000,609.85,610.82,608.871,609.85
1790006400000,609.9,611.7,609.51,611.7
1790007300000,611.74,613.18,610.8129,612.58
1790008200000,612.635,612.73,610.45,611.105
1790009100000,611.01,611.8,609.5,610.39
1790010000000,610.4406,611.62,608.4801,608.7651
1790010900000,608.74,608.7616,605.9301,606.4
1790011800000,606.5275,608.1348,606.32,607.27
1790012700000,607.36,610.2299,607.06,607.975
1790013600000,607.98,609.93,607.88,608.7
1790014500000,608.75,610.01,608.405,609.63
1790015400000,609.64,609.72,607.5,607.81
1790016300000,607.89,611.17,607.66,611.1
1790017200000,611.17,613.67,611.0001,613.4299
1790018100000,613.335,615.7,612.9609,614.4799
1790019000000,614.38,616.23,614.23,615.66
1790019900000,615.75,616.68,614.61,615.52
1790020800000,615.52,616.69,615,615.2212
1790021700000,615.52,615.71,614.21,614.48
1790022600000,614.65,615,614.29,614.39
1790023500000,614.47,615.21,614.3077,614.83
1790024400000,615.24,615.52,614.61,614.9362
1790025300000,614.94,615.2925,614.71,615.05
