ts_ms,open,high,low,close
1780272000000,271.85,272,270.48,270.51
1780272900000,270.55,270.61,270.3,270.61
1780273800000,270.61,270.61,270.39,270.44
1780274700000,270.45,270.59,270.2,270.36
1780275600000,270.39,270.65,270.34,270.65
1780276500000,270.71,270.98,270.63,270.63
1780277400000,270.64,270.64,270.4,270.47
1780278300000,270.49,270.52,270.36,270.36
1780279200000,270.37,270.61,270.34,270.53
1780280100000,270.55,270.8,270.52,270.77
1780281000000,270.8,270.8,270.57,270.63
1780281900000,270.62,270.65,270.56,270.58
1780282800000,270.6,270.64,270.18,270.21
1780283700000,270.18,270.37,270.08,270.31
1780284600000,270.33,270.43,270.11,270.11
1780285500000,270.11,270.22,269.82,269.85
1780286400000,269.85,270.11,269.83,270.03
1780287300000,270.02,270.11,269.94,269.95
1780288200000,270,270.12,269.91,270.05
1780289100000,270.1,270.14,270.02,270.02
1780290000000,270.04,270.09,270,270.03
1780290900000,270.03,270.1,269.91,269.92
1780291800000,269.92,270.01,269.92,269.94
1780292700000,269.98,270.14,269.96,270.04
1780293600000,270.07,270.19,270.04,270.08
1780294500000,270.09,270.15,270.06,270.11
1780295400000,270.15,270.37,270.13,270.33
1780296300000,270.29,270.44,270.29,270.38
1780297200000,270.36,270.51,270.23,270.24
1780298100000,270.3,270.41,270.08,270.08
1780299000000,270.16,270.24,270.01,270.01
1780299900000,270.13,270.15,270,270.15
1780300800000,270.5,270.5,269.7,269.7
1780301700000,269.952,269.99,269.75,269.91
1780302600000,269.75,270.07,269.75,269.76
1780303500000,269.8,269.9,269.5,269.58
1780304400000,269.56,269.56,269.3,269.48
1780305300000,269.5,269.5,268.8,269
1780306200000,269.06,269.5,268.9,269.05
1780307100000,268.75,268.99,268.21,268.86
1780308000000,269.29,269.3885,268.75,269
1780308900000,269.1,269.1,268.99,269
1780309800000,269.12,269.36,269,269.12
1780310700000,269.09,269.68,269.09,269.09
1780311600000,269.04,269.4573,268.02,268.81
1780312500000,268.69,269.3759,268.6006,268.8
1780313400000,268.75,269.2,268.61,268.75
1780314300000,268.51,268.8,268.436,268.5
1780315200000,268.31,268.79,268,268.2
1780316100000,268.55,268.99,268.25,268.55
1780317000000,268.8,269,268.3,268.8
1780317900000,268.81,269,268.58,268.7675
1780318800000,268.2,268.64,267.58,268
1780319700000,267.95,268.05,265.75,265.99
1780320600000,266.3,266.63,262.31,262.84
1780321500000,262.885,265.2399,262.77,264.5
1780322400000,264.52,265.45,263.82,264.485
1780323300000,264.51,264.85,264.05,264.24
1780324200000,264.22,264.555,262.75,263.58
1780325100000,263.595,264.67,263.5201,264.64
1780326000000,264.64,264.75,263.845,264.075
1780326900000,264.07,264.3,263.43,264.03
1780327800000,264.055,264.645,264.04,264.23
1780328700000,264.24,264.95,263.28,263.6
1780329600000,263.74,264.635,262.41,262.67
1780330500000,262.61,262.97,261.5,262.61
1780331400000,262.88,263.67,262.17,262.245
1780332300000,262.25,262.685,261.83,262.13
1780333200000,262.12,262.12,261.21,261.33
1780334100000,261.33,261.945,260.7,261.93
1780335000000,261.9,262.29,261.32,261.81
1780335900000,261.845,262.58,261.8,262.38
1780336800000,262.26,262.64,261.9,262.195
1780337700000,262.2,262.85,262.195,262.38
1780338600000,262.39,263.11,262.32,262.72
1780339500000,262.73,263.32,262.4,263.24
1780340400000,263.24,263.94,263.125,263.94
1780341300000,263.93,264.16,263.64,263.71
1780342200000,263.65,263.73,262.2,262.55
1780343100000,262.52,262.53,261,261.24
1780344000000,261.38,261.671,261.241718,261.26
1780344900000,261.49,261.63,261.3,261.49
1780345800000,261.31,261.63,261.3,261.31
1780346700000,261.15,261.55,258.7127,259.81
1780347600000,260.01,260.17,259.2852,259.95
1780348500000,259.49,259.95,259.01,259.15
1780349400000,259.2,259.8,259.02,259.05
1780350300000,259.6,259.7451,259.3,259.54
1780351200000,259.3,259.5,258.88,258.9
1780352100000,258.48,259,258.25,258.33
1780353000000,258.99,259.3945,258.71,259.05
1780353900000,259.25,259.4,258.8,258.9001
1780354800000,258.84,259.42,258.8,259.19
1780355700000,259.16,259.5,259.13,259.31
1780356600000,259.37,259.55,259.25,259.38
1780357500000,259.48,259.65,259.23,259.63
1780358400000,259.89,259.89,259.2,259.26
1780359300000,259.24,259.71,259.11,259.58
1780360200000,259.61,259.8,259.54,259.7
1780361100000,259.69,259.7,259.45,259.59
1780362000000,259.7,259.76,259.19,259.22
1780362900000,259.22,259.3,258.91,259.21
1780363800000,259.21,259.48,259.2,259.4
1780364700000,259.38,259.38,259.09,259.22
1780365600000,259.28,259.42,259.24,259.3
1780366500000,259.27,259.27,258.97,259.17
1780367400000,259.17,259.24,259.11,259.2
1780368300000,259.2,259.34,259.18,259.32
1780369200000,259.31,259.35,259.09,259.15
1780370100000,259.14,259.23,258.89,258.97
1780371000000,258.93,259.39,258.93,259.33
1780371900000,259.33,259.33,259,259.12
1780372800000,259.19,259.25,258.85,258.87
1780373700000,258.88,259.35,258.86,259.35
1780374600000,259.33,259.35,259.22,259.33
1780375500000,259.32,259.66,259.22,259.63
1780376400000,259.63,259.68,259.47,259.54
1780377300000,259.55,259.79,259.47,259.53
1780378200000,259.62,259.85,259.49,259.52
1780379100000,259.52,259.81,259.39,259.41
1780380000000,259.41,259.57,259.39,259.49
1780380900000,259.5,259.71,259.5,259.62
1780381800000,259.61,259.71,259.49,259.59
1780382700000,259.61,259.7,259.6,259.62
1780383600000,259.68,259.86,259.65,259.8
1780384500000,259.78,259.85,259.67,259.75
1780385400000,259.77,259.79,259.6,259.73
1780386300000,259.71,259.85,259.66,259.66
1780387200000,259.095,259.85,258.88,259.15
1780388100000,258.53,259.3,258.32,258.53
1780389000000,258.69,258.82,258.2019,258.7
1780389900000,258.8,258.8,258.5,258.5003
1780390800000,258.5,258.98,258.33,258.98
1780391700000,258.65,258.86,258.3,258.31
1780392600000,258.31,258.45,257.65,258.31
1780393500000,257.76,258,257.65,257.67
1780394400000,257.77,258,257.65,257.7918
1780395300000,257.71,258.41,257.7,258.41
1780396200000,258.03,258.5,257.6,258.03
1780397100000,257.72,258.01,257.72,258
1780398000000,258.02,258.02,257.3,257.34
1780398900000,257.38,257.4,256.66,256.81
1780399800000,256.91,257.64,256.82,257.27
1780400700000,257.51,257.5399,257.35,257.42
1780401600000,257.43,260.607,257.35,257.39
1780402500000,257.58,257.58,257.35,257.58
1780403400000,257.35,257.71,257.2,257.71
1780404300000,257.46,257.6,257.3,257.46
1780405200000,257.51,257.8495,257.09,257.51
1780406100000,257.81,258.32,257.01,257.5
1780407000000,257.135,257.91,254.37,254.6
1780407900000,254.59,256.55,254.46,255.67
1780408800000,255.65,257.33,255.08,256.9
1780409700000,256.86,258,256.485,257.77
1780410600000,257.79,259.85,257.76,259.41
1780411500000,259.575,260.54,258.91,260.44
1780412400000,260.47,260.88,260.12,260.55
1780413300000,260.61,261.21,260.44,260.72
1780414200000,260.66,260.77,260.04,260.32
1780415100000,260.33,260.37,259.33,259.36
1780416000000,259.345,259.43,258.41,259.05
1780416900000,258.98,259.52,258.95,259.2
1780417800000,259.22,259.27,258.56,258.605
1780418700000,258.62,258.955,258.5,258.81
1780419600000,258.79,258.94,258.61,258.73
1780420500000,258.72,258.86,257.59,257.71
1780421400000,257.62,258.165,257.585,257.995
1780422300000,257.98,258.33,257.47,257.51
1780423200000,257.485,258.31,257.33,258.005
1780424100000,258.025,258.58,257.88,258.13
1780425000000,258.11,258.25,257.84,258.16
1780425900000,258.13,258.58,257.99,258.35
1780426800000,258.3,258.55,258.01,258.04
1780427700000,258.035,258.1,257.75,257.96
1780428600000,257.91,258.18,257.38,257.48
1780429500000,257.435,257.86,256.35,256.52
1780430400000,256.5,257.7585,256.29,256.54
1780431300000,256.4,256.45,256.0987,256.2044
1780432200000,256.39,256.51,256.2,256.39
1780433100000,256.49,256.78,256.29,256.57
1780434000000,256.46,256.46,256.26,256.4213
1780434900000,256.42,256.42,256.3,256.39
1780435800000,256.39,256.43,256.313,256.313
1780436700000,256.4,256.43,256.3,256.4
1780437600000,256.43,256.43,256.1501,256.4
1780438500000,256.36,256.42,256.1682,256.36
1780439400000,256.43,256.43,256.3,256.35
1780440300000,256.3,256.4,256.05,256.05
1780441200000,256.01,256.28,255.95,255.99
1780442100000,255.95,256,255.42,255.5
1780443000000,255.52,256.18,255.45,255.86
1780443900000,256.2,256.43,256.01,256.2
1780444800000,256.01,256.7,256.01,256.51
1780445700000,256.43,256.64,256.43,256.58
1780446600000,256.58,256.71,256.52,256.61
1780447500000,256.61,256.7,256.49,256.49
1780448400000,256.57,256.57,256.3,256.43
1780449300000,256.3,256.4,256.08,256.16
1780450200000,256.13,256.21,256.02,256.06
1780451100000,256.07,256.1,256,256.02
1780452000000,256.13,256.16,255.9,256
1780452900000,256.01,256.12,255.88,256.12
1780453800000,256.06,256.22,256.02,256.2
1780454700000,256.2,256.23,256.12,256.19
1780455600000,256.23,256.26,256.12,256.16
1780456500000,256.17,256.25,256.14,256.17
1780457400000,256.18,256.2,256.01,256.03
1780458300000,256.02,256.11,255.98,256.11
1780459200000,256.1,256.2,256.02,256.07
1780460100000,256.13,256.17,256.05,256.14
1780461000000,256.14,256.17,256.05,256.08
1780461900000,256.07,256.08,256,256
1780462800000,256,256,255.79,255.95
1780463700000,255.94,256.01,255.91,255.93
1780464600000,255.99,255.99,255.8,255.8
1780465500000,255.82,255.83,255.64,255.78
1780466400000,255.72,255.99,255.64,255.8
1780467300000,255.74,256,255.72,255.92
1780468200000,255.92,255.98,255.88,255.89
1780469100000,255.89,256.03,255.87,255.98
1780470000000,255.96,256.33,255.94,256.33
1780470900000,256.29,256.3,256.05,256.13
1780471800000,256.14,256.18,255.85,255.91
1780472700000,255.86,256.29,255.85,256.18
1780473600000,256.215,256.32,255.926,256.164
1780474500000,256.165,256.188,255.852,256.035
1780475400000,256.035,256.31,256.035,256.31
1780476300000,256.31,256.47,256.151,256.34
1780477200000,256.34,256.404,256.087,256.404
1780478100000,256.51,256.51,256.201,256.51
1780479000000,256.505,256.505,255.827,256.11
1780479900000,256.11,256.472,255.84,255.84
1780480800000,255.84,256.26,255.84,256.26
1780481700000,256.26,256.329,255.951,256.215
1780482600000,256.215,256.288,256.16,256.16
1780483500000,256.16,256.16,255.785,255.87
1780484400000,255.81,256.018,255.4,255.81
1780485300000,255.79,256.18,255.395,255.79
1780486200000,256.183,256.425,256.06,256.291
1780487100000,256.291,256.407,255.972,256.11
1780488000000,256.01,256.11,255.825,256.01
1780488900000,256,256.1,255.5,255.53
1780489800000,255.6,255.6,255.203,255.566
1780490700000,255.597,255.75,255.265,255.285
1780491600000,255.8,255.875,255.285,255.8
1780492500000,255,255.653,254.326,254.81
1780493400000,254.2,257.1,253.45,256.09
1780494300000,256.085,256.2,254.55,255.34
1780495200000,255.33,255.73,253.78,254.06
1780496100000,254.14,254.18,252.58,252.735
1780497000000,252.8,253.25,252.555,252.6
1780497900000,252.59,252.735,251.42,251.76
1780498800000,251.8,251.81,250.27,250.38
1780499700000,250.35,250.88,250.015,250.295
1780500600000,250.29,250.56,249.17,250.115
1780501500000,250.06,250.39,249.76,250.16
1780502400000,250.11,250.38,249.905,249.99
1780503300000,249.98,250.008,249.02,249.04
1780504200000,249.04,249.265,248.27,248.7
1780505100000,248.68,249.11,248.51,248.53
1780506000000,248.52,248.785,247.71,247.93
1780506900000,247.95,248.4,247.865,248.08
1780507800000,248.03,248.595,247.81,248.355
1780508700000,248.36,249.4,248.2,249.145
1780509600000,249.11,249.18,248.62,248.845
1780510500000,248.87,249.17,248.55,248.94
1780511400000,248.94,249.17,248.43,248.6
1780512300000,248.58,248.99,248.465,248.76
1780513200000,248.695,248.751,248.08,248.365
1780514100000,248.39,248.62,248.19,248.195
1780515000000,248.52,249.405,248.29,249.356
1780515900000,249.352,250.26,248.83,249.98
1780516800000,249.993,250.036,249.345,249.943
1780517700000,249.959,250.59,249.922,249.975
1780518600000,249.975,250.187,249.86,249.987
1780519500000,249.989,250.124,249.675,249.901
1780520400000,249.901,250.344,249.9,250.26
1780521300000,250.26,250.75,250.2,250.291
1780522200000,250.29,250.638,250.159,250.285
1780523100000,250.285,250.491,250.203,250.491
1780524000000,250.493,250.849,250.401,250.735
1780524900000,250.692,250.899,250.477,250.798
1780525800000,250.799,251.413,250.799,251.12
1780526700000,251.133,251.392,250.911,251.339
1780527600000,251.339,251.34,251.056,251.265
1780528500000,251.265,251.265,250.925,251.185
1780529400000,251.184,251.291,250.962,251.167
1780530300000,251.164,251.275,251,251.275
1780531200000,251.71,251.71,250.97,251.41
1780532100000,251.43,251.61,251.08,251.15
1780533000000,251.34,251.65,251.26,251.5
1780533900000,251.43,251.49,251.17,251.41
1780534800000,251.42,251.64,251.33,251.56
1780535700000,251.56,251.6,251.38,251.54
1780536600000,251.52,251.76,251.34,251.34
1780537500000,251.39,251.57,251.31,251.31
1780538400000,251.4,251.4,250.8,250.88
1780539300000,250.9,250.9,250.41,250.72
1780540200000,250.74,250.74,250.49,250.7
1780541100000,250.7,250.86,250.56,250.61
1780542000000,250.68,250.92,250.6,250.85
1780542900000,250.9,251.11,250.86,251.11
1780543800000,251.11,251.5,251.03,251.2
1780544700000,251.22,251.34,250.95,251.2
1780545600000,251.19,251.28,251.08,251.14
1780546500000,251.25,251.26,251.06,251.16
1780547400000,251.14,251.48,251.07,251.37
1780548300000,251.4,251.45,251.33,251.35
1780549200000,251.35,251.38,250.98,251.12
1780550100000,251.21,251.24,251.06,251.18
1780551000000,251.05,251.22,250.96,251.19
1780551900000,251.14,251.17,250.95,251.05
1780552800000,251.05,251.33,251.05,251.26
1780553700000,251.21,251.3,251.01,251.08
1780554600000,251.07,251.23,251.07,251.18
1780555500000,251.19,251.33,251.12,251.32
1780556400000,251.22,251.39,251.08,251.36
1780557300000,251.33,251.36,251.2,251.35
1780558200000,251.36,251.6,251.35,251.35
1780559100000,251.4,251.4,250.99,251.02
1780560000000,251.275,251.4,251.005,251.176
1780560900000,251.178,251.19,250.717,250.83
1780561800000,250.862,251.274,250.775,250.775
1780562700000,250.775,251.025,250.775,250.775
1780563600000,250.775,251.916,250.775,251.916
1780564500000,251.93,252.25,251.93,252.22
1780565400000,252.22,252.24,252.095,252.095
1780566300000,252.095,252.399,252.095,252.399
1780567200000,252.399,252.4,252.216,252.22
1780568100000,252.22,252.22,251.64,251.655
1780569000000,251.655,251.655,251.467,251.535
1780569900000,251.535,252.028,251.527,251.97
1780570800000,251.912,252.517,251.738,252.453
1780571700000,252.452,253.251,252.452,253.165
1780572600000,253.165,253.212,251.913,252.574
1780573500000,252.579,253.177,252.348,252.8
1780574400000,252.8,253.175,252.601,253.1
1780575300000,253.1,253.32,252.817,252.998
1780576200000,252.999,253.3,252.999,253.3
1780577100000,253.3,253.496,252.971,253.225
1780578000000,253.225,253.729,253.225,253.637
1780578900000,253.638,254,253.077,253.283
1780579800000,253.195,254.23,251.82,253.033
1780580700000,252.98,254.64,252.1,254.595
1780581600000,254.69,255.12,253.16,253.48
1780582500000,253.43,254.26,253.43,253.816
1780583400000,253.821,254.6,253.685,254.327
1780584300000,254.321,254.395,253.525,253.655
1780585200000,253.675,254.92,253.53,254.527
1780586100000,254.525,255.84,254.105,255.518
1780587000000,255.57,255.65,254.05,254.12
1780587900000,254.12,254.3,253.59,254.014
1780588800000,254.011,254.45,253.88,254.217
1780589700000,254.229,254.276,253.67,253.797
1780590600000,253.797,254.26,253.605,253.79
1780591500000,253.797,253.96,253.54,253.81
1780592400000,253.82,254.01,253.685,253.779
1780593300000,253.78,254.629,253.71,254.396
1780594200000,254.38,254.77,253.725,253.768
1780595100000,253.767,253.92,253.642,253.863
1780596000000,253.859,253.99,253.719,253.921
1780596900000,253.918,254.83,253.895,254.712
1780597800000,254.714,254.874,254.32,254.587
1780598700000,254.305,254.542,253.405,253.932
1780599600000,253.93,254.09,253.4,254.032
1780600500000,254.039,254.425,253.765,253.783
1780601400000,253.781,253.86,253.13,253.468
1780602300000,253.465,254.09,253.27,253.915
1780603200000,253.911,253.941,253.462,253.7
1780604100000,253.7,253.998,253.496,253.65
1780605000000,253.65,253.8,253.635,253.681
1780605900000,253.681,253.85,253.365,253.85
1780606800000,253.852,253.857,253.492,253.84
1780607700000,253.84,253.92,253.7,253.92
1780608600000,253.92,253.991,253.83,253.895
1780609500000,253.895,253.97,253.78,253.97
1780610400000,253.97,254.148,253.775,253.82
1780611300000,253.82,254.085,253.362,253.629
1780612200000,253.628,253.735,253.368,253.48
1780613100000,253.48,253.695,253.48,253.611
1780614000000,253.609,253.705,253.6,253.685
1780614900000,253.685,253.69,253.245,253.245
1780615800000,253.245,253.595,253.245,253.41
1780616700000,253.41,253.466,253.265,253.466
1780617600000,253.467,253.468,252.15,252.29
1780618500000,252.27,252.8,252.17,252.78
1780619400000,252.71,252.78,252.16,252.41
1780620300000,252.52,252.52,252.18,252.31
1780621200000,252.32,252.39,251.55,252.22
1780622100000,252.12,252.28,251.71,251.9
1780623000000,251.9,252.28,251.9,252.18
1780623900000,252.24,252.39,252.12,252.39
1780624800000,252.39,252.68,252.31,252.36
1780625700000,252.36,252.65,252.32,252.65
1780626600000,252.54,252.69,252.41,252.51
1780627500000,252.51,252.52,252.37,252.38
1780628400000,252.4,252.4,252.11,252.19
1780629300000,252.18,252.22,251.92,252.11
1780630200000,252.09,252.16,252.02,252.02
1780631100000,252.11,252.16,251.99,252
1780632000000,252.01,252.25,251.99,252.13
1780632900000,252.15,252.2,251.99,252.01
1780633800000,252.02,252.14,251.97,252.01
1780634700000,252.01,252.18,252,252.16
1780635600000,252.14,252.19,252.05,252.19
1780636500000,252.14,252.42,252.14,252.34
1780637400000,252.34,252.54,252.34,252.5
1780638300000,252.45,252.47,252.23,252.24
1780639200000,252.27,252.41,252.18,252.21
1780640100000,252.3,252.3,252.04,252.04
1780641000000,252.08,252.2,251.99,252.11
1780641900000,252.12,252.19,252.11,252.12
1780642800000,252.13,252.14,251.92,252.01
1780643700000,252.05,252.09,251.94,252.06
1780644600000,252.06,252.18,252.04,252.11
1780645500000,252.09,252.55,252.07,252.23
1780646400000,253.27,253.27,252.275,252.285
1780647300000,252.285,252.94,252.275,252.94
1780648200000,252.94,252.94,252.94,252.94
1780649100000,252.94,253.625,252.94,253.355
1780650000000,253.355,253.65,252.78,253.65
1780650900000,253.65,253.65,252.875,253.3
1780651800000,253.3,253.3,252.615,252.665
1780652700000,252.667,252.975,252.66,252.66
1780653600000,252.66,253.225,252.54,253.225
1780654500000,253.225,253.755,252.92,253.755
1780655400000,253.755,253.755,253.27,253.27
1780656300000,253.27,253.27,252.625,252.95
1780657200000,252.95,253.367,252.235,252.41
1780658100000,252.41,252.7,252.275,252.7
1780659000000,252.7,253.324,252.63,252.8
1780659900000,252.8,252.8,252.398,252.58
1780660800000,252.58,252.58,251.99,252.037
1780661700000,252.022,252.796,251.95,252.013
1780662600000,252.011,252.551,251.879,252.3
1780663500000,252.3,252.4,252,252
1780664400000,252,252.24,251.764,252.111
1780665300000,252.109,254.99,251.841,254.246
1780666200000,253.885,256.31,253.5,254.441
1780667100000,254.43,254.83,252.885,253.002
1780668000000,252.905,253.155,252.06,252.9
1780668900000,252.906,254.33,252.83,253.738
1780669800000,253.81,254.06,252.42,253.09
1780670700000,253.102,253.5,252.96,253.296
1780671600000,253.295,253.935,252.885,252.943
1780672500000,252.935,253.8,252.69,253.63
1780673400000,253.604,253.69,252.983,252.984
1780674300000,252.98,253.164,252.5,252.911
1780675200000,252.909,252.99,252.39,252.853
1780676100000,252.844,253.113,252.46,253.056
1780677000000,253.052,253.43,252.65,253.267
1780677900000,253.267,253.58,253.06,253.266
1780678800000,253.264,253.721,252.92,253.362
1780679700000,253.357,253.44,252.49,253.431
1780680600000,253.35,253.84,253.16,253.383
1780681500000,253.382,253.64,252.895,253.496
1780682400000,253.515,253.73,251.81,251.923
1780683300000,251.905,251.921,247.83,248.838
1780684200000,248.809,249.01,247.975,248.374
1780685100000,248.36,248.9,247.68,248.066
1780686000000,248,248.27,247.4,247.442
1780686900000,247.438,247.438,246.675,247.21
1780687800000,247.22,247.3,246.5,247.25
1780688700000,247.26,248.11,245.79,246.096
1780689600000,246.086,246.556,245.791,246.04
1780690500000,246.042,246.22,245.53,245.884
1780691400000,245.883,246.2,245.755,245.76
1780692300000,245.76,245.962,245.628,245.7
1780693200000,245.7,246.184,245.7,246.101
1780694100000,246.101,246.47,245.896,246.391
1780695000000,246.391,246.634,246.2,246.634
1780695900000,246.635,246.638,246.258,246.425
1780696800000,246.425,246.95,246.425,246.49
1780697700000,246.49,246.828,246.223,246.7
1780698600000,246.7,246.724,246.418,246.502
1780699500000,246.502,246.505,246.069,246.5
1780700400000,246.5,246.775,246.5,246.664
1780701300000,246.669,246.696,246.055,246.33
1780702200000,246.329,246.329,245.775,245.79
1780703100000,245.79,245.82,245.283,245.51
1780876800000,248.01,248.01,245.74,246.33
1780877700000,246.32,247.09,246.29,247.01
1780878600000,247.03,247.55,246.81,247.02
1780879500000,247.04,247.04,246.75,247.01
1780880400000,247.01,247.51,246.88,247.35
1780881300000,247.4,247.59,247.03,247.53
1780882200000,247.48,247.93,247.15,247.49
1780883100000,247.59,247.75,247.16,247.27
1780884000000,247.29,247.29,246.9,247
1780884900000,247,247.02,246.77,246.81
1780885800000,246.99,247.19,246.69,247.19
1780886700000,247.23,247.39,247.13,247.2
1780887600000,247.26,247.31,247.12,247.19
1780888500000,247.17,247.3,247.03,247.2
1780889400000,247.28,247.36,247.22,247.23
1780890300000,247.24,247.3,247.1,247.11
1780891200000,247.12,247.21,246.85,246.9
1780892100000,246.89,246.96,246.81,246.9
1780893000000,246.91,246.91,246.61,246.61
1780893900000,246.63,246.63,246.21,246.21
1780894800000,246.22,246.38,246.1,246.11
1780895700000,246.16,246.29,246.08,246.21
1780896600000,246.16,246.23,245.74,245.82
1780897500000,245.89,246.4,245.83,246.09
1780898400000,246.37,246.81,246.08,246.43
1780899300000,246.42,246.89,246.12,246.57
1780900200000,246.86,246.96,246.49,246.54
1780901100000,246.7,246.7,246.36,246.52
1780902000000,246.66,246.83,246.45,246.79
1780902900000,246.8,247.32,246.78,247.32
1780903800000,247.33,247.51,247.28,247.49
1780904700000,247.49,247.93,245.51,247.54
1780905600000,245.915,247.935,245.915,247.676
1780906500000,247.676,247.676,247.325,247.325
1780907400000,247.325,247.325,247.025,247.025
1780908300000,247.025,247.05,246.507,247.05
1780909200000,247.05,247.31,246.356,246.7
1780910100000,246.715,247.465,246.715,247.105
1780911000000,247.056,247.205,246.675,247.205
1780911900000,247.205,247.46,247.2,247.46
1780912800000,247.46,247.46,247.2,247.352
1780913700000,247.353,247.465,246.925,247
1780914600000,247,247.69,247,247.085
1780915500000,247.085,247.69,246.945,247.167
1780916400000,247.147,247.392,246.701,247.3
1780917300000,247.3,248.43,247.3,248.25
1780918200000,248.25,248.8,248.25,248.6
1780919100000,248.6,248.821,248.6,248.699
1780920000000,248.683,249.882,245,249.6
1780920900000,249.6,249.6,248.3,248.624
1780921800000,248.625,249.314,248.625,249.15
1780922700000,249.154,249.175,248.6,249
1780923600000,249,249.698,248.946,249.567
1780924500000,249.572,249.6,246.511,246.619
1780925400000,246.78,249.35,246.41,247.726
1780926300000,247.742,248.87,246.96,247.145
1780927200000,247.07,247.46,246.58,246.958
1780928100000,246.959,247.03,246.17,246.822
1780929000000,246.819,247.18,246.305,246.508
1780929900000,246.504,247.22,246.315,247.179
1780930800000,247.184,247.69,246.92,247.458
1780931700000,247.462,247.58,246.46,246.496
1780932600000,246.42,246.705,245.59,246.585
1780933500000,246.645,246.965,245.86,245.911
1780934400000,245.92,246.64,245.8,246.586
1780935300000,246.64,246.92,246.46,246.482
1780936200000,246.485,246.579,245.97,246.084
1780937100000,246.084,246.333,245.57,245.633
1780938000000,245.632,245.632,244.93,245.379
1780938900000,245.383,245.84,245.14,245.777
1780939800000,245.78,245.885,244.725,244.788
1780940700000,244.798,245,244.63,244.682
1780941600000,244.682,244.85,243.915,243.974
1780942500000,243.972,244.48,243.37,244.28
1780943400000,244.276,244.47,243.66,244.171
1780944300000,244.169,244.725,244.135,244.514
1780945200000,244.53,244.831,244.22,244.283
1780946100000,244.3,244.75,244.22,244.69
1780947000000,244.74,245.063,244.63,245.063
1780947900000,245.05,245.58,244.9,245.281
1780948800000,245.274,245.535,245.241,245.424
1780949700000,245.425,245.445,244.75,245.245
1780950600000,245.245,245.475,245.15,245.337
1780951500000,245.338,245.377,244.903,244.903
1780952400000,244.902,245.325,244.901,245.325
1780953300000,245.325,245.325,245.216,245.235
1780954200000,245.235,245.24,245.05,245.185
1780955100000,245.185,245.3,245.185,245.2
1780956000000,245.2,245.348,243.922,244.215
1780956900000,244.219,244.654,244.06,244.48
1780957800000,244.48,245,244.39,244.692
1780958700000,244.718,245.135,244.718,245.135
1780959600000,245.136,245.3,244.854,245.206
1780960500000,245.228,245.398,245.06,245.325
1780961400000,245.325,245.56,244.986,245.235
1780962300000,245.235,245.295,244.6,245.14
1780963200000,245.84,245.84,244.12,244.45
1780964100000,244.47,244.61,244.2,244.47
1780965000000,244.56,244.56,244.19,244.29
1780965900000,244.39,244.41,244.25,244.41
1780966800000,244.41,244.72,244.36,244.68
1780967700000,244.68,245.44,244.67,245.25
1780968600000,245.23,245.5,245.04,245.2
1780969500000,245.2,245.42,244.86,245.11
1780970400000,245.14,245.24,244.99,245.16
1780971300000,245.12,245.14,244.95,245
1780972200000,245.01,245.16,245.01,245.09
1780973100000,245.13,245.23,245.09,245.2
1780974000000,245.21,245.33,245.13,245.32
1780974900000,245.3,245.39,245.23,245.27
1780975800000,245.29,245.46,245.27,245.44
1780976700000,245.43,245.46,245.33,245.37
1780977600000,245.37,245.7,245.32,245.63
1780978500000,245.61,245.98,245.6,245.76
1780979400000,245.71,245.91,245.67,245.8
1780980300000,245.8,245.88,245.65,245.65
1780981200000,245.64,245.8,245.49,245.49
1780982100000,245.51,245.64,245.15,245.49
1780983000000,245.61,245.76,245.5,245.6
1780983900000,245.6,245.76,245.57,245.76
1780984800000,245.76,246.1,245.69,245.88
1780985700000,245.96,246.1,245.82,245.83
1780986600000,245.83,245.84,245.67,245.76
1780987500000,245.78,245.78,245.46,245.65
1780988400000,245.67,246.01,245.66,245.87
1780989300000,245.78,245.84,245.56,245.65
1780990200000,245.69,245.77,245.55,245.77
1780991100000,245.78,245.89,245.56,245.79
1780992000000,245.14,246.055,245.14,246.055
1780992900000,246.055,246.349,245.931,246.1
1780993800000,246.1,246.25,246.05,246.25
1780994700000,246.25,246.25,246.125,246.125
1780995600000,246.125,246.26,246.125,246.26
1780996500000,246.26,246.605,246.26,246.605
1780997400000,246.605,246.79,246.366,246.366
1780998300000,246.366,246.66,246.365,246.66
1780999200000,246.706,247,246.147,246.525
1781000100000,246.525,247.012,246.505,246.824
1781001000000,246.825,246.825,246.555,246.675
1781001900000,246.675,247.174,246.675,246.96
1781002800000,246.95,247,246.762,247
1781003700000,247,247.125,246.7,246.825
1781004600000,246.825,246.999,246.57,246.8
1781005500000,246.8,246.8,246.341,246.341
1781006400000,246.341,246.691,246.341,246.356
1781007300000,246.35,246.5,246.151,246.5
1781008200000,246.5,247.035,246.5,246.82
1781009100000,246.82,246.82,246.544,246.684
1781010000000,246.684,246.83,246.49,246.58
1781010900000,246.583,247.804,246.4,247.524
1781011800000,247.705,250.415,246.67,248.725
1781012700000,248.9,249.15,247.9,248.825
1781013600000,248.827,249.065,247.58,247.642
1781014500000,247.71,248.125,246.935,247.281
1781015400000,247.305,247.4,246.18,246.277
1781016300000,246.276,246.5,244.415,245.26
1781017200000,245.262,245.51,244.79,245.037
1781018100000,244.98,245.05,242.435,242.653
1781019000000,242.76,243.05,242.21,242.447
1781019900000,242.485,243.16,242.345,242.734
1781020800000,242.729,243.925,242.665,243.653
1781021700000,243.655,243.695,242.417,243.342
1781022600000,243.334,243.99,241.35,241.843
1781023500000,241.848,242.29,240.49,241.443
1781024400000,241.45,242.3,241.33,242.055
1781025300000,242.056,243.55,241.78,243.493
1781026200000,243.45,244.955,243.26,244.519
1781027100000,244.515,245.1,244.11,244.791
1781028000000,244.792,245.47,244.73,245.032
1781028900000,245,245.5,244.77,245.257
1781029800000,245.26,245.71,244.95,245.023
1781030700000,245.008,245.635,244.98,245.458
1781031600000,245.452,245.8,244.99,245.111
1781032500000,245.115,245.121,244,244.282
1781033400000,244.283,244.32,243.3,243.585
1781034300000,243.58,244.625,243.14,244.14
1781035200000,244.149,244.585,243.785,243.995
1781036100000,243.996,244.327,243.631,244.12
1781037000000,244.12,244.4,243.845,244.4
1781037900000,244.4,244.785,243.974,244.075
1781038800000,244.075,244.299,243.95,244.299
1781039700000,244.3,244.3,243.311,243.405
1781040600000,243.405,243.449,243.201,243.337
1781041500000,243.335,243.485,243.276,243.45
1781042400000,243.509,243.885,243.509,243.739
1781043300000,243.74,243.95,243.676,243.7
1781044200000,243.7,243.7,243.4,243.4
1781045100000,243.4,243.797,243.371,243.575
1781046000000,243.575,244.095,243.57,243.625
1781046900000,243.625,243.645,243.4,243.645
1781047800000,243.645,243.645,243.326,243.469
1781048700000,243.471,243.96,243.471,243.692
1781049600000,244.18,244.19,243.693,243.8
1781050500000,243.82,244.01,243.78,244.01
1781051400000,244.01,244.01,243.32,243.32
1781052300000,243.3,243.97,243.3,243.8
1781053200000,243.81,244.12,243.74,244.06
1781054100000,244.06,244.2,243.88,243.89
1781055000000,243.97,244.1,243.84,243.86
1781055900000,243.88,243.99,243.74,243.8
1781056800000,243.8,243.98,243.67,243.74
1781057700000,243.82,244.09,243.72,244.02
1781058600000,244.08,244.44,243.93,244.16
1781059500000,244.42,244.45,243.87,243.87
1781060400000,244,244.3,243.87,244.08
1781061300000,244.16,244.27,243.9,244.06
1781062200000,244.06,244.38,243.93,243.93
1781063100000,243.99,244.17,243.82,243.9
1781064000000,244.09,244.1,243.6,243.6
1781064900000,243.63,243.84,243.5,243.63
1781065800000,243.58,243.71,243.29,243.32
1781066700000,243.48,243.91,243.32,243.33
1781067600000,243.33,243.57,243.29,243.36
1781068500000,243.36,243.36,243.09,243.36
1781069400000,243.54,243.74,243.25,243.44
1781070300000,243.75,243.75,243.24,243.51
1781071200000,243.53,243.83,243.49,243.78
1781072100000,243.78,243.84,243.3,243.44
1781073000000,243.46,243.58,243.28,243.33
1781073900000,243.52,243.59,243.21,243.29
1781074800000,243.5,243.59,243.2,243.54
1781075700000,243.56,243.69,243.21,243.32
1781076600000,243.23,243.39,243.19,243.31
1781077500000,243.24,243.55,243.23,243.24
1781078400000,243.692,244.195,243.121,243.121
1781079300000,243.135,243.209,242.972,243.05
1781080200000,243.05,243.595,243.05,243.112
1781081100000,243.111,243.565,243.11,243.55
1781082000000,243.55,243.555,243.13,243.13
1781082900000,243.129,243.129,242.404,242.904
1781083800000,242.905,243.33,242.8,243.25
1781084700000,243.25,243.3,242.348,242.4
1781085600000,242.4,242.855,242.4,242.855
1781086500000,242.855,242.855,242.4,242.4
1781087400000,242.4,243,242.4,243
1781088300000,243,243.27,243,243.27
1781089200000,243.275,243.3,242.202,242.7
1781090100000,242.7,243,241.804,242.309
1781091000000,242.313,242.48,241.602,242.199
1781091900000,242.2,242.56,241.7,242.508
1781092800000,242.465,242.67,241.808,242.318
1781093700000,242.307,242.7,242.052,242.7
1781094600000,242.7,244.19,242.115,242.995
1781095500000,242.997,243.36,242.522,242.65
1781096400000,242.625,242.883,242.101,242.549
1781097300000,242.541,243.685,241.91,243.532
1781098200000,243.527,243.96,241.69,242.464
1781099100000,242.455,242.455,240.23,240.492
1781100000000,240.534,241.95,240.43,241.632
1781100900000,241.643,242.42,240.76,240.91
1781101800000,240.913,241.37,240.45,240.69
1781102700000,240.62,241.175,239.82,240.079
1781103600000,240.07,240.78,239.135,239.291
1781104500000,239.287,239.9,238.84,239.477
1781105400000,239.472,239.96,238.95,239.888
1781106300000,239.89,240.33,238.83,240.038
1781107200000,240.05,240.232,239.035,239.308
1781108100000,239.309,239.645,239.12,239.215
1781109000000,239.175,239.69,238.935,238.99
1781109900000,238.94,239.25,238.58,239.223
1781110800000,239.21,239.44,238.41,238.536
1781111700000,238.544,238.77,238.425,238.547
1781112600000,238.545,238.57,237.92,238.128
1781113500000,238.131,239.135,238.08,238.856
1781114400000,238.855,239.285,238.7,239.009
1781115300000,239.024,239.37,238.99,239.127
1781116200000,239.126,239.126,238.56,238.712
1781117100000,238.717,238.85,238.18,238.294
1781118000000,238.286,238.53,238.05,238.179
1781118900000,238.182,238.41,237.56,237.631
1781119800000,237.61,238.59,237.48,238.454
1781120700000,238.395,238.46,237.49,237.97
1781121600000,237.968,238.598,236.01,238.356
1781122500000,238.355,238.671,237.855,238.119
1781123400000,238.12,238.124,237.38,237.553
1781124300000,237.58,237.755,237.076,237.5
1781125200000,237.5,237.605,237.4,237.525
1781126100000,237.525,237.629,237.39,237.516
1781127000000,237.496,237.63,237.4,237.455
1781127900000,237.455,237.455,237.302,237.38
1781128800000,237.38,237.38,236.543,236.931
1781129700000,236.934,237.226,236.461,236.78
1781130600000,236.78,237.295,236.721,236.721
1781131500000,236.72,236.876,235.972,235.972
1781132400000,235.971,236.204,235.6,235.6
1781133300000,235.6,236.499,235.495,236.459
1781134200000,236.458,236.9,235.976,236.829
1781135100000,236.828,236.828,235.947,236.267
1781136000000,236.239,236.79,236.09,236.47
1781136900000,236.48,237.73,236.48,237.16
1781137800000,237.18,237.24,236.76,236.91
1781138700000,237.02,237.38,236.99,237.22
1781139600000,237.32,238.21,237.32,238.21
1781140500000,238.3,238.56,238.11,238.54
1781141400000,238.59,238.89,238.43,238.45
1781142300000,238.5,238.5,238.14,238.29
1781143200000,238.29,238.41,238.19,238.21
1781144100000,238.17,238.34,237.71,238.06
1781145000000,238.05,238.13,237.87,237.96
1781145900000,237.96,238.3,237.92,238.29
1781146800000,238.29,238.41,238.01,238.31
1781147700000,238.25,238.28,238.09,238.23
1781148600000,238.29,238.66,238.29,238.6
1781149500000,238.51,239.22,238.38,239.21
1781150400000,239.22,239.42,239.07,239.28
1781151300000,239.24,239.64,239.24,239.6
1781152200000,239.6,239.82,239.48,239.82
1781153100000,239.71,239.84,239.65,239.81
1781154000000,239.68,239.69,239.4,239.43
1781154900000,239.51,239.55,239.1,239.1
1781155800000,239.13,239.34,239.12,239.18
1781156700000,239.18,239.62,239.07,239.62
1781157600000,239.4,239.4,239.22,239.26
1781158500000,239.48,239.62,239.23,239.23
1781159400000,239.23,239.5,239.22,239.4
1781160300000,239.39,239.58,239.38,239.58
1781161200000,239.54,239.6,239.25,239.6
1781162100000,239.6,240.4,239.59,240.24
1781163000000,240.36,240.43,240.24,240.43
1781163900000,240.4,240.41,239.82,239.89
1781164800000,236.767,240.095,236.767,239.22
1781165700000,239.223,239.965,239.223,239.965
1781166600000,239.965,240.43,239.965,240.125
1781167500000,240.125,240.125,240.125,240.125
1781168400000,240.125,240.125,240.045,240.045
1781169300000,240.045,240.045,240.045,240.045
1781170200000,240.045,240.164,239.9,240.045
1781171100000,240.045,240.293,240.045,240.045
1781172000000,240.045,240.17,239.647,239.83
1781172900000,239.83,239.83,239.5,239.76
1781173800000,239.76,239.76,239.5,239.515
1781174700000,239.515,239.725,239.5,239.65
1781175600000,239.65,240.22,239.275,239.5
1781176500000,239.5,239.846,239.255,239.535
1781177400000,239.535,240.1,239.535,240.1
1781178300000,240.1,240.55,239.83,240.147
1781179200000,240.15,240.299,239.877,240.1
1781180100000,240.1,240.195,238.774,239.1
1781181000000,239.1,239.2,238.084,239.099
1781181900000,239.099,239.6,238.646,239.6
1781182800000,239.6,240.062,239,239.644
1781183700000,239.632,240.049,237.978,238.086
1781184600000,237.92,238.36,235.53,236.266
1781185500000,236.29,238.27,236.11,237.272
1781186400000,237.41,238.745,237.21,237.578
1781187300000,237.57,238.14,236.91,237.305
1781188200000,237.299,237.65,236.24,237.071
1781189100000,237.07,237.3,235.6,235.823
1781190000000,235.828,236.81,235.19,236.695
1781190900000,236.692,237.22,236.39,236.802
1781191800000,236.74,237.39,236.65,236.882
1781192700000,236.893,237.19,236.56,237.127
1781193600000,237.13,237.805,236.92,237.558
1781194500000,237.559,237.94,236.78,236.803
1781195400000,236.75,237.75,236.32,237.109
1781196300000,237.05,237.17,236.31,236.437
1781197200000,236.436,236.64,235.76,236.185
1781198100000,236.184,238.15,235.715,238.089
1781199000000,238.17,240.03,238.17,239.896
1781199900000,239.897,239.98,238.4,238.742
1781200800000,238.72,239.16,237.99,239.139
1781201700000,239.137,239.67,238.75,238.819
1781202600000,238.82,239.383,238.82,239.325
1781203500000,239.328,239.98,239.24,239.808
1781204400000,239.81,240.59,239.79,240.38
1781205300000,240.39,240.85,240.16,240.819
1781206200000,240.84,242.14,240.819,241.485
1781207100000,241.52,241.56,241.25,241.41
1781208000000,241.439,242.167,241.308,242.01
1781208900000,242.01,242.01,241.415,241.534
1781209800000,241.545,241.599,241.1,241.173
1781210700000,241.174,241.3,241.145,241.225
1781211600000,241.225,241.505,241.225,241.3
1781212500000,241.3,241.429,241.3,241.395
1781213400000,241.395,241.464,241.242,241.275
1781214300000,241.275,241.427,241.275,241.41
1781215200000,241.41,241.88,241.41,241.545
1781216100000,241.545,241.925,241.545,241.925
1781217000000,241.925,241.925,241.665,241.803
1781217900000,241.802,242.214,241.802,242.125
1781218800000,242.125,242.175,241.855,242.063
1781219700000,242.065,242.197,241.719,241.81
1781220600000,241.818,242.103,241.818,242.1
1781221500000,242.1,242.273,242,242.273
1781222400000,242.274,243,242.15,242.55
1781223300000,242.55,242.55,241.78,242.41
1781224200000,242.41,242.46,241.7,241.7
1781225100000,241.8,242,241.68,241.88
1781226000000,241.81,241.9,241.67,241.8
1781226900000,241.8,241.89,241.4,241.66
1781227800000,241.55,241.72,241.05,241.46
1781228700000,241.49,241.77,241.48,241.75
1781229600000,241.84,241.92,241.76,241.85
1781230500000,241.85,241.91,241.69,241.74
1781231400000,241.74,241.83,241.67,241.83
1781232300000,241.82,241.95,241.76,241.95
1781233200000,241.92,242,241.76,241.94
1781234100000,241.93,241.93,241.72,241.77
1781235000000,241.84,242.11,241.8,242.07
1781235900000,242.07,242.08,241.93,242.01
1781236800000,242.05,242.06,241.72,241.73
1781237700000,241.73,242.11,241.7,242.07
1781238600000,242.12,242.13,241.96,242.1
1781239500000,242.11,242.23,242.09,242.23
1781240400000,242.23,242.24,242,242.02
1781241300000,242.06,242.11,241.97,242.01
1781242200000,242.01,242.04,241.86,241.9
1781243100000,241.9,241.93,241.39,241.4
1781244000000,241.42,241.73,241.41,241.58
1781244900000,241.66,241.66,241.45,241.66
1781245800000,241.58,241.7,241.48,241.48
1781246700000,241.5,241.55,241.18,241.18
1781247600000,241.26,241.26,240.82,240.82
1781248500000,240.82,241.19,240.81,241.14
1781249400000,241.02,241.53,240.85,241.52
1781250300000,241.59,241.99,241.23,241.5
1781251200000,242.167,242.42,241.638,242.255
1781252100000,242.255,242.7,242.255,242.7
1781253000000,242.7,243.099,242.25,242.455
1781253900000,242.455,242.455,242.455,242.455
1781254800000,242.455,242.455,242.455,242.455
1781255700000,242.455,243.8,242.455,243.8
1781256600000,243.8,244.2,243.515,243.8
1781257500000,243.8,243.8,243.8,243.8
1781258400000,243.8,243.8,243.57,243.8
1781259300000,243.8,243.85,243.35,243.85
1781260200000,243.85,243.85,243.85,243.85
1781261100000,243.85,243.85,242.925,242.975
1781262000000,242.975,243.7,242.9,243.7
1781262900000,243.7,244.2,243.7,244.2
1781263800000,244.2,244.799,244.075,244.693
1781264700000,244.686,245.275,244.609,245.1
1781265600000,245.1,245.235,244.688,244.688
1781266500000,244.687,244.687,244,244.214
1781267400000,244.212,244.212,243.11,243.355
1781268300000,243.346,243.99,242.816,243.057
1781269200000,243.031,243.553,242.502,243.307
1781270100000,243.318,243.46,242.86,243.263
1781271000000,243.17,243.269,235.51,235.633
1781271900000,235.5,235.79,233.67,234.218
1781272800000,234.25,236.93,234.15,236.242
1781273700000,236.239,237.45,236.23,236.602
1781274600000,236.51,236.86,235.05,235.163
1781275500000,235.155,237.37,234.94,237.265
1781276400000,237.32,238,236.8,237.89
1781277300000,237.99,238.47,237.64,237.8
1781278200000,237.812,237.82,236.09,236.147
1781279100000,236.149,236.58,235.645,235.951
1781280000000,235.95,236.99,235.73,236.519
1781280900000,236.519,236.97,236.14,236.489
1781281800000,236.515,236.515,235.95,235.982
1781282700000,236,236.95,235.94,236.899
1781283600000,236.895,237.515,236.82,237.18
1781284500000,237.151,237.48,236.94,237.073
1781285400000,237.071,237.071,236.59,236.668
1781286300000,236.489,236.489,236.489,236.489
1781287200000,236.485,236.76,236.14,236.508
1781288100000,236.506,236.54,236.02,236.43
1781289000000,236.39,237.29,236.37,237.228
1781289900000,237.22,238.01,237.13,237.843
1781290800000,237.841,238.16,237.605,237.915
1781291700000,237.94,237.96,237.405,237.842
1781292600000,237.85,237.863,237.3,237.661
1781293500000,237.65,238.595,237.61,238.57
1781294400000,238.542,238.542,238.112,238.492
1781295300000,238.493,238.875,238.252,238.255
1781296200000,238.254,238.5,238.245,238.475
1781297100000,238.475,238.5,238.25,238.495
1781298000000,238.495,238.76,238.495,238.575
1781298900000,238.575,238.727,238.575,238.64
1781299800000,238.64,238.64,238.56,238.6
1781300700000,238.6,238.638,238.555,238.625
1781301600000,238.625,238.66,238.125,238.125
1781302500000,238.125,238.48,238.125,238.405
1781303400000,238.417,238.555,238.417,238.495
1781304300000,238.495,238.524,238.26,238.424
1781305200000,238.426,238.51,238.335,238.4
1781306100000,238.4,238.515,238.376,238.515
1781307000000,238.515,238.615,238.515,238.615
1781307900000,238.615,238.874,238.615,238.635
1781452800000,238.77,238.77,238.77,238.77
1781453700000,238.48,238.48,238.47,238.47
1781454600000,238.47,238.47,238.47,238.47
1781481600000,242.77,242.77,239.2,241.7
1781482500000,241.71,242.83,241.71,242.5
1781483400000,242.39,242.54,241.5,241.75
1781484300000,241.8,242.26,241.72,241.94
1781485200000,242.1,242.53,242.01,242.53
1781486100000,242.55,242.58,242.08,242.48
1781487000000,242.41,242.7,242.34,242.69
1781487900000,242.71,242.97,242.69,242.86
1781488800000,242.86,243.2,242.83,243.17
1781489700000,243.15,243.55,243.13,243.55
1781490600000,243.54,243.54,243.11,243.24
1781491500000,243.22,243.44,243.14,243.14
1781492400000,243.13,243.21,242.94,243.1
1781493300000,243.1,243.28,242.9,242.92
1781494200000,242.92,243.08,242.66,242.72
1781495100000,242.8,242.93,242.55,242.67
1781496000000,242.68,242.75,242.25,242.37
1781496900000,242.66,242.81,242.59,242.72
1781497800000,242.72,242.84,242.6,242.72
1781498700000,242.66,242.78,242.61,242.68
1781499600000,242.68,242.69,242.19,242.24
1781500500000,242.29,242.36,242.08,242.32
1781501400000,242.2,242.76,242.2,242.7
1781502300000,242.67,242.81,242.54,242.61
1781503200000,242.76,242.9,242.55,242.55
1781504100000,242.72,242.84,242.4,242.75
1781505000000,242.64,242.64,242.08,242.38
1781505900000,242.38,242.45,242.07,242.12
1781506800000,242.12,242.56,242.07,242.55
1781507700000,242.52,242.55,242.3,242.32
1781508600000,242.32,242.54,242.11,242.16
1781509500000,242.15,242.38,241.99,242.28
1781510400000,238.635,242.39,238.635,241.824
1781511300000,241.822,241.925,241.626,241.925
1781512200000,241.925,241.995,241.925,241.995
1781513100000,241.995,242.125,241.896,242.125
1781514000000,242.127,242.14,241.99,242.075
1781514900000,242.075,242.075,241.89,241.89
1781515800000,241.859,241.99,241.5,241.99
1781516700000,241.99,242.05,241.782,242.05
1781517600000,242.05,242.165,241.85,242.145
1781518500000,242.145,243.25,242.07,243.25
1781519400000,243.25,243.675,243.156,243.5
1781520300000,243.5,243.9,243.5,243.545
1781521200000,243.545,244.158,243.545,243.836
1781522100000,243.829,244.425,243.824,244.328
1781523000000,244.349,244.453,243.405,243.705
1781523900000,243.712,243.978,243.474,243.625
1781524800000,243.625,244.463,243.625,243.956
1781525700000,243.955,244.21,243.53,243.86
1781526600000,243.857,243.98,243.46,243.46
1781527500000,243.458,243.704,243.201,243.704
1781528400000,243.707,244.126,243.548,243.809
1781529300000,243.81,245.622,243.81,245
1781530200000,244.92,247.35,244.74,246.551
1781531100000,246.561,247.685,246.31,247.438
1781532000000,247.26,247.415,245.6,246.028
1781532900000,246.049,246.68,246.015,246.19
1781533800000,246.16,246.51,245.645,246.116
1781534700000,246.126,246.545,245.84,246.475
1781535600000,246.47,246.55,245.97,246.095
1781536500000,246.12,246.515,245.71,246.151
1781537400000,246.144,246.29,245.655,246.265
1781538300000,246.245,246.63,246.21,246.526
1781539200000,246.521,246.99,245.92,245.93
1781540100000,246.03,246.86,245.65,246.72
1781541000000,246.72,246.765,245.85,245.912
1781541900000,245.95,246.38,245.79,246.25
1781542800000,246.19,246.59,245.99,246.455
1781543700000,246.453,246.96,246.42,246.785
1781544600000,246.784,247,246.492,246.568
1781545500000,246.565,246.685,246.16,246.333
1781546400000,246.334,246.46,245.89,246.304
1781547300000,246.31,246.49,246.109,246.157
1781548200000,246.157,246.51,245.99,246.346
1781549100000,246.346,246.8,246.17,246.782
1781550000000,246.785,246.86,246.43,246.564
1781550900000,246.563,246.66,245.66,245.843
1781551800000,245.845,246.12,245.5,246.056
1781552700000,246.04,246.49,245.7,246.11
1781553600000,246.116,246.498,246,246.139
1781554500000,246.137,246.145,245.685,246.1
1781555400000,246.1,246.4,246.075,246.198
1781556300000,246.199,246.4,246.103,246.308
1781557200000,246.307,246.325,246.225,246.325
1781558100000,246.325,246.325,246.222,246.222
1781559000000,246.221,246.345,246.2,246.275
1781559900000,246.275,248.189,246.221,248.123
1781560800000,248.122,248.526,247.79,247.95
1781561700000,247.95,248.484,247.81,248.12
1781562600000,248.128,248.35,247.996,248.05
1781563500000,248.05,248.339,248.05,248.167
1781564400000,248.172,248.2,248.055,248.1
1781565300000,248.1,248.125,247.855,248.125
1781566200000,248.125,248.205,247.93,248.01
1781567100000,248.01,248.48,248.01,248.147
1781568000000,248.24,248.43,247.17,248.33
1781568900000,248.33,248.51,248.12,248.34
1781569800000,248.51,249,248.44,248.53
1781570700000,248.52,248.9,248.05,248.9
1781571600000,248.68,250,248.61,249.09
1781572500000,249.03,249.26,248.95,248.95
1781573400000,249.06,249.07,248.82,249.03
1781574300000,249.07,249.14,248.88,248.91
1781575200000,248.93,249.07,248.77,249.04
1781576100000,249.04,249.07,248.81,248.92
1781577000000,248.92,249.01,248.8,248.93
1781577900000,248.89,249.02,248.77,248.84
1781578800000,248.8,248.88,248.78,248.79
1781579700000,248.8,248.82,248.73,248.75
1781580600000,248.73,248.87,248.69,248.86
1781581500000,248.82,248.88,248.66,248.69
1781582400000,248.63,248.65,248.37,248.62
1781583300000,248.48,248.48,248.02,248.06
1781584200000,248.1,248.13,247.9,248.12
1781585100000,248.02,248.04,247.32,247.82
1781586000000,247.86,247.97,247.77,247.85
1781586900000,247.86,247.98,247.51,247.7
1781587800000,247.7,247.78,247.1,247.43
1781588700000,247.19,247.75,246.84,247.36
1781589600000,247.45,247.51,247,247.26
1781590500000,247.11,247.35,246.76,247.09
1781591400000,247.11,247.43,247.09,247.11
1781592300000,247.12,247.39,246.89,246.96
1781593200000,247.01,247.46,247.01,247.24
1781594100000,247.24,247.3,247.2,247.26
1781595000000,247.26,247.7,247.16,247.16
1781595900000,247.18,247.46,247,247.01
1781596800000,248.146,248.455,247.66,247.987
1781597700000,247.986,248.205,247.65,247.77
1781598600000,247.77,247.77,247.555,247.599
1781599500000,247.609,248.145,247.609,248.1
1781600400000,248.1,248.1,247.825,247.92
1781601300000,247.92,248.069,247.735,247.82
1781602200000,247.82,248.1,247.82,248.1
1781603100000,248.1,248.1,247.775,247.775
1781604000000,247.775,248.1,247.775,247.831
1781604900000,247.829,247.829,247.724,247.724
1781605800000,247.723,248.4,247.72,248.4
1781606700000,248.4,248.4,248.242,248.242
1781607600000,248.24,248.399,247.677,247.701
1781608500000,247.7,247.7,247.2,247.3
1781609400000,247.3,247.647,247.3,247.5
1781610300000,247.5,247.7,247.5,247.59
1781611200000,247.59,247.64,247.59,247.595
1781612100000,247.595,247.6,247.295,247.461
1781613000000,247.451,247.451,246.988,246.991
1781613900000,246.99,247.129,246.879,247.097
1781614800000,247.077,247.55,247.016,247.305
1781615700000,247.305,248.109,247.027,248.01
1781616600000,247.965,248.385,246.46,247.246
1781617500000,247.246,247.58,246.46,246.581
1781618400000,246.47,247.3,245.485,246.984
1781619300000,246.996,247.18,246.49,246.762
1781620200000,246.81,247.13,246.24,246.54
1781621100000,246.52,248.79,246.5,248.348
1781622000000,248.395,249.44,248.145,249.411
1781622900000,249.42,249.495,248.52,248.719
1781623800000,248.721,248.87,248.26,248.37
1781624700000,248.365,248.46,247.931,248.051
1781625600000,248,248.041,247.26,247.606
1781626500000,247.605,247.608,247.11,247.13
1781627400000,247.131,247.33,246.615,246.76
1781628300000,246.759,246.88,245.95,246.115
1781629200000,246.115,246.38,246.016,246.094
1781630100000,246.095,246.14,245.7,245.836
1781631000000,245.835,245.9,245.53,245.632
1781631900000,245.63,246.08,245.626,245.701
1781632800000,245.69,246.29,245.69,246.155
1781633700000,246.157,246.471,246.04,246.213
1781634600000,246.21,246.73,246.07,246.388
1781635500000,246.38,246.5,246.19,246.367
1781636400000,246.365,246.41,245.94,246.186
1781637300000,246.187,246.71,245.82,246.133
1781638200000,246.13,246.17,245.735,245.972
1781639100000,245.98,246.31,245.665,246.16
1781640000000,246.132,246.704,246.031,246.55
1781640900000,246.55,246.55,245.875,246.086
1781641800000,246.087,246.15,245.949,246.06
1781642700000,246.06,246.177,245.885,245.999
1781643600000,246,246.29,245.902,245.97
1781644500000,245.97,245.97,245.858,245.899
1781645400000,245.904,246.06,245.904,246.001
1781646300000,246,246.089,245.9,245.9
1781647200000,245.9,246.224,245.879,245.985
1781648100000,245.985,245.998,245.885,245.965
1781649000000,245.965,246.353,245.801,245.97
1781649900000,245.981,246.1,245.93,246.045
1781650800000,246.045,246.266,245.995,245.996
1781651700000,245.996,246.199,245.995,246.135
1781652600000,246.135,246.135,245.71,245.735
1781653500000,245.735,246,245.732,245.929
1781654400000,245.93,246.37,245.82,246
1781655300000,246,246.02,245.74,245.96
1781656200000,245.96,246.01,245.74,245.76
1781657100000,245.76,245.8,245.69,245.76
1781658000000,245.77,245.99,245.77,245.97
1781658900000,245.97,246.18,245.97,246.18
1781659800000,246.11,246.15,246.01,246.01
1781660700000,246.05,246.33,246.02,246.29
1781661600000,246.26,246.5,246.26,246.5
1781662500000,246.4,246.63,246.37,246.54
1781663400000,246.52,247.54,246.5,247.54
1781664300000,247.51,247.51,246.85,247.08
1781665200000,247.02,247.02,246.81,246.89
1781666100000,246.92,246.92,246.69,246.79
1781667000000,246.79,246.94,246.77,246.92
1781667900000,246.92,247.09,246.83,247.02
1781668800000,246.99,246.99,246.48,246.7
1781669700000,246.83,246.87,246.77,246.86
1781670600000,246.86,246.86,246.51,246.54
1781671500000,246.72,247.04,246.67,247.04
1781672400000,247,247.03,246.96,247
1781673300000,246.94,247.02,246.84,246.86
1781674200000,246.88,247.21,246.65,246.65
1781675100000,246.7,247.18,246.65,246.88
1781676000000,246.88,247.21,246.65,247.09
1781676900000,247.1,247.5,247,247
1781677800000,247.22,247.37,247.05,247.13
1781678700000,247.16,247.34,247.11,247.22
1781679600000,247.28,247.28,247.1,247.21
1781680500000,247.15,247.19,246.72,246.8
1781681400000,246.73,246.98,246.7,246.9
1781682300000,247.05,247.18,246.92,246.97
1781683200000,245.934,246.795,245.934,246.44
1781684100000,246.44,246.609,246.4,246.485
1781685000000,246.485,246.717,246.45,246.717
1781685900000,246.719,246.805,246.531,246.664
1781686800000,246.672,246.805,246.512,246.6
1781687700000,246.6,246.6,246.5,246.5
1781688600000,246.5,246.5,246.41,246.41
1781689500000,246.41,246.41,245.946,246.105
1781690400000,246.105,246.105,245.885,245.968
1781691300000,245.965,245.965,245.725,245.945
1781692200000,245.945,245.945,245.781,245.8
1781693100000,245.8,246.775,245.8,246.725
1781694000000,246.688,246.688,246.216,246.26
1781694900000,246.25,246.555,246.001,246.001
1781695800000,246.001,246.165,245.952,246.165
1781696700000,246.165,246.165,245.694,245.694
1781697600000,245.69,246.256,245.687,246.094
1781698500000,246.096,247.415,245.758,246.78
1781699400000,246.784,247.246,246.3,246.4
1781700300000,246.4,247.23,246.398,246.749
1781701200000,246.751,246.95,246.7,246.781
1781702100000,246.783,246.8,244.712,244.929
1781703000000,244.995,245.8,242.15,242.596
1781703900000,242.604,242.98,241.74,242.176
1781704800000,242.156,242.41,241.685,242.296
1781705700000,242.292,242.66,241.56,242.065
1781706600000,242.062,242.1,240.57,241.247
1781707500000,241.261,241.33,240.32,240.828
1781708400000,240.79,241.16,240.35,240.494
1781709300000,240.535,240.68,240.2,240.34
1781710200000,240.33,240.75,240.275,240.44
1781711100000,240.448,240.55,240.01,240.194
1781712000000,240.22,240.3,239.64,239.934
1781712900000,239.93,240.905,239.84,240.654
1781713800000,240.653,240.695,239.76,239.819
1781714700000,239.821,239.915,239.25,239.874
1781715600000,239.874,239.91,239.18,239.493
1781716500000,239.491,240.2,239.31,239.998
1781717400000,239.995,240.31,239.69,240.067
1781718300000,240.07,240.65,240.049,240.542
1781719200000,240.536,240.545,238.43,239.574
1781720100000,239.59,240.03,238.94,239.309
1781721000000,239.29,239.81,238.67,239.737
1781721900000,239.739,239.9,237.88,238.306
1781722800000,238.32,238.695,237.9,238.316
1781723700000,238.32,238.38,237.425,237.496
1781724600000,237.49,237.525,236.89,237.157
1781725500000,237.17,237.74,236.67,237.4
1781726400000,237.511,238.104,237.419,237.734
1781727300000,237.72,238.289,237.65,238.195
1781728200000,238.195,238.25,237.995,238.201
1781729100000,238.201,238.201,238.06,238.103
1781730000000,238.097,238.269,237.966,238.226
1781730900000,238.209,238.275,238.055,238.223
1781731800000,238.212,238.385,238.126,238.385
1781732700000,238.385,238.6,238.385,238.6
1781733600000,238.6,239,238.493,238.74
1781734500000,238.74,239.125,238.74,239.015
1781735400000,239.015,239.05,238.806,238.975
1781736300000,238.975,239.049,238.88,238.88
1781737200000,238.88,239,238.817,238.95
1781738100000,238.947,239.275,238.9,239.175
1781739000000,239.175,239.446,239.16,239.36
1781739900000,239.36,239.43,239.16,239.428
1781740800000,239.27,240.23,239,240.19
1781741700000,240.26,240.26,239.72,239.99
1781742600000,240,240.2,239.94,240.09
1781743500000,240.1,240.14,239.91,239.96
1781744400000,239.96,240.51,239.93,240.49
1781745300000,240.33,240.44,240.06,240.29
1781746200000,240.29,240.33,240.06,240.1
1781747100000,240.12,240.2,239.9,240.01
1781748000000,240.11,240.79,240.1,240.74
1781748900000,240.69,240.69,240.4,240.58
1781749800000,240.58,240.58,240.3,240.57
1781750700000,240.57,240.66,240.49,240.51
1781751600000,240.49,240.52,240.19,240.24
1781752500000,240.24,240.57,240.23,240.48
1781753400000,240.46,240.51,240.07,240.07
1781754300000,240.15,240.28,240.1,240.25
1781755200000,240.29,240.3,239.3,239.3
1781756100000,239.62,239.8,239.51,239.51
1781757000000,239.52,239.59,239.04,239.08
1781757900000,239.09,239.25,239,239.22
1781758800000,239.22,239.3,239.01,239.1
1781759700000,239.18,239.55,239.13,239.55
1781760600000,239.55,240,239.55,239.92
1781761500000,239.92,239.98,239.72,239.95
1781762400000,239.83,239.96,239.72,239.88
1781763300000,239.86,239.99,239.79,239.88
1781764200000,239.93,239.97,239.64,239.94
1781765100000,239.94,240.12,239.89,240.04
1781766000000,240.07,240.17,239.98,240.08
1781766900000,240.09,240.1,239.95,240.01
1781767800000,239.99,240.01,239.8,239.91
1781768700000,239.92,240.03,239.76,239.98
1781769600000,239.429,240.455,239.429,240.455
1781770500000,240.455,240.455,239.726,240.095
1781771400000,240.095,240.129,239.78,239.851
1781772300000,239.855,240.622,239.78,240.5
1781773200000,240.5,240.5,240.19,240.295
1781774100000,240.295,240.5,240.194,240.37
1781775000000,240.38,240.425,239.925,239.975
1781775900000,239.975,240.325,239.7,239.95
1781776800000,239.95,240.123,239.734,239.734
1781777700000,239.733,240.107,239.73,240.107
1781778600000,240.108,241.064,239.85,239.85
1781779500000,239.85,239.85,237.89,238.629
1781780400000,238.633,238.998,237.78,237.905
1781781300000,237.904,238.575,237.588,238.306
1781782200000,238.339,238.544,238.1,238.37
1781783100000,238.378,238.755,237.991,238.718
1781784000000,238.718,238.825,238.307,238.5
1781784900000,238.5,238.822,238.27,238.822
1781785800000,238.823,238.999,238.535,238.85
1781786700000,238.85,239.45,238.513,239.4
1781787600000,239.4,239.803,238.925,239.675
1781788500000,239.676,240.516,239.552,240.378
1781789400000,240.11,240.79,236.035,236.448
1781790300000,236.466,238.96,236.466,238.848
1781791200000,238.92,239.8,238.59,239.396
1781792100000,239.375,240.46,239.085,239.373
1781793000000,239.405,240.13,238.97,239.736
1781793900000,239.735,240.36,239.61,239.923
1781794800000,239.86,242.2,239.84,241.503
1781795700000,241.501,242.98,241.27,242.233
1781796600000,242.253,242.745,241.54,242.474
1781797500000,242.472,244.3,242.345,243.79
1781798400000,243.828,243.885,242.64,242.931
1781799300000,242.932,243.59,242.525,243.451
1781800200000,243.449,244.225,243.27,243.872
1781801100000,243.89,243.93,243.19,243.454
1781802000000,243.48,244.67,243.31,244.567
1781802900000,244.567,245.34,244.567,245.264
1781803800000,245.295,245.73,244.29,244.504
1781804700000,244.44,244.74,243.9,244.03
1781805600000,244.026,244.026,243.19,243.371
1781806500000,243.368,243.41,242.825,242.975
1781807400000,242.94,243.25,242.795,243.246
1781808300000,243.246,243.301,242.925,243.119
1781809200000,243.13,243.19,242.44,242.803
1781810100000,242.8,243.22,242.52,243.073
1781811000000,243.09,243.5,242.93,243.361
1781811900000,243.36,244.68,242.72,244.487
1781812800000,244.459,244.573,243.373,244.062
1781813700000,244.073,244.298,243.701,243.799
1781814600000,243.8,243.8,243.366,243.489
1781815500000,243.489,243.547,243.2,243.5
1781816400000,243.5,244.217,243.5,244.217
1781817300000,244.215,244.266,243.984,244
1781818200000,244,244,243.739,243.739
1781819100000,243.738,243.773,243.63,243.744
1781820000000,243.68,243.81,243,243.118
1781820900000,243.119,243.299,242.667,242.774
1781821800000,242.762,242.762,242.32,242.499
1781822700000,242.516,242.7,242.423,242.6
1781823600000,242.6,243.248,242.503,242.669
1781824500000,242.669,242.959,242.622,242.9
1781825400000,242.9,243,242.85,242.915
1781826300000,242.915,243.111,242.915,243.032
1781827200000,243.031,243.18,243.027,243.18
1781845200000,243.18,243.21,242.92,242.92
1781850600000,243.03,243.03,243.03,243.03
1781860500000,243.21,243.21,243.21,243.21
1781879400000,243.25,243.25,243.07,243.07
1781883000000,243.07,243.07,243.07,243.07
1781884800000,243.33,243.33,243.07,243.07
1781885700000,243.34,244.17,242.13,243.69
1781886600000,244.13,244.42,242.42,242.62
1781897400000,244.43,244.43,242.62,242.62
1781919900000,244.33,244.46,243.15,243.15
1781920800000,244.42,244.48,244.42,244.48
1781929800000,244.29,244.29,244.29,244.29
1781968500000,244.49,244.51,244.49,244.51
1781969400000,244.55,244.6,244.28,244.28
1781973000000,244.6,244.73,244.28,244.58
1781973900000,244.74,244.82,244.48,244.55
1781975700000,244.84,244.89,244.55,244.55
1781976600000,244.92,244.94,244.55,244.55
1781977500000,244.94,244.97,244.55,244.68
1781979300000,245,245,244.81,244.81
1781980200000,245,245,245,245
1781981100000,245.04,245.06,245.04,245.06
1781986500000,245.32,245.32,245.08,245.08
1781993700000,245.34,245.34,245.17,245.17
1781994600000,245.34,246,245.34,246
1781995500000,246.01,246.5,246.01,246.5
1782003600000,246.55,246.62,246.5,246.62
1782007200000,246.5,246.5,246.5,246.5
1782009900000,246.65,246.83,246.5,246.53
1782010800000,247.04,247.1,246.54,246.54
1782013500000,247.15,247.25,246.8,247.04
1782018000000,247.28,247.28,247.28,247.28
1782018900000,247.28,247.29,246.87,246.87
1782023400000,247.35,247.35,247.13,247.13
1782027900000,247.35,247.67,246.93,247
1782028800000,247.7,247.84,247,247
1782029700000,247.87,248.07,246.81,247.34
1782030600000,248.08,248.55,247.34,247.82
1782031500000,248.56,248.56,247.49,247.49
1782035100000,248.59,248.59,247.49,247.49
1782036000000,247.49,247.49,247.49,247.49
1782036900000,248.62,248.63,247.23,247.23
1782038700000,248.63,248.63,246.89,248.63
1782039600000,248.46,248.65,247.58,248.26
1782049500000,248.65,248.68,248.65,248.68
1782050400000,248.72,248.73,248.51,248.52
1782053100000,248.75,249.06,248.51,248.53
1782057600000,249.07,249.07,248.53,248.53
1782058500000,249.08,249.08,248.53,248.53
1782063900000,248.53,248.53,248.33,248.33
1782068400000,249.08,249.08,248.48,248.48
1782072900000,249.11,249.11,248.48,248.48
1782084600000,249.1,249.11,248.63,248.63
1782085500000,248.6,248.6,248.6,248.6
1782086400000,243.24,243.24,241.28,242.26
1782087300000,242.28,242.38,242.02,242.21
1782088200000,242.24,242.38,241.15,241.15
1782089100000,241.36,241.71,241.3,241.52
1782090000000,241.58,241.77,241.49,241.63
1782090900000,241.75,241.78,241.49,241.59
1782091800000,241.56,241.68,241.4,241.68
1782092700000,241.66,241.8,241.5,241.55
1782093600000,241.55,241.59,241.29,241.3
1782094500000,241.3,241.4,241.17,241.26
1782095400000,241.26,241.54,241.25,241.38
1782096300000,241.46,241.51,241.11,241.38
1782097200000,241.38,241.42,241.3,241.35
1782098100000,241.37,241.47,241.37,241.4
1782099000000,241.45,241.79,241.45,241.72
1782099900000,241.71,242.35,241.49,241.55
1782100800000,241.54,241.7,241.49,241.6
1782101700000,241.54,241.68,241.52,241.6
1782102600000,241.56,241.6,241.4,241.48
1782103500000,241.47,241.86,241.46,241.81
1782104400000,241.87,242.45,241.87,242.44
1782105300000,242.43,242.99,242.43,242.64
1782106200000,242.66,242.71,242.52,242.71
1782107100000,242.67,242.67,242.49,242.61
1782108000000,242.62,242.73,242.55,242.71
1782108900000,242.75,242.92,242.7,242.92
1782109800000,242.9,242.9,242.69,242.8
1782110700000,242.8,242.85,242.71,242.82
1782111600000,242.83,243,242.78,242.93
1782112500000,242.98,243.01,242.79,242.81
1782113400000,242.83,242.93,242.7,242.77
1782114300000,242.76,242.95,242.7,242.71
1782115200000,243.026,243.026,242.25,242.35
1782116100000,242.35,242.4,242.25,242.3
1782117000000,242.3,242.3,242.16,242.16
1782117900000,242.16,242.225,242.16,242.225
1782118800000,242.225,242.425,242.225,242.425
1782119700000,242.425,242.695,242.425,242.695
1782120600000,242.695,242.695,242.372,242.5
1782121500000,242.5,242.5,242.2,242.2
1782122400000,242.2,242.51,242.2,242.51
1782123300000,242.51,242.638,242.345,242.345
1782124200000,242.345,242.345,242.175,242.275
1782125100000,242.275,242.275,242.275,242.275
1782126000000,242.48,243.207,242.279,242.4
1782126900000,242.4,242.5,242.351,242.375
1782127800000,242.375,242.698,242.3,242.411
1782128700000,242.409,242.755,242.251,242.755
1782129600000,242.755,243.369,242.718,242.933
1782130500000,242.924,243.199,242.88,243
1782131400000,243,243.08,242.782,242.84
1782132300000,242.84,243.02,242.755,242.785
1782133200000,242.785,242.91,242.631,242.81
1782134100000,242.81,242.835,239.27,240.022
1782135000000,240.25,241.99,239.56,240.258
1782135900000,240.2,240.61,238.67,239.295
1782136800000,239.24,239.365,237.49,237.64
1782137700000,237.69,237.69,235.49,235.726
1782138600000,235.721,236.38,234.89,235.3
1782139500000,235.275,235.61,233.89,234.283
1782140400000,234.289,234.79,233.22,233.571
1782141300000,233.575,233.8,232.54,233.019
1782142200000,233.022,234.645,232.885,234.503
1782143100000,234.507,234.87,233.4,233.659
1782144000000,233.663,233.71,233.05,233.4
1782144900000,233.395,233.48,232.675,233.295
1782145800000,233.297,233.686,232.99,233.589
1782146700000,233.581,233.69,233.19,233.246
1782147600000,233.248,233.587,232.25,233.587
1782148500000,233.593,234.2,233.535,233.627
1782149400000,233.621,233.68,233.11,233.308
1782150300000,233.309,234.1,233.26,233.779
1782151200000,233.781,234.13,233.685,234.106
1782152100000,234.115,234.41,233.805,234.105
1782153000000,234.105,234.59,234.099,234.161
1782153900000,234.156,234.49,233.91,234.235
1782154800000,234.24,234.87,234.18,234.722
1782155700000,234.73,235.045,233.47,233.956
1782156600000,233.945,233.958,233,233.388
1782157500000,233.395,234.4,232.82,232.87
1782158400000,232.909,233.597,232.779,233.2
1782159300000,233.2,233.398,233.114,233.2
1782160200000,233.2,233.33,233.125,233.248
1782161100000,233.247,233.29,232.945,232.945
1782162000000,232.942,233.349,232.925,233.349
1782162900000,233.349,234.32,233.349,234
1782163800000,234,234.342,233.855,233.9
1782164700000,233.9,234.026,233.665,233.762
1782165600000,233.761,233.867,233.6,233.7
1782166500000,233.7,234.083,233.626,233.758
1782167400000,233.759,233.759,233.084,233.095
1782168300000,233.099,233.225,232.887,233.225
1782169200000,233.225,233.304,233.006,233.129
1782170100000,233.13,233.13,232.996,233.085
1782171000000,233.085,233.228,232.925,232.928
1782171900000,232.928,233.105,232.685,233.105
1782172800000,233.06,233.25,232.6,232.78
1782173700000,232.8,233.27,232.58,232.98
1782174600000,232.98,233.46,232.97,233.38
1782175500000,233.38,233.55,233.29,233.33
1782176400000,233.3,233.74,233.26,233.58
1782177300000,233.61,233.68,233.37,233.57
1782178200000,233.58,233.69,232.96,233.01
1782179100000,232.95,233.27,232.83,232.92
1782180000000,232.98,233.65,232.88,233.04
1782180900000,233.12,233.28,232.93,233.21
1782181800000,233.15,233.15,233.01,233.06
1782182700000,233.12,233.13,232.87,232.93
1782183600000,232.93,233.15,232,232.2
1782184500000,232.29,232.66,231.25,232.48
1782185400000,232.47,233.03,231.49,232.76
1782186300000,232.66,232.68,232.1,232.4
1782187200000,232.46,232.54,232.08,232.1
1782188100000,232.11,232.11,231.82,231.88
1782189000000,231.89,231.98,231.63,231.63
1782189900000,231.66,231.83,231.39,231.64
1782190800000,231.63,231.88,231.43,231.44
1782191700000,231.47,231.55,231.01,231.5
1782192600000,231.49,231.52,231.11,231.51
1782193500000,231.52,232.14,231.45,231.7
1782194400000,231.7,232.16,231.61,232.16
1782195300000,232.15,232.16,231.36,231.67
1782196200000,231.56,231.99,230.86,230.88
1782197100000,230.84,231.2,230.16,230.25
1782198000000,230.2,231.06,230.18,230.83
1782198900000,230.71,231.05,229.9,230.08
1782199800000,230.05,230.48,229.88,229.99
1782200700000,229.94,230.21,229.75,229.92
1782201600000,233.124,233.124,229.361,230.707
1782202500000,230.749,231.645,230.749,231.29
1782203400000,231.29,231.375,230.735,231.187
1782204300000,231.185,231.245,230.061,230.155
1782205200000,230.155,231.068,230.155,230.535
1782206100000,230.535,230.643,230,230.11
1782207000000,230.11,230.51,230,230.025
1782207900000,230.025,230.995,230.025,230.225
1782208800000,230.225,230.975,230.225,230.727
1782209700000,230.726,231.245,230.625,231.075
1782210600000,231.075,231.075,230.326,230.434
1782211500000,230.441,231.227,230.441,231.1
1782212400000,231.1,231.302,230.453,230.789
1782213300000,230.807,231.238,230.717,230.717
1782214200000,230.751,231.759,230.751,231.502
1782215100000,231.501,231.677,231.148,231.148
1782216000000,231.165,231.3,230.82,231.02
1782216900000,231.02,231.365,230.224,230.995
1782217800000,230.998,231.275,230.511,230.814
1782218700000,230.829,231.322,230.538,231.132
1782219600000,231.126,232.696,231.098,232.5
1782220500000,232.5,232.724,231.801,232.518
1782221400000,232.54,235.14,231.99,234.658
1782222300000,234.64,235.44,233.64,234.274
1782223200000,234.29,236.73,234.19,236.599
1782224100000,236.625,236.85,236.23,236.637
1782225000000,236.643,236.86,235.895,236.444
1782225900000,236.443,236.65,234.92,235.371
1782226800000,235.5,235.5,234.07,234.548
1782227700000,234.63,234.64,233.745,233.748
1782228600000,233.7,233.96,233.21,233.907
1782229500000,233.94,234.757,233.73,234.611
1782230400000,234.609,234.99,234.255,234.474
1782231300000,234.48,234.915,234.19,234.628
1782232200000,234.62,235.026,234.325,234.917
1782233100000,234.915,235,234.505,234.718
1782234000000,234.716,234.716,234.305,234.603
1782234900000,234.603,234.61,233.95,233.969
1782235800000,233.99,234.36,233.85,234.202
1782236700000,234.198,234.84,234.13,234.809
1782237600000,234.813,235.65,234.76,235.572
1782238500000,235.577,235.835,234.81,234.859
1782239400000,234.86,235.23,234.14,234.304
1782240300000,234.306,234.905,234.1,234.317
1782241200000,234.3,234.839,234.19,234.5
1782242100000,234.51,234.875,234.295,234.511
1782243000000,234.519,235.12,234.44,235.061
1782243900000,235.04,235.511,234.12,234.178
1782244800000,234.168,234.621,234.168,234.598
1782245700000,234.598,234.625,234.104,234.185
1782246600000,234.185,234.294,234.11,234.19
1782247500000,234.19,234.19,234,234.055
1782248400000,234.055,234.246,233.805,233.805
1782249300000,233.805,234.002,233.517,233.8
1782250200000,233.8,233.95,233.8,233.925
1782251100000,233.925,234,233.802,233.905
1782252000000,233.905,233.905,233.278,233.553
1782252900000,233.553,233.565,232.661,232.661
1782253800000,232.661,233.125,232.564,232.9
1782254700000,232.9,233.401,232.826,233.253
1782255600000,233.252,233.385,232.95,233.06
1782256500000,233.06,233.4,233.06,233.2
1782257400000,233.194,233.325,233.101,233.199
1782258300000,233.199,233.897,233.189,233.514
1782259200000,233.513,234.09,233.512,233.76
1782260100000,233.99,233.99,233.41,233.49
1782261000000,233.81,233.81,233.29,233.4
1782261900000,233.4,233.49,233.15,233.15
1782262800000,233.22,233.22,232.95,233.14
1782263700000,233.13,233.13,232.86,233.09
1782264600000,233.12,233.25,233,233.13
1782265500000,233.13,233.18,232.88,233.03
1782266400000,232.99,233.35,232.85,233.27
1782267300000,233.36,233.38,232.99,233.31
1782268200000,233.36,233.36,232.99,233.02
1782269100000,233.02,233.06,232.66,232.66
1782270000000,232.8,233.42,232.65,233.42
1782270900000,233.12,233.2,233.07,233.11
1782271800000,233.2,233.42,233.19,233.34
1782272700000,233.32,233.46,233.24,233.36
1782273600000,233.46,233.46,233.22,233.33
1782274500000,233.4,233.4,233.18,233.21
1782275400000,233.31,233.79,233.3,233.69
1782276300000,233.76,233.83,233.62,233.83
1782277200000,233.8,234.08,233.76,234.04
1782278100000,234.02,234.3,234,234.06
1782279000000,234.08,234.34,234.08,234.19
1782279900000,234.22,234.24,233.98,234.11
1782280800000,234.04,234.26,233.86,234.2
1782281700000,233.92,234.04,233.7,233.71
1782282600000,233.73,234.15,233.73,234.15
1782283500000,233.84,233.93,233.7,233.7
1782284400000,233.77,233.83,233.5,233.75
1782285300000,233.73,233.73,233.48,233.52
1782286200000,233.48,233.58,233.31,233.36
1782287100000,233.53,233.73,233.2,233.21
1782288000000,233.511,233.513,232.978,233.07
1782288900000,233.07,233.26,232.745,233.067
1782289800000,233.068,233.32,232.92,233.32
1782290700000,233.32,233.32,233.315,233.315
1782291600000,233.315,233.495,233.315,233.495
1782292500000,233.495,233.495,233.3,233.315
1782293400000,233.315,233.345,233.315,233.315
1782294300000,233.315,233.555,233.315,233.345
1782295200000,233.345,233.345,233.345,233.345
1782296100000,233.345,233.505,233.15,233.285
1782297000000,233.285,233.955,233.285,233.6
1782297900000,233.6,233.6,233.2,233.475
1782298800000,233.475,233.924,233.35,233.4
1782299700000,233.4,233.4,233.19,233.25
1782300600000,233.25,233.88,233.25,233.576
1782301500000,233.554,234,233.445,234
1782302400000,234,234,233.508,233.508
1782303300000,233.507,233.799,233.505,233.661
1782304200000,233.659,233.719,232.997,233.091
1782305100000,233.09,233.6,233.09,233.42
1782306000000,233.433,233.499,232.797,232.925
1782306900000,232.925,233.796,232.72,233.744
1782307800000,233.855,238.44,232.96,237.776
1782308700000,237.77,238.5,236.92,237.126
1782309600000,237.245,237.62,236.57,237.562
1782310500000,237.56,238.97,237,238.384
1782311400000,238.392,239.07,237.765,238.849
1782312300000,238.85,241.04,238.849,241.013
1782313200000,241.015,242.11,240.87,241.858
1782314100000,241.84,242.38,241.39,241.768
1782315000000,241.83,242.035,240.72,241.064
1782315900000,241.067,241.95,240.93,241.933
1782316800000,241.932,242.01,241.536,241.805
1782317700000,241.8,241.92,240.905,240.921
1782318600000,240.93,240.93,239.58,239.905
1782319500000,239.9,240.48,239.6,239.723
1782320400000,239.725,240.11,239.5,239.9
1782321300000,239.91,240.08,239.325,239.372
1782322200000,239.345,239.5,238.74,238.845
1782323100000,238.842,239.075,238.2,238.321
1782324000000,238.35,238.614,238.1,238.31
1782324900000,238.306,238.756,237.5,237.649
1782325800000,237.66,238.05,237.14,237.253
1782326700000,237.29,237.53,236.59,236.955
1782327600000,236.985,237.195,236.175,236.346
1782328500000,236.346,236.54,235.85,235.878
1782329400000,235.915,235.93,235.1,235.469
1782330300000,234.25,234.52,234.2,234.35
1782331200000,234.466,234.935,233.772,233.903
1782332100000,233.904,234.684,233.846,234.568
1782333000000,234.55,235.065,234.14,234.772
1782333900000,234.773,235.209,234.697,235.085
1782334800000,235.085,235.085,234.115,234.198
1782335700000,234.199,234.9,234.116,234.9
1782336600000,234.9,235.167,234.435,234.499
1782337500000,234.5,234.767,234.4,234.499
1782338400000,234.5,234.8,233.895,233.895
1782339300000,233.891,234.208,233.865,234.149
1782340200000,234.158,234.18,233.655,233.75
1782341100000,233.75,233.8,233.55,233.6
1782342000000,233.6,233.721,233.312,233.495
1782342900000,233.495,233.597,233.26,233.358
1782343800000,233.356,233.55,233.302,233.35
1782344700000,233.35,233.376,233.1,233.1
1782345600000,233.05,233.64,232.87,233.57
1782346500000,233.71,233.72,233.37,233.58
1782347400000,233.56,233.67,233.31,233.34
1782348300000,233.33,233.47,233.06,233.3
1782349200000,233.29,233.49,233.29,233.4
1782350100000,233.47,233.65,233.39,233.5
1782351000000,233.57,233.89,233.51,233.62
1782351900000,233.68,233.9,233.61,233.61
1782352800000,233.61,233.73,233.28,233.3
1782353700000,233.42,233.66,233.29,233.56
1782354600000,233.51,233.56,233.24,233.37
1782355500000,233.42,233.91,233.31,233.79
1782356400000,233.82,233.86,233.61,233.83
1782357300000,233.76,233.83,233.6,233.72
1782358200000,233.82,233.85,233.63,233.64
1782359100000,233.64,233.84,233.64,233.78
1782360000000,233.78,233.85,233.7,233.76
1782360900000,233.69,233.73,233.44,233.58
1782361800000,233.6,233.68,233.49,233.52
1782362700000,233.57,233.65,233.47,233.49
1782363600000,233.55,233.67,233.32,233.33
1782364500000,233.4,233.44,233.05,233.12
1782365400000,233.22,233.47,233.16,233.41
1782366300000,233.37,233.53,233.36,233.45
1782367200000,233.47,233.81,233.44,233.77
1782368100000,233.77,233.86,233.74,233.8
1782369000000,233.81,233.94,233.75,233.8
1782369900000,233.84,233.87,233.19,233.19
1782370800000,233.49,233.57,233.22,233.34
1782371700000,233.35,234,233.34,233.75
1782372600000,233.76,233.92,233.54,233.74
1782373500000,233.84,234.05,233.51,234.04
1782374400000,234.26,234.26,234.26,234.26
1782375300000,233.895,233.895,233.558,233.68
1782376200000,233.68,234.01,233.68,233.953
1782377100000,233.94,233.94,233.68,233.68
1782378000000,233.68,233.925,233.68,233.75
1782378900000,233.75,233.75,233.58,233.68
1782379800000,233.68,233.75,233.616,233.75
1782380700000,233.75,233.85,233.551,233.551
1782381600000,233.55,233.615,233.525,233.55
1782382500000,233.55,234.085,233.55,234.085
1782383400000,234.085,234.085,233.535,233.535
1782384300000,233.535,233.575,233.515,233.515
1782385200000,233.515,233.599,232.665,232.85
1782386100000,232.85,233.1,232.84,233.09
1782387000000,233.09,233.385,232.8,233.385
1782387900000,233.385,233.435,232.954,232.978
1782388800000,232.979,233.358,232.9,233.202
1782389700000,233.201,233.29,232.79,232.836
1782390600000,232.834,233.398,232.805,233.055
1782391500000,233.057,233.264,232.8,232.9
1782392400000,232.9,233.2,232.553,232.76
1782393300000,232.76,233.239,231.789,232.011
1782394200000,232,232.25,226.07,227.344
1782395100000,227.308,228.47,226.5,227.546
1782396000000,227.57,229.27,227.26,227.886
1782396900000,227.86,229.15,227.44,229.03
1782397800000,229.02,229.68,228.85,229.33
1782398700000,229.33,229.69,228.48,228.601
1782399600000,228.6,229.53,228.355,228.849
1782400500000,228.863,229.855,228.63,229.761
1782401400000,229.88,230.76,229.779,230.322
1782402300000,230.317,230.85,229.8,230.255
1782403200000,230.2,230.246,228.76,229.093
1782404100000,229.098,229.23,227.505,227.74
1782405000000,227.75,227.96,227.2,227.848
1782405900000,227.85,228.545,227.775,228.264
1782406800000,228.29,228.63,227.75,228.251
1782407700000,228.16,228.57,227.82,228.218
1782408600000,228.25,228.58,227.93,228.104
1782409500000,228.103,228.77,227.81,228.667
1782410400000,228.676,229,228.06,228.525
1782411300000,228.523,230.36,228.495,230.349
1782412200000,230.35,230.43,229.27,229.347
1782413100000,229.345,229.39,228.84,228.94
1782414000000,228.941,229.04,228.68,228.718
1782414900000,228.66,228.75,227.14,227.27
1782415800000,227.298,228.18,227.07,227.852
1782416700000,227.82,227.841,225.56,227.13
1782417600000,227.071,227.604,226.568,226.782
1782418500000,226.794,227.432,226.794,227.107
1782419400000,227.106,227.434,227.019,227.138
1782420300000,227.137,227.302,226.832,226.832
1782421200000,226.827,227.215,226.802,227.095
1782422100000,227.096,227.25,227.07,227.095
1782423000000,227.095,227.325,227.095,227.325
1782423900000,227.325,227.325,226.751,226.885
1782424800000,226.885,227,226.525,226.801
1782425700000,226.801,226.825,226.681,226.719
1782426600000,226.721,226.998,226.721,226.876
1782427500000,226.876,226.91,226.725,226.91
1782428400000,226.91,227.31,226.91,227.25
1782429300000,227.25,228.539,227.25,228.515
1782430200000,228.515,228.515,227.427,227.7
1782431100000,227.7,227.7,226.676,226.772
1782432000000,226.769,227.48,226.757,227.48
1782432900000,227.48,227.48,227.13,227.31
1782433800000,227.46,227.46,227.19,227.33
1782434700000,227.39,227.45,227.23,227.31
1782435600000,227.29,227.43,227.18,227.34
1782436500000,227.38,227.8,227.38,227.41
1782437400000,227.39,227.39,226.57,226.72
1782438300000,226.71,226.94,226.5,226.56
1782439200000,226.56,226.94,226.19,226.92
1782440100000,226.93,227.57,226.81,226.91
1782441000000,226.75,226.79,225.91,225.91
1782441900000,225.92,227.15,225.43,225.62
1782442800000,225.74,225.75,225.24,225.48
1782443700000,225.74,225.8,225.41,225.66
1782444600000,225.7,225.7,225.11,225.5
1782445500000,225.5,226.51,225.5,226.35
1782446400000,226.48,226.97,226.2,226.41
1782447300000,226.41,226.57,225.99,226.02
1782448200000,225.99,226.28,225.8,226.08
1782449100000,226.1,226.12,225.71,225.9
1782450000000,225.9,226.02,225.27,225.89
1782450900000,225.84,226.32,225.83,226.22
1782451800000,226.29,226.4,225.99,226.02
1782452700000,225.99,226.15,225.85,226.05
1782453600000,226.08,226.21,225.97,226.01
1782454500000,226.11,226.5,226.09,226.49
1782455400000,226.47,227.37,226.42,227.26
1782456300000,227.22,227.55,227.09,227.49
1782457200000,227.56,227.73,227.19,227.57
1782458100000,227.61,227.78,227.51,227.71
1782459000000,227.75,227.95,227.59,227.66
1782459900000,227.66,228.24,227.6,228.01
1782460800000,227.67,228.195,226.755,227.66
1782461700000,227.865,228.265,227.865,228.265
1782462600000,228.265,228.265,227.705,227.705
1782463500000,227.704,227.728,227.51,227.51
1782464400000,227.51,227.55,227.325,227.55
1782465300000,227.55,227.55,227.525,227.525
1782466200000,227.525,227.81,227.301,227.81
1782467100000,227.68,227.81,227.5,227.68
1782468000000,227.525,227.529,227,227.525
1782468900000,227.65,227.65,227.17,227.17
1782469800000,227.458,227.547,227.455,227.455
1782470700000,227.455,227.455,227.365,227.407
1782471600000,227.07,227.373,226.72,227.025
1782472500000,227,227.025,226.545,227
1782473400000,226.645,227.1,226.6,227.1
1782474300000,227.29,227.523,227,227.29
1782475200000,227.95,227.95,227.449,227.83
1782476100000,227.74,227.94,227.5,227.74
1782477000000,227.79,227.997,227.467,227.6
1782477900000,227.66,227.812,227.473,227.473
1782478800000,227.46,227.594,227.21,227.24
1782479700000,227.55,227.798,226.63,227.2
1782480600000,227.38,228.97,226.125,228.28
1782481500000,228.325,228.383,226.195,227.73
1782482400000,227.75,230.59,227.634,229.47
1782483300000,229.43,231.28,229.31,230.69
1782484200000,230.65,231.38,230,230.687
1782485100000,230.61,231.72,230.47,230.575
1782486000000,230.57,231.33,230.14,231.2
1782486900000,231.08,232.252,230.91,232.24
1782487800000,232.22,232.585,231.82,232.33
1782488700000,232.34,232.6,231.775,232.195
1782489600000,232.26,232.54,231.41,231.945
1782490500000,231.91,232.05,230.99,231.48
1782491400000,231.49,232.01,231.15,231.2
1782492300000,231.2,232.02,231.16,231.797
1782493200000,231.76,231.97,230.99,231.07
1782494100000,231.07,231.18,230.62,230.89
1782495000000,230.9,230.93,230.01,230.37
1782495900000,230.26,231,230.14,230.81
1782496800000,230.84,231.115,230.31,230.684
1782497700000,230.76,231.13,230.44,230.505
1782498600000,230.52,230.75,229.82,230.06
1782499500000,230,230.099,228.82,228.895
1782500400000,228.95,229.23,228.28,228.51
1782501300000,228.535,228.83,227.86,228.222
1782502200000,228.21,229.61,228.115,228.805
1782503100000,228.78,232.96,228.11,230.61
1782504000000,231.89,232.795,231.246,232.68
1782504900000,232.87,232.99,232.371,232.76
1782505800000,232.5,232.545,232.025,232.295
1782506700000,232.01,232.369,231.627,232.01
1782507600000,231.69,232.23,231.59,231.944
1782508500000,231.94,232.4,231.92,232.04
1782509400000,232.034,232.035,232,232.035
1782510300000,232.035,232.035,232.005,232.005
1782511200000,232.01,232.361,231.99,231.99
1782512100000,232.06,232.417,231.984,232.417
1782513000000,232.418,232.42,232.01,232.17
1782513900000,232.17,232.205,231.935,232.205
1782514800000,232.205,232.205,232.13,232.205
1782515700000,232.205,232.205,232.06,232.115
1782516600000,232.115,232.2,232.115,232.2
1782517500000,232.12,232.201,231.9,232.09
1782518400000,231.946,231.948,231.946,231.948
1782521100000,238.11,238.11,238.11,238.11
1782561600000,232.03,232.04,232.03,232.04
1782565200000,231.78,231.78,231.78,231.78
1782576900000,232.01,232.16,231.76,231.76
1782577800000,231.9,231.9,231.74,231.74
1782594900000,231.74,231.74,231.63,231.63
1782603000000,231.78,231.78,231.57,231.57
1782618300000,231.57,231.57,231.57,231.57
1782691200000,235,235,232.81,233.51
1782692100000,233.51,233.51,232.78,232.8
1782693000000,232.76,234.24,232.71,234.23
1782693900000,234.21,234.24,233.34,233.72
1782694800000,233.86,234.08,233.54,233.77
1782695700000,233.8,234.48,233.53,234.17
1782696600000,234.17,235.22,234.01,235
1782697500000,234.99,234.99,234.32,234.48
1782698400000,234.51,234.54,233.62,233.62
1782699300000,233.73,234.45,233.61,234.45
1782700200000,234.4,234.83,234.27,234.65
1782701100000,234.67,234.87,234.55,234.66
1782702000000,234.77,235.5,234.77,234.87
1782702900000,235.06,235.06,234.71,234.81
1782703800000,234.81,234.88,234.29,234.71
1782704700000,234.77,235.5,234.77,235.2
1782705600000,235.27,235.5,235,235.13
1782706500000,235.06,235.06,234.73,234.95
1782707400000,234.9,235,234.74,234.74
1782708300000,234.88,235.36,234.74,235.13
1782709200000,235.12,235.34,234.73,235.15
1782710100000,235.3,235.46,235.02,235.02
1782711000000,235.4,235.4,235.02,235.05
1782711900000,235.26,235.37,234.51,234.65
1782712800000,234.65,234.86,234.4,234.53
1782713700000,234.51,234.79,234.5,234.6
1782714600000,234.6,234.69,234.45,234.45
1782715500000,234.43,234.57,234.38,234.39
1782716400000,234.37,234.4,233.98,234.09
1782717300000,234.08,234.39,234.08,234.36
1782718200000,234.31,234.54,234.16,234.49
1782719100000,234.51,234.64,234.39,234.55
1782720000000,234.62,234.799,231.949,234.62
1782720900000,234.25,234.508,234.25,234.4
1782721800000,234.4,234.55,234.39,234.39
1782722700000,234.39,234.661,234.39,234.661
1782723600000,234.663,234.675,234.39,234.565
1782724500000,234.99,235.205,234.565,234.99
1782725400000,235.2,235.2,234.81,235.055
1782726300000,235.055,235.35,234.925,235.35
1782727200000,235.4,235.429,235.005,235.4
1782728100000,235.004,235.05,234.742,235.05
1782729000000,235.05,235.725,235,235.725
1782729900000,235.725,235.725,235.135,235.4
1782730800000,235.62,235.899,235.4,235.49
1782731700000,235.567,235.567,234.97,235.275
1782732600000,235.275,235.468,235.175,235.4
1782733500000,235.4,235.43,235.231,235.4
1782734400000,234.87,235.217,234.618,234.87
1782735300000,235.24,235.3,234.7,235.24
1782736200000,235.4,235.41,234.99,235.41
1782737100000,235.047,235.141,234.8,234.88
1782738000000,234.89,234.987,234.803,234.89
1782738900000,234.205,235.029,234.205,234.205
1782739800000,234.28,240.35,234.02,239.89
1782740700000,239.94,243.375,239.94,241.57
1782741600000,241.62,243.6,241.34,243.23
1782742500000,243.06,244.79,243.005,244.23
1782743400000,244.108,245.56,243.52,244.547
1782744300000,244.535,246.74,244.345,245.205
1782745200000,245.19,245.32,242.62,242.72
1782746100000,242.73,242.93,242.08,242.93
1782747000000,243.01,243.01,241.7,241.948
1782747900000,241.96,242.36,240.895,242.282
1782748800000,242.24,242.281,240.48,240.55
1782749700000,240.59,240.75,240.05,240.26
1782750600000,240.28,240.28,239.725,239.89
1782751500000,239.89,241.37,239.8,241.37
1782752400000,241.36,241.545,240.46,240.51
1782753300000,240.57,241.16,240.39,240.84
1782754200000,240.805,241.52,240.525,240.96
1782755100000,240.87,241.41,240.77,241.18
1782756000000,241.18,241.18,240.34,240.571
1782756900000,240.52,240.57,240.125,240.24
1782757800000,240.24,240.53,239.93,240
1782758700000,239.99,241.22,239.935,241.07
1782759600000,241.26,241.99,241.13,241.35
1782760500000,241.36,241.405,240.18,240.25
1782761400000,240.27,240.435,239.735,239.95
1782762300000,239.96,240.56,239.91,240.11
1782763200000,239.665,240.135,239.498,239.54
1782764100000,239.797,239.902,239.699,239.825
1782765000000,239.825,239.825,239.7,239.825
1782765900000,239.825,239.918,239.478,239.7
1782766800000,239.66,240.123,239.66,240.11
1782767700000,239.825,240.1,239.825,240
1782768600000,240.125,240.449,239.95,240.125
1782769500000,240.369,240.405,240.3,240.315
1782770400000,240.315,240.315,240.08,240.25
1782771300000,240.32,240.374,240.151,240.31
1782772200000,240.15,240.271,240.102,240.271
1782773100000,240.25,240.415,240.23,240.25
1782774000000,240.27,240.505,240.2,240.402
1782774900000,240.401,240.679,240.4,240.6
1782775800000,240.6,240.849,240.6,240.83
1782776700000,240.83,240.83,240.3,240.575
1782777600000,240.45,241.04,240.05,240.74
1782778500000,240.77,240.82,240.39,240.46
1782779400000,240.46,240.46,240.07,240.24
1782780300000,240.3,240.62,240.3,240.6
1782781200000,240.59,240.59,240.07,240.11
1782782100000,240.21,240.68,240.18,240.68
1782783000000,240.7,240.72,240.5,240.64
1782783900000,240.52,240.68,240.52,240.65
1782784800000,240.65,240.65,240.35,240.37
1782785700000,240.37,240.75,240.18,240.5
1782786600000,240.48,240.48,240.26,240.27
1782787500000,240.28,240.4,240.24,240.26
1782788400000,240.21,240.33,240.2,240.23
1782789300000,240.35,240.54,240.29,240.45
1782790200000,240.49,240.99,240.41,240.7
1782791100000,240.77,240.79,240.55,240.64
1782792000000,240.64,241.01,240.64,240.82
1782792900000,240.9,240.98,240.79,240.87
1782793800000,240.88,240.94,240.77,240.86
1782794700000,240.87,240.87,240.72,240.76
1782795600000,240.76,240.9,240.71,240.75
1782796500000,240.76,241.22,240.71,240.98
1782797400000,240.94,241.07,240.4,240.63
1782798300000,240.75,240.85,240.71,240.85
1782799200000,240.82,240.87,240.76,240.82
1782800100000,240.85,240.95,240.78,240.91
1782801000000,240.92,241.08,240.83,240.94
1782801900000,240.94,240.98,240.84,240.98
1782802800000,240.9,240.97,240.87,240.87
1782803700000,240.89,240.91,240.76,240.84
1782804600000,240.76,240.78,240.63,240.63
1782805500000,240.63,240.63,240.22,240.23
1782806400000,240.575,240.905,240.575,240.905
1782807300000,240.905,240.905,240.795,240.83
1782808200000,240.83,241.095,240.48,240.6
1782809100000,240.602,240.83,240.602,240.83
1782810000000,240.41,240.83,240.41,240.41
1782810900000,240.485,240.52,240.485,240.485
1782811800000,240.485,240.485,240.485,240.485
1782812700000,240.485,240.485,240.485,240.485
1782813600000,240.485,240.485,240.485,240.485
1782814500000,240.485,241.02,240.485,241.02
1782815400000,241.02,241.02,240.865,240.866
1782816300000,240.74,240.868,240.74,240.74
1782817200000,240.91,241.045,240.7,240.99
1782818100000,240.91,241.075,240.4,240.47
1782819000000,240.4,240.599,240.122,240.27
1782819900000,239.52,240.299,239.311,239.52
1782820800000,239,239.65,239,239
1782821700000,238.6,239.375,238.56,238.56
1782822600000,238.605,239.149,238.25,238.767
1782823500000,238.76,238.9,238.603,238.775
1782824400000,238.5,238.9,238.5,238.5
1782825300000,238.01,238.91,236.926,237.19
1782826200000,237.51,240.45,237.18,239.695
1782827100000,239.845,239.97,238.49,238.59
1782828000000,238.57,238.98,238.05,238.635
1782828900000,238.645,240.03,238.53,239.56
1782829800000,239.58,240.69,239.51,239.76
1782830700000,239.73,239.805,238.01,238.22
1782831600000,238.23,238.43,237.555,238.38
1782832500000,238.4,239.07,238.19,238.64
1782833400000,238.72,239.11,238.49,238.86
1782834300000,239.11,240.34,238.876,239.84
1782835200000,239.85,239.93,238.64,238.88
1782836100000,238.875,240.095,238.725,240.06
1782837000000,240.04,241.175,239.81,241.11
1782837900000,241.155,241.54,240.455,240.625
1782838800000,240.635,240.635,239.365,239.67
1782839700000,239.66,239.67,238.895,239.06
1782840600000,239.07,239.27,238.38,238.81
1782841500000,238.77,238.9,238.2,238.48
1782842400000,238.44,239.11,238.44,238.78
1782843300000,238.815,239.13,238.41,238.48
1782844200000,238.51,238.51,237.63,237.705
1782845100000,237.69,237.99,237.42,237.77
1782846000000,237.8,238.365,237.7,238.35
1782846900000,238.365,239.225,238.329,239.19
1782847800000,239.19,239.53,238.39,238.52
1782848700000,238.525,238.78,237.55,238.23
1782849600000,238.26,238.719,237.897,237.94
1782850500000,238.48,238.739,238.299,238.59
1782851400000,238.48,238.6,238.401,238.46
1782852300000,238.52,238.75,238.5,238.664
1782853200000,238.678,239.055,238.262,239.055
1782854100000,239.07,239.2,238.92,238.985
1782855000000,239,239.123,238.935,239
1782855900000,239.09,239.409,239.03,239.18
1782856800000,239.11,239.292,239.076,239.28
1782857700000,239.27,239.33,239.095,239.27
1782858600000,239.26,239.264,239.07,239.146
1782859500000,239.01,239.148,239.01,239.01
1782860400000,239.09,239.125,239.09,239.115
1782861300000,239.115,239.222,239.066,239.066
1782862200000,239.071,239.1,239.065,239.1
1782863100000,239.1,239.268,239.1,239.268
1782864000000,239.29,239.35,238.99,239.19
1782864900000,238.94,239.18,238.91,239.18
1782865800000,239.19,239.26,239.04,239.04
1782866700000,239.08,239.18,238.91,239.14
1782867600000,239.01,239.09,238.9,238.95
1782868500000,238.94,239,238.79,238.98
1782869400000,238.89,238.89,238.6,238.65
1782870300000,238.65,238.84,238.6,238.76
1782871200000,238.77,239.1,238.7,238.96
1782872100000,238.95,238.99,238.81,238.92
1782873000000,238.98,239.04,238.95,239
1782873900000,239.01,239.01,238.84,238.85
1782874800000,238.95,239.06,238.93,238.98
1782875700000,238.96,239.04,238.9,238.98
1782876600000,238.88,239.11,238.88,239.08
1782877500000,239.01,239.1,239,239
1782878400000,238.99,238.99,238.7,238.7
1782879300000,238.7,238.84,238.62,238.75
1782880200000,238.74,238.83,238.66,238.8
1782881100000,238.78,238.97,238.76,238.76
1782882000000,238.69,238.81,238.66,238.71
1782882900000,238.71,238.8,238.55,238.55
1782883800000,238.65,238.76,238.55,238.75
1782884700000,238.71,238.72,238.66,238.68
1782885600000,238.66,238.67,238.53,238.6
1782886500000,238.65,238.65,238.4,238.44
1782887400000,238.6,238.69,238.49,238.61
1782888300000,238.63,238.68,238.4,238.5
1782889200000,238.53,238.57,238.24,238.25
1782890100000,238.36,238.38,238.01,238.31
1782891000000,238.28,238.57,238.25,238.45
1782891900000,238.28,238.61,238.28,238.43
1782892800000,239.294,239.295,238.445,238.645
1782893700000,238.645,238.645,238.645,238.645
1782894600000,238.645,238.725,238.645,238.725
1782895500000,238.725,238.725,238.5,238.5
1782896400000,238.5,238.5,238.5,238.5
1782897300000,238.5,238.7,238.5,238.7
1782898200000,238.7,238.95,238.7,238.95
1782899100000,238.95,239.39,238.95,239.335
1782900000000,239.335,239.335,239.145,239.145
1782900900000,240.49,240.543,239.145,240.49
1782901800000,240.355,240.355,239.885,239.885
1782902700000,239.85,240.225,239.85,239.85
1782903600000,239.905,240,239.7,239.87
1782904500000,239.73,239.895,239.6,239.64
1782905400000,239.625,239.915,239.6,239.742
1782906300000,239.65,239.89,239.55,239.65
1782907200000,239.59,240.598,239.552,240.43
1782908100000,240.475,240.69,240.355,240.69
1782909000000,240,240.6,237.52,237.81
1782909900000,238.1,240.616,238.01,240.38
1782910800000,239.46,239.797,239.022,239.44
1782911700000,239.86,240.047,239.3,239.83
1782912600000,239.74,240.011,236.425,236.69
1782913500000,236.24,238.305,234.925,237.826
1782914400000,237.88,239.56,237.695,239.36
1782915300000,239.37,240.71,238.51,240.335
1782916200000,240.33,242.06,240.225,241.51
1782917100000,241.72,242.65,241.355,242.64
1782918000000,242.6,243.06,241.72,242.075
1782918900000,242.06,243.58,241.39,243.29
1782919800000,243.335,243.41,241.59,241.94
1782920700000,241.89,242.43,241.34,242.335
1782921600000,242.343,242.495,241.88,242.41
1782922500000,242.42,242.75,241.957,242.16
1782923400000,242.23,242.73,242.198,242.55
1782924300000,242.485,243.09,242.105,242.28
1782925200000,242.34,244,242.278,243.82
1782926100000,243.96,244.89,243.84,244.33
1782927000000,244.35,244.51,243.65,243.89
1782927900000,243.86,244.41,243.74,243.87
1782928800000,243.885,244.59,243.78,244.105
1782929700000,244.1,244.385,243.75,244.13
1782930600000,244.09,244.26,243.75,244.09
1782931500000,244.1,244.32,243.68,243.93
1782932400000,243.89,244.29,242.96,243.015
1782933300000,242.98,243.425,242.02,242.02
1782934200000,242.03,242.47,241.82,242.25
1782935100000,242.28,242.41,241.51,241.735
1782936000000,241.11,241.799,241.102,241.42
1782936900000,241.37,241.6,241.201,241.37
1782937800000,241.454,241.8,241.39,241.615
1782938700000,241.631,242.074,241.601,241.8
1782939600000,241.8,241.8,241.8,241.8
1782940500000,241.71,241.85,241.415,241.69
1782941400000,241.824,241.825,241.74,241.79
1782942300000,241.81,241.95,241.79,241.81
1782943200000,241.945,242.185,241.77,241.95
1782944100000,241.95,242,241.721,242
1782945000000,242,242.15,242,242.1
1782945900000,242.36,242.741,241.84,242.36
1782946800000,242.19,242.523,242.015,242.19
1782947700000,242.275,242.35,242.275,242.35
1782948600000,242.35,242.5,242.145,242.451
1782949500000,242.53,242.679,242.45,242.53
1782950400000,242.42,242.47,241.98,242.1
1782951300000,242.01,242.31,241.94,242.17
1782952200000,242.07,242.19,241.9,241.9
1782953100000,241.98,242.61,241.84,242.6
1782954000000,242.6,243.01,242.6,242.95
1782954900000,242.94,243.11,242.78,242.91
1782955800000,242.91,243.03,242.8,242.9
1782956700000,242.86,243.1,242.73,242.87
1782957600000,242.8,242.81,242.66,242.78
1782958500000,242.79,242.97,242.69,242.82
1782959400000,242.8,242.95,242.8,242.8
1782960300000,242.76,242.81,242.76,242.8
1782961200000,242.79,242.85,242.73,242.84
1782962100000,242.86,242.96,242.68,242.96
1782963000000,242.88,242.96,242.79,242.79
1782963900000,242.79,242.88,242.64,242.76
1782964800000,242.84,243.2,242.84,243.01
1782965700000,242.88,243.47,242.88,243.43
1782966600000,243.31,243.31,242.69,242.69
1782967500000,242.87,243.14,242.78,243.14
1782968400000,243.18,243.18,242.91,242.93
1782969300000,242.92,243.7,242.92,243.24
1782970200000,243.24,243.26,242.49,242.55
1782971100000,242.52,242.89,242.34,242.79
1782972000000,242.85,243.01,242.49,242.8
1782972900000,242.94,242.94,242.6,242.62
1782973800000,242.75,243.01,242.75,243
1782974700000,242.99,243.33,242.75,243.3
1782975600000,243.23,243.29,242.88,243.27
1782976500000,243.25,243.29,242.81,243.12
1782977400000,243.13,243.26,243.1,243.26
1782978300000,243.32,243.49,243.27,243.46
1782979200000,242.6,243.35,242.6,243.35
1782980100000,243.362,243.425,243.362,243.425
1782981000000,243.425,243.715,243.322,243.385
1782981900000,243.385,243.385,242.82,242.82
1782982800000,242.82,242.82,242.52,242.52
1782983700000,242.52,242.82,242.52,242.82
1782984600000,242.82,242.82,242.42,242.475
1782985500000,242.475,242.475,242.3,242.3
1782986400000,242.3,242.36,241.73,242.3
1782987300000,241.99,243.345,241.524,241.99
1782988200000,242.545,242.6,242.538,242.55
1782989100000,242.49,242.905,242.49,242.49
1782990000000,242.905,242.905,242.1,242.4
1782990900000,242.4,242.87,242.4,242.699
1782991800000,242.699,243.1,242.304,242.304
1782992700000,242,242.303,241.858,242
1782993600000,241.844,242.099,241.07,241.21
1782994500000,241.1,241.769,240.986,241.14
1782995400000,241.264,241.996,241.262,241.887
1782996300000,241.62,241.885,241.2,241.32
1782997200000,241.15,241.433,241.054,241.25
1782998100000,241,241.787,240.965,241.12
1782999000000,241.595,244.62,241.12,242.35
1782999900000,242.25,243.24,241.88,242.07
1783000800000,241.97,243.97,241.957,243.75
1783001700000,243.787,244.631,243.56,244.07
1783002600000,244.18,245.42,243.925,245.155
1783003500000,245.16,245.37,244.26,245.21
1783004400000,245.25,245.56,243.77,245.18
1783005300000,245.21,245.89,244.765,244.78
1783006200000,244.808,245.93,244.75,245.443
1783007100000,245.45,245.855,244.53,245.77
1783008000000,245.83,246.29,245.19,246.29
1783008900000,246.24,246.675,245.86,246.125
1783009800000,246.13,246.19,245.12,245.38
1783010700000,245.35,245.75,244.56,244.622
1783011600000,244.5,244.93,243.785,244.6
1783012500000,244.59,244.89,243.935,244.89
1783013400000,244.97,245.39,243.54,243.57
1783014300000,243.71,244.24,243.61,244.07
1783015200000,244.08,244.6,243.59,244.405
1783016100000,244.49,244.6,243.77,243.88
1783017000000,243.79,244.21,243.42,243.48
1783017900000,243.47,243.825,242.98,243.3
1783018800000,243.273,243.83,242.68,243.626
1783019700000,243.57,244.11,243.26,243.99
1783020600000,244.03,244.145,243.17,243.48
1783021500000,243.51,244.01,242.3,242.3
1783022400000,242.31,243.017,242.28,242.31
1783023300000,242.59,242.689,242.192,242.59
1783024200000,242.412,242.488,242.301,242.301
1783025100000,242.301,242.63,242.3,242.44
1783026000000,242.62,242.7,242.44,242.62
1783026900000,242.685,242.785,242.588,242.74
1783027800000,242.74,242.85,242.625,242.645
1783028700000,242.645,242.95,242.596,242.737
1783029600000,242.72,243.125,242.62,242.71
1783030500000,242.746,242.999,242.71,242.71
1783031400000,242.71,243.125,242.635,242.76
1783032300000,242.76,242.798,242.76,242.798
1783033200000,243,243.05,242.8,243
1783034100000,242.9,242.92,242.802,242.9
1783035000000,242.9,243.149,242.8,242.9
1783035900000,243.02,243.35,242.875,243.02
1783036800000,243.14,243.14,243.14,243.14
1783038600000,243.22,243.85,243.22,243.85
1783044900000,243.66,243.66,243.66,243.66
1783049400000,243.66,243.66,243.6,243.6
1783077300000,243.6,243.6,243.04,243.04
1783081800000,243.34,243.34,242.64,242.64
1783082700000,242.78,242.79,242.6,242.6
1783083600000,242.57,242.57,242.57,242.57
1783089900000,242.56,242.56,242.56,242.56
1783120500000,242.79,242.81,242.79,242.81
1783127700000,242.81,242.81,242.81,242.81
1783242000000,242.82,242.82,242.51,242.51
1783296000000,243.68,244.74,243.68,243.93
1783296900000,243.93,244.12,243.89,244.02
1783297800000,243.98,244.2,243.56,244.17
1783298700000,244.2,244.29,244.02,244.15
1783299600000,244.13,244.18,243.91,244.08
1783300500000,244.08,244.08,243.87,243.92
1783301400000,243.92,244.1,243.92,244.04
1783302300000,244.02,244.02,243.88,243.96
1783303200000,244,244.07,243.97,243.97
1783304100000,244,244.03,243.93,243.95
1783305000000,243.95,243.95,243.81,243.82
1783305900000,243.83,243.91,243.74,243.82
1783306800000,243.83,244.11,243.69,243.77
1783307700000,243.89,244,243.8,243.93
1783308600000,243.97,244.06,243.69,243.69
1783309500000,243.71,243.81,243.7,243.78
1783310400000,243.86,243.9,243.75,243.9
1783311300000,243.96,243.98,243.82,243.84
1783312200000,243.87,243.92,243.67,243.68
1783313100000,243.8,243.81,243.65,243.65
1783314000000,243.78,243.89,243.71,243.77
1783314900000,243.79,243.91,243.77,243.9
1783315800000,243.77,243.81,243.49,243.58
1783316700000,243.58,243.6,243.44,243.59
1783317600000,243.57,243.6,243.42,243.42
1783318500000,243.41,243.56,243.41,243.54
1783319400000,243.55,243.84,243.55,243.74
1783320300000,243.71,243.73,243.63,243.71
1783321200000,243.66,243.85,243.61,243.71
1783322100000,243.75,243.94,243.75,243.9
1783323000000,243.91,244.1,243.91,244.03
1783323900000,244.04,244.11,243.73,243.83
1783324800000,244.1,244.515,243,244.1
1783325700000,244.03,244.435,244.03,244.205
1783326600000,244.205,244.27,244.205,244.27
1783327500000,244.27,244.73,244.27,244.73
1783328400000,244.73,244.73,244.49,244.49
1783329300000,244.506,244.825,244.506,244.825
1783330200000,244.825,245.5,244.825,245.4
1783331100000,246,246.023,245.146,246
1783332000000,246.015,246.015,245.762,245.94
1783332900000,245.94,246.185,245.94,246.185
1783333800000,246.185,246.185,245.976,245.976
1783334700000,245.959,245.959,245.56,245.56
1783335600000,245.15,245.56,244.701,245.04
1783336500000,244.69,245.1,244.501,244.72
1783337400000,244.723,245.034,244.2,244.5
1783338300000,244.5,244.5,244.2,244.303
1783339200000,244.303,244.498,244.1,244.326
1783340100000,244.326,244.611,243.906,244.2
1783341000000,244.11,244.425,244.06,244.11
1783341900000,244.45,244.476,244.055,244.32
1783342800000,244.3,244.573,244.016,244.3
1783343700000,244.44,244.55,243.19,243.96
1783344600000,243.745,245.42,240.95,241.36
1783345500000,241.77,242.51,241.28,241.705
1783346400000,241.64,243.23,241.42,242.65
1783347300000,243.119,243.119,243.082,243.082
1783348200000,243.13,243.66,242.728,242.74
1783349100000,242.68,243.16,242.455,242.665
1783350000000,242.77,244.82,242.635,244.39
1783350900000,244.44,244.91,244.31,244.71
1783351800000,244.708,245.52,244.49,245.467
1783352700000,245.495,245.68,244.99,245.42
1783353600000,245.42,246.025,245.27,245.66
1783354500000,245.7,245.77,244.81,244.81
1783355400000,244.86,244.96,244.63,244.79
1783356300000,244.76,244.86,244.47,244.6
1783357200000,244.72,245.27,244.646,245.27
1783358100000,245.25,245.43,244.96,245.28
1783359000000,245.37,245.7,245.28,245.44
1783359900000,245.439,245.439,244.64,244.912
1783360800000,244.93,245,244.374,244.69
1783361700000,244.72,245.185,244.72,245.16
1783362600000,245.155,245.56,245.135,245.3
1783363500000,245.39,245.735,245.23,245.445
1783364400000,245.42,245.79,245.23,245.65
1783365300000,245.69,245.84,245.29,245.455
1783366200000,245.43,245.825,244.98,245.015
1783367100000,245,245.24,243.99,244.16
1783368000000,244.206,244.542,243.845,244.542
1783368900000,244.28,244.545,244.11,244.28
1783369800000,244.263,244.4,244.263,244.4
1783370700000,244.4,244.415,244.3,244.355
1783371600000,244.43,244.615,244.285,244.49
1783372500000,244.615,244.7,244.415,244.415
1783373400000,244.415,244.5,244.415,244.415
1783374300000,244.39,244.675,244.39,244.39
1783375200000,244.59,244.7,244.5,244.7
1783376100000,244.7,244.7,244.59,244.59
1783377000000,244.59,244.75,244.59,244.75
1783377900000,244.75,244.75,244.62,244.703
1783378800000,244.775,244.8,244.7,244.785
1783379700000,244.75,244.75,244.55,244.75
1783380600000,244.56,244.75,244.336,244.51
1783381500000,244.405,244.509,244.272,244.45
1783382400000,244.31,244.76,244.27,244.61
1783383300000,244.67,244.91,244.66,244.84
1783384200000,244.92,244.92,244.59,244.78
1783385100000,244.74,244.83,244.67,244.67
1783386000000,244.71,244.84,244.62,244.72
1783386900000,244.73,244.79,244.6,244.79
1783387800000,244.78,244.94,244.64,244.9
1783388700000,244.88,245.06,244.6,244.6
1783389600000,244.61,244.79,244.61,244.78
1783390500000,244.7,244.8,244.62,244.65
1783391400000,244.61,244.68,244.55,244.62
1783392300000,244.64,244.69,244.56,244.65
1783393200000,244.57,244.67,244.31,244.35
1783394100000,244.37,244.38,244.17,244.26
1783395000000,244.23,244.27,244.05,244.15
1783395900000,244.11,244.11,243.81,243.83
1783396800000,243.88,244.02,243.82,243.93
1783397700000,243.89,244.25,243.89,244.25
1783398600000,244.25,244.29,244.17,244.17
1783399500000,244.09,244.3,244.05,244.24
1783400400000,244.17,244.35,244.17,244.34
1783401300000,244.22,244.36,243.74,243.89
1783402200000,243.93,244.3,243.93,244.14
1783403100000,244.16,244.29,244.09,244.26
1783404000000,244.19,244.27,243.89,244.02
1783404900000,244.11,244.29,244.11,244.25
1783405800000,244.23,244.25,244.18,244.21
1783406700000,244.21,244.26,244.1,244.17
1783407600000,244.15,244.4,244.14,244.36
1783408500000,244.4,244.44,244.37,244.44
1783409400000,244.44,244.48,244.39,244.44
1783410300000,244.49,244.63,244.29,244.31
1783411200000,244.387,245.6,243.185,245.6
1783412100000,245.6,245.784,245.4,245.784
1783413000000,245.785,246.525,245.785,245.929
1783413900000,246.41,247.1,245.925,246.41
1783414800000,246.99,247.305,246.85,246.99
1783415700000,247.305,247.395,246.665,246.665
1783416600000,247.99,248.765,246.665,248.33
1783417500000,247.86,248.768,247.86,247.86
1783418400000,248,248,247.69,247.69
1783419300000,247.69,248.35,247.095,247.654
1783420200000,247.69,247.85,247.24,247.69
1783421100000,247.435,247.435,246.5,246.5
1783422000000,246.69,247.2,246.352,246.99
1783422900000,247.118,247.176,246.575,246.575
1783423800000,246.541,246.79,245.983,245.983
1783424700000,246.03,246.27,245.453,246.03
1783425600000,245.22,245.735,244.59,244.59
1783426500000,245.135,245.9,245.135,245.7
1783427400000,245.7,245.784,245.455,245.651
1783428300000,245.76,245.76,245.376,245.76
1783429200000,246.64,247.165,245.629,246.16
1783430100000,245.89,247.26,245.402,246.49
1783431000000,247.39,247.78,244.725,245.65
1783431900000,247.475,247.657,247.475,247.657
1783432800000,247.95,247.96,245.78,247.145
1783433700000,247.06,247.12,244.88,245.11
1783434600000,245.075,245.35,244.18,245.29
1783435500000,245.32,245.655,243.99,244.5
1783436400000,244.364,244.4,243.48,243.526
1783437300000,243.48,243.78,243.06,243.06
1783438200000,243.105,243.515,242.69,242.98
1783439100000,243.01,243.81,242.86,243.81
1783440000000,243.71,244.6,243.595,244.54
1783440900000,244.59,244.74,244.27,244.52
1783441800000,244.52,245.687,244.478,245.46
1783442700000,245.535,246.28,245.51,245.77
1783443600000,245.765,245.9,244.96,245
1783444500000,245.024,245.48,244.9,245.422
1783445400000,245.45,245.751,245.39,245.58
1783446300000,245.6,246.38,245.27,246.315
1783447200000,246.34,246.76,245.7,245.96
1783448100000,245.98,246.46,245.715,246.08
1783449000000,246.099,246.22,245.475,245.901
1783449900000,245.95,246.21,245.54,245.79
1783450800000,245.8,245.968,245.452,245.5
1783451700000,245.45,245.915,245.28,245.575
1783452600000,245.72,245.98,245.39,245.71
1783453500000,245.68,246.26,245.3,245.69
1783454400000,245.82,246.193,245.419,245.65
1783455300000,245.65,245.8,245.5,245.8
1783456200000,245.8,245.8,245.456,245.71
1783457100000,245.71,245.71,245.6,245.692
1783458000000,245.694,245.7,245.501,245.6
1783458900000,245.45,245.907,245.396,245.45
1783459800000,245.396,245.443,245.2,245.238
1783460700000,245.02,245.24,244.903,244.99
1783461600000,244.902,245.3,244.901,245.164
1783462500000,244.79,245.287,244.79,244.79
1783463400000,245.31,245.405,245.06,245.405
1783464300000,245.015,245.374,245,245.23
1783465200000,245.23,245.486,245.125,245.402
1783466100000,245.57,245.58,245.315,245.51
1783467000000,245.51,245.598,245.308,245.51
1783467900000,245.11,245.625,245.085,245.09
1783468800000,245.51,245.9,245.127,245.36
1783469700000,245.43,245.6,245.39,245.46
1783470600000,245.53,245.62,245.32,245.6
1783471500000,245.6,245.6,245.31,245.51
1783472400000,245.53,245.55,245.37,245.5
1783473300000,245.51,245.58,245.29,245.32
1783474200000,245.32,245.56,245.31,245.53
1783475100000,245.5,245.57,245.35,245.47
1783476000000,245.56,245.59,245.48,245.52
1783476900000,245.5,245.65,245.47,245.62
1783477800000,245.61,245.62,245.42,245.54
1783478700000,245.62,245.81,245.48,245.61
1783479600000,245.71,245.75,245.52,245.61
1783480500000,245.62,245.87,245.54,245.74
1783481400000,245.75,245.89,245.64,245.86
1783482300000,245.76,245.76,245.43,245.49
1783483200000,245.51,245.67,245.5,245.64
1783484100000,245.61,245.75,245.58,245.65
1783485000000,245.7,245.76,245.51,245.76
1783485900000,245.7,245.82,245.62,245.73
1783486800000,245.79,245.79,245.53,245.68
1783487700000,245.68,245.78,245.61,245.76
1783488600000,245.75,245.75,245.63,245.73
1783489500000,245.68,245.68,245.56,245.61
1783490400000,245.61,245.8,245.6,245.7
1783491300000,245.7,245.75,245.66,245.71
1783492200000,245.72,245.72,245.4,245.41
1783493100000,245.41,245.65,245.4,245.53
1783494000000,245.52,245.56,245.37,245.53
1783494900000,245.51,245.58,245.24,245.55
1783495800000,245.56,245.76,245.48,245.72
1783496700000,245.71,245.73,245.56,245.58
1783497600000,245.126,245.435,245.125,245.435
1783498500000,245.01,245.435,243.57,245.01
1783499400000,244.804,244.804,242.5,242.5
1783500300000,242.456,242.825,242.236,242.375
1783501200000,242.375,243.18,242.017,242.017
1783502100000,242.016,242.355,241.66,241.67
1783503000000,241.67,242.3,241.67,242.249
1783503900000,242.278,242.75,242.25,242.375
1783504800000,242.375,242.375,241.49,241.49
1783505700000,241.57,241.99,241.49,241.57
1783506600000,241.991,243.225,241.991,243.225
1783507500000,243.225,243.225,241.957,241.957
1783508400000,242,242.335,241.754,242.25
1783509300000,241.97,242.255,241.672,241.97
1783510200000,241.86,242.587,241.8,242.53
1783511100000,242.51,243.054,242.206,242.51
1783512000000,243.69,244.005,242.8,243.71
1783512900000,244.01,244.036,243.524,244.01
1783513800000,243.88,244.21,243.856,243.88
1783514700000,243.81,243.915,243.069,243.34
1783515600000,243.13,243.396,242.66,242.97
1783516500000,243.16,244.573,243.051,244.238
1783517400000,244.035,244.745,240.97,244.16
1783518300000,244.11,244.25,242.14,242.22
1783519200000,242.192,243.345,241.94,242.471
1783520100000,242.46,244.155,242.31,243.11
1783521000000,243.08,243.114,241.63,241.8
1783521900000,241.78,242.2,241.065,241.12
1783522800000,241.21,241.677,240.94,241.655
1783523700000,241.69,242.24,241.23,241.33
1783524600000,241.315,241.38,240.51,240.855
1783525500000,240.81,241.134,240.7,240.94
1783526400000,240.93,241.41,240.84,241.26
1783527300000,241.264,241.78,241.264,241.621
1783528200000,241.64,241.96,241.125,241.85
1783529100000,241.85,242.22,241.79,242.1
1783530000000,242.05,242.475,242.01,242.19
1783530900000,242.19,242.58,242.19,242.55
1783531800000,242.59,242.715,241.79,241.968
1783532700000,241.92,242.01,241.58,241.6
1783533600000,241.59,242.04,241.45,241.85
1783534500000,241.82,241.98,241.65,241.86
1783535400000,241.88,242.31,241.85,242.285
1783536300000,242.257,242.775,242.11,242.527
1783537200000,242.55,242.715,242.13,242.25
1783538100000,242.26,242.535,242.16,242.38
1783539000000,242.44,243.15,242.378,242.905
1783539900000,242.87,244.225,242.39,243.59
1783540800000,243.61,243.847,243.31,243.61
1783541700000,243.31,243.439,242.965,243.21
1783542600000,243.03,243.215,243.001,243.02
1783543500000,243.085,243.2,242.925,242.925
1783544400000,242.925,242.925,242.696,242.7
1783545300000,242.7,242.9,242.503,242.9
1783546200000,242.9,242.93,242.83,242.88
1783547100000,242.88,242.925,242.88,242.925
1783548000000,242.925,243.019,242.889,242.945
1783548900000,242.945,242.945,242.79,242.79
1783549800000,242.79,242.9,242.591,242.9
1783550700000,242.9,242.94,242.8,242.909
1783551600000,242.91,243,242.82,243
1783552500000,243,243,242.895,242.895
1783553400000,242.895,242.925,242.863,242.898
1783554300000,242.96,243.029,242.89,242.89
1783555200000,243.05,243.39,242.99,243.13
1783556100000,243.03,243.04,242.81,243
1783557000000,243.12,243.29,243.03,243.24
1783557900000,243.25,243.41,243.05,243.14
1783558800000,243.3,243.34,243.22,243.24
1783559700000,243.24,243.38,243.21,243.28
1783560600000,243.32,243.32,243.14,243.16
1783561500000,243.16,243.17,243.08,243.11
1783562400000,243.14,243.46,243.06,243.46
1783563300000,243.4,243.67,243.4,243.5
1783564200000,243.5,243.58,243.45,243.46
1783565100000,243.44,243.44,243.21,243.29
1783566000000,243.29,243.46,243.14,243.2
1783566900000,243.19,243.26,243,243.19
1783567800000,243.28,243.55,243.28,243.55
1783568700000,243.65,243.69,243.56,243.62
1783569600000,243.6,243.63,243.59,243.62
1783570500000,243.62,243.68,243.56,243.61
1783571400000,243.6,243.85,243.59,243.84
1783572300000,243.78,243.87,243.72,243.75
1783573200000,243.8,244.14,243.72,244.1
1783574100000,244.02,244.02,243.69,243.72
1783575000000,243.62,243.79,243.57,243.74
1783575900000,243.75,244.05,243.75,244.05
1783576800000,244.04,244.1,243.81,243.83
1783577700000,243.89,244,243.74,243.84
1783578600000,243.71,243.83,243.55,243.64
1783579500000,243.61,243.78,243.54,243.76
1783580400000,243.71,243.72,243.36,243.58
1783581300000,243.59,243.62,243.49,243.57
1783582200000,243.55,243.61,243.49,243.54
1783583100000,243.55,243.9,243.55,243.9
1783584000000,242.95,243.72,242.81,242.81
1783584900000,243.05,243.27,242.81,243.05
1783585800000,243.27,243.27,242.485,242.485
1783586700000,242.485,242.485,242.485,242.485
1783587600000,242.485,242.95,242.485,242.95
1783588500000,242.95,242.95,242.95,242.95
1783589400000,242.95,242.95,242.9,242.9
1783590300000,242.9,242.92,242.9,242.92
1783591200000,242.92,242.92,242.92,242.92
1783592100000,243.22,243.22,242.92,243.22
1783593000000,242.51,243.168,242.456,242.51
1783593900000,241.99,242.455,241.596,241.99
1783594800000,242,242.05,241.6,242
1783595700000,242,242.05,241.201,241.3
1783596600000,241.45,241.5,241.105,241.44
1783597500000,240.56,241.39,240.56,240.96
1783598400000,241.09,241.2,240.29,240.29
1783599300000,240.26,240.754,238.9,239.66
1783600200000,239.42,240.452,239.41,240.34
1783601100000,239.93,240.305,239.829,239.94
1783602000000,239,240.003,238.825,239.21
1783602900000,239.14,240.43,239.085,239.3
1783603800000,240.195,242.49,238.275,241.858
1783604700000,241.86,243.21,241.69,242.71
1783605600000,242.755,242.884,240.83,241.045
1783606500000,241.02,241.065,239.34,240.62
1783607400000,240.58,241.55,240.37,240.69
1783608300000,240.67,241.275,240.62,241.238
1783609200000,241.24,241.71,241.11,241.43
1783610100000,241.44,241.93,241.409,241.84
1783611000000,241.805,241.91,241.155,241.53
1783611900000,241.49,241.87,241.41,241.615
1783612800000,241.605,241.71,240.92,241.58
1783613700000,241.61,242.8,241.6,242.34
1783614600000,242.225,242.6,242.02,242.17
1783615500000,242.18,242.35,241.86,242.23
1783616400000,242.199,243.565,242.199,243.277
1783617300000,243.29,244.08,243.007,243.99
1783618200000,244.03,244.6,243.89,244.34
1783619100000,244.37,244.5,243.46,243.745
1783620000000,243.73,244.7,243.73,244.7
1783620900000,244.76,245.08,244.635,245.07
1783621800000,245.15,245.15,244.795,244.87
1783622700000,244.87,244.95,244.26,244.36
1783623600000,244.355,245.055,244.22,245.005
1783624500000,244.991,245.51,244.95,245.468
1783625400000,245.5,246,245.481,245.73
1783626300000,245.67,247.36,245.67,246.97
1783627200000,246.95,247.029,246.78,246.99
1783628100000,246.74,246.972,246.297,246.57
1783629000000,246.587,246.785,246.362,246.362
1783629900000,246.361,246.361,246.2,246.3
1783630800000,246.3,246.396,246.201,246.335
1783631700000,246.335,246.4,246.185,246.4
1783632600000,246.4,246.4,246.3,246.3
1783633500000,246.3,246.594,246.3,246.5
1783634400000,246.61,246.8,246.45,246.61
1783635300000,246.43,246.6,246.24,246.43
1783636200000,246.3,246.505,246.3,246.38
1783637100000,246.38,246.495,246.3,246.495
1783638000000,246.496,246.599,246.401,246.55
1783638900000,246.55,246.695,246.5,246.695
1783639800000,246.695,246.695,246.3,246.404
1783640700000,246.47,246.683,246.176,246.47
1783641600000,246.5,246.6,246.14,246.15
1783642500000,246.15,246.46,245.99,246.09
1783643400000,246.08,246.34,246.08,246.25
1783644300000,246.22,246.24,246.08,246.19
1783645200000,246.21,246.32,246.15,246.18
1783646100000,246.3,246.41,246.26,246.26
1783647000000,246.29,246.4,246.29,246.32
1783647900000,246.32,246.57,246.3,246.53
1783648800000,246.47,246.55,246.36,246.5
1783649700000,246.49,246.5,246.34,246.4
1783650600000,246.49,246.62,246.45,246.58
1783651500000,246.58,246.68,246.51,246.61
1783652400000,246.57,246.68,246.5,246.63
1783653300000,246.59,246.72,246.46,246.46
1783654200000,246.59,246.61,246.51,246.61
1783655100000,246.64,246.64,246.5,246.53
1783656000000,246.56,246.67,246.43,246.6
1783656900000,246.6,246.66,246.48,246.58
1783657800000,246.59,246.6,246.45,246.46
1783658700000,246.49,246.6,246.34,246.51
1783659600000,246.51,246.51,246.34,246.46
1783660500000,246.56,246.57,246.46,246.56
1783661400000,246.56,246.57,246.5,246.55
1783662300000,246.55,246.58,246.51,246.52
1783663200000,246.54,246.71,246.54,246.71
1783664100000,246.62,246.67,246.57,246.67
1783665000000,246.65,246.71,246.58,246.63
1783665900000,246.64,246.71,246.61,246.69
1783666800000,246.6,246.8,246.58,246.79
1783667700000,246.78,247.35,246.7,247.11
1783668600000,247.1,247.1,246.85,247.07
1783669500000,246.89,246.93,246.63,246.63
1783670400000,246.486,246.93,246.475,246.769
1783671300000,246.59,246.929,246.545,246.58
1783672200000,247.03,248.3,246.67,247.03
1783673100000,247.55,247.55,247.095,247.472
1783674000000,247.16,247.5,246.995,247.16
1783674900000,248.01,248.01,246.995,248.01
1783675800000,247.97,247.97,247.82,247.82
1783676700000,247.82,247.82,247.226,247.295
1783677600000,247.295,248.3,247.215,248.3
1783678500000,248.3,248.3,247.645,248.03
1783679400000,248.033,248.038,247.65,247.65
1783680300000,247.65,247.65,247.245,247.245
1783681200000,246.99,247.6,246.91,246.99
1783682100000,246.95,247.145,246.705,246.705
1783683000000,246.705,247,246.705,246.81
1783683900000,246.81,247.238,246.81,247.238
1783684800000,247.241,247.659,246.611,247.659
1783685700000,247.89,248,247.395,247.89
1783686600000,248.01,248.319,247.65,248.28
1783687500000,248.086,248.263,247.82,248.017
1783688400000,248.016,248.588,247.995,248.335
1783689300000,248.22,249.685,248.081,249.29
1783690200000,250.04,251.01,247.24,247.76
1783691100000,247.72,247.794,245.919,245.96
1783692000000,245.84,246.17,244.89,245.98
1783692900000,245.978,246.785,245.971,246.244
1783693800000,246.22,246.36,244.47,245.56
1783694700000,245.58,245.75,245.03,245.53
1783695600000,245.51,245.62,244.6,245.26
1783696500000,245.27,245.97,245.205,245.94
1783697400000,245.96,246.29,245.69,246.02
1783698300000,246.01,246.684,245.9,246.27
1783699200000,246.24,246.51,246.22,246.35
1783700100000,246.3,246.585,245.67,245.67
1783701000000,245.68,246.09,245.59,245.94
1783701900000,246,246.43,245.82,245.93
1783702800000,245.93,245.97,245.01,245.17
1783703700000,245.23,245.72,244.815,244.865
1783704600000,244.82,244.88,244.45,244.465
1783705500000,244.515,245.136,244.466,245.06
1783706400000,245.04,245.44,244.78,245.405
1783707300000,245.42,245.71,245.22,245.64
1783708200000,245.63,245.87,245.54,245.745
1783709100000,245.735,245.77,245.23,245.28
1783710000000,245.33,245.5,245.22,245.34
1783710900000,245.339,245.7,245.339,245.45
1783711800000,245.48,245.5,245.125,245.44
1783712700000,245.41,246.09,245.14,245.36
1783713600000,245.44,245.79,245.223,245.79
1783714500000,245.465,245.699,245.4,245.501
1783715400000,245.5,245.648,245.5,245.625
1783716300000,245.625,245.832,245.555,245.825
1783717200000,245.76,245.835,245.6,245.76
1783718100000,245.75,251.662,245.75,251.662
1783719000000,251.73,252.068,245.691,245.715
1783719900000,245.715,245.715,245.65,245.65
1783720800000,245.65,245.739,245.546,245.546
1783721700000,245.546,245.61,245.545,245.61
1783722600000,245.65,245.65,245.476,245.65
1783723500000,245.61,245.685,245.39,245.531
1783724400000,245.532,245.733,245.532,245.733
1783725300000,245.734,245.735,245.625,245.625
1783726200000,245.625,245.735,245.625,245.71
1783727100000,245.71,245.72,245.625,245.72
1783728000000,245.723,245.733,245.723,245.733
1783754100000,245.74,245.74,245.49,245.49
1783774800000,245.49,245.49,245.46,245.46
1783785600000,245.69,245.69,245.69,245.69
1783827000000,245.69,245.69,245.69,245.69
1783841400000,245.62,245.62,245.62,245.62
1783881000000,245.71,245.71,245.43,245.43
1783900800000,244.99,245,244.3,244.78
1783901700000,244.8,244.85,244.42,244.42
1783902600000,244.43,244.43,244.11,244.32
1783903500000,244.37,244.45,244.02,244.09
1783904400000,244.06,244.13,243.89,244
1783905300000,244.06,244.3,244,244.25
1783906200000,244.27,244.57,244.27,244.43
1783907100000,244.42,244.65,244.31,244.64
1783908000000,244.61,244.61,244.33,244.42
1783908900000,244.48,244.63,244.46,244.6
1783909800000,244.58,244.68,244.37,244.41
1783910700000,244.4,244.52,244.38,244.49
1783911600000,244.47,244.89,244.45,244.86
1783912500000,244.86,244.89,244.56,244.68
1783913400000,244.65,244.75,244.5,244.65
1783914300000,244.5,244.5,243.99,244.31
1783915200000,244.17,244.2,244.05,244.06
1783916100000,244.06,244.46,244.06,244.32
1783917000000,244.22,244.9,244.19,244.37
1783917900000,244.39,244.5,244.35,244.49
1783918800000,244.45,244.61,244.33,244.59
1783919700000,244.46,244.46,243.86,243.86
1783920600000,243.86,244.13,243.68,244.02
1783921500000,244.11,244.11,243.9,244.06
1783922400000,244.09,244.16,243.91,244.02
1783923300000,243.96,244.58,243.96,244.29
1783924200000,244.29,244.57,244.26,244.39
1783925100000,244.36,244.58,244.17,244.43
1783926000000,244.49,244.59,244.33,244.45
1783926900000,244.46,244.51,244.34,244.51
1783927800000,244.52,244.52,244.33,244.36
1783928700000,244.46,244.61,244.38,244.61
1783929600000,245.598,245.73,244.785,245.6
1783930500000,245.6,245.98,245.55,245.665
1783931400000,245.665,245.665,245.665,245.665
1783932300000,245.665,245.665,245.291,245.49
1783933200000,245.49,245.49,245.345,245.345
1783934100000,245.345,245.914,245.345,245.914
1783935000000,245.915,246.189,245.715,245.915
1783935900000,245.915,245.915,245.915,245.915
1783936800000,245.915,245.915,245.915,245.915
1783937700000,245.915,246,245.915,245.99
1783938600000,245.99,245.99,245.495,245.527
1783939500000,245.533,245.615,245.495,245.515
1783940400000,245.515,245.599,244.524,244.7
1783941300000,244.7,245.04,244.7,244.9
1783942200000,244.9,244.9,244.502,244.502
1783943100000,244.501,244.947,244.5,244.655
1783944000000,244.9,245.189,244.515,244.9
1783944900000,244.9,244.996,244.6,244.606
1783945800000,244.605,245.049,244.6,244.6
1783946700000,244.65,245.308,244.6,244.89
1783947600000,244.78,245,244.655,244.78
1783948500000,244.68,245,244.601,245
1783949400000,244.38,248.56,244.17,248.291
1783950300000,248.23,248.55,245.67,248.11
1783951200000,248.1,248.1,246.5,247.01
1783952100000,247.04,247.21,245.375,246.52
1783953000000,246.6,246.86,246.19,246.67
1783953900000,246.67,248.62,246.562,248.24
1783954800000,248.35,249.35,248.18,248.32
1783955700000,248.3,248.79,248.28,248.75
1783956600000,248.845,249.05,248.32,248.41
1783957500000,248.4,248.57,247.745,247.9
1783958400000,247.91,248.15,247.705,248
1783959300000,248.04,248.41,247.825,248.15
1783960200000,247.97,248.56,247.91,248.35
1783961100000,248.35,248.49,247.39,247.68
1783962000000,247.62,248.24,247.62,248.205
1783962900000,248.23,248.64,248.02,248.38
1783963800000,248.52,248.66,248.23,248.52
1783964700000,248.53,248.645,247.95,248.04
1783965600000,248.05,248.415,247.725,248.4
1783966500000,248.36,248.54,248.05,248.496
1783967400000,248.515,249.555,248.45,249.46
1783968300000,249.55,249.64,248.81,248.97
1783969200000,248.94,248.97,248.01,248.35
1783970100000,248.29,248.5,247.86,247.925
1783971000000,247.9,247.96,247.22,247.315
1783971900000,247.38,247.45,245.99,247.325
1783972800000,246.91,247.354,246.707,246.91
1783973700000,246.706,246.8,246.5,246.8
1783974600000,246.74,247,246.728,246.93
1783975500000,247.017,247.425,246.987,247.125
1783976400000,247.137,247.197,247.025,247.167
1783977300000,247.169,247.199,246.85,247.1
1783978200000,247.1,247.1,246.885,247.1
1783979100000,247.1,247.1,246.755,246.755
1783980000000,246.755,246.9,246.755,246.9
1783980900000,246.94,246.984,246.8,246.94
1783981800000,246.8,246.955,246.8,246.955
1783982700000,246.955,246.955,246.703,246.8
1783983600000,246.8,246.809,246.7,246.755
1783984500000,246.755,246.786,246.601,246.7
1783985400000,246.7,246.7,246.225,246.226
1783986300000,246.225,246.725,246.175,246.701
1783987200000,246.77,246.93,246.2,246.68
1783988100000,246.69,246.69,246.11,246.24
1783989000000,246.54,246.78,246.19,246.19
1783989900000,246.35,246.8,246.35,246.8
1783990800000,246.82,246.82,246.33,246.37
1783991700000,246.42,246.61,246.42,246.47
1783992600000,246.47,246.59,246.38,246.48
1783993500000,246.58,246.61,246.36,246.47
1783994400000,246.53,246.69,246.12,246.12
1783995300000,246.14,246.21,246,246.08
1783996200000,246.2,246.31,246.08,246.3
1783997100000,246.29,246.31,246.01,246.16
1783998000000,246.16,246.22,246,246.22
1783998900000,246.21,246.39,245.97,246.37
1783999800000,246.36,246.38,245.99,246.34
1784000700000,246.21,246.48,246.21,246.34
1784001600000,246.41,246.65,246.4,246.52
1784002500000,246.5,246.52,246.49,246.52
1784003400000,246.53,246.88,246.53,246.88
1784004300000,246.88,247.16,246.88,247.02
1784005200000,246.9,246.92,246.75,246.79
1784006100000,246.79,246.98,246.79,246.96
1784007000000,246.96,247.01,246.86,246.98
1784007900000,246.98,246.99,246.9,246.99
1784008800000,246.98,247.12,246.89,247.04
1784009700000,247.08,247.18,246.84,247.18
1784010600000,247.1,247.11,246.84,246.91
1784011500000,246.85,246.91,246.7,246.81
1784012400000,246.8,247.07,246.8,246.99
1784013300000,246.97,246.97,246.61,246.69
1784014200000,246.72,246.81,246.18,246.19
1784015100000,246.19,246.45,246.01,246.02
1784016000000,246.626,247.987,245.82,245.904
1784016900000,246.19,246.19,245.905,246.19
1784017800000,245.905,245.905,245.905,245.905
1784018700000,245.905,246.06,245.9,246.06
1784019600000,246.06,246.06,245.504,246.02
1784020500000,246.02,246.355,246.02,246.19
1784021400000,246.19,246.505,246.19,246.505
1784022300000,246.505,246.505,246.505,246.505
1784023200000,246.505,246.81,246.505,246.81
1784024100000,246.81,246.81,246.3,246.807
1784025000000,246.808,246.809,246.445,246.445
1784025900000,246.445,246.445,246.445,246.445
1784026800000,246.37,246.505,245.55,245.89
1784027700000,245.914,246.299,245.9,246.043
1784028600000,246.02,246.185,245.945,246
1784029500000,246.121,246.399,246.102,246.299
1784030400000,246.3,246.4,246.15,246.255
1784031300000,246.255,246.988,246.255,246.905
1784032200000,247,248.852,247,247.84
1784033100000,246.87,247.95,246.5,246.5
1784034000000,246.51,247.1,246.418,246.68
1784034900000,246.26,246.971,245.42,246.11
1784035800000,245.8,247.14,243.96,245.77
1784036700000,245.67,246.07,244,246.01
1784037600000,246.01,246.285,245,245.385
1784038500000,245.43,245.51,244.23,245.42
1784039400000,245.47,246.8,245.39,245.585
1784040300000,245.605,245.75,244.675,245.505
1784041200000,245.495,245.79,245.115,245.695
1784042100000,245.71,245.88,245.225,245.72
1784043000000,245.81,246.18,245.34,245.555
1784043900000,245.55,245.89,245.39,245.46
1784044800000,245.5,245.5,244.61,245.19
1784045700000,245.21,245.36,244.71,245.28
1784046600000,245.31,245.91,245.29,245.73
1784047500000,245.75,246.13,245.63,246.12
1784048400000,246.18,246.48,245.75,245.77
1784049300000,245.765,246.6,245.61,246.46
1784050200000,246.49,246.82,246.37,246.62
1784051100000,246.58,246.64,246.19,246.61
1784052000000,246.63,246.861,246.425,246.645
1784052900000,246.655,247.57,246.644,247.4
1784053800000,247.19,247.379,246.29,246.38
1784054700000,246.32,246.66,246.23,246.66
1784055600000,246.64,247.66,246.595,247.24
1784056500000,247.21,247.885,247.025,247.83
1784057400000,247.85,248.09,247.32,248.06
1784058300000,248.06,248.54,247.44,247.505
1784059200000,247.517,247.528,246.862,247.1
1784060100000,247.91,247.91,246.54,246.54
1784061000000,247.14,247.14,246.501,247.14
1784061900000,247,247.29,246.899,246.945
1784062800000,246.954,247.29,246.632,247.05
1784063700000,247.05,247.125,246.965,246.965
1784064600000,247.14,247.35,246.986,247.15
1784065500000,247.12,247.143,246.995,246.995
1784066400000,246.995,247,246.902,246.981
1784067300000,246.981,247.157,246.975,247.157
1784068200000,247.165,247.172,247.06,247.098
1784069100000,247.099,247.1,247,247.098
1784070000000,247.099,247.105,246.975,247.105
1784070900000,247.105,248.181,247.105,247.9
1784071800000,247.917,248,247.421,248
1784072700000,248.24,248.24,247.785,248.24
1784073600000,247.82,248.29,247.79,248.18
1784074500000,248.1,248.13,247.89,247.92
1784075400000,247.88,248.1,247.5,247.61
1784076300000,247.67,247.96,247.64,247.96
1784077200000,247.71,247.84,247.64,247.73
1784078100000,247.87,247.9,247.81,247.9
1784079000000,247.9,247.92,247.75,247.75
1784079900000,247.71,247.89,247.67,247.89
1784080800000,247.89,247.89,247.75,247.75
1784081700000,247.76,248.28,247.75,248.28
1784082600000,248.23,248.32,248.06,248.2
1784083500000,248.21,248.21,248,248
1784084400000,247.91,248.09,247.91,248.09
1784085300000,248.11,248.29,248.08,248.29
1784086200000,248.29,248.29,248.03,248.03
1784087100000,248.02,248.22,248.01,248.15
1784088000000,248.1,248.13,248.04,248.08
1784088900000,248.07,248.21,248.07,248.18
1784089800000,248.19,248.37,248.19,248.34
1784090700000,248.34,248.34,248.22,248.3
1784091600000,248.26,248.36,248.02,248.06
1784092500000,248.11,248.25,248.05,248.13
1784093400000,248.1,248.18,248.1,248.18
1784094300000,248.17,248.36,248.09,248.29
1784095200000,248.31,248.41,248.27,248.27
1784096100000,248.4,248.41,248.18,248.21
1784097000000,248.21,248.26,248.18,248.24
1784097900000,248.24,248.24,248.21,248.24
1784098800000,248.21,248.25,247.93,247.93
1784099700000,247.96,247.96,247.53,247.53
1784100600000,247.56,247.73,247.54,247.63
1784101500000,247.66,247.85,247.6,247.7
1784102400000,247.64,248.275,247.565,247.64
1784103300000,248.275,248.275,248.275,248.275
1784104200000,248.275,248.3,248.275,248.3
1784105100000,248.258,248.3,248.047,248.3
1784106000000,248.15,248.3,248.15,248.15
1784106900000,248.38,248.38,248.3,248.38
1784107800000,248.3,248.5,248.3,248.5
1784108700000,248.5,248.628,248.5,248.628
1784109600000,249.03,249.065,248.629,249.01
1784110500000,249.065,249.065,249.065,249.065
1784111400000,249.065,249.065,248.74,248.925
1784112300000,248.925,248.925,248.565,248.57
1784113200000,248.57,248.894,248.1,248.275
1784114100000,248.275,248.275,247.895,248.1
1784115000000,248.16,248.3,247.895,248.15
1784115900000,247.991,248.016,247.75,248
1784116800000,248,248.125,247.751,248.125
1784117700000,248.01,248.125,247.75,248.06
1784118600000,248.19,249.204,247.845,249.01
1784119500000,249.205,249.205,248.78,249.03
1784120400000,249.03,249.146,248.712,249.146
1784121300000,249.03,249.732,248.47,248.97
1784122200000,249.985,252.89,249.809,250.97
1784123100000,250.7,252.45,250.445,252.24
1784124000000,252.4,254.265,252.14,253.99
1784124900000,254.052,254.96,253.48,254.692
1784125800000,254.702,256.05,253.605,253.666
1784126700000,253.675,254.26,253.29,253.95
1784127600000,254.02,255.59,253.635,255.275
1784128500000,255.25,256.2,254.835,255.8
1784129400000,255.808,256.09,255.43,255.635
1784130300000,255.635,255.79,254.69,254.74
1784131200000,254.67,256.46,254.67,255.86
1784132100000,255.8,256.15,255.42,255.675
1784133000000,255.71,256.31,255.54,255.59
1784133900000,255.615,256.08,255.26,255.479
1784134800000,255.55,255.72,254.64,255.145
1784135700000,255.205,255.57,254.64,255.06
1784136600000,255.055,255.24,254.67,254.905
1784137500000,254.99,255.105,254.715,255.03
1784138400000,254.959,255.12,254.36,254.999
1784139300000,255.105,255.39,254.71,254.71
1784140200000,254.745,255.04,254.23,254.99
1784141100000,254.97,255.01,254.31,254.32
1784142000000,254.31,254.76,254.06,254.105
1784142900000,254.099,254.665,253.94,254.346
1784143800000,254.33,254.37,253.71,254.025
1784144700000,254.03,255.205,254.03,254.93
1784145600000,254.861,255.283,254.8,255.05
1784146500000,255,255.285,254.933,255
1784147400000,255.05,255.297,255.025,255.256
1784148300000,255.255,255.299,255.076,255.181
1784149200000,255.184,255.199,254.99,255.055
1784150100000,255.055,255.255,254.959,254.959
1784151000000,254.957,255.045,254.856,254.912
1784151900000,254.911,254.933,254.703,254.738
1784152800000,255.21,255.21,254.74,255.11
1784153700000,254.899,254.9,254.781,254.855
1784154600000,254.87,254.88,254.825,254.88
1784155500000,254.825,255.205,254.825,255.205
1784156400000,255.36,255.395,255.15,255.38
1784157300000,255.255,255.28,254.885,255.178
1784158200000,255.179,255.285,255.07,255.284
1784159100000,255.284,255.41,255.155,255.255
1784160000000,255.11,255.86,255.09,255.79
1784160900000,255.78,255.78,255.53,255.65
1784161800000,255.63,255.89,255.58,255.62
1784162700000,255.55,255.73,255.54,255.66
1784163600000,255.62,255.75,255.57,255.6
1784164500000,255.59,255.63,255.13,255.37
1784165400000,255.34,255.55,255.34,255.44
1784166300000,255.33,255.51,255.33,255.36
1784167200000,255.4,255.41,255.24,255.3
1784168100000,255.28,255.61,255.25,255.61
1784169000000,255.49,255.71,255.44,255.56
1784169900000,255.56,255.63,255.5,255.57
1784170800000,255.69,255.69,255.57,255.69
1784171700000,255.62,255.72,255.59,255.67
1784172600000,255.72,255.84,255.69,255.84
1784173500000,255.83,255.88,255.76,255.78
1784174400000,255.84,255.87,255.79,255.84
1784175300000,255.84,255.85,255.76,255.82
1784176200000,255.82,255.96,255.81,255.92
1784177100000,255.91,255.98,255.86,255.96
1784178000000,255.96,256.11,255.96,256.04
1784178900000,256.12,256.15,256.06,256.14
1784179800000,256.16,256.23,255.79,255.97
1784180700000,255.84,255.95,255.76,255.77
1784181600000,255.87,256.1,255.83,256.03
1784182500000,256.07,256.07,255.76,255.76
1784183400000,255.8,255.91,255.76,255.91
1784184300000,255.92,256.02,255.9,256.02
1784185200000,255.97,255.97,255.78,255.8
1784186100000,255.8,255.88,255.72,255.79
1784187000000,255.8,255.87,255.62,255.62
1784187900000,255.61,255.65,255.255,255.61
1784188800000,256.53,256.625,255.304,256.53
1784189700000,256.625,256.97,256.133,256.97
1784190600000,256.99,257,256.96,256.99
1784191500000,257,257.925,257,257.154
1784192400000,257.129,257.645,256.755,256.755
1784193300000,257.46,257.695,256.755,257.31
1784194200000,257.695,258.401,257.58,257.585
1784195100000,257.585,257.585,257.27,257.585
1784196000000,257.585,257.585,256.714,257.41
1784196900000,257.41,257.6,257.41,257.6
1784197800000,257.6,257.6,257.16,257.286
1784198700000,257.289,257.3,256.755,256.755
1784199600000,256.755,257.594,256.755,256.975
1784200500000,256.975,257.589,256.629,256.69
1784201400000,256.692,256.9,256.218,256.7
1784202300000,256.7,256.7,256.2,256.501
1784203200000,256.29,256.749,256.29,256.35
1784204100000,256.284,256.43,255.717,255.924
1784205000000,256.06,256.214,255.01,255.01
1784205900000,255.01,255.473,255,255.01
1784206800000,255.12,255.2,254.885,255.11
1784207700000,255,255.375,254.875,255.12
1784208600000,255.17,258.08,252.61,253.61
1784209500000,253.61,254.72,253.56,254.15
1784210400000,254.15,254.85,253.37,254.04
1784211300000,254.09,255.7,253.975,255.365
1784212200000,255.384,257.09,255.34,257.026
1784213100000,256.995,257.035,254.52,254.92
1784214000000,254.91,255.77,254.82,255.48
1784214900000,255.48,256.23,255.03,255.73
1784215800000,255.725,256.04,255.32,255.45
1784216700000,255.517,256.34,255.4,256.299
1784217600000,256.32,256.41,255.89,256.18
1784218500000,256.19,256.34,255.37,255.8
1784219400000,255.8,255.83,255.305,255.745
1784220300000,255.75,256.575,255.64,255.93
1784221200000,255.92,256.34,255.52,256.161
1784222100000,256.26,256.65,256.075,256.43
1784223000000,256.48,256.53,255,255.52
1784223900000,255.51,256.26,254.65,254.66
1784224800000,254.58,255.13,253.79,253.94
1784225700000,253.942,253.942,252.18,252.82
1784226600000,252.82,253.06,251.93,252.37
1784227500000,252.39,253.42,252.225,253.38
1784228400000,253.325,253.45,252.04,252.16
1784229300000,252.1,252.174,251.4,251.59
1784230200000,251.593,252.09,250.375,250.375
1784231100000,250.34,250.442,247.99,249.96
1784232000000,249.913,250.097,249.529,249.8
1784232900000,249.8,250.01,249.631,249.86
1784233800000,249.81,250.22,249.782,249.81
1784234700000,249.81,249.998,249.798,249.81
1784235600000,249.98,249.98,249.746,249.9
1784236500000,249.9,250,249.785,249.785
1784237400000,249.785,249.935,249.785,249.935
1784238300000,249.936,250.204,249.9,250.159
1784239200000,250.158,250.35,250.1,250.15
1784240100000,250.15,250.3,250.075,250.075
1784241000000,250.075,250.196,249.953,250.196
1784241900000,250.197,250.25,250.145,250.205
1784242800000,250.206,250.6,250.204,250.6
1784243700000,250.6,251.038,250.266,250.779
1784244600000,250.766,251.174,250.605,251.095
1784245500000,251.096,251.139,250.85,251.025
1784246400000,250.75,250.99,250.51,250.51
1784247300000,250.53,250.85,250.44,250.77
1784248200000,250.81,250.83,250.39,250.8
1784249100000,250.65,250.72,250.47,250.51
1784250000000,250.53,250.53,249.08,249.08
1784250900000,249.08,249.56,248.86,249.42
1784251800000,249.42,249.71,249.16,249.41
1784252700000,249.37,249.43,248.56,248.84
1784253600000,248.9,248.9,248.67,248.73
1784254500000,248.75,248.84,247.73,247.8
1784255400000,247.75,248.71,247.51,248.56
1784256300000,248.55,248.55,248.19,248.49
1784257200000,248.48,248.52,248.26,248.33
1784258100000,248.31,248.47,248.31,248.39
1784259000000,248.44,248.44,248.01,248.11
1784259900000,248.14,248.38,247.92,247.94
1784260800000,247.91,247.91,247.36,247.39
1784261700000,247.48,247.59,247.01,247.19
1784262600000,247.19,247.25,246.37,246.83
1784263500000,246.76,246.81,246.17,246.43
1784264400000,246.42,247.33,246.34,246.93
1784265300000,247,247.22,246.88,246.98
1784266200000,247.07,247.61,246.36,246.5
1784267100000,246.51,246.51,246.25,246.5
1784268000000,246.5,246.5,245.88,246
1784268900000,246.17,246.5,245.99,246.39
1784269800000,246.48,246.51,246.38,246.5
1784270700000,246.49,246.51,246.28,246.28
1784271600000,246.23,246.49,245.93,245.99
1784272500000,245.99,246.16,245.94,246.05
1784273400000,246.11,246.51,245.92,246.45
1784274300000,246.48,246.69,246.12,246.12
1784275200000,246.51,251.025,245.938,246.51
1784276100000,246.06,246.295,244.98,245.28
1784277000000,244.98,245.849,244.5,244.5
1784277900000,244.62,245.091,244.5,244.62
1784278800000,245.1,245.115,244.9,245.1
1784279700000,244.98,245,244.6,245
1784280600000,244.721,244.755,244.6,244.6
1784281500000,244.6,245.356,244.495,244.77
1784282400000,244.77,245.17,244.505,244.505
1784283300000,244.505,244.73,243.73,244.476
1784284200000,244.437,245.205,244.286,245.205
1784285100000,245.205,246.39,245.205,246.39
1784286000000,246.58,246.942,246.002,246.18
1784286900000,246.116,246.34,245.8,246.301
1784287800000,246.336,246.599,246.054,246.477
1784288700000,246.481,246.7,246.177,246.6
1784289600000,246.6,246.77,246.203,246.6
1784290500000,246.67,246.794,245.81,245.81
1784291400000,245.83,246.73,245.81,246.73
1784292300000,246.11,246.298,245.325,245.47
1784293200000,245.581,245.603,244,244.125
1784294100000,244.51,245.3,243.872,244.7
1784295000000,244.6,247.73,243.735,246.38
1784295900000,246.465,248.3,245.31,247.95
1784296800000,247.891,248.86,247.02,248.052
1784297700000,248.059,248.93,247.64,248.532
1784298600000,248.51,250.035,248.21,249.74
1784299500000,249.72,250.205,248.58,248.75
1784300400000,248.81,248.975,248.295,248.71
1784301300000,248.7,249.02,248.125,248.67
1784302200000,248.69,248.99,248,248.459
1784303100000,248.44,248.832,248.22,248.65
1784304000000,248.695,248.716,247.345,247.96
1784304900000,248.04,248.62,247.83,248.35
1784305800000,248.285,249.25,247.97,248.835
1784306700000,248.814,249.28,248.515,248.95
1784307600000,248.955,249.4,248.52,248.545
1784308500000,248.6,248.945,248.435,248.77
1784309400000,248.72,248.762,247.58,247.69
1784310300000,247.7,247.89,246.91,247.705
1784311200000,247.69,247.8,246.944,247.26
1784312100000,247.29,247.89,247.06,247.65
1784313000000,247.7,247.84,247.32,247.365
1784313900000,247.35,247.8,247.35,247.765
1784314800000,247.778,248.09,247.22,247.3
1784315700000,247.32,247.54,247.13,247.235
1784316600000,247.22,247.39,246.61,247.17
1784317500000,247.15,247.885,247.02,247.28
1784318400000,247.06,247.495,246.812,247
1784319300000,246.93,247.1,246.9,246.94
1784320200000,247.16,247.16,247,247.16
1784321100000,247.01,247.2,247.01,247.01
1784322000000,247.134,247.134,247.125,247.125
1784322900000,247.07,247.336,246.896,247.07
1784323800000,247.315,247.315,247.1,247.195
1784324700000,247.195,247.36,247.19,247.243
1784325600000,247.244,247.27,247.215,247.255
1784326500000,247.257,247.264,247.015,247.116
1784327400000,247.114,247.24,247.105,247.24
1784328300000,247.225,247.55,247.07,247.35
1784329200000,247.35,247.35,247.167,247.167
1784330100000,247.166,247.166,247.11,247.11
1784331000000,247.108,247.12,246.967,247.015
1784331900000,247.015,247.015,246.755,246.795
1784347200000,246.71,246.9,246.71,246.9
1784358000000,246.55,246.55,246.49,246.49
1784361600000,246.49,246.49,246.49,246.49
1784378700000,246.49,246.49,246.4,246.4
1784379600000,246.4,246.4,246.4,246.4
1784381400000,246.49,246.49,246.49,246.49
1784385900000,246.49,246.49,246.49,246.49
1784386800000,246.4,246.68,246.37,246.37
1784387700000,246.68,246.77,246.68,246.77
1784388600000,246.72,247.08,246.63,247.08
1784390400000,246.33,246.33,246.32,246.32
1784405700000,246.48,246.89,246.48,246.88
1784415600000,246.88,246.88,246.88,246.88
1784444400000,246.29,246.29,246.29,246.29
1784463300000,246.82,246.82,246.82,246.82
1784466000000,246.82,246.82,246.82,246.82
1784467800000,246.82,246.82,246.2,246.2
1784476800000,246.5,246.52,246.5,246.52
1784500200000,246.52,246.52,246.52,246.52
1784502000000,246.56,246.61,246.56,246.61
1784503800000,246.61,246.69,246.61,246.69
1784505600000,246.88,248.12,246.81,247.99
1784506500000,248.01,248.99,247.99,248.61
1784507400000,248.5,248.5,247.67,247.91
1784508300000,247.69,247.85,247.43,247.63
1784509200000,247.69,248,247.62,247.82
1784510100000,247.8,248.06,247.76,248.06
1784511000000,247.8,247.89,247.49,247.49
1784511900000,247.68,247.68,247,247.33
1784512800000,247.3,247.63,247.3,247.5
1784513700000,247.38,247.57,247.36,247.43
1784514600000,247.55,247.64,247.34,247.39
1784515500000,247.56,247.67,247.45,247.6
1784516400000,247.67,247.67,247.29,247.29
1784517300000,247.28,247.47,247.22,247.45
1784518200000,247.54,247.59,247.36,247.46
1784519100000,247.33,247.55,247.33,247.52
1784520000000,247.51,247.54,247.45,247.48
1784520900000,247.29,247.45,247.29,247.45
1784521800000,247.39,247.58,247.39,247.49
1784522700000,247.56,247.58,247.4,247.4
1784523600000,247.41,247.41,247.11,247.11
1784524500000,247.22,247.28,247.1,247.1
1784525400000,247.1,247.21,247.03,247.04
1784526300000,247.16,247.18,247.04,247.08
1784527200000,247.11,247.17,247.07,247.07
1784528100000,247.15,247.25,247.1,247.2
1784529000000,247.2,247.2,247.02,247.18
1784529900000,247.16,247.25,247.16,247.17
1784530800000,247.17,247.27,247.17,247.22
1784531700000,247.21,247.5,247.2,247.49
1784532600000,247.52,247.85,247.48,247.78
1784533500000,247.69,248.01,247.69,247.89
1784534400000,246.992,248.399,246.992,248.399
1784535300000,248.4,248.4,247.98,247.98
1784536200000,247.98,247.98,247.98,247.98
1784537100000,247.98,247.98,247.98,247.98
1784538000000,247.705,247.98,247.53,247.705
1784538900000,247.98,247.98,247.98,247.98
1784539800000,247.98,247.98,247.98,247.98
1784540700000,247.98,247.98,247.22,247.42
1784541600000,247.42,247.42,247.36,247.36
1784542500000,247.36,247.665,247.35,247.665
1784543400000,247.665,247.665,247.23,247.23
1784544300000,247.23,247.23,247.145,247.145
1784545200000,247.11,247.226,246.8,246.91
1784546100000,247.13,247.4,246.999,247.13
1784547000000,248.21,248.4,247.4,248.2
1784547900000,248.06,248.4,247.949,248.06
1784548800000,248.01,248.1,247.295,248.01
1784549700000,247.625,247.97,247.44,247.796
1784550600000,247.84,248.123,247.6,247.84
1784551500000,247.91,248.499,247.726,248.49
1784552400000,248.144,248.16,247.64,247.85
1784553300000,247.92,248.499,247.3,247.89
1784554200000,248.6,250.2,248.205,250.105
1784555100000,250.12,250.785,248.56,248.56
1784556000000,248.62,249.821,248.375,249.725
1784556900000,249.72,249.93,248.96,249.46
1784557800000,249.48,250.42,249.265,249.795
1784558700000,249.8,250.34,249.624,249.97
1784559600000,249.945,251.11,249.89,250.93
1784560500000,250.854,251.31,250.72,251.29
1784561400000,251.34,252.08,251.233,251.78
1784562300000,251.805,252.13,251.38,251.79
1784563200000,251.87,252.36,251.815,252.11
1784564100000,252.14,252.58,252.101,252.48
1784565000000,252.47,252.9,252.05,252.54
1784565900000,252.53,252.7,252.07,252.2
1784566800000,252.18,252.22,250.44,250.46
1784567700000,250.45,250.465,249.94,250.46
1784568600000,250.443,250.57,250.14,250.293
1784569500000,250.27,250.799,250.26,250.47
1784570400000,250.56,250.725,250.43,250.69
1784571300000,250.72,250.79,250.21,250.26
1784572200000,250.15,250.281,249.14,249.17
1784573100000,249.174,249.37,249.07,249.197
1784574000000,249.19,249.84,249.07,249.73
1784574900000,249.73,249.85,249.335,249.59
1784575800000,249.65,250.085,249.54,250
1784576700000,249.975,250.155,249.12,250.08
1784577600000,250.024,250.411,249.696,249.899
1784578500000,249.83,249.899,249.7,249.83
1784579400000,249.805,249.805,249.592,249.625
1784580300000,249.625,249.66,249.61,249.66
1784581200000,249.66,250.5,249.6,250.5
1784582100000,249.8,250.5,249.67,249.81
1784583000000,249.9,249.905,249.798,249.85
1784583900000,249.85,249.941,249.836,249.9
1784584800000,249.64,249.9,248.957,249.01
1784585700000,249.33,249.399,248.8,249
1784586600000,249,249,248.5,248.8
1784587500000,248.8,248.9,248.733,248.8
1784588400000,248.8,249.1,248.64,249.1
1784589300000,249.1,249.417,248.776,249.417
1784590200000,249.432,249.855,249.285,249.807
1784591100000,249.67,249.898,249.191,249.26
1784592000000,249.47,249.47,248.94,248.94
1784592900000,249,249.26,248.69,249.2
1784593800000,249.58,249.84,249.58,249.81
1784594700000,249.82,249.92,249.8,249.8
1784595600000,249.85,250.18,249.85,250.02
1784596500000,250.02,250.1,249.94,249.98
1784597400000,250.01,250.01,249.79,249.79
1784598300000,249.8,249.93,249.72,249.78
1784599200000,249.85,249.91,249.73,249.81
1784600100000,249.8,249.97,249.79,249.97
1784601000000,249.91,250.21,249.91,250.15
1784601900000,250.2,250.21,249.9,250.09
1784602800000,250.09,250.19,250.08,250.16
1784603700000,250.11,250.19,250.04,250.16
1784604600000,250.15,250.17,250.03,250.05
1784605500000,250.19,250.23,250.13,250.19
1784606400000,250.26,250.5,250.26,250.44
1784607300000,250.46,250.46,250.33,250.41
1784608200000,250.4,250.42,250.32,250.32
1784609100000,250.3,250.36,250.13,250.2
1784610000000,250.21,250.68,250.21,250.68
1784610900000,250.73,250.99,250.61,250.61
1784611800000,250.62,250.63,250.49,250.54
1784612700000,250.53,250.56,250.5,250.56
1784613600000,250.6,250.75,250.6,250.64
1784614500000,250.73,250.73,250.46,250.46
1784615400000,250.65,250.74,250.57,250.74
1784616300000,250.66,250.74,250.56,250.73
1784617200000,250.71,250.81,250.68,250.68
1784618100000,250.69,250.75,250.55,250.55
1784619000000,250.59,250.73,250.5,250.61
1784619900000,250.7,250.71,250.23,250.23
1784620800000,249.45,250.455,249.45,249.99
1784621700000,249.99,250.825,249.99,250.736
1784622600000,250.735,250.735,250.73,250.73
1784623500000,250.73,250.754,250.73,250.745
1784624400000,250.745,250.745,250.745,250.745
1784625300000,250.745,250.745,250.745,250.745
1784626200000,250.745,250.825,250.307,250.825
1784627100000,250.825,250.825,250.825,250.825
1784628000000,250.825,250.825,250.825,250.825
1784628900000,250.33,250.825,250.1,250.33
1784629800000,250.1,250.2,250.1,250.2
1784630700000,250.2,250.2,250.2,250.2
1784631600000,249.99,250.39,249.7,249.84
1784632500000,250.325,250.49,250,250.1
1784633400000,250.1,250.37,250,250.098
1784634300000,249.89,250.241,249.7,249.7
1784635200000,249.75,249.865,249.595,249.865
1784636100000,249.6,249.9,249.396,249.6
1784637000000,249.5,249.598,249.291,249.5
1784637900000,249.452,249.792,249.452,249.675
1784638800000,249.19,249.7,249.005,249.33
1784639700000,248.99,250.139,248.696,248.99
1784640600000,249.1,249.224,247.32,248.007
1784641500000,248,248.03,246.74,247.64
1784642400000,247.74,247.86,246.91,247.55
1784643300000,247.5,247.815,247.03,247.47
1784644200000,247.47,248.3,247.35,247.71
1784645100000,247.703,248.56,247.66,247.714
1784646000000,247.72,247.81,246.96,247.38
1784646900000,247.47,248.34,247.33,247.99
1784647800000,247.96,248.34,247.745,247.93
1784648700000,247.92,248.25,247.39,247.7
1784649600000,247.65,248.024,247.45,247.54
1784650500000,247.47,247.535,247.21,247.395
1784651400000,247.4,247.632,247.225,247.59
1784652300000,247.69,248.44,247.6,248.125
1784653200000,248.09,248.35,247.92,248.338
1784654100000,248.335,248.705,248.07,248.605
1784655000000,248.65,248.66,248.21,248.44
1784655900000,248.46,248.802,248.41,248.67
1784656800000,248.69,248.81,248.48,248.525
1784657700000,248.56,248.69,248.205,248.255
1784658600000,248.245,248.245,247.45,247.75
1784659500000,247.745,247.79,247.46,247.55
1784660400000,247.45,247.809,247.38,247.8
1784661300000,247.817,247.94,247.55,247.648
1784662200000,247.64,247.78,247.25,247.48
1784663100000,247.46,247.71,247.24,247.485
1784664000000,247.511,247.6,247.35,247.476
1784664900000,247.36,247.476,247.27,247.36
1784665800000,247.4,247.6,247.02,247.235
1784666700000,247.235,247.27,247.2,247.2
1784667600000,247.21,247.315,247.14,247.21
1784668500000,247.315,247.315,247.061,247.061
1784669400000,247.061,247.285,247.06,247.15
1784670300000,247.15,247.31,247.062,247.16
1784671200000,247,247.175,246.775,247
1784672100000,246.863,247.08,246.73,246.747
1784673000000,246.743,246.909,246.492,246.717
1784673900000,246.714,246.849,246.602,246.636
1784674800000,246.636,247.025,246.635,246.91
1784675700000,246.91,246.938,246.673,246.92
1784676600000,246.92,247.02,246.685,246.781
1784677500000,246.785,246.799,246.585,246.685
1784678400000,246.59,246.79,246.49,246.55
1784679300000,246.56,246.73,246.25,246.3
1784680200000,246.31,246.56,246.24,246.45
1784681100000,246.56,246.66,246.53,246.66
1784682000000,246.71,246.76,246.35,246.48
1784682900000,246.54,246.56,246.29,246.32
1784683800000,246.45,246.52,246.35,246.42
1784684700000,246.5,246.77,246.5,246.71
1784685600000,246.72,246.72,246.58,246.66
1784686500000,246.71,246.76,246.6,246.76
1784687400000,246.77,246.81,246.66,246.8
1784688300000,246.84,246.91,246.82,246.85
1784689200000,246.88,247.01,246.87,246.92
1784690100000,246.99,247.14,246.89,247.11
1784691000000,247.16,247.16,246.87,246.9
1784691900000,246.9,247,246.83,246.99
1784692800000,247.02,247.2,247,247.17
1784693700000,247.2,247.35,247.2,247.32
1784694600000,247.34,247.34,247.2,247.29
1784695500000,247.23,247.31,247.23,247.31
1784696400000,247.32,248.19,247.32,247.51
1784697300000,247.53,247.64,247.46,247.47
1784698200000,247.56,247.63,247.3,247.37
1784699100000,247.38,247.57,247.38,247.43
1784700000000,247.43,247.79,247.42,247.77
1784700900000,247.74,247.8,247.58,247.66
1784701800000,247.62,247.62,247.25,247.41
1784702700000,247.39,247.39,247.21,247.21
1784703600000,247.3,247.41,247.21,247.31
1784704500000,247.28,247.32,247.19,247.32
1784705400000,247.33,247.33,247.01,247.09
1784706300000,247.04,247.1,246.92,246.92
1784707200000,246.685,247.41,246.685,247.35
1784708100000,247.35,247.64,247.255,247.44
1784709000000,247.44,247.805,247.44,247.62
1784709900000,247.62,247.62,247.62,247.62
1784710800000,247.62,247.62,247.61,247.61
1784711700000,247.6,247.61,247.59,247.6
1784712600000,247.56,248.353,247.37,247.73
1784713500000,248.131,248.14,248.035,248.04
1784714400000,248.04,248.4,248.04,248.285
1784715300000,248.285,248.285,248.285,248.285
1784716200000,248.285,248.285,248,248
1784717100000,247.999,248.285,247.768,247.768
1784718000000,247.766,247.899,247.38,247.844
1784718900000,247.853,247.9,247.501,247.501
1784719800000,247.501,247.869,247.43,247.488
1784720700000,247.72,248.01,247.43,248.01
1784721600000,247.741,247.872,247.588,247.7
1784722500000,247.94,248.005,247.528,247.94
1784723400000,247.99,248.1,247.455,247.99
1784724300000,247.79,248.01,247.711,247.9
1784725200000,248.2,248.5,247.733,248.5
1784726100000,248.356,248.494,247.755,248.275
1784727000000,248.21,248.44,244.46,244.8
1784727900000,244.83,245.67,244.51,245.64
1784728800000,245.63,247.01,245.46,245.49
1784729700000,245.5,245.69,243.658,243.79
1784730600000,243.72,244.28,243.715,244.07
1784731500000,243.88,244.33,243.73,244.32
1784732400000,244.32,244.32,243.49,243.6
1784733300000,243.58,243.89,243.275,243.71
1784734200000,243.74,244.01,243.415,243.776
1784735100000,243.835,244.02,243.66,243.95
1784736000000,243.97,244.01,243.54,243.61
1784736900000,243.68,244.48,243.58,244.01
1784737800000,244.04,244.17,243.78,244.105
1784738700000,244.235,244.25,243.868,243.96
1784739600000,243.91,243.963,243.35,243.46
1784740500000,243.43,243.447,242.96,243.03
1784741400000,243.04,243.23,242.83,243.02
1784742300000,243.008,243.012,242.55,242.652
1784743200000,242.61,242.89,242.48,242.8
1784744100000,242.79,243.12,242.685,243.07
1784745000000,243.06,243.08,242.862,242.91
1784745900000,242.92,243.75,242.649,243.75
1784746800000,243.77,244.77,243.72,244.51
1784747700000,244.55,244.88,244.32,244.62
1784748600000,244.58,244.85,244.23,244.82
1784749500000,244.79,245.17,244.635,244.81
1784750400000,244.826,245.798,244.032,245.798
1784751300000,245.789,247.177,245.035,245.36
1784752200000,245,245.377,244.845,245.03
1784753100000,244.87,245.089,244.33,244.87
1784754000000,244.89,245.174,243.996,244.89
1784754900000,243.86,244.101,241.501,241.51
1784755800000,241.25,242.02,240.23,241
1784756700000,239.99,241.065,239.97,239.97
1784757600000,240.9,241.457,240.792,241.2
1784758500000,241.22,241.738,240.931,241.22
1784759400000,241.376,241.415,240.313,240.421
1784760300000,240.4,240.8,240.4,240.4
1784761200000,240.8,241.223,240.553,241.1
1784762100000,241.52,241.75,241.064,241.52
1784763000000,241.725,241.93,241.627,241.899
1784763900000,242,242.64,241.8,242.23
1784764800000,242.5,242.68,242.01,242.49
1784765700000,242.4,242.69,242.3,242.55
1784766600000,242.61,242.85,242.55,242.84
1784767500000,242.84,242.84,242.56,242.65
1784768400000,242.65,242.74,242.54,242.67
1784769300000,242.67,242.67,242.49,242.65
1784770200000,242.66,242.84,242.59,242.77
1784771100000,242.71,242.87,242.52,242.52
1784772000000,242.54,242.73,242.51,242.63
1784772900000,242.62,242.64,242.41,242.46
1784773800000,242.43,242.52,242.29,242.4
1784774700000,242.48,242.56,242.46,242.46
1784775600000,242.45,242.48,242.04,242.27
1784776500000,242.26,242.28,242.05,242.17
1784777400000,242.18,242.35,242.09,242.34
1784778300000,242.3,242.36,242.01,242.28
1784779200000,242.29,242.29,241.99,242.22
1784780100000,242.24,242.57,242.2,242.27
1784781000000,242.41,242.52,242.27,242.45
1784781900000,242.3,242.31,242.13,242.17
1784782800000,242.18,242.18,241.99,242.01
1784783700000,242.14,242.22,242.06,242.22
1784784600000,242.2,242.37,242.2,242.29
1784785500000,242.27,242.33,242.21,242.21
1784786400000,242.29,242.52,242.24,242.45
1784787300000,242.4,242.44,242.37,242.37
1784788200000,242.44,242.44,241.93,242.07
1784789100000,242.24,242.25,242.11,242.11
1784790000000,242.14,242.34,241.5,241.78
1784790900000,241.7,241.86,241.48,241.7
1784791800000,241.74,241.74,241.04,241.08
1784792700000,241.05,242.3,241.04,241.74
1784793600000,241.896,241.97,241.4,241.76
1784794500000,241.76,241.76,240.515,240.515
1784795400000,240.515,240.7,240.135,240.135
1784796300000,240.135,240.135,239.815,240
1784797200000,240,240,239.8,239.8
1784798100000,239.8,239.8,239.535,239.535
1784799000000,239.535,240.139,239.535,239.895
1784799900000,239.85,239.91,239.85,239.91
1784800800000,239.895,239.895,239.81,239.854
1784801700000,240.01,240.487,239.785,239.96
1784802600000,240.5,240.645,240.46,240.5
1784803500000,240.645,241.189,240.645,241.076
1784804400000,241.075,241.075,240.201,240.4
1784805300000,240.4,240.4,240.05,240.05
1784806200000,240.05,240.751,239.795,239.901
1784807100000,239.9,240,239.56,239.667
1784808000000,239.54,239.7,239.27,239.65
1784808900000,239.35,239.639,238.75,238.91
1784809800000,238.72,238.945,238.02,238.02
1784810700000,238.37,238.436,237.667,238.27
1784811600000,237.99,238.442,236.89,236.89
1784812500000,237.02,237.281,235.932,235.99
1784813400000,236.225,238.295,235.72,237.24
1784814300000,237.32,237.475,235.295,235.67
1784815200000,235.73,236.07,234.42,234.71
1784816100000,234.74,234.865,233.57,234.55
1784817000000,234.64,234.86,233.205,233.22
1784817900000,233.2,233.44,232.34,232.58
1784818800000,232.585,233.17,232.39,232.76
1784819700000,232.73,232.91,232.1,232.27
1784820600000,232.29,233.045,232.06,232.785
1784821500000,232.69,233.74,232.53,233.74
1784822400000,233.69,234.26,233.42,234.04
1784823300000,234.065,235.01,233.983,234.77
1784824200000,234.79,235.13,233.855,234.1
1784825100000,234.08,234.66,233.925,234.61
1784826000000,234.61,235.055,234.45,234.825
1784826900000,234.8,234.835,234.275,234.53
1784827800000,234.49,234.521,233.99,234.38
1784828700000,234.22,234.43,234.18,234.245
1784829600000,234.21,234.41,234.03,234.05
1784830500000,234.037,234.21,233.675,233.912
1784831400000,233.95,234.04,233.575,233.665
1784832300000,233.71,234,233.53,233.64
1784833200000,233.64,233.76,233.36,233.63
1784834100000,233.65,233.94,233.13,233.15
1784835000000,233.154,233.45,232.97,233.153
1784835900000,233.11,234.09,232.91,233.6
1784836800000,233.32,234.12,233.305,233.32
1784837700000,233.86,234.115,233.431,233.86
1784838600000,233.88,234.275,233.855,234.01
1784839500000,234.234,234.575,234.055,234.469
1784840400000,234.469,234.569,234.026,234.524
1784841300000,234.51,234.603,234.45,234.51
1784842200000,234.53,234.6,234.53,234.53
1784843100000,234.58,234.75,234.58,234.72
1784844000000,234.65,234.75,234.307,234.65
1784844900000,234.53,234.75,234.237,234.75
1784845800000,234.74,234.889,234.4,234.74
1784846700000,234.613,234.7,234.301,234.326
1784847600000,234.326,234.71,234.24,234.25
1784848500000,234.25,234.6,234.25,234.3
1784849400000,234.3,234.4,234.158,234.33
1784850300000,234.3,234.4,234.2,234.3
1784851200000,234.49,234.6,234.17,234.29
1784852100000,234.4,234.7,234.39,234.5
1784853000000,234.56,234.78,233.9,234.71
1784853900000,234.74,234.79,234.67,234.77
1784854800000,234.78,234.86,234.71,234.71
1784855700000,234.72,234.74,234.34,234.55
1784856600000,234.69,234.69,234.39,234.54
1784857500000,234.72,234.72,234.31,234.47
1784858400000,234.33,234.39,234.25,234.39
1784859300000,234.33,234.34,234.2,234.32
1784860200000,234.3,234.31,233.99,234
1784861100000,233.99,234.11,233.97,234.06
1784862000000,234,234.1,233.5,233.79
1784862900000,233.87,233.92,233.68,233.92
1784863800000,233.87,233.87,233.63,233.65
1784864700000,233.61,233.78,233.6,233.66
1784865600000,233.69,233.99,233.5,233.91
1784866500000,233.89,234,233.77,233.91
1784867400000,233.91,233.91,233.75,233.75
1784868300000,233.7,233.85,233.69,233.8
1784869200000,233.79,233.87,233.55,233.8
1784870100000,233.77,233.87,233.64,233.82
1784871000000,233.82,233.82,233.71,233.78
1784871900000,233.79,233.87,233.66,233.69
1784872800000,233.65,233.67,233.26,233.41
1784873700000,233.42,233.69,233.37,233.51
1784874600000,233.44,233.6,233.44,233.6
1784875500000,233.6,233.61,233.43,233.49
1784876400000,233.74,234.2,233.54,234.19
1784877300000,234.19,234.49,234.16,234.45
1784878200000,234.45,234.5,234.22,234.3
1784879100000,234.29,234.39,234.2,234.2
1784880000000,234.28,234.6,234.28,234.28
1784880900000,234.477,234.5,234.251,234.255
1784881800000,234.255,234.844,234.255,234.509
1784882700000,234.508,234.68,234.506,234.68
1784883600000,234.67,234.985,234.605,234.67
1784884500000,234.74,235.085,234.605,234.74
1784885400000,235.083,235.889,235.018,235.018
1784886300000,234.77,235.008,234.482,234.77
1784887200000,234.575,234.708,234.575,234.708
1784888100000,234.711,234.729,234.48,234.48
1784889000000,234.95,234.96,234.23,234.96
1784889900000,234.405,235.145,234.385,234.4
1784890800000,234.4,234.775,234.4,234.45
1784891700000,234.45,234.52,234.425,234.52
1784892600000,234.52,234.863,234.398,234.624
1784893500000,234.53,234.8,234.4,234.74
1784894400000,234.42,234.686,234.263,234.38
1784895300000,234.5,234.731,234.258,234.5
1784896200000,233.96,234.6,233.889,233.96
1784897100000,233.92,234.39,233.9,233.9
1784898000000,233.9,234.155,233.661,233.999
1784898900000,234.016,234.73,233.825,234.452
1784899800000,234.29,234.87,232.36,232.4
1784900700000,232.26,233.87,232.24,232.685
1784901600000,232.765,232.945,232.09,232.72
1784902500000,232.7,232.82,231.64,231.64
1784903400000,231.64,232.38,231.635,231.96
1784904300000,231.98,233.26,231.36,233.24
1784905200000,233.25,233.25,232.2,232.92
1784906100000,232.82,233.905,232.44,233.82
1784907000000,233.82,233.975,232.895,233.475
1784907900000,233.44,233.46,232.91,233.15
1784908800000,233.17,233.78,233.14,233.515
1784909700000,233.47,234.18,233.43,234.02
1784910600000,234.025,234.31,233.59,233.85
1784911500000,233.88,233.88,233.37,233.525
1784912400000,233.47,233.676,233.145,233.4
1784913300000,233.405,233.55,232.88,233.55
1784914200000,233.57,233.838,232.64,232.86
1784915100000,232.885,233.25,232.855,233.1
1784916000000,233.125,233.15,232.59,232.83
1784916900000,232.84,232.88,232.226,232.235
1784917800000,232.17,232.33,231.62,232.1
1784918700000,232.09,232.15,231.83,231.92
1784919600000,231.94,232.14,231.68,231.89
1784920500000,231.932,232.1,231.375,231.529
1784921400000,231.518,232.14,231.45,232.1
1784922300000,232.07,232.49,231.76,232.13
1784923200000,232.11,232.151,231.702,232.11
1784924100000,231.927,232.4,231.885,231.9
1784925000000,231.9,232.04,231.826,231.826
1784925900000,231.821,231.972,231.801,231.915
1784926800000,231.915,231.915,231.58,231.58
1784927700000,231.52,231.72,231.52,231.52
1784928600000,231.84,231.9,231.72,231.84
1784929500000,231.864,231.91,231.75,231.759
1784930400000,231.76,231.77,231.665,231.76
1784931300000,231.51,231.773,231.49,231.49
1784932200000,231.5,231.884,231.5,231.5
1784933100000,231.59,231.635,231.59,231.634
1784934000000,231.634,231.72,231.525,231.6
1784934900000,231.46,231.717,231.46,231.46
1784935800000,231.565,231.605,231.5,231.59
1784936700000,231.59,231.594,231.45,231.575
1784946600000,231.61,231.61,231.61,231.61
1784952900000,231.61,231.61,231.61,231.61
1784984400000,231.43,231.43,231.43,231.43
1784995200000,231.77,231.77,231.77,231.77
1784997000000,231.62,231.9,231.62,231.9
1785012300000,231.42,231.42,231.42,231.42
1785020400000,231.6,231.69,231.6,231.69
1785024900000,231.41,231.41,231.41,231.41
1785042000000,231.55,231.72,231.55,231.72
1785055500000,231.58,231.96,231.58,231.96
1785064500000,232.07,232.07,232.07,232.07
1785067200000,232.14,232.24,232.14,232.24
1785070800000,231.86,231.86,231.86,231.86
1785075300000,232.28,232.43,232.28,232.43
1785076200000,232.45,232.53,232.45,232.53
1785079800000,232.54,232.54,232.54,232.54
1785085200000,232.56,232.66,232.56,232.66
1785087000000,232.72,232.72,232.72,232.72
1785087900000,232.73,232.73,232.73,232.73
1785093300000,232.74,232.74,232.74,232.74
1785103200000,232.83,232.95,232.83,232.95
1785105900000,232.99,233.01,232.99,233.01
1785106800000,233.04,233.04,233.04,233.04
1785108600000,233.06,233.06,233.06,233.06
1785110400000,233.55,235.41,232.39,235.41
1785111300000,235.39,235.8,234.65,234.86
1785112200000,234.86,234.86,234.26,234.41
1785113100000,234.54,234.66,234.44,234.5
1785114000000,234.4,234.47,234,234.1
1785114900000,234.16,234.27,234.01,234.18
1785115800000,234.19,234.68,234.11,234.49
1785116700000,234.42,234.58,234.39,234.39
1785117600000,234.56,234.73,234.26,234.4
1785118500000,234.39,234.7,234.39,234.7
1785119400000,234.55,234.78,234.49,234.76
1785120300000,234.76,234.89,234.75,234.82
1785121200000,234.83,234.9,234.6,234.66
1785122100000,234.72,234.81,234.6,234.7
1785123000000,234.62,234.68,234.49,234.59
1785123900000,234.5,234.5,234.33,234.4
1785124800000,234.42,234.49,234.41,234.49
1785125700000,234.49,234.61,234.42,234.61
1785126600000,234.5,234.84,234.5,234.75
1785127500000,234.78,234.84,234.75,234.84
1785128400000,234.84,234.87,234.79,234.85
1785129300000,234.88,234.94,234.84,234.9
1785130200000,234.91,235.01,234.9,234.98
1785131100000,234.93,235.1,234.9,235.03
1785132000000,235.02,235.24,235.02,235.16
1785132900000,235.2,235.2,235.13,235.16
1785133800000,235.17,235.33,235.16,235.25
1785134700000,235.25,235.28,235.19,235.26
1785135600000,235.22,235.39,235.17,235.33
1785136500000,235.33,235.4,235.18,235.18
1785137400000,235.2,235.21,234.87,234.87
1785138300000,234.98,235.17,234.62,235.04
1785139200000,235.05,235.7,231.575,235.05
1785140100000,235.568,235.828,235.36,235.828
1785141000000,235.829,235.835,235.3,235.695
1785141900000,235.695,235.695,235.3,235.335
1785142800000,235.335,235.335,235.215,235.215
1785143700000,235.215,235.408,235.04,235.408
1785144600000,235.26,235.41,235.225,235.26
1785145500000,235.225,235.385,235.145,235.385
1785146400000,235.385,235.475,235.315,235.33
1785147300000,235.33,235.56,235.33,235.33
1785148200000,235.33,235.991,235.33,235.865
1785149100000,235.874,235.915,235.874,235.89
1785150000000,235.89,235.97,235.225,235.225
1785150900000,235.15,235.252,235,235
1785151800000,235.12,235.25,234.88,234.99
1785152700000,235.16,235.16,235.075,235.075
1785153600000,235.075,235.159,234.63,234.688
1785154500000,234.689,234.919,234.48,234.904
1785155400000,235.23,235.255,234.846,235.11
1785156300000,235.228,235.38,235.005,235.355
1785157200000,235.19,235.6,235.042,235.19
1785158100000,235.498,235.82,235.125,235.587
1785159000000,235.765,235.84,233.25,234.5
1785159900000,234.49,235.27,234.07,234.07
1785160800000,234.11,234.89,233.67,234.79
1785161700000,234.91,235,233.505,233.505
1785162600000,233.537,234.39,233.39,233.522
1785163500000,233.56,233.63,232.945,233.57
1785164400000,233.59,234.2,233.29,233.96
1785165300000,233.94,233.976,233.185,233.32
1785166200000,233.312,233.313,232.095,232.528
1785167100000,232.528,232.6,231.89,231.895
1785168000000,231.92,232.17,231.44,231.44
1785168900000,231.425,231.94,231,231.53
1785169800000,231.51,232.19,231.51,231.59
1785170700000,231.636,232.02,231.5,231.838
1785171600000,231.84,231.85,231.39,231.73
1785172500000,231.73,231.97,231.57,231.76
1785173400000,231.69,231.84,231.501,231.68
1785174300000,231.74,232.495,231.67,232.23
1785175200000,232.244,232.274,231.85,232.123
1785176100000,232.09,232.119,231.625,231.85
1785177000000,231.87,232.36,231.755,232.31
1785177900000,232.33,232.95,232.302,232.7
1785178800000,232.715,232.73,232.257,232.6
1785179700000,232.615,232.67,232.21,232.26
1785180600000,232.24,232.33,231.71,231.79
1785181500000,231.77,231.88,231.22,231.41
1785182400000,231.35,231.6,231.295,231.34
1785183300000,231.6,231.649,231.375,231.5
1785184200000,231.5,231.7,231.402,231.5
1785185100000,231.5,231.575,231.36,231.514
1785186000000,231.517,231.6,231.475,231.565
1785186900000,231.565,232.135,231.531,231.6
1785187800000,231.6,231.799,231.6,231.723
1785188700000,231.719,231.8,231.6,231.7
1785189600000,231.7,231.9,231.406,231.406
1785190500000,231.405,231.598,231.395,231.395
1785191400000,231.35,231.395,231.35,231.35
1785192300000,231.395,231.395,231.3,231.3
1785193200000,231.3,231.475,231.175,231.3
1785194100000,231.38,231.605,231.255,231.37
1785195000000,231.36,231.549,231.3,231.36
1785195900000,231.3,231.663,231.3,231.54
1785196800000,231.58,231.63,231.16,231.24
1785197700000,231.3,231.46,231.2,231.22
1785198600000,231.36,231.4,231,231.35
1785199500000,231.21,231.34,231.18,231.33
1785200400000,231.2,231.35,230.64,230.64
1785201300000,230.61,231.06,230.3,230.81
1785202200000,230.81,231.25,230.78,231.16
1785203100000,231.1,231.25,230.89,230.89
1785204000000,230.88,230.88,230.45,230.6
1785204900000,230.59,230.82,230.52,230.81
1785205800000,230.81,230.99,230.58,230.75
1785206700000,230.67,230.99,230.62,230.84
1785207600000,230.84,230.93,230.65,230.77
1785208500000,230.84,231.17,230.84,231.05
1785209400000,231.05,231.29,230.92,231.24
1785210300000,231.31,231.34,231.08,231.13
1785211200000,231.19,231.19,231.02,231.02
1785212100000,231,231.3,230.67,231.01
1785213000000,231.02,231.14,230.97,231.02
1785213900000,231.02,231.16,230.84,230.94
1785214800000,230.92,231.03,230.91,231
1785215700000,230.99,230.99,230.83,230.88
1785216600000,230.89,230.98,230.64,230.9
1785217500000,230.89,231,230.86,230.89
1785218400000,230.9,231.01,230.73,231.01
1785219300000,231,231.19,230.86,230.99
1785220200000,230.99,231.2,230.99,231.08
1785221100000,231.08,231.56,231.07,231.37
1785222000000,231.39,231.76,231.26,231.71
1785222900000,231.74,232.08,231.74,231.87
1785223800000,231.87,231.94,231.83,231.86
1785224700000,231.86,232.03,231.83,231.98
1785225600000,231.617,232.033,231.576,231.99
1785226500000,231.99,232.259,231.99,232.161
1785227400000,232.04,232.16,231.03,231.03
1785228300000,231.75,231.75,231.75,231.75
1785229200000,231.86,231.86,231.75,231.86
1785230100000,232.14,232.16,231.75,232.14
1785231000000,232.16,232.16,231.705,231.705
1785231900000,231.59,231.705,231.58,231.58
1785232800000,231.705,231.705,231.311,231.311
1785233700000,231.36,231.36,231.265,231.36
1785234600000,231.35,231.672,231.325,231.35
1785235500000,231.35,231.835,231.35,231.835
1785236400000,232.5,232.874,231.745,232.5
1785237300000,233.15,233.21,232.808,233.21
1785238200000,232.9,233.1,232.67,232.85
1785239100000,233.12,233.5,232.67,233.32
1785240000000,233.52,233.81,233.251,233.47
1785240900000,234.01,234.044,233.43,234.01
1785241800000,234,234.02,232.97,233.23
1785242700000,233.287,233.719,233.026,233.17
1785243600000,233.17,233.199,232.624,232.91
1785244500000,232.71,233.695,232.013,232.27
1785245400000,232.55,233.132,229.71,230.16
1785246300000,230.17,230.4,229.29,229.385
1785247200000,229.481,230.01,229.27,229.83
1785248100000,229.84,230.44,229.5,229.56
1785249000000,229.55,229.63,228.13,228.5
1785249900000,228.51,229.365,228.51,229.18
1785250800000,229.13,229.77,228.75,229.74
1785251700000,229.79,230.73,229.735,230.315
1785252600000,230.295,230.72,229.955,230.38
1785253500000,230.372,231.38,230.279,231.225
1785254400000,231.25,231.36,230.93,231.14
1785255300000,231.14,231.79,231.115,231.285
1785256200000,231.325,231.65,231.18,231.2
1785257100000,231.219,231.835,231.1,231.567
1785258000000,231.61,232.05,231.23,231.92
1785258900000,231.95,232.37,231.56,232.055
1785259800000,232.035,232.16,231.15,231.17
1785260700000,231.17,231.63,231.1,231.63
1785261600000,231.575,231.612,230.805,231.06
1785262500000,231.12,231.23,230.945,231.13
1785263400000,231.13,231.39,231.04,231.3
1785264300000,231.33,231.51,231.11,231.3
1785265200000,231.375,231.407,231.13,231.24
1785266100000,231.18,231.33,230.755,230.94
1785267000000,230.92,231.24,230.84,231.06
1785267900000,231.04,231.2,230.5,230.92
1785268800000,230.75,231.014,230.701,230.75
1785269700000,230.845,231.016,230.666,231
1785270600000,231.11,231.299,230.569,230.81
1785271500000,230.909,231.005,230.9,230.975
1785272400000,230.996,231.1,230.9,230.9
1785273300000,230.9,231.291,230.7,230.95
1785274200000,230.95,231.125,230.95,231.025
1785275100000,231.025,231.1,231.023,231.023
1785276000000,231.019,231.289,230.892,230.892
1785276900000,230.85,231.249,230.605,230.85
1785277800000,230.66,230.95,230.408,230.66
1785278700000,231.2,231.3,230.705,230.99
1785279600000,231.3,231.709,230.92,231.391
1785280500000,231.393,231.798,230.6,231.698
1785281400000,231.91,231.91,231.205,231.89
1785282300000,232.01,232.279,231.555,232.01
1785283200000,232.15,232.96,231.72,232.15
1785284100000,232.02,232.29,232,232.23
1785285000000,232.18,232.28,232.09,232.26
1785285900000,232.29,232.29,231.9,231.9
1785286800000,231.9,231.9,231.54,231.59
1785287700000,231.59,232,231.59,231.91
1785288600000,231.89,231.89,231.64,231.68
1785289500000,231.67,231.68,231.2,231.45
1785290400000,231.31,231.65,231.3,231.65
1785291300000,231.65,231.66,231.48,231.65
1785292200000,231.64,231.67,231.57,231.64
1785293100000,231.65,231.69,231.56,231.69
1785294000000,231.72,231.72,230.99,231.57
1785294900000,231.52,231.6,230.97,230.97
1785295800000,230.97,231.46,230.82,231.3
1785296700000,231.34,231.36,230.98,231.01
1785297600000,231.16,231.43,230.89,231.1
1785298500000,231.08,231.33,230.83,231
1785299400000,230.99,231.28,230.88,231.18
1785300300000,231.15,231.35,231.14,231.32
1785301200000,231.27,231.27,231.12,231.19
1785302100000,231.18,231.22,231.11,231.19
1785303000000,231.17,231.31,230.98,231.09
1785303900000,231.08,231.13,230.9,230.93
1785304800000,230.91,231.02,230.86,230.92
1785305700000,230.92,231.19,230.86,231.17
1785306600000,231.19,231.71,231.1,231.71
1785307500000,231.54,231.84,231.54,231.82
1785308400000,231.9,232.02,231.61,231.92
1785309300000,231.89,232,231.84,231.9
1785310200000,231.91,232.15,231.87,232.15
1785311100000,232,232.09,231.77,232.03
1785312000000,231.905,231.905,231.825,231.825
1785312900000,231.825,231.825,231.5,231.825
1785313800000,231.825,231.825,231.55,231.75
1785314700000,231.75,232.075,231.75,232.075
1785315600000,232.075,232.075,231.465,231.49
1785316500000,231.49,231.49,231.335,231.335
1785317400000,231.335,231.65,231.335,231.392
1785318300000,231.366,231.366,231.08,231.09
1785319200000,231.09,231.464,231.09,231.425
1785320100000,231.425,231.458,231.23,231.23
1785321000000,231.23,231.23,231.23,231.23
1785321900000,231.23,231.425,231.23,231.3
1785322800000,231.52,231.795,231.3,231.52
1785323700000,231.596,231.596,231.122,231.2
1785324600000,231.17,231.2,231.12,231.17
1785325500000,231.19,231.364,231.001,231.19
1785326400000,231.197,231.286,230.929,230.929
1785327300000,230.65,230.908,230.213,230.24
1785328200000,230.76,230.96,230.11,230.76
1785329100000,230.53,230.8,230.501,230.53
1785330000000,230.683,230.7,230.31,230.458
1785330900000,229.81,230.994,229,229.25
1785331800000,229.39,230.19,228.5,229.41
1785332700000,229.35,229.66,228.545,229.45
1785333600000,229.42,229.87,227.57,227.74
1785334500000,227.739,228.107,227.38,227.573
1785335400000,227.62,228.01,227.2,227.84
1785336300000,227.88,228.08,227.44,227.81
1785337200000,227.86,228.339,227.839,228.15
1785338100000,228.15,228.38,227.83,228.038
1785339000000,228.033,228.62,227.98,228.299
1785339900000,228.3,228.905,227.67,227.895
1785340800000,227.9,227.95,227.32,227.665
1785341700000,227.61,229.18,227.555,229.17
1785342600000,229.156,229.39,228.95,229.14
1785343500000,229.104,229.94,229.03,229.929
1785344400000,229.98,230.67,229.78,230.265
1785345300000,230.24,230.875,230.15,230.15
1785346200000,230.05,230.178,229.399,229.8
1785347100000,229.832,230.64,229.73,230.558
1785348000000,230.558,232.1,230.558,231.35
1785348900000,231.37,231.6,230.885,231.455
1785349800000,231.42,232.055,231.03,232
1785350700000,231.98,232.82,231.949,232.47
1785351600000,232.45,232.56,231.02,231.415
1785352500000,231.38,231.63,229.51,229.62
1785353400000,229.65,229.66,227.96,228.04
1785354300000,228.05,228.29,226.19,226.6
1785355200000,227.27,227.39,225.49,226.6
1785356100000,226.59,227.06,225.776,226.4
1785357000000,226.46,227.6,225.687,226.99
1785357900000,227.66,227.74,227.216,227.39
1785358800000,227.31,227.389,225.896,227.31
1785359700000,225.29,225.975,224.886,225.13
1785360600000,225.125,225.125,224.502,224.83
1785361500000,224.65,224.949,224.45,224.75
1785362400000,225.62,232.118,224.727,230.99
1785363300000,230.79,231.222,229.705,230
1785364200000,230.76,231.26,230.76,231
1785365100000,231.35,231.789,230.988,231.44
1785366000000,231.3,231.649,231,231.31
1785366900000,231.47,231.557,230.329,231.1
1785367800000,230.36,230.85,229.502,230.01
1785368700000,230,230.55,229.602,229.89
1785369600000,229.59,230.26,229.58,230.11
1785370500000,230.08,230.2,229.64,229.79
1785371400000,229.76,229.96,229.56,229.81
1785372300000,229.75,229.89,229.62,229.84
1785373200000,229.85,230.23,229.6,230.03
1785374100000,230.05,230.17,229.88,230.11
1785375000000,230.15,230.57,230.04,230.42
1785375900000,230.46,230.65,230.43,230.44
1785376800000,230.55,231,230.55,230.81
1785377700000,230.7,230.7,230.4,230.42
1785378600000,230.45,230.51,230.35,230.42
1785379500000,230.44,230.62,230.15,230.15
1785380400000,230.19,230.67,230.01,230.42
1785381300000,230.39,230.64,230.39,230.43
1785382200000,230.42,230.76,230.42,230.63
1785383100000,230.62,230.87,230.6,230.65
1785384000000,230.62,230.7,230.55,230.57
1785384900000,230.55,230.82,230.41,230.82
1785385800000,230.84,230.94,230.7,230.7
1785386700000,230.79,230.81,230.5,230.53
1785387600000,230.66,230.66,230.31,230.31
1785388500000,230.51,230.65,230.31,230.65
1785389400000,230.64,230.68,230.52,230.68
1785390300000,230.59,230.68,230.28,230.41
1785391200000,230.4,230.59,230.28,230.28
1785392100000,230.28,230.33,230.01,230.28
1785393000000,230.31,230.35,230.18,230.18
1785393900000,230.2,230.84,230.19,230.39
1785394800000,230.5,230.77,230.35,230.36
1785395700000,230.38,230.38,229.99,230.17
1785396600000,230.08,230.08,229.3,229.62
1785397500000,229.66,229.9,228.97,229.4
1785398400000,230.98,232.094,229.275,231.34
1785399300000,231.9,232.32,231.47,232.245
1785400200000,232.66,232.66,232.245,232.3
1785401100000,232.435,232.435,232.03,232.03
1785402000000,232.03,232.319,232.03,232.319
1785402900000,232.32,232.695,232.32,232.695
1785403800000,233.65,234.224,232.695,233.5
1785404700000,233.44,233.935,233.28,233.51
1785405600000,233.32,233.975,233.32,233.32
1785406500000,233.32,234.81,233.32,233.8
1785407400000,233.4,233.945,233.356,233.4
1785408300000,233.49,234.18,233.07,233.42
1785409200000,233.41,234,233.1,233.1
1785410100000,233.01,233.896,232.94,233.32
1785411000000,234,234.824,233.565,234.8
1785411900000,234.51,234.81,234.2,234.81
1785412800000,234.14,234.68,233.268,233.71
1785413700000,233.977,234.009,233.261,233.35
1785414600000,233.375,233.873,232.438,233.105
1785415500000,233.7,234.47,233.129,234.43
1785416400000,234.96,235.46,234.471,235.15
1785417300000,234.67,235.373,233.536,234.24
1785418200000,233.285,235.13,231.195,234.76
1785419100000,234.781,237,234.69,236.81
1785420000000,236.798,238.37,235.89,238.07
1785420900000,238.12,238.34,236.61,237.32
1785421800000,237.3,238.11,237.145,237.32
1785422700000,237.355,237.675,236.66,237
1785423600000,237.04,237.28,236.45,236.509
1785424500000,236.507,237.385,236.34,236.55
1785425400000,236.51,237.9,236.47,237.8
1785426300000,237.79,238.69,237.665,238.19
1785427200000,238.18,239.47,237.99,239.27
1785428100000,239.12,239.229,238.4,238.69
1785429000000,238.68,238.97,238.37,238.67
1785429900000,238.6,238.855,238.17,238.17
1785430800000,238.22,238.755,238.12,238.23
1785431700000,238.24,238.259,237.49,237.74
1785432600000,237.757,238.11,237.46,237.942
1785433500000,237.934,238.005,237.48,237.6
1785434400000,237.6,237.63,236.95,237.255
1785435300000,237.255,237.735,237.23,237.42
1785436200000,237.42,237.62,237.04,237.24
1785437100000,237.26,237.9,237.16,237.8
1785438000000,237.71,238.94,237.43,238.88
1785438900000,238.86,239.82,238.85,239.56
1785439800000,239.575,239.77,237.36,237.61
1785440700000,237.58,237.88,234.78,235.77
1785441600000,235.842,256.01,235.154,251.99
1785442500000,252.29,257.85,252,255.5
1785443400000,255.39,257.109,250.5,253.21
1785444300000,253.45,255.565,251.767,254.21
1785445200000,254,256.26,250.41,256.26
1785446100000,255.378,260.01,254.22,255.092
1785447000000,254.19,259.149,253.99,258.7
1785447900000,257.49,259.01,255.9,257.05
1785448800000,257.01,258.639,256.9,258.26
1785449700000,258.49,258.646,257.533,257.98
1785450600000,258.138,258.153,256.39,256.575
1785451500000,256.58,257.51,256.101,257.01
1785452400000,257.06,257.35,256.172,256.23
1785453300000,257.01,257.312,256.169,257.19
1785454200000,257.15,257.406,256.935,257.18
1785455100000,257.2,258.18,257.072,258.07
1785456000000,257.83,257.99,257,257.54
1785456900000,257.57,257.9,257.13,257.51
1785457800000,257.42,257.53,257.06,257.13
1785458700000,257.13,257.3,257,257.11
1785459600000,257.11,257.51,255.97,256.49
1785460500000,256.52,256.9,256.49,256.61
1785461400000,256.63,257.41,256.49,257.27
1785462300000,257.22,257.51,257.17,257.29
1785463200000,257.26,257.73,257.21,257.68
1785464100000,257.68,257.78,257.11,257.73
1785465000000,257.77,258.85,257.74,258.83
1785465900000,258.83,261.4,258.82,261.14
1785466800000,261.05,261.17,259.82,260.09
1785467700000,260.09,260.51,259.85,259.86
1785468600000,259.88,260.15,259.85,259.99
1785469500000,259.99,260,258.78,258.97
1785470400000,259.03,259.49,258.78,259.48
1785471300000,259.48,260.08,259.39,259.86
1785472200000,259.79,260.08,259.09,259.6
1785473100000,259.65,259.8,259.16,259.49
1785474000000,259.53,259.56,259.32,259.46
1785474900000,259.45,259.65,259.29,259.4
1785475800000,259.4,259.49,258.79,259.2
1785476700000,259.18,260.27,259.18,260.27
1785477600000,260.26,260.3,259.26,259.81
1785478500000,259.68,259.73,259.17,259.26
1785479400000,259.26,259.35,258.8,259.19
1785480300000,259.16,259.5,259.08,259.4
1785481200000,259.37,259.76,259.12,259.7
1785482100000,259.7,260.46,259.67,260.27
1785483000000,260.17,260.2,260,260.12
1785483900000,260.45,261.09,260.45,261
1785484800000,261.22,264.678,257.926,263.99
1785485700000,264.13,264.759,263.767,264.18
1785486600000,263.8,264.325,263.25,263.87
1785487500000,263.69,264.4,263.6,263.69
1785488400000,263.37,264.339,263.05,264.09
1785489300000,264.15,265.625,264.03,264.5
1785490200000,264.51,264.634,263.708,263.99
1785491100000,264.26,264.845,264.02,264.42
1785492000000,265.35,266.533,264.5,266.51
1785492900000,265.49,266.505,265.253,265.49
1785493800000,266.26,266.749,265.373,266.01
1785494700000,264.55,265.779,262.71,264.55
1785495600000,262.51,263,261.1,261.94
1785496500000,261.77,262.855,261.15,262.54
1785497400000,260.63,262.951,260.49,262.81
1785498300000,262.81,263.315,262.284,263.11
1785499200000,261.69,263.214,260.611,261.02
1785500100000,260.29,261,260.1,260.2
1785501000000,260.86,260.94,259.22,260
1785501900000,260,261.26,259.55,261.26
1785502800000,261.62,263.222,261.149,262.96
1785503700000,262.9,266.36,262.284,265.37
1785504600000,264.95,269.45,262.08,266.075
1785505500000,266.03,269.99,265.425,269.07
1785506400000,269.32,270.91,267.31,268.015
1785507300000,268.035,270.25,266.96,269.61
1785508200000,269.69,272.05,269.629,271.31
1785509100000,271.355,271.645,270.65,270.76
1785510000000,270.78,271.82,269.85,271.57
1785510900000,271.665,272,267.365,267.48
1785511800000,267.375,267.72,266.325,266.705
1785512700000,266.764,269.1,266.615,268.89
1785513600000,268.84,270.905,268.84,270.755
1785514500000,270.775,271.54,270.28,270.78
1785515400000,270.81,271.42,270.43,270.74
1785516300000,270.765,271.53,270.55,271.105
1785517200000,271.09,271.41,269.91,269.91
1785518100000,269.97,271.46,269.695,271.33
1785519000000,271.35,271.35,270.23,270.73
1785519900000,270.78,271.23,270.53,270.55
1785520800000,270.55,271.65,270.54,271.55
1785521700000,271.54,271.74,270.7,270.78
1785522600000,270.83,271.18,270.54,270.765
1785523500000,270.75,271.875,270.745,271.67
1785524400000,271.682,271.715,271.155,271.275
1785525300000,271.25,272.34,271.05,271.79
1785526200000,271.82,272.72,271.025,271.38
1785527100000,271.44,273.23,271.1,271.475
1785528000000,272.19,272.86,271,271.45
1785528900000,270.93,271.2,270.874,271.2
1785529800000,271.15,271.322,270.96,271.09
1785530700000,271.24,271.24,270.702,271.24
1785531600000,270.805,270.975,270.747,270.9
1785532500000,270.9,271.055,270.8,270.9
1785533400000,270.9,270.965,270.56,270.78
1785534300000,270.38,270.78,270.12,270.51
1785535200000,270.21,270.43,270.135,270.21
1785536100000,269.99,270.315,269.651,270.23
1785537000000,270.3,270.528,270.155,270.371
1785537900000,270.38,270.455,270.155,270.39
1785538800000,270.25,270.415,270.171,270.25
1785539700000,270.33,270.362,270.12,270.24
1785540600000,270.325,270.325,270.255,270.255
1785541500000,270.255,270.294,269.904,270.294
1785542400000,270.313,270.409,270.313,270.409
1785543300000,270.34,270.4,270.34,270.4
1785548700000,270.46,270.46,270.46,270.46
1785549600000,270.29,270.29,270.29,270.29
1785552300000,270.47,270.47,270.22,270.22
1785554100000,270.57,270.57,270.57,270.57
1785564000000,270.38,270.38,269.31,269.31
1785577500000,269.12,269.12,269.12,269.12
1785586500000,269.07,269.07,269.07,269.07
1785589200000,268.99,268.99,268.99,268.99
1785593700000,268.96,268.96,268.96,268.96
1785600000000,269.16,269.16,269.16,269.16
1785603600000,269.16,269.16,269.16,269.16
1785604500000,268.89,268.89,268.89,268.89
1785620700000,268.89,268.89,268.89,268.89
1785625200000,269.21,269.21,269.21,269.21
1785639600000,269.14,269.53,269.14,269.53
1785640500000,269.63,269.63,269.63,269.63
1785661200000,269.13,269.92,269.13,269.92
1785674700000,270.2,270.41,270.2,270.41
1785682800000,270.27,270.93,270.27,270.93
1785686400000,270.93,270.93,270.93,270.93
1785691800000,270.96,270.96,270.96,270.96
1785692700000,270.99,271.1,270.99,271.1
1785693600000,271.12,271.51,271.12,271.51
1785695400000,271.54,271.73,271.54,271.73
1785696300000,271.76,271.76,271.76,271.76
1785698100000,271.78,271.84,271.78,271.84
1785699000000,271.91,272,271.91,272
1785699900000,272.06,272.06,272.06,272.06
1785700800000,272.08,272.18,272.08,272.18
1785703500000,272.24,272.25,272.24,272.25
1785707100000,272.3,272.41,272.3,272.41
1785708000000,272.43,272.65,272.43,272.65
1785708900000,272.68,272.7,272.68,272.7
1785709800000,272.73,273.2,272.73,273.2
1785710700000,273.52,273.59,273.52,273.59
1785711600000,273.63,273.63,273.63,273.63
1785713400000,273.65,273.65,273.65,273.65
1785714300000,273.67,273.71,273.67,273.71
1785715200000,268.99,274.69,268.99,274.22
1785716100000,274.27,274.88,274.2,274.64
1785717000000,274.62,276.53,274.49,274.89
1785717900000,274.85,275.26,274.62,275.01
1785718800000,274.92,275.69,274.5,275.17
1785719700000,275.15,275.23,274.68,274.9
1785720600000,274.9,275.3,274.8,275.29
1785721500000,275.26,275.6,275.23,275.6
1785722400000,275.4,276.21,275.4,276.21
1785723300000,276.21,276.61,276.14,276.36
1785724200000,276.39,276.88,276.04,276.38
1785725100000,276.42,276.83,276.23,276.8
1785726000000,276.86,276.98,276.56,276.59
1785726900000,276.59,276.77,276.06,276.12
1785727800000,276.12,276.51,275.99,276.43
1785728700000,276.43,276.51,275.99,275.99
1785729600000,275.96,276.11,275.54,275.92
1785730500000,275.92,276.12,275.9,276.02
1785731400000,276.01,276.34,276.01,276.12
1785732300000,276.17,276.29,275.85,275.85
1785733200000,275.83,276.01,275.41,275.49
1785734100000,275.51,275.52,275.24,275.5
1785735000000,275.49,275.58,274.91,274.93
1785735900000,274.93,274.95,274.5,274.88
1785736800000,274.9,274.98,274.69,274.86
1785737700000,274.85,274.86,274.4,274.41
1785738600000,274.41,274.78,274.39,274.68
1785739500000,274.65,274.7,274.57,274.65
1785740400000,274.62,274.9,274.4,274.89
1785741300000,274.94,275,274.65,274.92
1785742200000,274.92,274.95,274.51,274.64
1785743100000,274.65,274.87,274.64,274.87
1785744000000,270.409,274.6,270.409,274.429
1785744900000,275.16,275.36,274.345,275.36
1785745800000,275.32,275.32,274.9,275.185
1785746700000,275.08,275.185,274.845,275.08
1785747600000,275.32,275.445,275.085,275.32
1785748500000,275.68,275.865,275.12,275.59
1785749400000,275.3,275.555,275.23,275.3
1785750300000,275.29,275.459,275.16,275.29
1785751200000,275.32,275.7,275.315,275.7
1785752100000,275.7,276.65,275.7,275.73
1785753000000,276.5,276.58,275.729,276.39
1785753900000,276.04,276.485,275.971,275.98
1785754800000,275.97,276.45,275.44,276
1785755700000,275.86,276.417,275.844,276.3
1785756600000,276.383,276.99,276.201,276.747
1785757500000,276.61,276.848,276.42,276.81
1785758400000,276.47,276.836,276.117,276.8
1785759300000,276.52,276.832,276.267,276.52
1785760200000,276.79,277.639,276.686,277.45
1785761100000,277.508,277.684,276.978,277.517
1785762000000,277.64,277.78,276.702,277.21
1785762900000,277.44,278.28,275.51,278.08
1785763800000,278.49,286.9,278.074,286.235
1785764700000,286.17,287.155,283.54,284.64
1785765600000,284.67,285.36,283.58,284.13
1785766500000,284.29,285.945,283.24,285.87
1785767400000,285.74,286.525,284.62,285.56
1785768300000,285.59,285.91,283.87,284.91
1785769200000,284.843,285.19,284.035,285.037
1785770100000,285.032,286.13,283.98,285.743
1785771000000,285.77,286.37,285.455,285.7
1785771900000,285.66,286.08,285.109,285.33
1785772800000,285.38,285.545,284.6,284.655
1785773700000,284.7,284.755,284.045,284.5
1785774600000,284.49,285.12,284.37,284.94
1785775500000,284.95,285.51,284.415,284.66
1785776400000,284.84,284.955,283.86,283.89
1785777300000,283.925,284.71,283.64,284.67
1785778200000,284.695,284.695,283.725,284.135
1785779100000,284.17,284.25,283.49,283.75
1785780000000,283.75,283.89,283.01,283.09
1785780900000,283.03,283.095,282.49,282.94
1785781800000,282.92,283.94,282.41,283.91
1785782700000,283.86,284.64,283.675,284.405
1785783600000,284.46,284.48,283.01,283.27
1785784500000,283.3,284.68,283.25,284.595
1785785400000,284.63,285.21,284.42,285.02
1785786300000,285.096,285.89,283.71,284.024
1785787200000,284.02,284.787,283.17,283.389
1785788100000,283.01,283.411,282.759,282.97
1785789000000,282.79,283.091,282.755,282.91
1785789900000,282.51,282.799,282.247,282.32
1785790800000,282.49,282.879,282.412,282.79
1785791700000,282.676,282.676,282.261,282.5
1785792600000,282.45,282.548,281.619,282.11
1785793500000,282,282.13,281.502,281.51
1785794400000,281.82,282.298,280.75,280.88
1785795300000,280.75,281.179,280,280.491
1785796200000,280.16,280.511,278.55,279.81
1785797100000,280.11,280.15,279.04,279.05
1785798000000,279.89,280.046,279.325,279.53
1785798900000,280.09,280.217,279.625,279.85
1785799800000,279.64,279.9,279.35,279.64
1785800700000,279.51,279.703,279.261,279.66
1785801600000,280.17,281.18,279.648,281.01
1785802500000,280.89,280.99,280.57,280.59
1785803400000,280.62,280.96,280.56,280.88
1785804300000,280.94,281.25,280.72,280.89
1785805200000,280.84,281.2,280.84,280.9
1785806100000,280.91,281.19,280.78,281.18
1785807000000,281.17,281.5,281.17,281.35
1785807900000,281.36,281.41,281.04,281.21
1785808800000,281.28,281.28,281.04,281.07
1785809700000,281.06,281.15,280.66,280.8
1785810600000,280.8,280.94,280.78,280.92
1785811500000,280.89,280.93,280.78,280.79
1785812400000,280.79,280.8,280.52,280.66
1785813300000,280.62,280.77,280.62,280.72
1785814200000,280.72,281.1,280.01,280.67
1785815100000,280.67,280.87,280.64,280.76
1785816000000,280.77,280.88,280.73,280.85
1785816900000,280.77,281.24,280.77,281.23
1785817800000,281.22,281.29,280.98,281.11
1785818700000,281.04,281.15,280.95,280.98
1785819600000,281,281,280.68,280.71
1785820500000,280.73,280.89,280.48,280.89
1785821400000,280.79,280.91,280.39,280.75
1785822300000,280.74,280.83,280.67,280.71
1785823200000,280.73,281.4,280.67,281.33
1785824100000,281.33,281.46,281.06,281.21
1785825000000,281.21,281.21,280.88,280.99
1785825900000,281.02,281.02,280.68,280.76
1785826800000,280.76,280.96,280.58,280.79
1785827700000,280.8,280.8,279.71,279.78
1785828600000,279.89,280.26,279.79,279.9
1785829500000,279.92,280.17,279.83,280.01
1785830400000,279,279.895,278.75,279
1785831300000,279.495,279.6,279.35,279.35
1785832200000,279.35,279.495,279.211,279.495
1785833100000,279.495,279.644,279.001,279.644
1785834000000,279.24,279.644,279.24,279.24
1785834900000,279.355,279.382,279.057,279.057
1785835800000,279.056,279.37,278.995,279.075
1785836700000,279.075,279.29,278.825,279.29
1785837600000,279.29,279.375,278.817,278.934
1785838500000,278.72,278.937,277.935,278.65
1785839400000,278.03,278.457,277.995,278.098
1785840300000,278.097,278.375,277.58,278.284
1785841200000,278.28,278.696,277.399,277.67
1785842100000,277.7,277.852,277.166,277.6
1785843000000,277.4,277.961,277.23,277.49
1785843900000,277.32,277.692,276.086,276.59
1785844800000,276.64,277.71,276.555,277.5
1785845700000,277.49,278.425,277.134,277.85
1785846600000,277.75,277.9,277.272,277.3
1785847500000,277.491,277.68,277.024,277.024
1785848400000,277,277.474,276.362,276.91
1785849300000,276.99,278,275.205,275.81
1785850200000,276.23,279.965,276,276.36
1785851100000,276.37,277.825,275.93,277.085
1785852000000,277.05,280.81,276.64,280.67
1785852900000,280.59,281.05,277.645,277.645
1785853800000,277.61,279.15,277.365,277.65
1785854700000,277.65,277.675,276.76,277.6
1785855600000,277.59,277.69,276.63,276.88
1785856500000,276.865,278.23,276.7,278.12
1785857400000,278.16,278.57,277.07,277.07
1785858300000,277.17,278.14,277.095,277.55
1785859200000,277.57,278.16,277.42,278.135
1785860100000,278.152,278.48,277.695,278.457
1785861000000,278.461,279.02,278.08,278.977
1785861900000,279.02,279.23,278.01,278.19
1785862800000,278.15,279.19,278.13,278.89
1785863700000,278.9,279.23,278.59,278.75
1785864600000,278.745,278.935,278.479,278.8
1785865500000,278.787,279.03,278.15,278.201
1785866400000,278.1,278.3,277.77,277.91
1785867300000,277.96,278.34,277.71,278.02
1785868200000,278,278.31,276.95,277.28
1785869100000,277.277,277.4,276.96,277.066
1785870000000,277.065,277.585,276.92,277.515
1785870900000,277.51,277.9,276.9,277.05
1785871800000,277.1,278.31,277.02,278.305
1785872700000,278.28,278.75,277.03,277.39
1785873600000,277.384,277.78,277.171,277.523
1785874500000,277.522,278.46,277.02,277.857
1785875400000,277.66,277.96,277.592,277.66
1785876300000,277.716,278.1,277.604,277.773
1785877200000,277.88,277.972,277.65,277.88
1785878100000,277.85,277.998,277.75,277.75
1785879000000,277.75,277.75,277.425,277.647
1785879900000,277.646,277.778,277.646,277.756
1785880800000,277.89,278.05,277.695,277.89
1785881700000,278.05,278.05,277.701,277.775
1785882600000,277.775,277.805,277.6,277.6
1785883500000,277.6,277.71,277.286,277.71
1785884400000,277.71,277.91,277.557,277.838
1785885300000,277.87,278.075,277.74,277.87
1785886200000,277.86,277.96,277.51,277.63
1785887100000,277.71,277.899,277.58,277.899
1785888000000,277.8,278.27,277.56,277.77
1785888900000,277.91,278.1,277.61,277.7
1785889800000,277.79,277.98,277.77,277.95
1785890700000,277.92,278.2,277.82,278.2
1785891600000,278.18,278.46,278.14,278.3
1785892500000,278.31,278.73,278.14,278.41
1785893400000,278.36,278.47,278.19,278.39
1785894300000,278.34,278.41,278.24,278.37
1785895200000,278.41,278.55,278.34,278.52
1785896100000,278.5,278.66,278.44,278.48
1785897000000,278.58,278.62,278.51,278.61
1785897900000,278.6,278.67,278.45,278.46
1785898800000,278.45,278.51,278.24,278.48
1785899700000,278.46,278.59,278.39,278.4
1785900600000,278.42,278.52,278.35,278.44
1785901500000,278.51,278.6,278.43,278.51
1785902400000,278.46,278.51,278.41,278.47
1785903300000,278.45,278.46,278.25,278.33
1785904200000,278.37,278.37,278.24,278.31
1785905100000,278.29,278.29,278.15,278.17
1785906000000,278.17,278.17,277.95,277.97
1785906900000,278.04,278.04,277.87,277.87
1785907800000,277.87,277.92,277.74,277.92
1785908700000,277.89,278.07,277.89,277.96
1785909600000,278,278.1,277.96,278.09
1785910500000,278.08,278.1,277.93,277.95
1785911400000,277.94,278.14,277.94,278.11
1785912300000,278.11,278.34,278.1,278.34
1785913200000,278.35,278.43,278.15,278.25
1785914100000,278.24,278.42,278.18,278.2
1785915000000,278.25,278.46,278.24,278.46
1785915900000,278.46,278.54,278.29,278.5
1785916800000,277.9,278.55,277.884,277.884
1785917700000,277.883,278.425,277.4,278.1
1785918600000,278.72,278.735,278.1,278.72
1785919500000,278.675,278.98,278.347,278.347
1785920400000,278.346,278.445,278.3,278.3
1785921300000,278.53,279.005,278.3,278.81
1785922200000,279.005,279.095,278.675,278.69
1785923100000,278.69,279.079,278.635,278.906
1785924000000,278.905,279.365,278.726,279.36
1785924900000,279.36,279.62,279.355,279.615
1785925800000,279.45,279.615,279.42,279.42
1785926700000,280.36,280.45,279.44,280.36
1785927600000,279.99,280.199,279.251,279.75
1785928500000,280,280.598,279.316,280
1785929400000,280.25,280.299,279.373,279.808
1785930300000,279.99,280.625,279.815,280.31
1785931200000,281.01,281.799,280.403,281.31
1785932100000,281.74,282.33,281.183,282.19
1785933000000,282.11,282.374,281.375,281.75
1785933900000,281.692,281.899,281.204,281.204
1785934800000,281.203,282,281.2,281.944
1785935700000,281.71,282.155,280.197,281.24
1785936600000,281.59,282.79,277.46,277.765
1785937500000,277.735,278.13,275.315,275.91
1785938400000,275.67,277.109,275.66,276.79
1785939300000,276.64,277.02,275.99,276.708
1785940200000,276.8,277.805,276.715,277.405
1785941100000,277.38,277.904,277.05,277.4
1785942000000,277.475,278.13,276.22,276.5
1785942900000,276.44,276.498,275.25,275.26
1785943800000,275.314,275.525,274.13,274.209
1785944700000,274.201,274.201,272.86,272.931
1785945600000,272.9,272.99,272.15,272.32
1785946500000,272.24,273.27,272.035,273.1
1785947400000,273.08,273.12,272.2,272.635
1785948300000,272.642,272.73,272.235,272.305
1785949200000,272.327,272.69,271.72,271.843
1785950100000,271.785,271.96,271.21,271.9
1785951000000,271.93,271.94,271.44,271.575
1785951900000,271.57,272.01,271.433,271.59
1785952800000,271.55,271.92,271.25,271.82
1785953700000,271.818,271.98,271.32,271.328
1785954600000,271.29,271.44,271.05,271.2
1785955500000,271.19,271.705,270.74,271.32
1785956400000,271.31,271.695,271.14,271.4
1785957300000,271.405,271.715,271.23,271.25
1785958200000,271.289,272.05,271.1,271.964
1785959100000,271.895,273.165,271.63,272.63
1785960000000,272.34,273.199,271.91,272.79
1785960900000,272.781,273.04,272.6,273.04
1785961800000,272.51,273.04,272.098,272.51
1785962700000,272.513,272.935,272.44,272.748
1785963600000,272.738,273.095,272.501,272.625
1785964500000,272.625,272.899,272.546,272.625
1785965400000,272.86,272.918,272.6,272.72
1785966300000,272.6,272.603,272.218,272.218
1785967200000,272.4,272.632,272.18,272.4
1785968100000,272.183,272.545,272.175,272.545
1785969000000,272.76,272.952,272.545,272.76
1785969900000,273.01,273.01,272.505,273.01
1785970800000,272.65,272.65,272.485,272.65
1785971700000,272.624,273.049,272.6,273.026
1785972600000,273.025,273.025,272.663,272.7
1785973500000,272.7,272.912,272.6,272.756
1785974400000,272.91,273.08,272.64,272.82
1785975300000,272.85,272.98,272.69,272.75
1785976200000,272.77,273,272.7,272.99
1785977100000,272.99,273.02,272.82,272.82
1785978000000,272.85,272.94,272.65,272.79
1785978900000,272.71,272.71,272.38,272.71
1785979800000,272.63,272.8,272.4,272.4
1785980700000,272.39,272.69,272.39,272.67
1785981600000,272.67,273.14,272.65,272.81
1785982500000,272.99,273.14,272.9,272.99
1785983400000,272.92,273.04,272.86,273.04
1785984300000,273.09,273.13,272.91,272.93
1785985200000,272.93,273.13,272.88,273.13
1785986100000,273.07,273.09,272.61,272.68
1785987000000,272.68,272.87,272.66,272.81
1785987900000,272.78,272.87,272.64,272.87
1785988800000,272.73,272.87,272.58,272.86
1785989700000,272.86,272.99,272.78,272.87
1785990600000,272.83,272.85,272.56,272.56
1785991500000,272.55,272.83,272.54,272.67
1785992400000,272.82,272.85,272.68,272.72
1785993300000,272.78,273,272.66,273
1785994200000,272.95,272.96,272.5,272.75
1785995100000,272.67,273.15,272.67,273.14
1785996000000,273.02,273.29,272.95,273.08
1785996900000,273.06,273.6,273.01,273.5
1785997800000,273.49,273.51,273.2,273.51
1785998700000,273.38,273.58,273.07,273.54
1785999600000,273.53,273.8,273.23,273.75
1786000500000,273.73,273.75,273.51,273.54
1786001400000,273.52,273.61,273.12,273.25
1786002300000,273.27,273.66,273.17,273.46
1786003200000,272.755,273.957,272.755,273.908
1786004100000,273.93,274.035,273.5,273.93
1786005000000,273.5,273.76,273.382,273.5
1786005900000,273.5,273.5,273.5,273.5
1786006800000,273.5,273.5,273.35,273.35
1786007700000,273.35,273.84,273.35,273.63
1786008600000,273.71,273.71,273.625,273.71
1786009500000,273.91,274.31,273.596,273.91
1786010400000,274.322,274.9,274.23,274.5
1786011300000,274.7,274.825,274.5,274.6
1786012200000,274.57,274.715,274.46,274.57
1786013100000,275,275.345,274.715,275.2
1786014000000,274.931,275.32,274.101,274.245
1786014900000,274.93,275.073,274.189,274.93
1786015800000,274.42,274.945,273.7,274.42
1786016700000,273.77,274.29,273.581,273.64
1786017600000,273.76,273.997,273.386,273.76
1786018500000,273.28,274.355,273.275,274.23
1786019400000,274.03,274.636,273.897,274.3
1786020300000,274.381,274.43,273.921,274
1786021200000,274.1,274.16,273.11,273.11
1786022100000,273.167,273.198,272.248,272.93
1786023000000,272.912,275.485,272.545,272.676
1786023900000,272.65,274.89,272.57,273.545
1786024800000,273.5,274.64,273.165,274.39
1786025700000,274.39,274.57,272.31,272.535
1786026600000,272.541,274.18,272.541,273.067
1786027500000,273.068,274.215,272.5,274.185
1786028400000,274.21,274.28,273.165,273.76
1786029300000,273.74,274.425,273.56,274.2
1786030200000,274.22,274.46,273.585,273.67
1786031100000,273.736,273.736,272.92,273.22
1786032000000,273.175,273.42,273.022,273.347
1786032900000,273.25,273.57,273.08,273.27
1786033800000,273.29,273.315,272.3,272.45
1786034700000,272.393,272.52,271.97,272.19
1786035600000,272.191,272.55,272.15,272.365
1786036500000,272.359,272.488,271.74,271.942
1786037400000,271.94,272.29,271.76,271.84
1786038300000,271.87,272.01,271.71,271.84
1786039200000,271.822,271.99,271.68,271.878
1786040100000,271.875,271.94,271.53,271.651
1786041000000,271.65,271.8,271.09,271.215
1786041900000,271.195,271.8,271.195,271.8
1786042800000,271.793,272.015,271.7,271.791
1786043700000,271.79,271.8,271.209,271.209
1786044600000,271.204,271.9,271.12,271.87
1786045500000,271.82,272.43,271.48,272.35
1786046400000,272.71,272.82,272.191,272.71
1786047300000,272.31,272.6,271.93,272.31
1786048200000,272.01,272.253,271.807,272.01
1786049100000,271.87,272,271.792,271.965
1786050000000,271.965,272.089,271.9,272.089
1786050900000,272.091,272.1,271.9,271.964
1786051800000,271.965,272.1,271.965,272.1
1786052700000,272.1,272.1,271.965,272.045
1786053600000,272.045,272.228,272.01,272.228
1786054500000,272.14,272.23,271.932,272.14
1786055400000,272.13,272.13,271.9,271.9
1786056300000,271.9,272.055,271.9,272.055
1786057200000,272.057,272.18,272.02,272.068
1786058100000,272.1,272.294,272,272.1
1786059000000,272.296,272.298,272.145,272.167
1786059900000,272.28,272.459,272.166,272.28
1786060800000,272.85,272.85,272.27,272.42
1786061700000,272.42,272.42,272.14,272.16
1786062600000,272.16,272.45,272.16,272.34
1786063500000,272.38,272.43,272.1,272.27
1786064400000,272.3,272.31,272.19,272.22
1786065300000,272.22,272.24,272.1,272.21
1786066200000,272.2,272.55,272.13,272.26
1786067100000,272.2,272.27,272.2,272.27
1786068000000,272.25,272.55,272.2,272.55
1786068900000,272.43,272.58,272.42,272.49
1786069800000,272.44,272.44,272.2,272.25
1786070700000,272.24,272.42,272.21,272.39
1786071600000,272.33,272.48,271.88,272.05
1786072500000,272,272.19,272,272.18
1786073400000,272.18,272.3,272.15,272.28
1786074300000,272.25,272.3,272.16,272.16
1786075200000,272.12,272.22,272.12,272.13
1786076100000,272.11,272.24,272.05,272.15
1786077000000,272.24,272.26,272.05,272.06
1786077900000,272.05,272.1,271.93,272.07
1786078800000,272.07,272.18,272.01,272.17
1786079700000,272.18,272.43,272.04,272.42
1786080600000,272.42,272.47,271.93,272
1786081500000,272.04,272.06,272.01,272.04
1786082400000,272.02,272.19,272.01,272.19
1786083300000,272.25,272.31,272.16,272.26
1786084200000,272.27,272.27,272.05,272.05
1786085100000,272.05,272.36,272.03,272.27
1786086000000,272.29,272.63,272.26,272.63
1786086900000,272.64,272.74,272.28,272.48
1786087800000,272.49,272.79,272.44,272.78
1786088700000,272.64,272.68,272.52,272.54
1786089600000,272.3,272.775,272.116,272.345
1786090500000,272.345,272.588,271.665,271.665
1786091400000,271.665,271.665,271.665,271.665
1786092300000,271.665,272.49,271.665,272.26
1786093200000,272.26,272.26,272.13,272.13
1786094100000,272.13,272.13,271.683,271.683
1786095000000,271.681,272.265,271.68,272.265
1786095900000,272.265,272.265,272.265,272.265
1786096800000,272.265,274.325,272.265,274.325
1786097700000,274.325,274.325,273.195,273.35
1786098600000,273.35,274.274,273.171,273.35
1786099500000,273.25,273.365,273.24,273.25
1786100400000,273.24,273.399,272.985,273.399
1786101300000,273.4,273.692,273.348,273.58
1786102200000,273.58,273.798,273.475,273.58
1786103100000,273.2,273.75,273.14,273.2
1786104000000,273.176,273.405,273.146,273.4
1786104900000,273.4,273.47,273.285,273.422
1786105800000,274.01,274.319,273.21,274.24
1786106700000,274.31,274.843,274.014,274.5
1786107600000,274.18,274.685,273.97,274.17
1786108500000,274.34,274.99,272.489,272.819
1786109400000,272.816,277.42,272.81,276.585
1786110300000,276.53,277.86,275.61,276.852
1786111200000,276.905,277.17,274.92,275.195
1786112100000,275.21,276.43,275.08,276.13
1786113000000,276.17,276.59,275.9,276.59
1786113900000,276.535,276.98,276.166,276.927
1786114800000,276.932,277.05,276.435,276.992
1786115700000,277.05,278.274,277.005,278.21
1786116600000,278.19,278.28,277.54,277.69
1786117500000,277.61,277.666,277.28,277.42
1786118400000,277.359,277.42,276.9,276.963
1786119300000,276.955,276.955,275.87,276.037
1786120200000,276.14,276.18,275.67,275.91
1786121100000,275.97,276.14,275.05,275.22
1786122000000,275.18,275.18,274.74,275.025
1786122900000,275.025,275.08,274.07,274.35
1786123800000,274.349,274.48,273.97,274.343
1786124700000,274.33,274.92,274.035,274.27
1786125600000,274.31,275.22,274.13,275.08
1786126500000,275.09,275.18,274.965,275.17
1786127400000,275.153,275.21,274.08,274.182
1786128300000,274.191,274.37,274.05,274.318
1786129200000,274.42,274.959,274.335,274.9
1786130100000,274.9,275.04,274.52,274.85
1786131000000,274.814,274.91,273.93,274.013
1786131900000,274.012,275.575,273.945,274.586
1786132800000,274.558,274.582,273.99,274.19
1786133700000,274.19,274.55,274.19,274.254
1786134600000,274.268,274.4,274.23,274.315
1786135500000,274.315,274.463,274.201,274.463
1786136400000,274.464,274.599,274.28,274.28
1786137300000,274.28,274.453,274.172,274.299
1786138200000,274.298,274.364,274.27,274.345
1786139100000,274.345,274.364,274.245,274.34
1786140000000,274.34,274.35,274.245,274.35
1786140900000,274.35,274.35,274.35,274.35
1786141800000,274.35,274.365,274.286,274.365
1786142700000,274.365,274.365,274.055,274.248
1786143600000,274.249,274.25,274.12,274.245
1786144500000,274.245,274.25,274.17,274.244
1786145400000,274.245,274.255,274.245,274.245
1786146300000,274.245,274.39,274.245,274.329
1786154400000,274.79,274.79,274.79,274.79
1786170600000,275.02,275.06,274.94,275.01
1786175100000,275.07,275.07,275.07,275.07
1786176000000,275.07,275.07,275.07,275.07
1786193100000,275.07,275.09,275.01,275.01
1786194000000,275.01,275.01,275.01,275.01
1786206600000,275.03,275.03,274.96,274.96
1786207500000,274.96,274.96,274.83,274.83
1786210200000,275.09,275.09,275.09,275.09
1786221000000,275.09,275.09,275.09,275.09
1786230000000,275.09,275.09,275.09,275.09
1786248900000,275.04,275.04,275.04,275.04
1786257900000,274.81,274.81,273.96,273.96
1786258800000,274.78,274.78,274.78,274.78
1786293000000,274.86,274.86,274.86,274.86
1786296600000,274.86,274.86,274.86,274.86
1786298400000,274.78,274.78,274.78,274.78
1786305600000,274.78,274.78,274.75,274.75
1786310100000,274.75,274.75,274.75,274.75
1786313700000,274.75,274.86,274.73,274.73
1786316400000,274.86,274.86,274.86,274.86
1786318200000,274.9,274.9,274.9,274.9
1786320000000,274.23,274.68,274.01,274.3
1786320900000,274.31,274.42,273.81,273.87
1786321800000,273.89,274.03,273.88,273.96
1786322700000,273.97,274.18,273.89,273.99
1786323600000,274,274.38,274,274.35
1786324500000,274.42,274.78,274.35,274.62
1786325400000,274.62,274.69,274.52,274.67
1786326300000,274.67,274.72,274.56,274.66
1786327200000,274.69,274.73,274.59,274.64
1786328100000,274.65,274.65,274.41,274.41
1786329000000,274.48,274.63,274.4,274.62
1786329900000,274.64,274.66,274.45,274.5
1786330800000,274.55,274.65,274.49,274.6
1786331700000,274.65,274.68,274.5,274.65
1786332600000,274.65,274.89,274.65,274.76
1786333500000,274.82,274.87,274.6,274.69
1786334400000,274.71,274.71,274.59,274.64
1786335300000,274.71,274.79,274.67,274.71
1786336200000,274.71,274.72,274.58,274.62
1786337100000,274.66,274.72,274.6,274.72
1786338000000,274.71,274.87,274.65,274.79
1786338900000,274.81,274.88,274.47,274.52
1786339800000,274.61,274.63,274.48,274.62
1786340700000,274.61,274.71,274.6,274.71
1786341600000,274.7,274.88,274.62,274.86
1786342500000,274.84,275.01,274.7,274.73
1786343400000,274.74,274.87,274.62,274.71
1786344300000,274.63,274.69,274.56,274.56
1786345200000,274.51,274.71,274.39,274.39
1786346100000,274.55,274.62,274.39,274.39
1786347000000,274.46,274.49,274.42,274.44
1786347900000,274.45,274.58,274.33,274.5
1786348800000,274.329,274.545,274.08,274.233
1786349700000,274.234,274.5,274.234,274.45
1786350600000,274.45,274.81,274.355,274.81
1786351500000,274.81,274.81,274.455,274.637
1786352400000,275,275.205,274.639,275
1786353300000,275.205,275.205,275.205,275.205
1786354200000,275.205,275.27,275.13,275.13
1786355100000,275.081,275.081,274.835,274.87
1786356000000,274.87,275.17,274.87,275.01
1786356900000,275.01,275.08,275.01,275.08
1786357800000,275.08,275.45,274.908,275.34
1786358700000,275.34,275.455,275.176,275.45
1786359600000,275.25,275.54,275.1,275.37
1786360500000,275.198,276.439,275.126,276.302
1786361400000,276.301,276.437,275.855,275.855
1786362300000,275.71,275.874,275.5,275.71
1786363200000,275.51,275.675,275.188,275.4
1786364100000,275.186,275.292,274.701,274.84
1786365000000,274.84,274.84,274.4,274.4
1786365900000,274.24,274.4,273.474,273.78
1786366800000,273.81,274.094,273.7,273.96
1786367700000,274,274.265,273.6,274.01
1786368600000,274.37,276.71,273.655,275.88
1786369500000,275.86,276.27,274.96,275.69
1786370400000,275.75,277,275.02,276.935
1786371300000,276.95,277.8,276.58,277.68
1786372200000,277.626,278.38,277.626,278.045
1786373100000,278.002,278.14,277.145,277.67
1786374000000,277.72,279.3,277.63,279.08
1786374900000,278.92,279.84,278.815,279.83
1786375800000,279.83,279.83,278.65,279.385
1786376700000,279.385,280.15,279.08,279.74
1786377600000,279.739,279.92,279.056,279.056
1786378500000,279.02,279.057,277.98,278.35
1786379400000,278.3,278.421,277.28,277.28
1786380300000,277.349,277.51,277.13,277.394
1786381200000,277.39,277.8,277.1,277.561
1786382100000,277.59,278.045,277.39,277.66
1786383000000,277.65,277.66,276.915,276.935
1786383900000,276.88,277.028,276.72,276.9
1786384800000,276.908,276.915,276.42,276.635
1786385700000,276.637,276.83,276.503,276.526
1786386600000,276.5,276.79,276.22,276.79
1786387500000,276.8,277.27,276.66,277.05
1786388400000,277.03,277.34,276.885,276.91
1786389300000,276.933,277.335,276.51,276.777
1786390200000,276.765,277.69,276.71,277.497
1786391100000,277.49,278.38,277.18,278.07
1786392000000,278.027,278.181,277.602,277.705
1786392900000,277.705,277.705,277.58,277.605
1786393800000,277.49,277.693,277.135,277.46
1786394700000,277.42,277.44,277.314,277.37
1786395600000,277.366,277.415,277.2,277.397
1786396500000,277.45,277.696,277.308,277.45
1786397400000,277.6,277.6,277.53,277.53
1786398300000,277.53,277.53,277.285,277.285
1786399200000,277.285,277.419,277.23,277.267
1786400100000,277.273,277.399,277.202,277.399
1786401000000,277.399,277.4,277.195,277.195
1786401900000,277.195,277.195,276.851,277
1786402800000,277,277.005,276.836,276.975
1786403700000,276.975,276.975,276.517,276.775
1786404600000,276.771,277.08,276.751,276.85
1786405500000,276.85,277.079,276.845,277.079
1786406400000,277.01,277.16,276.8,277
1786407300000,276.99,277.21,276.82,277.1
1786408200000,277.1,277.26,276.96,277.26
1786409100000,277.23,277.37,277.16,277.16
1786410000000,277.19,277.49,277.15,277.49
1786410900000,277.49,277.66,277.37,277.57
1786411800000,277.51,277.57,277.45,277.45
1786412700000,277.49,277.87,277.45,277.8
1786413600000,277.68,277.71,277.57,277.64
1786414500000,277.62,277.72,277.62,277.72
1786415400000,277.72,277.86,277.62,277.73
1786416300000,277.77,277.77,277.62,277.65
1786417200000,277.63,277.65,277.59,277.63
1786418100000,277.63,277.81,277.62,277.73
1786419000000,277.73,277.76,277.57,277.66
1786419900000,277.66,277.67,277.56,277.64
1786420800000,277.68,277.76,277.64,277.66
1786421700000,277.66,277.71,277.64,277.69
1786422600000,277.7,277.93,277.69,277.86
1786423500000,277.82,277.82,277.73,277.76
1786424400000,277.79,277.79,277.62,277.79
1786425300000,277.77,277.77,277.6,277.68
1786426200000,277.68,277.69,277.63,277.63
1786427100000,277.69,277.69,277.56,277.58
1786428000000,277.59,277.87,277.59,277.87
1786428900000,277.85,277.85,277.59,277.59
1786429800000,277.66,277.69,277.25,277.66
1786430700000,277.66,277.67,277.51,277.63
1786431600000,277.61,277.69,277.39,277.54
1786432500000,277.59,277.59,277.12,277.21
1786433400000,277.25,277.39,277.12,277.17
1786434300000,277.2,277.44,277.14,277.44
1786435200000,277.06,277.235,275.919,277.06
1786436100000,276.175,276.485,276.175,276.485
1786437000000,276.485,276.594,276.47,276.485
1786437900000,276.485,276.626,276.485,276.626
1786438800000,276.627,277.235,276.627,276.965
1786439700000,276.965,277.38,276.848,277.3
1786440600000,277.3,277.415,276.965,277.1
1786441500000,277.1,277.494,277.1,277.3
1786442400000,277.295,277.495,277.165,277.259
1786443300000,277.257,277.75,277.25,277.75
1786444200000,277.75,277.815,277.75,277.815
1786445100000,277.815,277.985,277.815,277.862
1786446000000,277.861,278.858,277.816,278.71
1786446900000,278.71,278.71,277.977,277.977
1786447800000,277.976,278.099,277.9,278
1786448700000,278,278.399,277.869,278
1786449600000,278,278.3,277.9,278.2
1786450500000,277.92,278.2,277.631,277.65
1786451400000,277.65,277.75,277.45,277.599
1786452300000,277.51,277.694,277.4,277.56
1786453200000,277.635,277.69,277.131,277.2
1786454100000,277.234,279.119,277.13,278.822
1786455000000,278.06,278.787,273.94,274.19
1786455900000,274.21,274.57,273.35,274.47
1786456800000,274.47,275.57,274.455,275.37
1786457700000,275.46,275.54,273.95,274.76
1786458600000,274.738,274.8,273.95,274.489
1786459500000,274.51,274.97,274.24,274.45
1786460400000,274.55,274.812,272.36,272.88
1786461300000,272.94,273.36,272.84,273.27
1786462200000,273.291,273.42,272.42,272.544
1786463100000,272.547,272.59,271.99,272.24
1786464000000,272.26,272.5,272.07,272.35
1786464900000,272.37,272.55,271.42,271.82
1786465800000,271.78,271.86,271.53,271.705
1786466700000,271.696,272.19,271.696,271.993
1786467600000,272.005,272.1,271.555,271.595
1786468500000,271.585,272.06,271.47,271.96
1786469400000,272.04,272.545,271.95,272.51
1786470300000,272.52,272.79,272.39,272.62
1786471200000,272.602,272.602,271.98,272.385
1786472100000,272.404,272.55,272.01,272.025
1786473000000,272.03,272.239,271.42,272.185
1786473900000,272.29,272.91,272.244,272.57
1786474800000,272.54,272.98,272.3,272.81
1786475700000,272.811,272.812,272.175,272.651
1786476600000,272.653,273.415,272.55,273.415
1786477500000,273.35,273.42,271.9,272.23
1786478400000,272.221,272.293,272.003,272.254
1786479300000,272.254,272.499,272.254,272.499
1786480200000,272.5,272.628,272.296,272.296
1786481100000,272.309,272.499,272.3,272.3
1786482000000,272.3,272.37,272.3,272.37
1786482900000,272.31,272.396,272.3,272.31
1786483800000,272.357,272.37,272.276,272.3
1786484700000,272.3,272.3,272.1,272.1
1786485600000,272.23,272.27,272,272.23
1786486500000,272.27,272.27,272.24,272.24
1786487400000,272.24,272.25,272.227,272.241
1786488300000,272.24,272.24,272.166,272.2
1786489200000,272.2,272.2,272.16,272.185
1786490100000,272.185,272.185,272.061,272.16
1786491000000,272.16,272.16,272.08,272.16
1786491900000,272.135,272.271,272.135,272.135
1786492800000,272.273,272.39,272.03,272.09
1786493700000,272.16,272.3,272.11,272.27
1786494600000,272.25,272.26,272.12,272.22
1786495500000,272.23,272.49,272.2,272.48
1786496400000,272.43,272.44,272.33,272.34
1786497300000,272.34,272.37,272.18,272.25
1786498200000,272.22,272.22,272.13,272.2
1786499100000,272.23,272.26,272.07,272.13
1786500000000,272.1,272.15,271.98,272.01
1786500900000,272.03,272.24,272.03,272.12
1786501800000,272.13,272.2,272.07,272.12
1786502700000,272.1,272.12,272.02,272.08
1786503600000,272.1,272.1,271.84,271.92
1786504500000,271.88,271.91,271.61,271.88
1786505400000,271.81,271.9,271.44,271.51
1786506300000,271.57,271.8,271.54,271.54
1786507200000,271.55,271.62,271.43,271.49
1786508100000,271.48,271.62,271.48,271.58
1786509000000,271.61,271.61,271.52,271.52
1786509900000,271.51,271.63,271.46,271.56
1786510800000,271.56,271.56,271.36,271.44
1786511700000,271.45,271.55,271.4,271.55
1786512600000,271.56,271.61,271.52,271.58
1786513500000,271.55,271.6,271.49,271.56
1786514400000,271.55,271.62,271.41,271.43
1786515300000,271.45,271.98,271.36,271.77
1786516200000,271.83,272.23,271.78,272.17
1786517100000,272.09,272.49,272.09,272.33
1786518000000,272.2,272.59,272.05,272.59
1786518900000,272.57,272.7,272.29,272.43
1786519800000,272.24,272.51,272.24,272.49
1786520700000,272.13,272.2,271.99,271.99
1786521600000,272.274,272.275,271.49,271.755
1786522500000,271.755,271.85,271.607,271.755
1786523400000,271.755,271.85,271.52,271.85
1786524300000,271.85,272.918,271.85,272.87
1786525200000,272.87,272.87,272.4,272.4
1786526100000,272.4,273,272.351,272.525
1786527000000,272.525,273.45,272.525,273.192
1786527900000,273.194,273.245,273.005,273.06
1786528800000,273.06,273.3,273.06,273.3
1786529700000,273.3,273.972,273.3,273.6
1786530600000,273.6,273.6,273.6,273.6
1786531500000,273.6,273.6,273.215,273.215
1786532400000,273.215,273.425,273.185,273.386
1786533300000,273.386,273.386,273.2,273.245
1786534200000,273.54,273.754,273.2,273.59
1786535100000,273.49,273.499,272.998,273.25
1786536000000,273.04,273.61,273,273.61
1786536900000,273.54,273.645,272.904,273.54
1786537800000,273,273.675,272.276,273
1786538700000,273.349,273.447,272.982,273.051
1786539600000,273.05,273.595,272.851,273.388
1786540500000,273.61,273.85,272.867,273.1
1786541400000,273.47,273.47,270.2,271.73
1786542300000,271.84,271.96,270.3,270.68
1786543200000,270.86,270.905,268.97,270.615
1786544100000,270.624,270.79,269.645,269.761
1786545000000,269.766,270.03,269.02,269.559
1786545900000,269.545,269.81,268.38,269.34
1786546800000,269.16,269.35,268.76,269.15
1786547700000,269.13,269.21,268.645,268.9
1786548600000,268.887,269.073,268.305,268.701
1786549500000,268.696,268.72,267.88,267.919
1786550400000,267.905,268.11,267.575,267.96
1786551300000,268.02,268.71,267.685,268.705
1786552200000,268.701,269.19,268.64,269.016
1786553100000,269.022,269.39,268.76,269.258
1786554000000,269.26,269.45,269.07,269.225
1786554900000,269.17,269.252,268.728,268.73
1786555800000,268.74,268.9,268.43,268.6
1786556700000,268.59,268.6,267.94,267.98
1786557600000,267.992,268.46,267.89,268.441
1786558500000,268.443,268.495,268.13,268.329
1786559400000,268.29,269.04,268.2,268.91
1786560300000,268.93,269.24,268.83,268.965
1786561200000,268.94,269.2,268.82,269.045
1786562100000,269.042,269.042,268.65,268.795
1786563000000,268.795,269.04,268.49,268.857
1786563900000,268.85,268.88,267.11,267.33
1786564800000,267.319,267.676,267.318,267.577
1786565700000,267.3,267.6,267.245,267.29
1786566600000,267.424,267.655,267.356,267.505
1786567500000,267.505,267.6,267.436,267.6
1786568400000,267.6,267.735,267.496,267.6
1786569300000,267.6,267.759,267.55,267.69
1786570200000,267.73,267.74,267.4,267.74
1786571100000,267.603,267.8,267.6,267.8
1786572000000,267.8,267.8,267.7,267.7
1786572900000,267.7,267.75,267.495,267.495
1786573800000,267.495,267.65,267.455,267.459
1786574700000,267.461,267.65,267.461,267.65
1786575600000,267.65,267.713,267.45,267.642
1786576500000,267.644,267.65,267.461,267.611
1786577400000,267.609,267.65,267.45,267.65
1786578300000,267.65,267.65,267.31,267.31
1786579200000,267.58,267.71,267.31,267.43
1786580100000,267.48,268.01,267.42,267.58
1786581000000,267.6,267.7,267.49,267.64
1786581900000,267.66,267.79,267.66,267.74
1786582800000,267.71,267.71,267.43,267.47
1786583700000,267.45,267.54,267.2,267.2
1786584600000,267.36,267.49,267.35,267.4
1786585500000,267.45,267.55,267.37,267.52
1786586400000,267.52,267.72,267.52,267.68
1786587300000,267.61,267.69,267.5,267.5
1786588200000,267.5,267.58,267.35,267.58
1786589100000,267.6,267.7,267.51,267.66
1786590000000,267.66,267.69,267.49,267.59
1786590900000,267.56,267.68,267.53,267.67
1786591800000,267.67,267.69,267.5,267.6
1786592700000,267.66,267.73,267.62,267.67
1786593600000,267.68,267.8,267.64,267.64
1786594500000,267.61,267.67,267.6,267.65
1786595400000,267.65,267.8,267.57,267.6
1786596300000,267.62,267.71,267.56,267.67
1786597200000,267.67,267.76,267.63,267.63
1786598100000,267.67,268.07,267.67,268.07
1786599000000,268.06,268.08,267.8,267.8
1786599900000,267.88,267.96,267.82,267.88
1786600800000,267.88,267.89,267.59,267.76
1786601700000,267.85,267.85,267.62,267.75
1786602600000,267.74,267.74,267.58,267.72
1786603500000,267.66,267.79,267.6,267.66
1786604400000,267.71,267.78,267.42,267.5
1786605300000,267.49,267.75,267.49,267.74
1786606200000,267.74,267.95,267.7,267.95
1786607100000,267.93,267.99,267.81,267.81
1786608000000,268.09,268.35,267.31,268.09
1786608900000,268.28,268.35,268.091,268.1
1786609800000,268.091,268.091,267.895,267.98
1786610700000,267.98,267.98,267.98,267.98
1786611600000,267.98,268.035,267.98,268.035
1786612500000,268.035,268.533,268.035,268.28
1786613400000,268.28,268.545,268.28,268.535
1786614300000,268.535,268.535,268.255,268.329
1786615200000,268.329,268.33,268.06,268.219
1786616100000,268.219,268.235,268.06,268.085
1786617000000,268.085,268.215,268.085,268.18
1786617900000,268.18,268.18,268.046,268.165
1786618800000,268.165,268.192,267.854,267.947
1786619700000,267.946,267.997,267.78,267.845
1786620600000,268.17,268.2,267.78,268.15
1786621500000,267.99,268.115,267.743,267.79
1786622400000,267.56,267.722,267.49,267.56
1786623300000,267.657,267.657,267.31,267.6
1786624200000,267.71,267.89,267.508,267.6
1786625100000,267.61,267.842,267.502,267.842
1786626000000,267.97,268.063,267.75,267.97
1786626900000,268,268.159,266.811,266.9
1786627800000,267.235,268.7,265.62,268.126
1786628700000,268.165,269.36,268.129,269.25
1786629600000,269.3,269.525,268.2,269.14
1786630500000,269.105,269.152,267.8,267.91
1786631400000,267.93,268.78,267.75,268.524
1786632300000,268.51,268.523,267.695,268.019
1786633200000,268.06,268.203,266.73,266.92
1786634100000,266.84,266.894,266.245,266.505
1786635000000,266.49,266.94,266.38,266.83
1786635900000,266.816,266.98,266.02,266.144
1786636800000,266.143,266.143,265.11,265.17
1786637700000,265.09,265.34,264.83,265.25
1786638600000,265.28,265.61,264.915,265.555
1786639500000,265.52,266.005,265.42,265.43
1786640400000,265.455,265.56,265.19,265.279
1786641300000,265.28,265.65,265.28,265.605
1786642200000,265.585,265.73,265.1,265.17
1786643100000,265.2,265.46,265.09,265.37
1786644000000,265.4,265.86,265.31,265.73
1786644900000,265.77,265.83,265.63,265.68
1786645800000,265.674,266.43,265.67,266.227
1786646700000,266.22,266.5,266.11,266.18
1786647600000,266.08,266.21,265.75,265.9
1786648500000,265.86,266.07,265.52,265.535
1786649400000,265.575,265.72,265.15,265.34
1786650300000,265.29,265.47,264.71,265.195
1786651200000,265.19,265.461,265.101,265.19
1786652100000,265.16,265.225,265.075,265.16
1786653000000,265.225,265.225,265.053,265.2
1786653900000,265.18,265.224,265.105,265.16
1786654800000,265.121,265.305,265.12,265.305
1786655700000,265.305,265.305,265.3,265.305
1786656600000,265.305,265.324,265.144,265.305
1786657500000,265.29,265.305,265.185,265.29
1786658400000,265.305,265.305,265.18,265.265
1786659300000,265.265,265.313,265.175,265.3
1786660200000,265.299,265.299,265.162,265.162
1786661100000,265.31,265.335,265.145,265.31
1786662000000,265.37,265.46,265.325,265.46
1786662900000,265.415,265.415,265.285,265.285
1786663800000,265.285,265.389,265.24,265.285
1786664700000,265.285,265.3,265.196,265.205
1786665600000,264.89,265.61,264.89,265.38
1786666500000,265.38,265.71,265.35,265.37
1786667400000,265.35,265.48,265.34,265.48
1786668300000,265.43,265.48,265.34,265.34
1786669200000,265.33,265.33,265.17,265.26
1786670100000,265.24,265.38,265.24,265.35
1786671000000,265.36,265.45,265.34,265.4
1786671900000,265.41,265.43,265.36,265.4
1786672800000,265.4,265.49,265.4,265.44
1786673700000,265.45,267,265.38,266.02
1786674600000,266.04,266.04,265.62,265.83
1786675500000,265.9,265.93,265.47,265.66
1786676400000,265.66,265.73,265.57,265.64
1786677300000,265.63,265.75,265.63,265.73
1786678200000,265.71,265.72,265.58,265.63
1786679100000,265.58,265.58,265.51,265.53
1786680000000,265.53,265.69,265.53,265.59
1786680900000,265.59,265.68,265.54,265.54
1786681800000,265.63,265.63,265.38,265.47
1786682700000,265.52,265.55,265.49,265.5
1786683600000,265.53,265.53,265.4,265.45
1786684500000,265.48,265.58,265.45,265.48
1786685400000,265.48,265.49,265.27,265.43
1786686300000,265.42,265.6,265.38,265.55
1786687200000,265.56,265.57,265.42,265.51
1786688100000,265.46,265.52,265.29,265.52
1786689000000,265.52,265.52,265.28,265.35
1786689900000,265.32,265.39,265.24,265.35
1786690800000,265.34,265.51,265.33,265.46
1786691700000,265.47,265.66,265.47,265.5
1786692600000,265.49,265.63,265.42,265.63
1786693500000,265.6,265.68,265.38,265.55
1786694400000,265.205,265.605,265.205,265.369
1786695300000,265.368,265.53,265.345,265.53
1786696200000,265.55,265.65,265.55,265.65
1786697100000,265.65,265.65,265.65,265.65
1786698000000,265.65,265.65,265.65,265.65
1786698900000,265.65,265.65,265.65,265.65
1786699800000,265.65,265.65,265.245,265.245
1786700700000,265.245,265.35,265.245,265.35
1786701600000,265.35,265.35,265.065,265.065
1786702500000,265.065,265.065,265.065,265.065
1786703400000,265.48,265.48,265.065,265.48
1786704300000,265.25,265.67,265.25,265.67
1786705200000,264.79,265.67,264.601,265
1786706100000,264.7,265.05,264.325,264.7
1786707000000,264.99,265.299,264.776,264.99
1786707900000,265.13,265.225,264.907,265.13
1786708800000,265.084,265.295,264.926,264.975
1786709700000,264.975,265.449,264.975,265.31
1786710600000,265.51,265.685,265.244,265.48
1786711500000,265.51,265.685,265.25,265.51
1786712400000,265.01,265.365,264.868,265.05
1786713300000,265.032,265.434,264.788,264.936
1786714200000,264.88,265.6,264.03,264.77
1786715100000,264.86,265.11,264.4,264.78
1786716000000,264.67,264.98,264.33,264.48
1786716900000,264.45,265.71,264.35,264.394
1786717800000,264.355,264.89,263.64,264.098
1786718700000,264.075,264.29,263.7,263.76
1786719600000,263.735,263.92,263.42,263.755
1786720500000,263.7,264.25,263.655,263.655
1786721400000,263.706,264.115,263.365,263.94
1786722300000,263.913,264.111,263.572,264.094
1786723200000,264.08,264.11,263.8,263.93
1786724100000,263.95,264.345,263.81,264.345
1786725000000,264.32,264.43,264.04,264.095
1786725900000,264.076,264.1,263.14,263.244
1786726800000,263.243,263.44,263.195,263.363
1786727700000,263.39,263.507,263.02,263.36
1786728600000,263.355,263.42,263.1,263.21
1786729500000,263.17,263.44,263.03,263.345
1786730400000,263.316,264.01,263.278,263.681
1786731300000,263.679,263.74,263.16,263.25
1786732200000,263.305,263.41,263.03,263.17
1786733100000,263.14,263.345,262.91,263.05
1786734000000,263.055,263.075,262.795,262.945
1786734900000,262.933,263.4,262.88,263.232
1786735800000,263.2,263.785,263.15,263.42
1786736700000,263.38,263.47,262.43,262.63
1786737600000,262.66,262.85,262.583,262.7
1786738500000,262.68,262.739,262.55,262.68
1786739400000,262.73,262.79,262.59,262.79
1786740300000,262.765,262.822,262.62,262.71
1786741200000,262.71,262.856,262.585,262.585
1786742100000,262.74,262.84,262.585,262.78
1786743000000,262.81,262.89,262.7,262.82
1786743900000,262.8,262.84,262.736,262.76
1786744800000,262.76,263.134,262.76,263.065
1786745700000,263.065,263.065,262.743,262.805
1786746600000,262.805,263.15,262.805,262.9
1786747500000,262.9,263,262.9,262.951
1786748400000,263.01,263.26,262.95,263.26
1786749300000,263.105,263.105,263.05,263.05
1786750200000,263.05,263.095,263.05,263.095
1786751100000,263.095,263.15,263.095,263.15
1786798800000,263.22,263.87,262.76,263.87
1786799700000,263.83,263.83,263.83,263.83
1786810500000,263.89,263.98,263.89,263.98
1786815000000,264,264,264,264
1786823100000,263.94,263.94,263.94,263.94
1786834800000,264.03,264.03,264.03,264.03
1786866300000,264.05,264.05,264.05,264.05
1786873500000,264.07,264.1,264.07,264.1
1786891500000,264.1,264.1,264.1,264.1
1786901400000,264.14,264.15,264.14,264.15
1786904100000,264.18,264.18,264.18,264.18
1786921200000,264.19,264.19,264.19,264.19
1786923000000,264.2,264.2,264.2,264.2
1786924800000,263.45,264.7,263.45,263.72
1786925700000,263.7,263.83,263.5,263.69
1786926600000,263.69,263.69,263.39,263.59
1786927500000,263.52,263.59,263.47,263.56
1786928400000,263.6,264.01,263.58,263.86
1786929300000,263.87,263.94,263.8,263.87
1786930200000,263.93,264.11,263.62,264.05
1786931100000,264.04,264.05,263.95,264.05
1786932000000,264.05,264.14,264.04,264.12
1786932900000,264.12,264.31,264.06,264.2
1786933800000,264.23,264.51,264.23,264.51
1786934700000,264.43,264.59,264.3,264.31
1786935600000,264.34,264.49,264.28,264.39
1786936500000,264.4,264.45,264.31,264.37
1786937400000,264.33,264.59,264.29,264.59
1786938300000,264.61,264.66,264.48,264.48
1786939200000,264.47,264.5,264.38,264.45
1786940100000,264.4,264.41,264.19,264.25
1786941000000,264.23,264.35,264.11,264.16
1786941900000,264.11,264.26,264.1,264.17
1786942800000,264.14,264.18,264.05,264.11
1786943700000,264.1,264.15,264.02,264.1
1786944600000,264.1,264.25,263.98,264.25
1786945500000,264.34,264.47,264.11,264.19
1786946400000,264.18,264.6,264.18,264.56
1786947300000,264.58,264.61,264.46,264.6
1786948200000,264.6,264.78,264.55,264.68
1786949100000,264.66,264.77,264.63,264.73
1786950000000,264.69,264.79,264.45,264.52
1786950900000,264.56,264.58,264.2,264.34
1786951800000,264.31,264.42,264.26,264.4
1786952700000,264.39,264.58,264.39,264.47
1786953600000,263.15,264.975,263.15,264.745
1786954500000,264.745,264.925,264.615,264.925
1786955400000,264.935,265.217,264.85,264.906
1786956300000,265.08,265.17,264.905,265.08
1786957200000,265.173,265.639,265.173,265.52
1786958100000,265.52,265.945,265.495,265.863
1786959000000,265.862,265.862,265.485,265.82
1786959900000,265.82,265.88,265.585,265.62
1786960800000,265.62,265.91,265.62,265.837
1786961700000,265.85,266.65,265.675,265.85
1786962600000,265.777,266.075,265.777,265.82
1786963500000,265.814,265.955,265.745,265.955
1786964400000,265.81,265.955,265.401,265.76
1786965300000,265.79,265.95,265.777,265.777
1786966200000,265.762,265.935,265.4,265.6
1786967100000,266,266.2,265.6,266
1786968000000,266.05,266.32,265.695,266.19
1786968900000,266.12,266.263,265.9,265.99
1786969800000,266.52,266.623,266.105,266.52
1786970700000,266.5,266.541,266.219,266.4
1786971600000,266.26,266.344,265.651,265.82
1786972500000,265.734,265.89,265.106,265.405
1786973400000,265.51,265.7,261.17,262.09
1786974300000,262.042,263.205,261.435,261.605
1786975200000,261.589,261.8,261.05,261.579
1786976100000,261.77,261.855,260.74,260.8
1786977000000,260.8,261.12,260.41,260.43
1786977900000,260.46,261.09,260.11,260.94
1786978800000,260.968,261.37,260.72,261.081
1786979700000,261.045,261.72,260.975,261.72
1786980600000,261.64,261.699,260.925,261.24
1786981500000,261.14,261.29,260.69,261.03
1786982400000,261.052,261.23,260.44,260.8
1786983300000,260.8,260.99,260.44,260.49
1786984200000,260.49,260.57,259.775,259.944
1786985100000,260.01,260.01,259.2,259.43
1786986000000,259.355,259.72,258.93,258.94
1786986900000,258.944,258.99,258.58,258.679
1786987800000,258.676,258.877,258.35,258.876
1786988700000,258.9,258.95,258.384,258.75
1786989600000,258.83,259.98,258.74,259.82
1786990500000,259.84,260.2,259.505,259.64
1786991400000,259.617,259.805,259.54,259.741
1786992300000,259.742,259.99,259.473,259.908
1786993200000,259.865,260.61,259.715,260.46
1786994100000,260.46,260.655,260.14,260.51
1786995000000,260.48,260.62,259.805,260.37
1786995900000,260.334,261.4,260.09,261.34
1786996800000,261.31,261.381,260.785,261.31
1786997700000,261.45,261.48,261.2,261.44
1786998600000,261.34,261.4,261.15,261.15
1786999500000,261.15,261.3,261.15,261.3
1787000400000,261.3,261.425,261.25,261.25
1787001300000,261.25,261.4,261.25,261.4
1787002200000,261.4,261.4,261.215,261.4
1787003100000,261.4,261.465,261.25,261.375
1787004000000,261.375,261.375,261.055,261.234
1787004900000,261.235,261.245,261.087,261.244
1787005800000,261.01,261.245,260.745,261.01
1787006700000,260.906,260.906,260.55,260.659
1787007600000,260.8,261,260.621,260.8
1787008500000,260.79,260.9,260.7,260.79
1787009400000,260.833,261,260.777,260.955
1787010300000,260.955,261.16,260.8,261.055
1787011200000,261.3,261.32,260.95,261.26
1787012100000,261.18,261.31,261.08,261.16
1787013000000,261.16,261.27,261.06,261.21
1787013900000,261.16,261.24,261.06,261.09
1787014800000,261.12,261.24,261.08,261.16
1787015700000,261.21,261.25,261.09,261.21
1787016600000,261.22,261.33,261.14,261.14
1787017500000,261.13,261.17,260.89,261
1787018400000,261.02,261.24,260.67,260.71
1787019300000,260.72,260.82,260.25,260.66
1787020200000,260.6,260.83,260.54,260.55
1787021100000,260.6,260.72,260.38,260.5
1787022000000,260.51,260.57,260.34,260.37
1787022900000,260.39,260.62,260.3,260.41
1787023800000,260.33,260.57,260.23,260.43
1787024700000,260.41,260.56,260.09,260.36
1787025600000,260.36,260.48,260.2,260.34
1787026500000,260.31,260.36,260.01,260.34
1787027400000,260.32,260.35,260,260.06
1787028300000,260.11,260.25,260.1,260.25
1787029200000,260.21,260.26,260.05,260.26
1787030100000,260.25,260.32,260.2,260.28
1787031000000,260.3,260.3,260.02,260.04
1787031900000,260.04,260.11,259.99,260.04
1787032800000,260.05,260.05,259.47,259.81
1787033700000,259.8,259.98,259.73,259.89
1787034600000,259.86,260.09,259.85,260.08
1787035500000,260.07,260.45,260.07,260.36
1787036400000,260.37,260.48,260.37,260.42
1787037300000,260.42,260.68,260.35,260.63
1787038200000,260.6,260.84,260.56,260.69
1787039100000,260.68,260.68,260.26,260.27
1787040000000,261.055,261.055,260.15,260.15
1787040900000,260.158,260.647,259.502,259.581
1787041800000,259.581,259.581,259.275,259.515
1787042700000,259.55,260.5,259.515,259.55
1787043600000,260.332,260.795,260.26,260.55
1787044500000,260.55,260.719,260.55,260.719
1787045400000,260.723,260.745,260.15,260.15
1787046300000,260.15,260.497,260.15,260.4
1787047200000,260.4,260.4,260.25,260.25
1787048100000,260.25,260.419,260.25,260.261
1787049000000,260.261,260.665,260.26,260.4
1787049900000,260.4,260.4,260.3,260.3
1787050800000,260.26,260.392,260,260.26
1787051700000,259.99,260.393,259.99,259.99
1787052600000,260.285,260.299,260.21,260.299
1787053500000,260.299,260.755,260.299,260.598
1787054400000,260.599,260.599,260.3,260.426
1787055300000,260.81,261.199,260.376,260.81
1787056200000,260.24,260.7,260.126,260.25
1787057100000,260.396,261.08,259.832,260.775
1787058000000,260.55,260.899,260.404,260.67
1787058900000,260.27,260.767,259.918,260
1787059800000,260.7,261.14,257.8,259.725
1787060700000,259.72,259.777,257.74,257.995
1787061600000,258.018,259.45,258.018,259.413
1787062500000,259.44,261.24,259.3,261.24
1787063400000,261.13,262.01,260.925,261.66
1787064300000,261.7,261.98,261.21,261.94
1787065200000,261.96,262.109,260.46,260.51
1787066100000,260.499,260.841,260.33,260.481
1787067000000,260.48,260.57,259.7,260.475
1787067900000,260.455,260.637,260.17,260.4
1787068800000,260.4,261.033,260.37,260.91
1787069700000,260.935,261.406,260.775,261.073
1787070600000,261.067,261.54,261.027,261.505
1787071500000,261.51,262.09,261.5,261.914
1787072400000,261.88,262.13,261.67,261.805
1787073300000,261.75,261.856,260.87,260.87
1787074200000,260.9,260.9,260.404,260.649
1787075100000,260.649,260.79,260.38,260.395
1787076000000,260.39,260.775,260.07,260.729
1787076900000,260.74,260.82,260.52,260.55
1787077800000,260.555,260.63,260.36,260.36
1787078700000,260.383,260.49,260.205,260.206
1787079600000,260.206,260.56,260.2,260.373
1787080500000,260.376,260.44,259.85,260.006
1787081400000,260.04,260.32,259.895,259.93
1787082300000,259.915,260.01,259.12,259.396
1787083200000,259.414,259.554,259.239,259.28
1787084100000,259.28,259.449,259.28,259.449
1787085000000,259.451,259.565,259.42,259.543
1787085900000,259.544,259.545,259.4,259.45
1787086800000,259.45,259.45,259.45,259.45
1787087700000,259.45,259.45,259.39,259.4
1787088600000,259.4,259.4,259.39,259.39
1787089500000,259.39,259.39,259.356,259.39
1787090400000,259.39,259.655,259.39,259.655
1787091300000,259.88,259.88,259.555,259.88
1787092200000,259.69,259.7,259.501,259.7
1787093100000,259.536,259.602,259.5,259.588
1787094000000,259.591,259.63,259.54,259.55
1787094900000,259.65,259.898,259.55,259.65
1787095800000,259.65,259.85,259.606,259.725
1787096700000,259.725,259.725,259.483,259.6
1787097600000,259.86,259.86,259.22,259.49
1787098500000,259.49,259.88,259.42,259.85
1787099400000,259.85,260.18,259.81,260.14
1787100300000,260.09,260.09,259.84,259.86
1787101200000,259.92,260.09,259.91,260.02
1787102100000,260.02,260.07,259.97,260.02
1787103000000,260.02,260.07,259.71,259.85
1787103900000,259.91,259.91,259.63,259.78
1787104800000,259.69,259.72,259.49,259.54
1787105700000,259.59,259.66,259.53,259.6
1787106600000,259.6,259.6,259.49,259.56
1787107500000,259.56,259.66,259.53,259.63
1787108400000,259.61,259.63,259.53,259.56
1787109300000,259.52,259.6,259.49,259.6
1787110200000,259.58,259.96,259.58,259.82
1787111100000,259.8,259.9,259.77,259.86
1787112000000,259.86,259.98,259.81,259.96
1787112900000,259.91,260.07,259.88,259.97
1787113800000,259.98,259.98,259.81,259.82
1787114700000,259.83,259.9,259.69,259.88
1787115600000,259.87,260.09,259.87,259.92
1787116500000,259.9,259.97,259.81,259.92
1787117400000,259.92,259.92,259.63,259.72
1787118300000,259.64,259.7,259.63,259.67
1787119200000,259.64,259.82,259.63,259.73
1787120100000,259.74,260.16,259.73,260.01
1787121000000,259.99,260.07,259.7,259.87
1787121900000,259.81,260.02,259.77,260.01
1787122800000,260,260,259.75,259.78
1787123700000,259.77,259.79,259.61,259.63
1787124600000,259.69,259.86,259.69,259.81
1787125500000,259.81,259.81,259.5,259.55
1787126400000,259.6,259.818,259.475,259.48
1787127300000,259.48,260.389,259.48,260.389
1787128200000,260.39,260.39,260.155,260.155
1787129100000,260.155,260.615,260.075,260.075
1787130000000,260.075,260.27,259.91,259.91
1787130900000,259.91,260.24,259.91,260.24
1787131800000,260.24,260.24,260.185,260.185
1787132700000,260.31,260.43,260.185,260.31
1787133600000,260.43,260.822,260.325,260.821
1787134500000,260.825,260.845,260.58,260.68
1787135400000,260.8,260.8,260.552,260.8
1787136300000,260.74,260.74,260.68,260.68
1787137200000,260.12,260.68,260.12,260.12
1787138100000,260.3,260.4,260.1,260.2
1787139000000,260.2,260.299,260,260.2
1787139900000,260.2,260.355,259.9,259.917
1787140800000,259.931,260.324,259.77,260.153
1787141700000,259.94,260.308,259.706,259.8
1787142600000,260.36,260.41,259.645,260.27
1787143500000,260.38,261.741,260.2,261.37
1787144400000,261.19,261.89,261.036,261.89
1787145300000,261.804,261.9,260.78,260.842
1787146200000,260.9,262.51,258.95,259.348
1787147100000,259.395,260.29,258.615,259.87
1787148000000,259.87,261.35,259.785,260.915
1787148900000,260.944,261.33,260.72,261.23
1787149800000,261.138,262.97,261.138,262.895
1787150700000,262.99,264.98,262.945,263.795
1787151600000,263.809,264.72,263.28,263.483
1787152500000,263.487,263.91,262.91,263.892
1787153400000,263.904,264.255,263.81,264.209
1787154300000,264.217,264.62,264.217,264.496
1787155200000,264.498,265.108,264.483,265.035
1787156100000,265.025,265.025,264.434,264.545
1787157000000,264.54,264.955,264.309,264.705
1787157900000,264.62,264.685,263.94,264.335
1787158800000,264.3,264.415,264.06,264.231
1787159700000,264.229,264.72,263.827,264.72
1787160600000,264.691,264.78,263.9,264.165
1787161500000,264.164,264.58,264.063,264.428
1787162400000,264.41,264.98,264.255,264.66
1787163300000,264.66,264.71,264.29,264.39
1787164200000,264.404,264.6,263.925,263.983
1787165100000,263.986,264.251,263.896,264.153
1787166000000,264.159,264.61,264.07,264.601
1787166900000,264.603,265.51,264.521,265.453
1787167800000,265.45,266.33,265.34,265.37
1787168700000,265.384,266.36,265.03,265.753
1787169600000,265.761,266.343,265.761,266.343
1787170500000,266.348,266.406,266.084,266.309
1787171400000,266.309,266.5,266.211,266.356
1787172300000,266.44,266.493,266.3,266.44
1787173200000,266.465,266.465,266.102,266.205
1787174100000,266.205,266.25,266.084,266.15
1787175000000,266.15,266.2,266.103,266.2
1787175900000,266.2,266.45,266.2,266.45
1787176800000,266.51,266.99,266.454,266.99
1787177700000,266.94,267.09,266.7,266.94
1787178600000,266.99,266.99,266.705,266.99
1787179500000,266.9,266.965,266.865,266.924
1787180400000,267.23,267.32,266.924,267.23
1787181300000,267.122,267.15,266.86,267.14
1787182200000,267.14,267.2,267.011,267.1
1787183100000,267,267.21,266.62,266.9
1787184000000,267.16,267.19,266.64,267.02
1787184900000,267.04,267.24,266.99,267.09
1787185800000,267.09,267.11,266.89,267.02
1787186700000,267.03,267.19,266.95,266.99
1787187600000,267.01,267.11,266.74,266.94
1787188500000,266.92,266.95,266.61,266.7
1787189400000,266.64,266.7,266.52,266.69
1787190300000,266.7,266.71,266.49,266.6
1787191200000,266.6,266.97,266.6,266.85
1787192100000,266.89,266.89,266.72,266.84
1787193000000,266.83,266.83,266.59,266.72
1787193900000,266.72,266.72,266.51,266.53
1787194800000,266.52,266.66,266.41,266.51
1787195700000,266.49,266.64,266.47,266.48
1787196600000,266.43,266.45,266.34,266.45
1787197500000,266.42,266.42,266.33,266.36
1787198400000,266.37,266.61,266.36,266.59
1787199300000,266.57,266.75,266.52,266.67
1787200200000,266.69,266.72,266.53,266.61
1787201100000,266.59,266.76,266.59,266.7
1787202000000,266.71,266.71,266.57,266.62
1787202900000,266.54,266.73,266.52,266.67
1787203800000,266.7,266.7,266.54,266.7
1787204700000,266.7,266.7,266.46,266.56
1787205600000,266.56,267.09,266.56,267.03
1787206500000,267.03,267.09,267.01,267.02
1787207400000,267.05,267.19,267.05,267.1
1787208300000,267.1,267.28,267.04,267.25
1787209200000,267.21,267.21,266.85,266.99
1787210100000,267,267.02,266.57,266.62
1787211000000,266.6,266.67,266.5,266.67
1787211900000,266.66,266.99,266.58,266.99
1787212800000,266.654,266.705,265.725,266.074
1787213700000,266.075,266.37,265.99,265.99
1787214600000,265.99,265.99,265.5,265.825
1787215500000,265.825,265.825,265.452,265.452
1787216400000,265.451,265.78,265.42,265.624
1787217300000,265.625,266.24,265.625,266.033
1787218200000,266.032,266.22,266.005,266.22
1787219100000,266.22,266.22,265.945,265.945
1787220000000,265.945,266.065,265.945,266.065
1787220900000,266.065,266.404,266.065,266.404
1787221800000,266.41,266.55,266.335,266.34
1787222700000,266.34,266.625,266.215,266.625
1787223600000,266.625,266.669,265.916,265.916
1787224500000,265.39,265.913,264.908,265.39
1787225400000,264.85,265,264.8,264.84
1787226300000,264.52,264.849,264.4,264.43
1787227200000,263.06,264.6,263,263
1787228100000,263.004,263.226,262.815,263.023
1787229000000,263.053,263.498,262.71,263.377
1787229900000,263.31,263.507,263.257,263.49
1787230800000,263.48,263.5,263.342,263.37
1787231700000,263.32,263.484,262.7,263.1
1787232600000,262.53,263.8,261.775,263.195
1787233500000,263.311,263.655,262.45,262.847
1787234400000,262.89,262.95,260.9,261.039
1787235300000,261.14,261.715,260.38,261.565
1787236200000,261.581,262.47,261.225,262.024
1787237100000,261.97,262.13,261.22,261.4
1787238000000,261.479,261.52,259.98,260.649
1787238900000,260.643,260.965,260.39,260.835
1787239800000,260.782,261.23,260.67,260.9
1787240700000,260.899,261.56,260.737,261.062
1787241600000,261.09,261.62,260.905,261.34
1787242500000,261.29,262.25,261.261,262.25
1787243400000,262.229,263.424,261.96,263.257
1787244300000,263.265,263.415,262.35,262.497
1787245200000,262.491,262.491,261.77,261.811
1787246100000,261.809,261.81,261.36,261.429
1787247000000,261.43,261.669,261.27,261.503
1787247900000,261.58,261.694,261.181,261.28
1787248800000,261.27,261.288,260.15,260.245
1787249700000,260.208,260.98,259.93,260.966
1787250600000,260.963,261.38,260.957,261.305
1787251500000,261.306,261.34,260.83,260.891
1787252400000,260.893,261.11,260.795,260.978
1787253300000,260.99,261.38,260.979,261.275
1787254200000,261.298,261.51,260.9,260.97
1787255100000,260.98,261.55,259.57,260.108
1787256000000,260.113,260.55,259.9,260.374
1787256900000,260.13,260.5,260.097,260.12
1787257800000,260.6,260.61,260.297,260.61
1787258700000,260.59,260.59,260.324,260.545
1787259600000,260.545,260.739,260.425,260.455
1787260500000,260.455,260.6,260.455,260.455
1787261400000,260.455,260.7,260.45,260.625
1787262300000,260.71,260.976,260.625,260.71
1787263200000,260.85,260.855,260.475,260.643
1787264100000,260.61,260.743,260.58,260.58
1787265000000,260.717,260.796,260.672,260.7
1787265900000,260.7,260.94,260.606,260.83
1787266800000,260.86,260.95,260.715,260.86
1787267700000,260.95,260.95,260.692,260.725
1787268600000,260.59,260.738,260.527,260.59
1787269500000,260.55,260.87,260.43,260.55
1787270400000,260.36,260.71,260.36,260.71
1787271300000,260.7,260.78,260.51,260.56
1787272200000,260.59,260.66,260.52,260.61
1787273100000,260.65,260.67,260.5,260.56
1787274000000,260.54,260.6,260.49,260.5
1787274900000,260.56,260.62,260.5,260.51
1787275800000,260.58,260.73,260.5,260.5
1787276700000,260.56,260.67,260.51,260.61
1787277600000,260.67,260.8,260.62,260.8
1787278500000,260.8,261.12,260.79,260.88
1787279400000,260.89,261,260.85,260.88
1787280300000,260.9,260.97,260.87,260.95
1787281200000,260.95,260.98,260.87,260.87
1787282100000,260.84,260.93,260.78,260.87
1787283000000,260.89,260.98,260.87,260.93
1787283900000,260.93,261.04,260.87,261.04
1787284800000,261.01,261.05,260.99,261.03
1787285700000,261,261.01,260.86,260.88
1787286600000,260.87,260.9,260.78,260.9
1787287500000,260.86,260.96,260.83,260.9
1787288400000,260.9,261.03,260.86,260.93
1787289300000,260.92,261,260.8,260.8
1787290200000,260.86,260.91,260.83,260.87
1787291100000,260.88,260.88,260.71,260.85
1787292000000,260.88,260.9,260.79,260.82
1787292900000,260.86,260.89,260.82,260.85
1787293800000,260.84,260.97,260.81,260.94
1787294700000,260.95,261.03,260.88,261.03
1787295600000,261.04,261.23,260.99,261.09
1787296500000,261.15,261.31,261.09,261.21
1787297400000,261.19,261.32,261.16,261.27
1787298300000,261.24,261.31,261.18,261.18
1787299200000,260.55,261.605,260.55,261.605
1787300100000,261.605,261.645,261.605,261.645
1787301000000,261.645,261.874,261.545,261.874
1787301900000,261.874,261.9,261.596,261.9
1787302800000,261.9,261.9,261.555,261.805
1787303700000,261.94,262.158,261.805,261.94
1787304600000,262.14,262.14,261.651,261.725
1787305500000,261.725,261.975,261.605,261.729
1787306400000,261.729,261.73,261.55,261.64
1787307300000,261.64,261.64,261.595,261.595
1787308200000,261.595,261.67,261.561,261.561
1787309100000,261.554,261.69,261.525,261.585
1787310000000,261.5,261.645,261.32,261.5
1787310900000,261.63,261.999,261.39,261.83
1787311800000,262.01,262.075,261.796,262.01
1787312700000,261.97,262,261.75,261.91
1787313600000,261.7,261.91,261.608,261.7
1787314500000,261.8,261.897,261.644,261.8
1787315400000,261.897,262,261.761,262
1787316300000,262.05,262.05,261.5,261.5
1787317200000,261.5,261.963,261.5,261.887
1787318100000,261,261.89,260.643,260.74
1787319000000,260.36,261.09,257.07,257.99
1787319900000,258.1,259.15,257.55,258.96
1787320800000,258.935,259.46,258.19,259.448
1787321700000,259.453,260,259.26,259.676
1787322600000,259.66,259.88,259.24,259.32
1787323500000,259.34,260.175,259.3,260.105
1787324400000,260.2,260.55,259.48,259.56
1787325300000,259.53,259.795,258.66,258.86
1787326200000,258.859,260,258.28,259.895
1787327100000,259.855,260.8,259.629,259.71
1787328000000,259.655,259.7,259.06,259.14
1787328900000,259.186,259.355,258.855,258.884
1787329800000,258.889,259.15,258.685,259.045
1787330700000,259.044,259.262,258.565,259.154
1787331600000,259.16,259.54,258.75,258.79
1787332500000,258.74,259.544,258.735,259.25
1787333400000,259.242,259.282,258.1,258.628
1787334300000,258.629,258.76,258.33,258.454
1787335200000,258.454,258.78,258.39,258.692
1787336100000,258.68,258.739,258.18,258.24
1787337000000,258.21,258.65,258.097,258.58
1787337900000,258.58,259.269,258.57,259.25
1787338800000,259.268,259.48,259.11,259.156
1787339700000,259.156,259.505,259.07,259.482
1787340600000,259.54,259.82,259.46,259.76
1787341500000,259.72,259.93,258.27,258.57
1787342400000,258.44,258.712,258.405,258.53
1787343300000,258.555,258.74,258.555,258.644
1787344200000,258.646,258.901,258.626,258.901
1787345100000,258.88,259.395,258.88,258.88
1787346000000,259.25,259.4,259.201,259.25
1787346900000,259.325,259.5,259.218,259.3
1787347800000,259.31,259.36,259.08,259.325
1787348700000,259.325,259.325,259.325,259.325
1787349600000,259.4,259.574,259.225,259.4
1787350500000,259.495,259.495,259.495,259.495
1787351400000,259.495,259.589,259.378,259.589
1787352300000,259.589,259.59,259.55,259.55
1787353200000,259.55,259.55,259.55,259.55
1787354100000,259.55,259.55,259.365,259.365
1787355000000,259.54,259.55,259.325,259.54
1787355900000,259.549,259.56,259.475,259.507
1787358600000,259.65,259.65,259.65,259.65
1787375700000,259.65,259.8,259.65,259.73
1787394600000,259.79,259.79,259.73,259.73
1787403600000,259.73,259.73,259.65,259.65
1787412600000,259.65,259.65,259.65,259.65
1787416200000,259.8,259.8,259.8,259.8
1787419800000,259.83,259.83,259.65,259.65
1787421600000,259.84,259.84,259.84,259.84
1787422500000,259.85,259.85,259.85,259.85
1787429700000,259.85,259.85,259.67,259.67
1787439600000,259.84,259.84,259.84,259.84
1787443200000,259.67,259.67,259.67,259.67
1787444100000,259.67,259.67,259.67,259.67
1787457600000,259.84,259.84,259.67,259.67
1787469300000,259.67,259.67,259.65,259.65
1787472000000,259.84,259.84,259.84,259.84
1787472900000,259.85,259.85,259.64,259.64
1787490900000,259.88,259.88,259.88,259.88
1787508000000,259.95,259.95,259.95,259.95
1787516100000,259.96,259.96,259.96,259.96
1787517000000,260.01,260.01,260.01,260.01
1787526000000,260.09,260.09,260.09,260.09
1787527800000,260.09,260.09,260.09,260.09
1787529600000,259.61,260.07,259.07,259.59
1787530500000,259.6,259.6,259.1,259.12
1787531400000,259.11,259.15,258.92,259.12
1787532300000,259.12,259.69,259.04,259.69
1787533200000,259.61,259.76,259.51,259.73
1787534100000,259.7,259.72,259.44,259.44
1787535000000,259.58,259.59,259.2,259.21
1787535900000,259.21,259.37,258.88,258.88
1787536800000,258.85,259.01,258.64,259.01
1787537700000,258.99,259.25,258.94,258.94
1787538600000,258.93,259.2,258.87,259.15
1787539500000,259.09,259.26,259.01,259.23
1787540400000,259.13,259.15,258.79,258.82
1787541300000,258.83,258.95,258.77,258.81
1787542200000,258.81,258.87,258.63,258.79
1787543100000,258.76,258.89,258.69,258.7
1787544000000,258.7,258.88,258.7,258.76
1787544900000,258.74,258.76,258.42,258.53
1787545800000,258.56,258.6,258.43,258.56
1787546700000,258.45,258.56,258.43,258.43
1787547600000,258.49,258.67,258.43,258.64
1787548500000,258.64,258.67,258.46,258.5
1787549400000,258.49,258.65,258.4,258.55
1787550300000,258.55,258.55,258.29,258.38
1787551200000,258.38,258.4,257.83,257.88
1787552100000,257.95,257.95,257.26,257.69
1787553000000,257.71,257.72,257.49,257.49
1787553900000,257.5,257.66,257.44,257.54
1787554800000,257.59,257.91,257.56,257.81
1787555700000,257.88,257.88,257.7,257.7
1787556600000,257.7,257.82,257.5,257.5
1787557500000,257.58,257.67,257.31,257.53
1787558400000,259.222,259.222,257.49,257.625
1787559300000,257.625,257.85,257.625,257.85
1787560200000,257.85,258.25,257.85,258.25
1787561100000,258.25,258.375,258.25,258.375
1787562000000,258.375,258.605,258.375,258.575
1787562900000,258.575,258.684,258.575,258.575
1787563800000,258.575,258.575,258.436,258.575
1787564700000,258.575,258.815,258.519,258.605
1787565600000,258.605,258.605,258.592,258.605
1787566500000,258.605,258.605,258.506,258.605
1787567400000,258.605,258.605,258.605,258.605
1787568300000,258.605,258.71,258.521,258.521
1787569200000,258.521,258.9,258.301,258.605
1787570100000,258.605,259.299,258.605,259.027
1787571000000,259.14,259.8,259.025,259.6
1787571900000,259.65,259.8,259.1,259.65
1787572800000,259.01,259.706,259.01,259.41
1787573700000,259.3,259.6,259.226,259.3
1787574600000,259.19,259.4,259.075,259.19
1787575500000,259.086,259.086,258.867,258.9
1787576400000,258.9,258.911,258.511,258.76
1787577300000,258.65,259.771,257.959,259.63
1787578200000,259.77,262.82,259.1,261.22
1787579100000,261,262.49,260.55,261.34
1787580000000,261.426,263.07,260.175,261.319
1787580900000,261.33,261.54,260.536,261.54
1787581800000,261.35,262.81,261.28,262.03
1787582700000,262.035,262.61,261.77,261.83
1787583600000,261.833,262.17,261.425,261.622
1787584500000,261.612,262.67,261.4,262.643
1787585400000,262.71,263,262.16,262.58
1787586300000,262.635,262.93,262.425,262.655
1787587200000,262.627,263.32,262.49,262.684
1787588100000,262.684,262.97,262.27,262.759
1787589000000,262.715,263.3,262.595,263.12
1787589900000,263.01,263.22,262.88,262.99
1787590800000,262.989,263.234,262.348,262.358
1787591700000,262.364,262.45,261.85,261.915
1787592600000,261.913,262.02,261.49,261.874
1787593500000,261.875,262.28,261.875,262.06
1787594400000,262.08,262.733,262.061,262.58
1787595300000,262.73,263,262.642,262.85
1787596200000,262.848,263.02,262.337,262.418
1787597100000,262.422,262.44,261.8,261.809
1787598000000,261.78,262.07,261.68,261.98
1787598900000,261.98,262.165,261.745,262.06
1787599800000,262.058,262.328,261.77,262.287
1787600700000,262.281,262.61,262.02,262.103
1787601600000,262.09,262.255,261.865,262.111
1787602500000,262.11,262.15,261.96,261.96
1787603400000,261.96,262.105,261.929,262.105
1787604300000,262.23,262.397,262.001,262.23
1787605200000,262.398,262.4,262.201,262.335
1787606100000,262.335,262.535,261.934,262.535
1787607000000,262.535,262.605,262.21,262.49
1787607900000,262.49,262.6,262.445,262.6
1787608800000,263.01,263.01,262.583,263.01
1787609700000,262.96,263.155,262.62,262.96
1787610600000,263.015,263.015,262.65,262.935
1787611500000,262.931,263.015,262.7,262.935
1787612400000,262.935,262.935,262.66,262.67
1787613300000,262.67,262.8,262.67,262.8
1787614200000,262.8,262.8,262.65,262.658
1787615100000,262.665,262.82,262.62,262.625
1787616000000,262.67,262.75,262.26,262.35
1787616900000,262.38,262.48,262,262.48
1787617800000,262.47,262.89,262.47,262.89
1787618700000,262.9,262.97,262.83,262.9
1787619600000,262.9,263.09,262.86,263.04
1787620500000,262.98,263.08,262.86,262.9
1787621400000,263.05,263.2,262.98,263.07
1787622300000,263.05,263.05,262.81,262.84
1787623200000,262.84,262.96,262.82,262.83
1787624100000,262.85,263.43,262.68,263.17
1787625000000,263.34,263.62,263.18,263.56
1787625900000,263.53,263.55,263.33,263.52
1787626800000,263.5,263.54,263.34,263.37
1787627700000,263.42,263.49,263.37,263.48
1787628600000,263.47,263.54,263.44,263.44
1787629500000,263.44,263.63,263.42,263.59
1787630400000,263.59,263.59,263.5,263.52
1787631300000,263.52,263.77,263.51,263.75
1787632200000,263.72,263.8,263.64,263.64
1787633100000,263.68,263.68,263.59,263.59
1787634000000,263.57,263.57,263.2,263.24
1787634900000,263.23,263.23,262.64,262.9
1787635800000,262.89,263.06,262.84,262.84
1787636700000,262.86,263,262.49,262.54
1787637600000,262.59,262.88,262.57,262.73
1787638500000,262.87,263.08,262.76,262.94
1787639400000,262.91,262.98,262.83,262.94
1787640300000,262.96,263.03,262.87,262.99
1787641200000,263.03,263.2,262.73,262.83
1787642100000,262.84,263.01,262.59,262.74
1787643000000,262.82,262.84,262.4,262.72
1787643900000,262.75,262.76,262.23,262.23
1787644800000,262.65,262.915,262.65,262.84
1787645700000,262.84,263.254,262.84,262.851
1787646600000,262.85,262.94,262.746,262.94
1787647500000,262.94,263.2,262.94,263.2
1787648400000,263.2,263.498,263.2,263.467
1787649300000,263.466,263.466,263.301,263.337
1787650200000,263.334,263.784,263.301,263.784
1787651100000,263.785,263.83,263.77,263.77
1787652000000,263.68,263.748,263.565,263.68
1787652900000,263.565,263.565,263.201,263.215
1787653800000,263.47,263.565,263.215,263.47
1787654700000,263.565,263.565,263.315,263.565
1787655600000,263.565,263.6,263.119,263.128
1787656500000,263.123,263.385,263.1,263.385
1787657400000,263.385,263.547,263.385,263.494
1787658300000,263.54,263.635,263.384,263.54
1787659200000,263.59,263.64,263.386,263.59
1787660100000,263.5,263.825,263.05,263.37
1787661000000,263.1,263.77,263.1,263.601
1787661900000,263.58,263.689,263.4,263.58
1787662800000,263.49,263.6,263.266,263.49
1787663700000,263.311,263.324,262.656,262.656
1787664600000,262.6,263.88,261.84,262.57
1787665500000,262.69,262.775,261.64,261.975
1787666400000,261.95,261.995,260.725,260.9
1787667300000,260.867,261.15,260.29,260.932
1787668200000,260.936,261.425,260.44,261.061
1787669100000,261.08,261.185,260.54,260.89
1787670000000,260.885,261.085,260.49,261.06
1787670900000,261.015,261.07,260.35,260.565
1787671800000,260.561,260.88,260.305,260.792
1787672700000,260.791,261.255,260.39,261.064
1787673600000,261.06,261.26,260.646,260.76
1787674500000,260.75,260.97,260.582,260.86
1787675400000,260.89,261.36,260.46,260.46
1787676300000,260.567,261.06,260.5,261.013
1787677200000,261.013,261.02,260.59,260.689
1787678100000,260.66,260.862,260.15,260.24
1787679000000,260.25,260.415,260.08,260.31
1787679900000,260.286,260.59,260.26,260.484
1787680800000,260.484,260.65,260.37,260.503
1787681700000,260.5,260.52,259.837,260.107
1787682600000,260.11,260.54,260.017,260.43
1787683500000,260.48,260.715,260.447,260.7
1787684400000,260.688,260.895,260.03,260.105
1787685300000,260.096,260.24,259.87,260.143
1787686200000,260.14,260.79,260.11,260.717
1787687100000,260.75,261.33,260.33,260.95
1787688000000,261.01,261.15,260.777,261.01
1787688900000,261.15,261.279,260.855,261.15
1787689800000,261.06,261.17,260.9,261.06
1787690700000,261.064,261.064,260.883,261.005
1787691600000,261.005,261.025,260.79,260.898
1787692500000,260.899,261.039,260.75,260.75
1787693400000,260.8,260.901,260.5,260.8
1787694300000,260.5,260.961,260.5,260.955
1787695200000,260.954,261,260.9,260.93
1787696100000,260.93,261,260.86,260.9
1787697000000,260.9,261,260.9,260.95
1787697900000,261,261,260.8,261
1787698800000,261.07,261.1,260.905,261.07
1787699700000,261.031,261.045,260.87,260.923
1787700600000,260.924,260.926,260.735,260.735
1787701500000,260.735,260.775,260.4,260.58
1787702400000,260.51,260.51,260.09,260.4
1787703300000,260.29,260.43,260.04,260.09
1787704200000,260.17,260.46,260.12,260.19
1787705100000,260.32,260.34,260.07,260.15
1787706000000,260.01,260.12,259.8,259.88
1787706900000,259.87,259.98,259.49,259.66
1787707800000,259.75,259.94,259.73,259.82
1787708700000,259.88,259.92,259.82,259.91
1787709600000,259.96,260.15,259.94,260.15
1787710500000,260.16,260.46,260.16,260.46
1787711400000,260.5,260.65,260.48,260.61
1787712300000,260.67,260.69,260.57,260.57
1787713200000,260.57,260.6,260.5,260.6
1787714100000,260.64,260.67,260.5,260.52
1787715000000,260.51,260.8,260.5,260.66
1787715900000,260.7,260.88,260.69,260.75
1787716800000,260.74,260.83,260.69,260.83
1787717700000,260.81,260.97,260.78,260.91
1787718600000,260.91,260.95,260.82,260.82
1787719500000,260.82,260.84,260.68,260.71
1787720400000,260.73,260.82,260.7,260.72
1787721300000,260.72,260.8,260.7,260.8
1787722200000,260.83,260.91,260.8,260.8
1787723100000,260.82,260.82,260.72,260.72
1787724000000,260.72,260.72,260.56,260.59
1787724900000,260.59,260.96,260.55,260.71
1787725800000,260.89,260.93,260.89,260.93
1787726700000,260.92,261.04,260.9,260.98
1787727600000,260.96,260.99,260.69,260.71
1787728500000,260.89,260.98,260.73,260.76
1787729400000,260.76,260.86,260.74,260.86
1787730300000,260.78,260.9,260.75,260.89
1787731200000,260.58,260.79,260.58,260.79
1787732100000,261.85,262.15,260.79,261.86
1787733000000,262.135,262.135,262.05,262.05
1787733900000,262.05,262.05,261.497,261.556
1787734800000,261.557,261.56,261.29,261.29
1787735700000,261.29,261.725,261.25,261.25
1787736600000,261.25,261.465,261.078,261.249
1787737500000,261.249,261.25,260.95,261.165
1787738400000,261.165,261.2,261.165,261.165
1787739300000,261.165,261.165,260.995,260.995
1787740200000,260.995,261.3,260.875,261.3
1787741100000,261.3,261.3,260.935,260.935
1787742000000,260.935,261.413,260.935,261.413
1787742900000,261.5,261.7,261.284,261.5
1787743800000,261.7,261.7,261.29,261.394
1787744700000,261.395,261.73,261.395,261.626
1787745600000,261.625,261.625,261.336,261.515
1787746500000,261.75,261.875,261.515,261.75
1787747400000,261.87,261.87,261.05,261.87
1787748300000,261.31,261.583,261.065,261.31
1787749200000,261.294,261.703,261.201,261.644
1787750100000,261.43,261.64,261.024,261.43
1787751000000,261.355,262.02,259.4,260.755
1787751900000,260.88,260.94,260.22,260.865
1787752800000,260.788,261.169,260.27,260.275
1787753700000,260.273,260.36,258.89,259.093
1787754600000,259.04,259.67,258.81,259.38
1787755500000,259.37,260.49,259.268,260.31
1787756400000,260.31,261.08,260.159,261.01
1787757300000,261.002,261.006,259.97,260.148
1787758200000,260.148,260.21,259.348,259.471
1787759100000,259.41,259.55,258.63,258.63
1787760000000,258.61,258.789,258.375,258.625
1787760900000,258.648,258.71,258.385,258.526
1787761800000,258.522,258.77,258.24,258.268
1787762700000,258.268,258.81,258.267,258.707
1787763600000,258.71,258.91,258.7,258.725
1787764500000,258.74,259.354,258.71,259.29
1787765400000,259.314,259.318,258.49,258.503
1787766300000,258.499,258.735,258.46,258.654
1787767200000,258.654,259.09,258.654,258.913
1787768100000,258.915,259.07,258.79,258.81
1787769000000,258.81,259.043,258.793,259.01
1787769900000,259.023,259.337,258.969,259.308
1787770800000,259.307,260.36,259.29,260.092
1787771700000,260.09,260.37,259.81,259.827
1787772600000,259.83,260.33,259.791,260.24
1787773500000,260.29,260.76,260,260.24
1787774400000,260.254,260.505,259.96,260.17
1787775300000,260.01,260.503,259.551,260.01
1787776200000,260.021,260.24,260.021,260.221
1787777100000,260.17,260.368,260,260.26
1787778000000,260.09,262.074,259.829,261.98
1787778900000,262,262.804,261.479,262.55
1787779800000,262.73,262.775,262.242,262.73
1787780700000,262.775,262.835,262.207,262.263
1787781600000,262.41,262.75,262.1,262.41
1787782500000,262.58,262.679,262.225,262.58
1787783400000,262.225,262.505,262.152,262.325
1787784300000,262.321,262.321,261.982,262.189
1787785200000,262.191,262.2,261.731,261.805
1787786100000,261.805,261.805,261.45,261.606
1787787000000,261.614,261.9,261.6,261.9
1787787900000,261.96,261.984,261.9,261.96
1787788800000,261.9,261.936,261.48,261.53
1787789700000,261.57,261.57,261.26,261.3
1787790600000,261.32,261.37,260.5,260.51
1787791500000,260.51,260.78,260.17,260.72
1787792400000,260.73,260.73,260.29,260.3
1787793300000,260.3,260.4,259.99,260.28
1787794200000,260.32,260.6,260.28,260.55
1787795100000,260.55,260.84,260.45,260.6
1787796000000,260.58,260.96,260.55,260.62
1787796900000,260.64,260.64,260.54,260.58
1787797800000,260.59,260.61,260.51,260.56
1787798700000,260.6,260.61,260.37,260.42
1787799600000,260.42,260.5,260.34,260.5
1787800500000,260.5,260.65,260.49,260.63
1787801400000,260.66,260.89,260.61,260.63
1787802300000,260.64,260.67,260.34,260.34
1787803200000,260.39,260.39,260.16,260.23
1787804100000,260.23,260.44,260.15,260.26
1787805000000,260.28,260.3,260.04,260.09
1787805900000,260.13,260.22,260,260.1
1787806800000,260.13,260.13,259.84,259.88
1787807700000,259.93,260.02,259.7,259.7
1787808600000,259.74,259.74,259.14,259.16
1787809500000,259.32,259.32,258.69,259.01
1787810400000,259.06,259.56,258.96,259.1
1787811300000,259.19,259.66,259.18,259.36
1787812200000,259.26,259.34,259.2,259.22
1787813100000,259.21,259.37,259.18,259.26
1787814000000,259.25,259.41,259.15,259.39
1787814900000,259.4,259.61,259.24,259.24
1787815800000,259.36,259.45,259.08,259.37
1787816700000,259.4,259.88,259.38,259.79
1787817600000,260.08,261.904,259.671,260.08
1787818500000,259.7,260.034,259.7,259.7
1787819400000,259.88,260.178,259.815,259.88
1787820300000,259.48,260.115,259.43,259.48
1787821200000,259.658,259.658,259.625,259.625
1787822100000,259.625,259.96,259.625,259.96
1787823000000,259.96,259.96,259.601,259.78
1787823900000,259.68,259.777,259.452,259.57
1787824800000,259.565,259.845,259.565,259.845
1787825700000,259.45,259.864,259.26,259.45
1787826600000,259.531,259.59,259.39,259.59
1787827500000,259.59,259.79,259.53,259.679
1787828400000,259.46,259.709,259.4,259.61
1787829300000,259.8,259.883,259.565,259.8
1787830200000,259.49,259.745,259.4,259.51
1787831100000,259.28,259.5,259.225,259.28
1787832000000,259.365,259.845,259.365,259.799
1787832900000,259.799,259.8,259.452,259.575
1787833800000,259.68,259.77,259.265,259.77
1787834700000,259.379,260.05,259.338,259.758
1787835600000,259.757,260.173,259.755,259.904
1787836500000,259.56,260,258.99,258.99
1787837400000,259.02,259.62,255.691,257.795
1787838300000,257.87,258.61,256.82,257.445
1787839200000,257.42,257.62,256.71,257.389
1787840100000,257.44,257.69,256.807,257.16
1787841000000,257.16,257.27,256.59,256.88
1787841900000,256.74,257.08,256.54,256.82
1787842800000,256.801,257.32,256.56,257.246
1787843700000,257.246,257.56,256.398,256.398
1787844600000,256.397,256.49,255.904,256.095
1787845500000,256.09,256.45,255.955,256.33
1787846400000,256.35,256.725,256.255,256.5
1787847300000,256.502,256.69,256.15,256.493
1787848200000,256.492,256.7,256.17,256.529
1787849100000,256.545,256.75,255.94,256.265
1787850000000,256.26,256.287,255.695,255.95
1787850900000,256.007,256.03,255.45,255.885
1787851800000,255.883,256.39,255.68,256.3
1787852700000,256.285,256.305,255.49,255.845
1787853600000,255.847,256.09,255.153,255.153
1787854500000,255.23,255.473,255.01,255.06
1787855400000,255.16,255.61,255.074,255.365
1787856300000,255.368,255.623,255.11,255.548
1787857200000,255.545,255.785,255.52,255.706
1787858100000,255.675,256.09,255.64,255.805
1787859000000,255.75,256.88,255.74,256.85
1787859900000,256.84,257.06,256.11,256.216
1787860800000,256.214,256.363,255.99,256.363
1787861700000,256.369,256.415,256.165,256.195
1787862600000,256.195,256.478,256.152,256.369
1787863500000,256.37,256.4,256.24,256.3
1787864400000,256.3,256.4,256.227,256.3
1787865300000,256.4,256.4,256.271,256.4
1787866200000,256.27,256.37,256.245,256.27
1787867100000,256.265,256.37,256.25,256.25
1787868000000,256.25,256.4,256.25,256.37
1787868900000,256.37,256.559,256.3,256.41
1787869800000,256.41,256.5,256.41,256.41
1787870700000,256.41,256.55,256.41,256.55
1787871600000,256.49,256.55,256.35,256.49
1787872500000,256.456,256.48,256.386,256.4
1787873400000,256.36,256.4,256.325,256.36
1787874300000,256.24,256.325,256.174,256.24
1787875200000,256.256,256.6,256.256,256.59
1787876100000,256.59,256.65,256.55,256.61
1787877000000,256.62,256.7,256.58,256.69
1787877900000,256.66,256.71,256.45,256.49
1787878800000,256.48,256.58,256.48,256.54
1787879700000,256.53,256.58,256.51,256.57
1787880600000,256.57,256.59,256.46,256.54
1787881500000,256.5,256.67,256.5,256.64
1787882400000,256.66,256.68,256.58,256.65
1787883300000,256.65,256.78,256.65,256.76
1787884200000,256.78,256.8,256.62,256.67
1787885100000,256.61,256.7,256.55,256.7
1787886000000,256.68,256.91,256.68,256.88
1787886900000,256.88,256.95,256.85,256.93
1787887800000,256.93,256.94,256.71,256.77
1787888700000,256.75,256.8,256.67,256.74
1787889600000,256.78,256.78,256.66,256.7
1787890500000,256.7,256.77,256.69,256.72
1787891400000,256.74,256.74,256.66,256.71
1787892300000,256.69,256.77,256.67,256.7
1787893200000,256.74,256.74,256.64,256.68
1787894100000,256.68,256.74,256.62,256.7
1787895000000,256.69,256.76,256.54,256.76
1787895900000,256.75,256.76,256.65,256.68
1787896800000,256.65,256.71,256.6,256.61
1787897700000,256.64,256.75,256.58,256.71
1787898600000,256.71,256.84,256.68,256.79
1787899500000,256.79,256.91,256.79,256.89
1787900400000,256.89,256.95,256.75,256.83
1787901300000,256.81,256.91,256.77,256.85
1787902200000,256.86,257.01,256.72,256.95
1787903100000,256.96,257.1,256.9,256.9
1787904000000,257.26,257.56,256.259,257.5
1787904900000,257.56,257.63,257.56,257.63
1787905800000,257.56,257.91,257.49,257.82
1787906700000,257.56,257.56,257.505,257.56
1787907600000,257.505,257.809,257.505,257.75
1787908500000,257.75,257.75,257.319,257.505
1787909400000,257.505,257.505,257.41,257.41
1787910300000,257.41,257.41,257.105,257.275
1787911200000,257.29,257.29,257.105,257.29
1787912100000,257.07,257.15,257.065,257.07
1787913000000,257.065,257.505,257.065,257.505
1787913900000,257.505,257.505,257.255,257.255
1787914800000,257.1,257.255,257,257.1
1787915700000,257.28,257.398,257.151,257.3
1787916600000,257.375,257.375,257.133,257.133
1787917500000,257.131,257.375,257.125,257.255
1787918400000,257.255,257.344,257.195,257.325
1787919300000,257.325,257.43,257.3,257.394
1787920200000,257.25,257.4,257.2,257.26
1787921100000,257.51,257.75,257.201,257.51
1787922000000,257.575,257.797,257.39,257.515
1787922900000,257.36,258.47,257.101,258.46
1787923800000,258.44,259.54,257.82,259.415
1787924700000,259.44,259.76,258.76,259.34
1787925600000,259.355,260.21,259.2,259.53
1787926500000,259.409,261.89,259.25,260.793
1787927400000,260.87,263.47,260.715,263.36
1787928300000,263.46,265.41,263.33,265.24
1787929200000,265.192,267.06,265.14,265.77
1787930100000,265.81,267.24,265.76,266.689
1787931000000,266.718,267.52,266.64,266.703
1787931900000,266.7,266.8,265.05,265.43
1787932800000,265.4,266.86,265.18,266.81
1787933700000,266.757,267.02,264.74,265.84
1787934600000,265.855,266.37,265.47,265.527
1787935500000,265.521,266.16,265.125,265.186
1787936400000,265.2,265.51,264.41,265.5
1787937300000,265.54,265.555,265.12,265.215
1787938200000,265.274,265.34,264.82,265.14
1787939100000,265.12,265.545,265.04,265.438
1787940000000,265.39,265.44,264.835,265.125
1787940900000,265.125,265.615,264.94,265.33
1787941800000,265.365,265.755,265.03,265.755
1787942700000,265.728,265.855,264.815,265.137
1787943600000,265.14,265.46,265.02,265.417
1787944500000,265.416,266.01,265.01,266.009
1787945400000,266.06,266.475,265.69,266.275
1787946300000,266.24,266.715,265.8,266.38
1787947200000,266.418,266.464,266.201,266.35
1787948100000,266.35,266.397,266.031,266.145
1787949000000,266.145,266.345,266.145,266.345
1787949900000,266.27,266.35,266.27,266.27
1787950800000,266.24,266.418,266.24,266.24
1787951700000,266.37,266.37,266.24,266.3
1787952600000,266.3,266.315,266.24,266.255
1787953500000,266.255,266.3,266.235,266.3
1787954400000,266.3,266.345,266.14,266.3
1787955300000,266.14,266.16,266.14,266.16
1787956200000,266.01,266.16,266.01,266.01
1787957100000,266.125,266.243,266.09,266.22
1787958000000,266.22,266.22,266.145,266.19
1787958900000,266.19,266.19,266.115,266.115
1787959800000,266.115,266.25,266.115,266.14
1787960700000,266.14,266.238,266.126,266.16
1787963400000,266.31,266.31,266.31,266.31
1787970600000,266.31,266.33,266.31,266.33
1787976900000,266.29,266.29,266.29,266.29
1788003000000,266.39,266.39,266.2,266.26
1788003900000,266.26,266.45,266.25,266.25
1788016500000,266.25,266.25,266.19,266.19
1788017400000,266.19,266.19,266.18,266.18
1788020100000,266.45,266.45,266.34,266.34
1788021000000,266.46,266.46,266.46,266.46
1788022800000,266.46,266.46,266.26,266.26
1788023700000,266.47,266.47,266.26,266.26
1788028200000,266.47,266.47,266.47,266.47
1788029100000,266.26,266.26,266.22,266.22
1788044400000,266.47,266.47,266.47,266.47
1788066900000,266.28,266.28,266.28,266.28
1788083100000,266.28,266.28,266.21,266.21
1788093000000,266.38,266.38,266.38,266.38
1788103800000,266.34,266.34,266.34,266.34
1788105600000,266.42,266.48,266.42,266.48
1788112800000,266.48,266.5,266.48,266.5
1788113700000,266.49,266.49,266.38,266.38
1788116400000,266.49,266.49,266.49,266.49
1788118200000,266.5,266.5,266.37,266.37
1788130800000,266.62,266.62,266.36,266.36
1788134400000,266.11,266.66,264.55,265.06
1788135300000,265.05,265.77,265.05,265.26
1788136200000,265.29,265.63,265.27,265.29
1788137100000,265.34,265.34,264.99,265.02
1788138000000,265.03,265.03,264.37,264.44
1788138900000,264.52,264.59,264.22,264.29
1788139800000,264.36,264.53,264.13,264.41
1788140700000,264.35,264.71,264.35,264.64
1788141600000,264.64,264.85,264.64,264.83
1788142500000,264.87,264.88,264.24,264.33
1788143400000,264.27,264.37,263.94,264
1788144300000,264.06,264.52,264.06,264.49
1788145200000,264.56,264.62,264.41,264.61
1788146100000,264.61,264.84,264.51,264.79
1788147000000,264.79,264.99,264.79,264.88
1788147900000,264.94,265.12,264.84,265.12
1788148800000,265.24,265.34,265.13,265.33
1788149700000,265.36,265.37,265.01,265.22
1788150600000,265.13,265.3,265.08,265.21
1788151500000,265.28,265.72,265.22,265.69
1788152400000,265.68,266.45,265.64,266.13
1788153300000,266.13,266.58,266.13,266.27
1788154200000,266.29,266.42,265.91,265.92
1788155100000,265.99,266.41,265.79,266.31
1788156000000,266.31,266.56,266.17,266.56
1788156900000,266.54,266.69,266.39,266.66
1788157800000,266.66,266.77,266.5,266.71
1788158700000,266.74,266.83,266.49,266.49
1788159600000,266.49,266.84,266.41,266.74
1788160500000,266.75,266.75,266.49,266.54
1788161400000,266.54,266.54,265.88,265.88
1788162300000,265.89,266.16,265.73,265.81
1788163200000,266.16,266.16,264.96,265.23
1788164100000,265.22,265.22,264.9,265.075
1788165000000,265.075,265.125,264.825,264.88
1788165900000,264.88,264.88,264.88,264.88
1788166800000,265.01,265.01,264.88,265.01
1788167700000,264.88,266.075,264.88,265.361
1788168600000,265.36,265.7,265.36,265.5
1788169500000,265.5,265.7,265.5,265.7
1788170400000,265.7,265.9,265.48,265.675
1788171300000,265.29,265.675,265.145,265.23
1788172200000,265.22,265.4,265.159,265.22
1788173100000,265.268,265.4,265.186,265.186
1788174000000,264.95,265.358,264.841,264.9
1788174900000,264.991,265.475,264.976,265.2
1788175800000,265.2,265.43,265.091,265.165
1788176700000,265.165,265.165,264.7,264.7
1788177600000,264.7,264.965,264.7,264.9
1788178500000,264.9,264.975,264.5,264.6
1788179400000,264.6,264.6,264.222,264.36
1788180300000,264.48,264.5,264.005,264.09
1788181200000,263.94,264.197,263.885,264.1
1788182100000,264.39,264.6,263.6,263.95
1788183000000,263.645,264.28,261.25,261.475
1788183900000,261.532,262.32,261.07,261.258
1788184800000,261.15,261.26,260.05,260.21
1788185700000,260.185,260.385,259.71,260.1
1788186600000,260.045,260.39,259.88,260.245
1788187500000,260.19,260.95,259.75,260.885
1788188400000,260.935,261.767,260.83,261.685
1788189300000,261.71,261.79,261.26,261.56
1788190200000,261.55,261.57,260.868,261.06
1788191100000,261.095,261.5,260.86,260.94
1788192000000,260.913,261.25,260.688,261.237
1788192900000,261.239,261.324,260.8,260.919
1788193800000,260.92,260.988,260.69,260.855
1788194700000,260.91,261.49,260.873,261.33
1788195600000,261.295,261.64,261.04,261.42
1788196500000,261.435,261.52,260.71,260.75
1788197400000,260.81,261.067,260.64,260.99
1788198300000,261.025,261.353,260.946,261.07
1788199200000,260.99,261.051,257.13,258.36
1788200100000,258.22,258.76,257.4,257.835
1788201000000,257.833,258.135,257.395,257.666
1788201900000,257.68,258.69,257.594,258.62
1788202800000,258.64,258.86,258.33,258.79
1788203700000,258.73,259.18,258.73,258.98
1788204600000,258.985,259.475,258.91,259.275
1788205500000,259.88,260.18,259.755,259.91
1788206400000,259.9,260.089,259.259,259.89
1788207300000,259.821,260.075,259.82,260.075
1788208200000,260.062,260.095,259.9,259.9
1788209100000,259.9,260.08,259.9,260.08
1788210000000,260.08,260.094,259.915,260.008
1788210900000,260.006,260.1,259.985,259.995
1788211800000,260,260.023,259.935,260
1788212700000,260.095,260.098,259.962,260.095
1788213600000,260.1,260.1,260.001,260.1
1788214500000,260.085,260.137,260.07,260.09
1788215400000,260.24,260.435,260.09,260.24
1788216300000,260.434,260.435,260.325,260.355
1788217200000,260.353,260.395,260.27,260.325
1788218100000,260.325,260.374,260.325,260.325
1788219000000,260.325,260.365,260.325,260.365
1788219900000,260.365,260.365,260.16,260.215
1788220800000,260.31,260.31,259.87,259.98
1788221700000,260,260.4,260,260.22
1788222600000,260.24,260.32,260.18,260.24
1788223500000,260.22,260.26,260.04,260.12
1788224400000,260.12,260.18,260.11,260.14
1788225300000,260.09,260.1,259.96,259.99
1788226200000,260.03,260.19,259.98,260.15
1788227100000,260.14,260.21,260.1,260.18
1788228000000,260.21,260.24,260.09,260.13
1788228900000,260.12,260.23,260.01,260.07
1788229800000,260.07,260.15,260,260
1788230700000,260.01,260.17,259.98,260.14
1788231600000,260.13,260.18,260.04,260.04
1788232500000,260.11,260.16,260.08,260.14
1788233400000,260.11,260.27,260.1,260.27
1788234300000,260.26,260.34,260.16,260.16
1788235200000,260.25,260.25,260.16,260.17
1788236100000,260.18,260.26,260.18,260.26
1788237000000,260.27,260.27,260.12,260.12
1788237900000,260.11,260.23,260.1,260.11
1788238800000,260.09,260.11,260.03,260.07
1788239700000,260.07,260.14,260,260.14
1788240600000,260.14,260.32,260.09,260.32
1788241500000,260.31,260.6,260.25,260.34
1788242400000,260.4,260.49,260.38,260.38
1788243300000,260.48,260.48,260.28,260.29
1788244200000,260.32,260.34,260.21,260.31
1788245100000,260.29,260.32,260.17,260.21
1788246000000,260.24,260.31,260.15,260.17
1788246900000,260.22,260.26,260.05,260.13
1788247800000,260.18,260.24,259.81,259.84
1788248700000,259.84,260.1,259.83,259.83
1788249600000,259.87,260.215,259.015,259.17
1788250500000,259.446,259.55,258.346,258.346
1788251400000,258.345,258.795,258.345,258.555
1788252300000,258.555,258.555,258.25,258.25
1788253200000,258,258.25,257.78,258
1788254100000,257.78,257.985,257.543,257.615
1788255000000,257.615,258.13,257.51,258.13
1788255900000,258.13,258.13,257.455,257.482
1788256800000,257.481,257.886,257.35,257.69
1788257700000,257.55,258.085,257.55,257.55
1788258600000,257.78,257.89,257.676,257.86
1788259500000,257.842,257.842,257.755,257.755
1788260400000,257.6,257.92,256.043,256.06
1788261300000,256.25,256.376,256.066,256.18
1788262200000,256.01,256.171,255.724,256.05
1788263100000,256,256.135,255.32,255.5
1788264000000,255.03,255.475,254.617,254.89
1788264900000,255.1,255.876,255.029,255.59
1788265800000,255.722,255.723,255.075,255.133
1788266700000,255.36,255.374,255.006,255.31
1788267600000,255.16,255.262,254.72,254.89
1788268500000,254.59,255.12,254.47,255.12
1788269400000,254.908,255.65,252,255.029
1788270300000,255.014,255.8,253.825,254.052
1788271200000,253.94,254.1,253.58,253.99
1788272100000,254,254.58,253.97,254.56
1788273000000,254.555,255.28,254.43,254.76
1788273900000,254.76,254.855,254.12,254.365
1788274800000,254.441,254.92,253.98,254.73
1788275700000,254.72,255.3,254.5,254.987
1788276600000,254.93,255.29,254.83,255.01
1788277500000,255.01,255.52,254.969,255.41
1788278400000,255.42,255.47,254.629,254.64
1788279300000,254.51,254.685,254.01,254.41
1788280200000,254.405,254.788,254.1,254.36
1788281100000,254.37,254.664,254.29,254.645
1788282000000,254.62,254.767,254.255,254.55
1788282900000,254.59,254.657,254.005,254.355
1788283800000,254.357,254.649,254.31,254.52
1788284700000,254.52,254.711,254.22,254.632
1788285600000,254.655,254.81,254.18,254.7
1788286500000,254.7,255.4,254.7,254.945
1788287400000,254.915,255.01,254.31,254.33
1788288300000,254.33,254.38,253.94,254.155
1788289200000,254.15,254.355,254.049,254.3
1788290100000,254.3,254.6,254.07,254.15
1788291000000,254.185,254.28,253.9,254.26
1788291900000,254.275,254.89,254.14,254.89
1788292800000,254.85,255,254.61,254.879
1788293700000,254.879,255.327,254.836,255.199
1788294600000,255.09,255.214,254.967,255.11
1788295500000,255.055,255.055,254.779,254.925
1788296400000,254.925,254.925,254.766,254.85
1788297300000,254.85,254.9,254.836,254.85
1788298200000,254.85,254.929,254.85,254.855
1788299100000,254.855,254.95,254.855,254.88
1788300000000,254.88,254.983,254.82,254.825
1788300900000,254.84,254.985,254.82,254.84
1788301800000,254.925,254.993,254.739,254.885
1788302700000,255.06,255.185,254.875,255.06
1788303600000,255.1,255.21,254.975,255.034
1788304500000,255.02,255.21,254.95,255.21
1788305400000,255.21,255.21,255.019,255.16
1788306300000,255.06,255.26,254.99,255.06
1788307200000,254.8,255.13,254.77,255
1788308100000,254.96,255.25,254.94,254.94
1788309000000,254.96,254.96,254.75,254.9
1788309900000,254.9,255.02,254.73,254.73
1788310800000,254.71,254.77,254.62,254.65
1788311700000,254.71,254.77,254.63,254.67
1788312600000,254.67,254.69,254.47,254.52
1788313500000,254.54,254.54,254.31,254.44
1788314400000,254.49,254.5,254.31,254.31
1788315300000,254.4,254.55,254.4,254.55
1788316200000,254.5,254.75,254.49,254.58
1788317100000,254.53,254.6,254.52,254.53
1788318000000,254.53,254.57,254.42,254.46
1788318900000,254.52,254.56,254.46,254.53
1788319800000,254.53,254.53,254.39,254.48
1788320700000,254.47,254.49,253.68,253.88
1788321600000,253.93,254.16,253.92,254.16
1788322500000,254.18,254.2,254.14,254.16
1788323400000,254.18,254.27,254.12,254.2
1788324300000,254.17,254.27,254.14,254.22
1788325200000,254.21,254.39,254.03,254.39
1788326100000,254.51,254.52,254.15,254.34
1788327000000,254.39,254.5,254.27,254.5
1788327900000,254.47,254.51,254.42,254.51
1788328800000,254.51,254.51,254.19,254.2
1788329700000,254.27,254.3,254.1,254.11
1788330600000,254.12,254.24,254.01,254.15
1788331500000,254.13,254.19,253.92,254.11
1788332400000,254.12,254.5,254.12,254.5
1788333300000,254.5,254.67,254.36,254.46
1788334200000,254.36,254.36,254.08,254.1
1788335100000,254.09,254.1,253.77,253.8
1788336000000,254.2,255.025,254.11,254.2
1788336900000,254.375,254.42,254.09,254.114
1788337800000,254.01,254.115,254.01,254.01
1788338700000,254.115,254.115,253.222,253.67
1788339600000,253.67,253.975,253.315,253.315
1788340500000,253.315,253.925,253.225,253.925
1788341400000,253.36,253.925,253.26,253.26
1788342300000,253.275,253.662,253.23,253.292
1788343200000,253.291,253.291,252.763,252.98
1788344100000,252.98,253.685,252.855,253.585
1788345000000,252.98,253.87,252.98,252.98
1788345900000,253.13,253.675,253.13,253.325
1788346800000,253,253.596,253,253
1788347700000,253.78,254.1,253.59,253.78
1788348600000,253.9,254.429,253.9,254.235
1788349500000,254.33,254.411,253.995,254.33
1788350400000,254.412,254.753,254.355,254.753
1788351300000,254.81,255.149,254.475,254.65
1788352200000,254.7,254.798,254.58,254.7
1788353100000,254.625,254.635,254.1,254.192
1788354000000,254.27,254.583,254.125,254.42
1788354900000,254.33,254.975,254.203,254.3
1788355800000,254.67,254.745,253.45,254.275
1788356700000,254.24,255.62,254,255.32
1788357600000,255.297,255.945,254.69,255.57
1788358500000,255.57,256.193,255.15,256.09
1788359400000,256,256.1,254.89,255.34
1788360300000,255.4,255.8,255.065,255.33
1788361200000,255.34,255.85,255.01,255.15
1788362100000,254.92,255.358,254.78,255.33
1788363000000,255.32,255.403,254.705,254.765
1788363900000,254.71,255.03,254.46,254.965
1788364800000,254.965,255.11,254.645,254.87
1788365700000,254.94,255.052,254.495,254.85
1788366600000,254.83,255.08,254.68,254.93
1788367500000,254.95,255.61,254.93,255.11
1788368400000,255.175,255.22,254.25,254.61
1788369300000,254.605,254.95,254.4,254.785
1788370200000,254.765,254.781,254.4,254.74
1788371100000,254.79,255.09,254.695,255.065
1788372000000,254.995,255.01,254.682,254.795
1788372900000,254.785,255.34,254.655,254.76
1788373800000,254.732,255,254.43,254.908
1788374700000,254.95,255.315,254.65,255.195
1788375600000,255.2,255.345,255.04,255.3
1788376500000,255.3,255.51,255.03,255.18
1788377400000,255.06,255.182,254.74,255.155
1788378300000,255.15,255.27,254.54,254.9
1788379200000,255.3,255.505,254.876,255.26
1788380100000,255.065,255.074,255.022,255.06
1788381000000,255.06,255.3,255.035,255.3
1788381900000,255.3,255.399,255.161,255.25
1788382800000,255.26,255.36,255.225,255.36
1788383700000,255.35,255.455,254.769,255
1788384600000,255,255.189,254.942,254.965
1788385500000,254.965,255.21,254.965,255.101
1788386400000,255.101,255.255,254.905,255.255
1788387300000,255.69,255.89,255.241,255.79
1788388200000,255.74,255.74,255.496,255.74
1788389100000,255.92,256.199,255.586,256
1788390000000,256.08,256.155,255.905,256.04
1788390900000,256.1,256.115,255.989,256.05
1788391800000,256.005,256.045,255.99,255.99
1788392700000,256.11,256.5,255.99,256.11
1788393600000,256.23,256.23,255.81,255.9
1788394500000,255.96,255.98,255.63,255.85
1788395400000,255.81,255.89,255.65,255.8
1788396300000,255.79,255.91,255.74,255.76
1788397200000,255.79,255.98,255.75,255.98
1788398100000,255.96,256.06,255.78,255.82
1788399000000,255.83,256.14,255.83,256
1788399900000,255.99,255.99,255.52,255.52
1788400800000,255.53,256.01,255.51,255.94
1788401700000,255.98,256.09,255.95,256
1788402600000,256.02,256.12,255.99,255.99
1788403500000,255.99,256.13,255.99,256.01
1788404400000,256.04,256.18,255.98,256.18
1788405300000,256.19,256.35,256.19,256.24
1788406200000,256.26,256.49,256.21,256.35
1788407100000,256.33,256.36,256.29,256.29
1788408000000,256.3,256.39,256.22,256.34
1788408900000,256.36,256.41,256.23,256.23
1788409800000,256.23,256.31,256.19,256.2
1788410700000,256.23,256.27,256.09,256.13
1788411600000,256.09,256.11,255.81,255.83
1788412500000,255.83,255.83,255.36,255.49
1788413400000,255.57,255.74,255.57,255.7
1788414300000,255.69,255.96,255.69,255.96
1788415200000,255.96,255.96,255.89,255.89
1788416100000,255.93,255.94,255.82,255.93
1788417000000,255.94,255.98,255.83,255.95
1788417900000,255.95,255.95,255.74,255.79
1788418800000,255.73,256.33,255.72,256.16
1788419700000,256.03,256.15,256.01,256.11
1788420600000,256.12,256.31,256,256.31
1788421500000,256.29,256.35,256.1,256.12
1788422400000,256.2,256.83,256.2,256.689
1788423300000,256.687,256.804,256.625,256.625
1788424200000,256.625,256.625,256.625,256.625
1788425100000,256.625,256.625,256.625,256.625
1788426000000,256.625,256.743,256.625,256.625
1788426900000,256.625,256.625,256.5,256.5
1788427800000,256.5,256.5,256.1,256.195
1788428700000,256.195,256.195,255.65,255.865
1788429600000,255.865,256.16,255.76,255.76
1788430500000,255.76,255.76,255.76,255.76
1788431400000,255.76,255.76,255.65,255.76
1788432300000,255.76,255.76,255.76,255.76
1788433200000,255.76,255.921,255.477,255.8
1788434100000,255.8,256.099,255.686,255.8
1788435000000,255.8,255.825,255.28,255.366
1788435900000,255.351,255.445,255.205,255.435
1788436800000,255.446,255.7,255.406,255.7
1788437700000,255.7,255.7,255.158,255.2
1788438600000,255.275,255.95,255.275,255.509
1788439500000,255.507,256.4,255.415,256.283
1788440400000,256.282,256.428,256.05,256.083
1788441300000,256.08,256.2,255.877,256.1
1788442200000,256.21,259.42,256.065,259.12
1788443100000,259.048,259.25,257.697,257.712
1788444000000,257.712,258.3,257.035,257.49
1788444900000,257.437,257.83,256.94,257.784
1788445800000,257.782,258.165,257.155,257.602
1788446700000,257.599,257.599,256.12,256.483
1788447600000,256.502,257.99,256.46,257.844
1788448500000,257.858,258.86,257.68,258.726
1788449400000,258.73,259.291,258.59,258.905
1788450300000,258.898,259.21,258.725,259.06
1788451200000,259.064,259.191,258.8,259.084
1788452100000,259.082,259.164,258.239,258.539
1788453000000,258.538,258.871,258.4,258.511
1788453900000,258.509,258.611,257.765,258.375
1788454800000,258.374,258.609,258.18,258.329
1788455700000,258.333,258.66,258.333,258.653
1788456600000,258.654,258.815,258.32,258.391
1788457500000,258.391,258.425,258.05,258.205
1788458400000,258.207,259.432,258.2,259.23
1788459300000,259.231,259.433,258.897,259.433
1788460200000,259.434,259.47,258.56,258.695
1788461100000,258.693,259.09,258.49,259.02
1788462000000,259.024,259.06,258.62,258.666
1788462900000,258.665,258.872,258.42,258.678
1788463800000,258.674,259.08,258.43,258.897
1788464700000,258.87,259.13,258.605,258.907
1788465600000,258.912,259.06,258.713,258.985
1788466500000,258.985,259.21,258.76,258.95
1788467400000,258.95,259.03,258.7,258.752
1788468300000,258.753,258.91,258.658,258.91
1788469200000,258.91,258.91,258.806,258.91
1788470100000,258.91,258.93,258.89,258.93
1788471000000,258.93,259.18,258.93,259.18
1788471900000,259.18,259.18,259,259.13
1788472800000,259.13,259.467,259,259.332
1788473700000,259.323,259.41,259.247,259.25
1788474600000,259.25,259.45,259.25,259.28
1788475500000,259.275,259.41,259.23,259.3
1788476400000,259.3,259.45,259.3,259.355
1788477300000,259.354,259.41,259.335,259.35
1788478200000,259.35,259.41,259.232,259.232
1788479100000,259.231,259.355,259.23,259.324
1788480000000,259.25,259.4,259.07,259.38
1788480900000,259.38,259.47,259.3,259.33
1788481800000,259.34,259.51,259.3,259.5
1788482700000,259.47,259.51,259.4,259.51
1788483600000,259.51,259.51,259.44,259.45
1788484500000,259.45,259.53,259.45,259.53
1788485400000,259.51,259.63,259.51,259.6
1788486300000,259.6,259.62,259.4,259.41
1788487200000,259.48,259.59,259.47,259.59
1788488100000,259.55,259.69,259.49,259.68
1788489000000,259.68,259.72,259.65,259.65
1788489900000,259.67,259.86,259.67,259.86
1788490800000,259.84,259.9,259.79,259.79
1788491700000,259.83,259.94,259.83,259.89
1788492600000,259.91,260,259.91,259.91
1788493500000,259.91,259.93,259.81,259.81
1788494400000,259.81,259.81,259.65,259.7
1788495300000,259.64,259.69,259.55,259.68
1788496200000,259.68,259.77,259.68,259.74
1788497100000,259.75,259.77,259.71,259.71
1788498000000,259.79,259.9,259.76,259.87
1788498900000,259.94,259.94,259.35,259.59
1788499800000,259.59,259.59,259.34,259.41
1788500700000,259.42,259.5,259.34,259.5
1788501600000,259.43,259.49,259.34,259.41
1788502500000,259.5,259.6,259.39,259.6
1788503400000,259.59,259.59,259.5,259.57
1788504300000,259.55,259.56,259.35,259.48
1788505200000,259.48,259.59,259.42,259.59
1788506100000,259.57,259.58,259.45,259.51
1788507000000,259.54,259.6,259.47,259.59
1788507900000,259.66,259.68,259.38,259.38
1788508800000,259.325,260.1,259.325,259.874
1788509700000,259.875,260.245,259.875,260.245
1788510600000,260.245,260.425,260.221,260.36
1788511500000,260.36,260.61,260.36,260.61
1788512400000,260.61,260.61,260.42,260.42
1788513300000,260.42,260.554,260.42,260.42
1788514200000,260.42,260.59,260.42,260.59
1788515100000,260.59,260.636,260.59,260.605
1788516000000,260.605,260.635,260.42,260.43
1788516900000,260.43,260.43,260.43,260.43
1788517800000,260.43,260.564,260.43,260.51
1788518700000,260.51,260.51,260.51,260.51
1788519600000,260.51,260.51,260.295,260.325
1788520500000,260.325,260.44,260.236,260.3
1788521400000,260.3,260.85,260.285,260.85
1788522300000,260.85,260.952,260.464,260.621
1788523200000,260.622,260.623,259.8,259.849
1788524100000,259.857,260.51,259.8,260.51
1788525000000,260.456,260.456,259,259.892
1788525900000,259.906,260.093,259.213,259.599
1788526800000,259.599,259.78,259.39,259.695
1788527700000,259.695,259.896,258.6322,258.99
1788528600000,259.215,261.12,258.385,258.5199
1788529500000,258.49,258.7699,256.81,257.96
1788530400000,257.88,258.52,257.48,258.05
1788531300000,258.05,258.17,257.31,257.31
1788532200000,257.33,257.5,256.82,257.01
1788533100000,257.03,257.185,256.17,256.53
1788534000000,256.47,256.52,255.29,255.68
1788534900000,255.69,256.1,255.34,255.995
1788535800000,255.995,256.1,255.67,255.9639
1788536700000,255.96,256.32,255.77,256.03
1788537600000,256.03,256.6233,255.81,256.589
1788538500000,256.581,257.1199,256.45,257.04
1788539400000,257.04,257.39,256.96,257.1
1788540300000,257.16,257.32,257.05,257.25
1788541200000,257.26,257.28,256.83,257.13
1788542100000,257.12,257.17,256.82,256.88
1788543000000,256.84,257.015,256.685,256.87
1788543900000,256.88,257.2495,256.76,257.15
1788544800000,257.15,257.485,257.11,257.41
1788545700000,257.42,257.4999,257.07,257.325
1788546600000,257.34,257.698,257.31,257.61
1788547500000,257.62,258.28,257.5418,258.215
1788548400000,258.22,258.23,257.95,258.16
1788549300000,258.16,258.5,258.09,258.445
1788550200000,258.405,258.5999,258.25,258.445
1788551100000,258.45,259.28,258.33,258.51
1788552000000,258.41,258.65,257.21,258
1788552900000,258.05,258.51,257.91,258.02
1788553800000,258.2,258.2,256.87,258.16
1788554700000,258.173,258.35,257.9012,258.2217
1788555600000,258.28,258.8747,258.28,258.67
1788556500000,258.74,258.88,258.2774,258.74
1788557400000,258.37,258.6,258.13,258.4
1788558300000,258.45,258.45,258.3103,258.3622
1788559200000,258.43,258.44,258.3,258.3
1788560100000,258.27,258.32,258,258.1678
1788561000000,258.23,258.44,258.01,258.44
1788561900000,258.35,258.58,258.25,258.26
1788562800000,258.3965,258.47,258.25,258.43
1788563700000,258.47,258.48,258.26,258.3279
1788564600000,258.395,259.47,258.3,258.39
1788565500000,259.06,259.3,258.25,258.2593
1788579000000,258.26,258.26,258.26,258.26
1788580800000,258.26,258.26,258.26,258.26
1788581700000,258.26,258.26,258.26,258.26
1788592500000,258.19,258.19,257.75,257.75
1788595200000,257.6,258.26,257.49,258.26
1788598800000,258.26,258.26,258.26,258.26
1788612300000,258.26,258.26,258.26,258.26
1788615000000,258.26,258.46,257.46,258.46
1788615900000,258.49,258.49,258.49,258.49
1788622200000,258.3,258.56,258.3,258.56
1788626700000,258.59,258.65,258.39,258.65
1788627600000,258.66,258.71,258.66,258.71
1788629400000,258.59,258.72,257.07,258.72
1788631200000,258.75,258.75,258.75,258.75
1788637500000,258.78,258.78,258.78,258.78
1788639300000,258.8,258.8,258.8,258.8
1788649200000,258.8,258.82,258.8,258.82
1788654600000,258.85,258.95,258.7,258.7
1788688800000,258.84,258.84,258.84,258.84
1788705000000,258.68,258.68,258.5,258.5
1788710400000,258.62,258.62,258.34,258.34
1788714000000,258.34,258.64,257.84,257.9
1788717600000,258.05,258.07,257.87,257.87
1788721200000,258.08,258.08,258.08,258.08
1788723900000,258.08,258.08,258.08,258.08
1788725700000,258.08,258.08,258.08,258.08
1788734700000,258.08,258.1,258.08,258.1
1788737400000,258.1,258.1,258.1,258.1
1788741000000,257.88,257.88,257.51,257.51
1788743700000,257.67,257.67,257.67,257.67
1788760800000,257.67,257.71,257.49,257.49
1788762600000,257.71,258.33,257.71,258.33
1788770700000,258.36,258.36,258.25,258.25
1788775200000,258.25,258.25,258.18,258.18
1788785100000,258.18,258.28,258.03,258.28
1788798600000,258.39,258.39,257.99,257.99
1788803100000,258.03,258.03,258.03,258.03
1788804000000,258.03,258.27,258.03,258.27
1788810300000,258.03,258.06,258.03,258.06
1788812100000,258.06,258.06,258.06,258.06
1788825600000,257.86,258.06,256.81,257.18
1788826500000,257.17,257.54,256.87,257.49
1788827400000,257.49,257.65,257.31,257.45
1788828300000,257.4,257.48,257.2,257.21
1788829200000,257.22,257.47,257.2,257.45
1788830100000,257.49,257.73,257.45,257.48
1788831000000,257.56,257.82,257.56,257.58
1788831900000,257.65,257.79,257.57,257.79
1788832800000,257.78,258.06,257.78,257.96
1788833700000,257.96,258.2,257.9,258.2
1788834600000,258.14,258.21,258.1,258.11
1788835500000,258.15,258.17,257.85,257.85
1788836400000,257.85,258,257.66,257.99
1788837300000,257.98,258.29,257.98,258.29
1788838200000,258.29,258.5,258.22,258.22
1788839100000,258.27,258.27,258,258.08
1788840000000,258.1,258.35,257.98,258.16
1788840900000,258.2,258.7,258.2,258.55
1788841800000,258.58,258.63,258.12,258.54
1788842700000,258.59,258.61,258.06,258.1
1788843600000,258.11,258.18,257.9,257.9
1788844500000,257.9,258.36,257.84,257.91
1788845400000,257.98,257.98,257.5,257.51
1788846300000,257.51,257.6,257.25,257.29
1788847200000,257.29,257.34,257.15,257.22
1788848100000,257.24,257.43,257.17,257.24
1788849000000,257.32,257.45,257.13,257.13
1788849900000,257.23,257.44,257.19,257.31
1788850800000,257.41,257.73,257.17,257.26
1788851700000,257.32,257.33,257.12,257.25
1788852600000,257.28,257.28,257,257.04
1788853500000,257.07,257.36,257,257.36
1788854400000,257.29,258.66,256.33,256.68
1788855300000,256.8,256.9735,256.33,256.8688
1788856200000,256.67,256.87,256.4117,256.6
1788857100000,256.65,256.7,256,256.3197
1788858000000,256.32,256.6895,256.1398,256.61
1788858900000,256.6,256.6895,256.3677,256.4
1788859800000,256.4,256.7,256.36,256.7
1788860700000,256.69,256.98,256.505,256.98
1788861600000,257,257.25,256.8,257.1
1788862500000,257,257.5,256.8,256.8012
1788863400000,257.02,257.1,256.45,256.45
1788864300000,256.9265,256.9265,256.1,256.11
1788865200000,256.13,256.35,255.7,255.75
1788866100000,255.85,256.25,255.63,256.12
1788867000000,256.15,256.25,255.83,256.11
1788867900000,256.03,256.67,256,256.44
1788868800000,256.4485,256.45,255.55,255.6
1788869700000,255.65,256,255.55,255.9845
1788870600000,255.9975,256.26,255.58,255.71
1788871500000,255.7,255.9,255.6,255.9
1788872400000,255.92,256.85,255.9,256.76
1788873300000,256.8,257.8382,256.6,256.7
1788874200000,256.78,257.69,254.95,257.23
1788875100000,257.28,257.3,256.02,256.335
1788876000000,256.35,256.35,254.8,254.9825
1788876900000,254.94,255.765,254.9,255.143
1788877800000,255.1996,255.51,254.75,255.33
1788878700000,255.35,257.01,255.225,256.87
1788879600000,256.88,257.226,256.46,257.17
1788880500000,257.145,257.46,256.74,257.3163
1788881400000,257.36,257.54,256.7126,256.8299
1788882300000,256.8299,256.96,256.2836,256.38
1788883200000,256.36,257.6177,256.23,257.3072
1788884100000,257.3045,257.315,256.81,256.905
1788885000000,256.88,257.46,256.88,257.46
1788885900000,257.4899,257.605,257,257.21
1788886800000,257.2,257.99,257.185,257.235
1788887700000,257.26,257.33,256.8702,256.9101
1788888600000,256.925,257.22,256.69,256.7
1788889500000,256.71,257.1401,256.67,256.97
1788890400000,256.9802,257.29,256.9,257.034
1788891300000,257.04,257.15,256.76,257.065
1788892200000,257.11,257.25,256.9005,257.1401
1788893100000,257.135,257.3744,256.07,256.96
1788894000000,256.9799,257.5,256.88,256.96
1788894900000,256.9799,257.365,256.65,257.1201
1788895800000,257.16,257.2701,256.53,256.9699
1788896700000,256.96,257.19,256.44,256.97
1788897600000,256.95,257.3,256.42,257.22
1788898500000,257.21,257.2692,256.8537,256.8537
1788899400000,256.85,257.162,256.85,257.02
1788900300000,257.01,257.4039,256.9,257.09
1788901200000,257.01,257.15,256.5186,257
1788902100000,257.04,257.1,256.97,257.03
1788903000000,257.045,258.8471,256.5186,256.97
1788903900000,257,257.07,256.5186,256.8601
1788904800000,257,257.07,256.86,257
1788905700000,256.97,257.05,256.76,256.93
1788906600000,256.93,257.05,256.85,257.03
1788907500000,257.0188,257.26,257,257.2
1788908400000,257.16,257.22,257,257.05
1788909300000,257.0592,257.12,256.81,256.8414
1788910200000,256.85,256.99,256.82,256.89
1788911100000,256.88,256.95,256.6,256.65
1788912000000,256.76,257.17,256.6,257.09
1788912900000,257,257.04,256.9,256.97
1788913800000,257.02,257.05,256.94,257.05
1788914700000,257.05,257.29,257.02,257.26
1788915600000,257.25,257.39,257.23,257.31
1788916500000,257.35,257.58,257.25,257.57
1788917400000,257.52,257.76,257.47,257.7
1788918300000,257.71,257.75,257.48,257.48
1788919200000,257.54,257.6,257.37,257.37
1788920100000,257.37,257.59,257.31,257.49
1788921000000,257.46,257.59,257.46,257.56
1788921900000,257.56,257.6,257.47,257.48
1788922800000,257.48,257.71,257.46,257.71
1788923700000,257.66,257.71,257.62,257.71
1788924600000,257.68,257.76,257.66,257.66
1788925500000,257.67,257.68,257.6,257.6
1788926400000,257.6,257.72,257.47,257.56
1788927300000,257.58,257.73,257.58,257.7
1788928200000,257.7,257.93,257.66,257.85
1788929100000,257.85,257.99,257.85,257.95
1788930000000,257.95,257.95,257.82,257.89
1788930900000,257.89,257.89,257.7,257.7
1788931800000,257.7,257.7,257.54,257.63
1788932700000,257.62,257.75,257.58,257.75
1788933600000,257.76,257.88,257.74,257.85
1788934500000,257.82,257.82,257.55,257.59
1788935400000,257.62,257.71,257.56,257.65
1788936300000,257.64,257.85,257.57,257.79
1788937200000,257.78,258,257.7,257.88
1788938100000,257.87,257.98,257.75,257.76
1788939000000,257.76,257.76,257.48,257.49
1788939900000,257.46,257.52,257.38,257.42
1788940800000,257.67,258.03,256.97,257.35
1788941700000,257.4592,257.48,256.8094,257
1788942600000,257.05,257.0888,256.5,256.65
1788943500000,256.76,256.94,256.55,256.77
1788944400000,256.73,256.7775,256.55,256.68
1788945300000,256.66,256.68,256.12,256.22
1788946200000,256.22,256.24,256,256.23
1788947100000,256.19,256.24,255.56,255.65
1788948000000,255.6512,256.1296,255.5,255.83
1788948900000,255.8,255.9,255.56,255.76
1788949800000,255.76,255.76,255.1,255.2
1788950700000,255.2,255.36,250.56,254.4712
1788951600000,254.96,255.14,253.11,253.86
1788952500000,253.9,254,251,253.17
1788953400000,253.17,253.23,252.55,252.6
1788954300000,252.6,253.51,252.58,253.3
1788955200000,253.3998,253.4597,252.55,252.6071
1788956100000,252.63,253.0922,252.61,252.8482
1788957000000,252.8022,253.33,252.63,253.1088
1788957900000,253.06,253.24,252.54,252.8385
1788958800000,252.8355,253,252.23,252.898
1788959700000,252.89,253.82,252.65,253.216
1788960600000,253.12,254.62,250.89,252.29
1788961500000,252.305,253.13,251.7912,252.435
1788962400000,252.435,252.65,251.615,252.46
1788963300000,252.45,252.65,251.52,252.45
1788964200000,252.45,252.48,251.86,252.48
1788965100000,252.475,252.69,251.63,251.805
1788966000000,251.79,252.03,250.92,250.9401
1788966900000,250.93,251.57,250.65,250.78
1788967800000,250.775,251.58,250.75,251.485
1788968700000,251.5,251.98,251.29,251.605
1788969600000,251.57,251.755,251.1,251.35
1788970500000,251.37,251.826,251.33,251.385
1788971400000,251.3682,251.44,251.08,251.39
1788972300000,251.41,252.16,251.35,251.845
1788973200000,251.845,252.3799,251.75,252.36
1788974100000,252.3408,252.58,252.21,252.25
1788975000000,252.25,252.3599,252.055,252.215
1788975900000,252.2,252.5,252.07,252.26
1788976800000,252.275,252.35,252.01,252.13
1788977700000,252.13,252.46,251.9113,252.41
1788978600000,252.41,252.76,252.2001,252.64
1788979500000,252.64,252.65,252.17,252.23
1788980400000,252.22,252.295,251.43,251.98
1788981300000,251.98,252.55,251.97,252.2201
1788982200000,252.23,252.3,252.06,252.226
1788983100000,252.24,252.61,252.05,252.4
1788984000000,252.46,252.55,252.29,252.425
1788984900000,252.4,252.53,252.4,252.48
1788985800000,252.4874,252.55,252.45,252.55
1788986700000,252.53,252.58,252.4497,252.5024
1788987600000,252.52,252.6,252.43,252.5
1788988500000,252.56,252.6,252.43,252.573
1788989400000,252.497,252.59,252.43,252.56
1788990300000,252.56,252.57,252.5,252.51
1788991200000,252.5088,252.57,252.25,252.32
1788992100000,252.29,252.49,252.25,252.49
1788993000000,252.4,252.49,252.4,252.47
1788993900000,252.48,252.48,252.3,252.3
1788994800000,252.4462,252.45,252.3,252.4
1788995700000,252.4374,252.44,252.3035,252.3845
1788996600000,252.4,252.44,252.3,252.38
1788997500000,252.38,252.57,252.31,252.4348
1788998400000,252.72,252.85,252.45,252.71
1788999300000,252.74,252.91,252.69,252.83
1789000200000,252.83,252.83,252.73,252.77
1789001100000,252.74,252.74,252.38,252.52
1789002000000,252.46,252.59,252.25,252.4
1789002900000,252.41,252.56,252.28,252.3
1789003800000,252.29,252.51,252.18,252.4
1789004700000,252.38,252.5,252.34,252.37
1789005600000,252.39,252.46,252.34,252.34
1789006500000,252.34,252.34,252.16,252.2
1789007400000,252.12,252.27,251.97,252.27
1789008300000,252.27,252.3,252.18,252.22
1789009200000,252.29,252.32,252.14,252.26
1789010100000,252.29,252.3,252.22,252.3
1789011000000,252.3,252.41,252.3,252.41
1789011900000,252.41,252.46,252.39,252.42
1789012800000,252.51,252.52,252.45,252.45
1789013700000,252.51,252.53,252.49,252.5
1789014600000,252.5,252.5,252.42,252.42
1789015500000,252.43,252.69,252.43,252.45
1789016400000,252.49,252.54,252.42,252.42
1789017300000,252.44,252.68,252.43,252.49
1789018200000,252.51,252.71,252.5,252.69
1789019100000,252.69,252.7,252.57,252.57
1789020000000,252.6,252.68,252.48,252.53
1789020900000,252.52,252.8,252.48,252.78
1789021800000,252.67,252.84,252.67,252.75
1789022700000,252.76,252.89,252.68,252.7
1789023600000,252.73,252.75,252.6,252.6
1789024500000,252.57,252.6,252.48,252.48
1789025400000,252.48,252.69,252.48,252.69
1789026300000,252.69,252.69,252.34,252.45
1789027200000,252,253.1955,252,253.03
1789028100000,253.04,253.13,252.791,253.09
1789029000000,253.09,253.2,252.7,252.91
1789029900000,253.1132,253.1132,252.6104,252.79
1789030800000,252.74,252.94,252.6085,252.94
1789031700000,252.9223,252.9388,252.56,252.58
1789032600000,252.57,252.8588,252.2107,252.51
1789033500000,252.4,252.63,252.28,252.4
1789034400000,252.33,252.4,252.12,252.3
1789035300000,252.34,253.2,252.2562,252.86
1789036200000,252.7,253.09,252.5,252.9
1789037100000,252.83,252.99,252.64,252.8
1789038000000,252.86,252.86,252.35,252.58
1789038900000,252.46,252.69,252.4,252.65
1789039800000,252.6,253,252.45,253
1789040700000,252.96,253,251.769,252.4
1789041600000,252.42,252.5988,252.05,252.54
1789042500000,252.5,252.6,251.73,251.8
1789043400000,251.8,252.18,250.51,250.84
1789044300000,250.9,250.95,250.36,250.42
1789045200000,250.45,251.85,250.26,250.5
1789046100000,250.5,251,249.8,249.9
1789047000000,250.19,251.85,249.58,250.6595
1789047900000,250.625,252.48,250.59,251.29
1789048800000,251.3,252.46,251.29,252.32
1789049700000,252.32,252.66,251.72,252.07
1789050600000,252.07,252.84,251.88,252.666
1789051500000,252.635,252.87,252.21,252.78
1789052400000,252.765,252.94,252.2101,252.9
1789053300000,252.8223,252.99,252.21,252.365
1789054200000,252.3799,252.74,252.29,252.56
1789055100000,252.57,253.06,252.11,252.38
1789056000000,252.371,252.88,252.15,252.49
1789056900000,252.475,252.7,252.38,252.49
1789057800000,252.5,252.675,252.186,252.58
1789058700000,252.58,253.0141,252.57,252.87
1789059600000,252.845,253.15,252.55,252.75
1789060500000,252.7403,252.85,252.41,252.41
1789061400000,252.41,252.43,251.845,252.25
1789062300000,252.255,252.38,252.09,252.12
1789063200000,252.1,252.31,251.96,252
1789064100000,252,252.21,251.88,252.05
1789065000000,252.0525,252.08,251.87,251.9612
1789065900000,251.9743,252.2999,251.8001,251.84
1789066800000,251.8,252.09,251.45,251.95
1789067700000,251.95,251.95,251.44,251.54
1789068600000,251.54,251.72,251.42,251.4591
1789069500000,251.43,251.96,250.89,251.89
1789070400000,251.89,252.13,251.35,252.13
1789071300000,252.07,252.25,251.89,252.02
1789072200000,252,252.07,251.53,251.83
1789073100000,251.9235,252.07,251.73,251.84
1789074000000,252,252.07,251.7,252.07
1789074900000,252.05,252.07,251.8,252
1789075800000,252.03,252.05,251.85,251.89
1789076700000,251.8537,252,251.85,251.9
1789077600000,252,252.2,251.9042,252.19
1789078500000,252.1183,252.2,251.9,252.1
1789079400000,251.9997,252,251.78,251.88
1789080300000,251.98,251.98,251.75,251.87
1789081200000,251.89,251.98,251.7,251.72
1789082100000,251.7,251.89,251.64,251.8
1789083000000,251.75,251.82,251.65,251.7239
1789083900000,251.8,251.8897,251.18,251.3
1789084800000,251.38,251.89,251.38,251.8
1789085700000,251.84,251.97,251.78,251.97
1789086600000,251.93,252.1,251.81,251.96
1789087500000,252.01,252.11,251.99,252.01
1789088400000,252.05,252.17,252.04,252.1
1789089300000,252.15,252.15,251.97,252.03
1789090200000,252.12,252.16,252,252.02
1789091100000,252.01,252.03,251.85,252
1789092000000,252,252.09,251.96,252.02
1789092900000,252.02,252.05,251.89,251.93
1789093800000,251.89,251.95,251.8,251.8
1789094700000,251.8,251.94,251.78,251.82
1789095600000,251.8,251.86,251.64,251.74
1789096500000,251.75,251.82,251.61,251.69
1789097400000,251.69,251.87,251.69,251.87
1789098300000,251.84,251.85,251.61,251.73
1789099200000,251.73,251.86,251.42,251.86
1789100100000,251.85,251.95,251.73,251.95
1789101000000,251.95,252.04,251.94,252
1789101900000,251.96,252.04,251.9,251.9
1789102800000,251.9,252.05,251.83,252.05
1789103700000,252.05,252.14,251.82,251.93
1789104600000,251.94,252.24,251.93,252.24
1789105500000,252.24,252.39,252.07,252.29
1789106400000,252.31,252.48,252.25,252.35
1789107300000,252.41,252.5,252.41,252.47
1789108200000,252.47,252.48,252.4,252.48
1789109100000,252.49,252.81,252.43,252.8
1789110000000,252.74,252.94,252.64,252.87
1789110900000,252.85,252.98,252.78,252.78
1789111800000,252.79,252.85,252.55,252.6
1789112700000,252.66,252.97,252.6,252.77
1789113600000,252.41,253.04,251.42,252.8
1789114500000,252.8,253.1,252.6,252.91
1789115400000,252.9997,253.28,252.88,253.2
1789116300000,253.32,253.57,253.23,253.57
1789117200000,253.57,253.7,253.4,253.41
1789118100000,253.4585,253.5,253.29,253.32
1789119000000,253.3988,253.53,253.25,253.5
1789119900000,253.52,253.7488,253.3404,253.68
1789120800000,253.63,253.775,253.2912,253.2912
1789121700000,253.39,253.6,253.2587,253.2587
1789122600000,253.53,253.7,253.36,253.7
1789123500000,253.7,253.8788,253.6,253.8767
1789124400000,253.7511,253.93,253.68,253.7638
1789125300000,253.77,253.77,253.5225,253.6302
1789126200000,253.7283,253.8,253.2965,253.44
1789127100000,253.4139,253.52,253.24,253.35
1789128000000,253.4268,253.45,253.3,253.3984
1789128900000,253.38,253.96,253.3316,253.894
1789129800000,253.65,254.19,252.7,253.9182
1789130700000,253.78,254.89,253.66,254.79
1789131600000,254.81,254.95,253.91,254.08
1789132500000,254.26,254.39,253.69,254.39
1789133400000,254.045,256.74,253.14,256.03
1789134300000,255.98,256.68,255.6,256.195
1789135200000,256.15,256.7345,255.8801,256.055
1789136100000,256.03,256.9118,255.68,255.72
1789137000000,255.72,255.76,254.7,255.065
1789137900000,255.1099,255.39,254.795,254.92
1789138800000,254.92,255.97,254.86,255.955
1789139700000,255.955,256.5499,255.935,256.32
1789140600000,256.315,256.385,255.71,255.85
1789141500000,255.85,255.88,255.485,255.7099
1789142400000,255.7,256.21,255.7,255.87
1789143300000,255.88,256.02,255.5501,255.56
1789144200000,255.57,256.06,255.41,256.01
1789145100000,256.035,256.1,255.55,255.755
1789146000000,255.76,256.25,255.74,256.18
1789146900000,256.2,256.88,256.19,256.7
1789147800000,256.69,257.25,256.65,256.65
1789148700000,256.6473,256.9892,256.57,256.85
1789149600000,256.83,257.025,256.46,256.575
1789150500000,256.5701,256.66,256.19,256.63
1789151400000,256.66,256.97,256.57,256.82
1789152300000,256.82,257.24,256.81,257.15
1789153200000,257.105,257.37,257.02,257.2816
1789154100000,257.285,257.44,257.09,257.29
1789155000000,257.2775,257.44,257.14,257.41
1789155900000,257.415,257.59,256.66,256.78
1789156800000,256.77,256.9597,256,256.6569
1789157700000,256.74,256.78,256.56,256.6035
1789158600000,256.6,256.74,256.57,256.65
1789159500000,256.7388,256.74,256.2,256.51
1789160400000,256.5,256.82,256.2,256.68
1789161300000,256.72,256.77,256.6,256.6042
1789162200000,256.65,256.77,256.6,256.64
1789163100000,256.64,256.99,256.6021,256.75
1789164000000,256.75,256.8466,256.61,256.67
1789164900000,256.8,256.9,256.6101,256.7807
1789165800000,256.71,256.84,256.71,256.8
1789166700000,256.722,256.8,256.6,256.62
1789167600000,256.795,256.8,256.61,256.68
1789168500000,256.69,256.84,256.68,256.76
1789169400000,256.84,256.84,256.76,256.76
1789170300000,256.76,256.84,256.68,256.7
1789172100000,256.71,256.71,256.71,256.71
1789175700000,256.71,256.71,256.71,256.71
1789182000000,256.83,256.83,256.71,256.71
1789186500000,256.7,256.7,256.7,256.7
1789187400000,256.66,256.66,256.66,256.66
1789191000000,256.79,256.79,256.79,256.79
1789205400000,256.66,256.66,256.66,256.66
1789226100000,256.66,256.66,256.65,256.65
1789242300000,256.79,256.79,256.79,256.79
1789244100000,256.79,256.79,256.79,256.79
1789254000000,256.79,256.79,256.79,256.79
1789255800000,256.79,256.83,256.79,256.83
1789295400000,256.64,256.64,256.62,256.62
1789303500000,256.57,256.57,256.5,256.5
1789304400000,256.48,256.48,256.24,256.24
1789308000000,256.83,256.84,256.83,256.84
1789315200000,256.83,256.83,256.83,256.83
1789321500000,256.35,256.35,256.35,256.35
1789326000000,256.83,256.83,256.83,256.83
1789330500000,256.83,256.83,256.83,256.83
1789340400000,256.83,256.83,254.74,254.74
1789342200000,254.88,254.88,254.88,254.88
1789344000000,254.33,255.16,253.73,254.41
1789344900000,254.48,254.78,254.46,254.5
1789345800000,254.49,254.58,254.12,254.24
1789346700000,254.38,254.41,254.14,254.23
1789347600000,254.23,254.44,254.03,254.26
1789348500000,254.17,254.69,254.08,254.69
1789349400000,254.69,254.7,254.5,254.56
1789350300000,254.53,255.09,254.51,254.78
1789351200000,254.77,254.77,254.6,254.69
1789352100000,254.63,255.01,254.62,254.94
1789353000000,254.96,255.05,254.94,255
1789353900000,254.99,255.14,254.96,255
1789354800000,254.91,254.91,254,254.14
1789355700000,254.17,254.36,254.12,254.31
1789356600000,254.21,254.28,254.16,254.23
1789357500000,254.23,254.25,254.16,254.2
1789358400000,254.2,254.36,254.2,254.33
1789359300000,254.33,254.54,254.3,254.54
1789360200000,254.54,254.58,254.39,254.58
1789361100000,254.56,254.66,254.56,254.66
1789362000000,254.58,254.58,254.38,254.45
1789362900000,254.42,254.55,254.35,254.54
1789363800000,254.49,254.52,253.99,254.14
1789364700000,254.15,254.51,254.15,254.46
1789365600000,254.46,254.57,254.37,254.39
1789366500000,254.46,254.48,254.45,254.48
1789367400000,254.48,254.5,254.11,254.11
1789368300000,254.1,254.32,254,254.03
1789369200000,254,254.07,253.61,253.82
1789370100000,253.8,254.02,253.76,253.9
1789371000000,253.82,254.02,253.7,253.75
1789371900000,253.73,253.79,253.5,253.5
1789372800000,254.47,254.7,253.5012,253.98
1789373700000,253.89,254.16,253.75,253.86
1789374600000,253.9,254,253.682,253.85
1789375500000,253.77,253.7975,253.23,253.34
1789376400000,253.2703,253.5,252.8,252.9
1789377300000,252.9,253.07,252.6967,253.05
1789378200000,252.8312,253.3015,252.76,253
1789379100000,253.0437,253.1088,252.8,253.0155
1789380000000,253.0753,253.3607,252.96,253.156
1789380900000,253.0112,253.6645,253.0112,253.64
1789381800000,253.6301,254.2997,253.62,254.24
1789382700000,254.2182,254.36,253.86,254.12
1789383600000,254.25,255.73,254.05,255.73
1789384500000,255.63,256.2499,255,255.56
1789385400000,255.4588,255.8,254.499,255.5
1789386300000,255.5,256.39,255.21,255.44
1789387200000,255.4,255.7147,255,255
1789388100000,255.0465,255.59,254.75,254.767
1789389000000,254.83,255,253.56,253.95
1789389900000,253.8201,254,253.12,253.8
1789390800000,253.8,253.8489,252.77,253.01
1789391700000,253,253.58,252.76,253.16
1789392600000,253.375,255.2,250.75,254.55
1789393500000,254.5352,254.62,252.8121,253.265
1789394400000,253.255,253.36,252.2801,252.7667
1789395300000,252.79,252.815,251.55,251.9201
1789396200000,251.9101,252.35,251.58,252.35
1789397100000,252.325,252.73,251.97,252.28
1789398000000,252.2744,253.1,251.99,252.65
1789398900000,252.64,253.38,252.51,253.07
1789399800000,253.03,254.72,252.85,254.525
1789400700000,254.52,254.6,253.6618,253.71
1789401600000,253.71,253.8199,253.42,253.61
1789402500000,253.6,254.0899,253.33,253.41
1789403400000,253.41,253.87,253.2,253.75
1789404300000,253.755,255.055,253.67,254.775
1789405200000,254.76,255.065,254.62,254.72
1789406100000,254.705,255.04,254.57,254.87
1789407000000,254.86,255.8,254.86,255.4
1789407900000,255.4,255.95,255.24,255.3
1789408800000,255.32,255.57,255.141,255.405
1789409700000,255.44,255.455,255.02,255.03
1789410600000,255.06,255.48,254.91,255.12
1789411500000,255.1031,255.1418,253.6,253.725
1789412400000,253.69,253.775,252.73,253.1869
1789413300000,253.1745,253.78,253.065,253.575
1789414200000,253.575,254.12,253.54,253.61
1789415100000,253.6,254.02,253.36,253.54
1789416000000,253.52,253.95,253.3711,253.7
1789416900000,253.6,253.8,253.54,253.795
1789417800000,253.61,253.8,253.54,253.74
1789418700000,253.7,253.89,253.67,253.75
1789419600000,253.78,253.89,253.68,253.8139
1789420500000,253.79,253.8875,253.75,253.8
1789421400000,253.7925,253.89,253.79,253.81
1789422300000,253.84,253.84,253.65,253.79
1789423200000,253.72,253.84,253.65,253.68
1789424100000,253.68,253.82,253.65,253.7
1789425000000,253.74,253.75,253.6025,253.6983
1789425900000,253.6214,253.8,253.6,253.75
1789426800000,253.77,253.7987,253.6047,253.6232
1789427700000,253.75,253.75,253.6,253.6538
1789428600000,253.62,253.75,253.62,253.6597
1789429500000,253.65,253.75,253.4512,253.6378
1789430400000,253.64,253.73,253.54,253.58
1789431300000,253.59,253.59,253.44,253.5
1789432200000,253.52,253.7,253.5,253.68
1789433100000,253.68,253.79,253.6,253.75
1789434000000,253.77,253.87,253.66,253.87
1789434900000,253.83,253.85,253.7,253.73
1789435800000,253.69,253.7,253.45,253.51
1789436700000,253.55,253.57,253.5,253.56
1789437600000,253.6,253.66,253.59,253.65
1789438500000,253.62,253.66,253.6,253.64
1789439400000,253.62,253.62,253.45,253.45
1789440300000,253.45,253.47,253.41,253.45
1789441200000,253.45,253.51,253.36,253.45
1789442100000,253.44,253.46,253.04,253.27
1789443000000,253.24,253.31,253.22,253.26
1789443900000,253.27,253.32,253.13,253.2
1789444800000,253.2,253.27,253.11,253.11
1789445700000,253.12,253.25,253.01,253.05
1789446600000,253.06,253.13,252.96,253.1
1789447500000,253.02,253.02,252.89,252.9
1789448400000,252.9,252.9,252.6,252.72
1789449300000,252.66,252.85,252.63,252.85
1789450200000,252.85,252.92,252.8,252.9
1789451100000,252.9,253.07,252.9,252.92
1789452000000,252.97,253.08,252.88,253.08
1789452900000,253.08,253.15,253.05,253.05
1789453800000,253.01,253.01,252.75,252.75
1789454700000,252.84,252.95,252.75,252.75
1789455600000,252.77,252.83,252.61,252.66
1789456500000,252.7,252.7,252.5,252.57
1789457400000,252.55,252.59,252.18,252.18
1789458300000,252.2,252.23,251.85,251.86
1789459200000,252.11,253.54,251.69,251.7365
1789460100000,252.0407,252.15,251.7093,251.74
1789461000000,251.87,251.9676,251.52,251.8512
1789461900000,251.75,251.9877,251.5212,251.68
1789462800000,251.5612,254.29,251.5612,251.7
1789463700000,251.73,251.9888,251.4025,251.83
1789464600000,251.9,252.5488,251.8,252.1
1789465500000,252.13,252.5086,251.94,252.1
1789466400000,252.1,252.6788,252.0612,252.2
1789467300000,252.26,252.6688,252.0397,252.42
1789468200000,252.42,252.8288,252.3012,252.39
1789469100000,252.4,252.8,252.4,252.4812
1789470000000,252.51,252.99,252.41,252.98
1789470900000,252.98,252.98,252.65,252.7788
1789471800000,252.72,253.18,252.6612,253
1789472700000,253.08,253.18,252.76,252.95
1789473600000,252.95,253.2,252.88,252.95
1789474500000,253.02,253.19,252.9,253.0989
1789475400000,253.09,253.1,252.76,253.0473
1789476300000,253,253.5,252.74,252.8599
1789477200000,252.71,252.94,252.5,252.63
1789478100000,252.56,252.9,252.18,252.25
1789479000000,252.375,253.25,251.76,253.073
1789479900000,253.08,253.27,252,252.23
1789480800000,252.15,252.15,249.82,249.885
1789481700000,249.89,250.33,249.125,249.6
1789482600000,249.585,249.66,248.75,248.88
1789483500000,248.875,249,248.435,248.49
1789484400000,248.51,249.16,248.47,248.9099
1789485300000,248.89,249.09,248.56,248.815
1789486200000,248.83,249.25,248.7,249.09
1789487100000,249.07,249.74,248.94,249.63
1789488000000,249.665,249.675,248.79,249.0701
1789488900000,249.1,249.54,248.88,249.32
1789489800000,249.32,249.48,248.9801,249.105
1789490700000,249.105,249.41,248.7401,249.3605
1789491600000,249.35,249.44,248.975,249.016
1789492500000,249.01,249.04,248.3,248.4299
1789493400000,248.44,248.8,248.36,248.49
1789494300000,248.498,248.9067,248.32,248.62
1789495200000,248.625,249,248.53,248.8805
1789496100000,248.915,248.92,248.48,248.68
1789497000000,248.705,248.81,248.35,248.355
1789497900000,248.355,248.53,247.64,247.91
1789498800000,247.89,248.36,247.78,248.22
1789499700000,248.215,248.26,247.72,247.785
1789500600000,247.77,248.1312,247.6,247.76
1789501500000,247.765,248.69,247.22,248.42
1789502400000,248.42,248.7345,248.15,248.55
1789503300000,248.5,248.65,248.2,248.3696
1789504200000,248.3693,248.4937,248.01,248.38
1789505100000,248.41,248.45,248.25,248.4477
1789506000000,248.4385,248.45,248.3,248.39
1789506900000,248.42,248.45,248.3,248.4386
1789507800000,248.43,248.44,248.3,248.35
1789508700000,248.35,248.4,248.2,248.2091
1789509600000,248.27,248.37,248.1,248.18
1789510500000,248.2,248.38,248.15,248.2369
1789511400000,248.2149,248.51,248,248.48
1789512300000,248.48,248.51,248.4,248.46
1789513200000,248.46,248.4895,248.4,248.4299
1789514100000,248.4185,248.42,248.22,248.25
1789515000000,248.24,248.43,248,248.41
1789515900000,248.1753,248.49,248.15,248.3777
1789516800000,248.57,248.8,248.26,248.8
1789517700000,248.81,248.9,248.44,248.5
1789518600000,248.55,248.64,248.5,248.51
1789519500000,248.51,248.51,248.37,248.38
1789520400000,248.39,248.54,248.33,248.54
1789521300000,248.55,248.7,248.54,248.69
1789522200000,248.66,248.7,248.53,248.6
1789523100000,248.59,248.6,248.43,248.49
1789524000000,248.49,248.62,248.47,248.62
1789524900000,248.5,248.62,248.48,248.6
1789525800000,248.64,248.67,248.56,248.63
1789526700000,248.62,248.62,248.53,248.53
1789527600000,248.57,248.62,248.56,248.61
1789528500000,248.61,248.8,248.59,248.8
1789529400000,248.78,248.84,248.7,248.7
1789530300000,248.76,248.82,248.75,248.8
1789531200000,248.8,248.84,248.77,248.77
1789532100000,248.78,248.87,248.77,248.81
1789533000000,248.77,248.84,248.71,248.72
1789533900000,248.8,248.83,248.7,248.71
1789534800000,248.67,248.72,248.59,248.7
1789535700000,248.72,248.77,248.6,248.75
1789536600000,248.7,248.8,248.69,248.8
1789537500000,248.78,248.78,248.4,248.65
1789538400000,248.52,248.79,248.49,248.79
1789539300000,248.78,248.8,248.64,248.64
1789540200000,248.7,248.75,248.68,248.75
1789541100000,248.77,248.84,248.77,248.8
1789542000000,248.82,248.98,248.82,248.98
1789542900000,248.94,249.02,248.93,248.97
1789543800000,248.95,248.98,248.9,248.9
1789544700000,248.94,248.96,248.63,248.73
1789545600000,248.7,249.0642,248.31,248.3697
1789546500000,248.3615,248.625,248.3612,248.54
1789547400000,248.6,248.73,248.5,248.6988
1789548300000,248.59,248.7,248.5,248.62
1789549200000,248.7,248.8007,248.6,248.7585
1789550100000,248.7517,248.8088,248.5077,248.63
1789551000000,248.66,248.8437,248.5077,248.6257
1789551900000,248.8442,248.9388,248.5212,248.84
1789552800000,248.9,248.95,248.7312,248.869
1789553700000,248.95,249.0488,248.8462,248.8988
1789554600000,248.85,248.99,248.7,248.94
1789555500000,248.9,249.1,248.79,249
1789556400000,249.12,249.35,248.78,248.93
1789557300000,248.88,249,248.66,248.7488
1789558200000,248.72,249.2,248.72,249.0952
1789559100000,249.1,249.1,248.87,248.97
1789560000000,248.9308,249.34,248.9212,249.0681
1789560900000,249.0594,249.24,248.951,249.2199
1789561800000,249.22,249.5621,249.04,249.1052
1789562700000,249.199,249.25,248.8,249.06
1789563600000,249.1,249.14,248.68,248.9
1789564500000,248.9,249.01,248.11,248.12
1789565400000,248.2,249.26,246.69,247.36
1789566300000,247.31,248.8799,247.23,248.36
1789567200000,248.365,248.46,247.61,247.72
1789568100000,247.72,247.73,247.11,247.25
1789569000000,247.27,247.605,247.05,247.18
1789569900000,247.1859,247.46,246.77,247.46
1789570800000,247.45,248.27,247.27,248.04
1789571700000,248.12,248.18,247.38,247.63
1789572600000,247.63,247.78,247.39,247.5801
1789573500000,247.6,248.1699,247.38,248.02
1789574400000,248.03,248.17,247.37,247.76
1789575300000,247.78,248.08,247.65,247.88
1789576200000,247.89,248.0149,247.7,247.75
1789577100000,247.829,248.02,247.7,247.78
1789578000000,247.775,247.775,247.4404,247.535
1789578900000,247.5209,247.76,247.37,247.74
1789579800000,247.755,247.77,247.34,247.3597
1789580700000,247.36,247.84,247.33,247.8
1789581600000,247.79,248.4,247.59,247.765
1789582500000,247.77,247.88,247.21,247.33
1789583400000,247.3,247.78,246.05,247.37
1789584300000,247.33,247.57,245.68,245.73
1789585200000,245.75,246.485,244.93,245.17
1789586100000,245.16,245.4,244.3,244.68
1789587000000,244.68,245.52,244.63,245.31
1789587900000,245.285,246.19,245.23,245.96
1789588800000,245.96,246.27,245.8,246.22
1789589700000,246.14,246.64,246.1,246.33
1789590600000,246.3178,246.34,246.12,246.23
1789591500000,246.1712,246.25,246.12,246.17
1789592400000,246.1664,246.17,245.96,246.14
1789593300000,246.14,246.17,246.1,246.1691
1789594200000,246.17,246.25,246.1,246.2494
1789595100000,246.2499,246.25,246.11,246.15
1789596000000,246.14,246.34,245.89,246.11
1789596900000,246.3,246.66,246.1197,246.51
1789597800000,246.66,246.95,246.42,246.8786
1789598700000,246.88,246.9276,246.6,246.83
1789599600000,246.8292,247.2,246.7501,247.0491
1789600500000,247.0408,247.45,247.04,247.4
1789601400000,247.4028,247.7,247.21,247.4
1789602300000,247.68,247.95,247.5,247.8
1789603200000,247.84,248.24,247.69,248.1
1789604100000,248.04,248.32,247.94,248.23
1789605000000,248.18,249.01,248.08,248.36
1789605900000,248.36,248.36,248.09,248.17
1789606800000,248.19,248.55,248.17,248.43
1789607700000,248.43,248.45,248.31,248.35
1789608600000,248.4,248.6,248.35,248.46
1789609500000,248.43,248.66,248.25,248.26
1789610400000,248.26,248.35,248,248
1789611300000,248.08,248.12,248.02,248.11
1789612200000,248.15,248.28,248.14,248.28
1789613100000,248.28,248.29,248.16,248.19
1789614000000,248.19,248.25,248.15,248.17
1789614900000,248.14,248.14,248.06,248.14
1789615800000,248.13,248.23,248.13,248.23
1789616700000,248.21,248.27,248.1,248.25
1789617600000,248.3,248.39,248.27,248.36
1789618500000,248.33,248.41,248.15,248.28
1789619400000,248.28,248.33,248.2,248.21
1789620300000,248.22,248.33,248.2,248.21
1789621200000,248.21,248.24,248.02,248.07
1789622100000,248.03,248.14,248.02,248.04
1789623000000,248.05,248.06,247.85,247.88
1789623900000,247.87,247.9,247.51,247.6
1789624800000,247.6,248.12,247.52,247.89
1789625700000,247.86,248.12,247.86,248.12
1789626600000,248.12,248.48,248.11,248.48
1789627500000,248.48,248.55,248.44,248.54
1789628400000,248.49,248.69,248.35,248.53
1789629300000,248.58,248.9,248.58,248.9
1789630200000,248.9,249.02,248.9,248.96
1789631100000,248.95,250,248.83,248.88
1789632000000,248.22,249.27,247.5199,248.85
1789632900000,248.8348,248.9,248.55,248.9
1789633800000,248.9,249.3,248.7812,249.1
1789634700000,249.03,249.46,249.01,249.2362
1789635600000,249.23,249.4,249.22,249.34
1789636500000,249.3906,249.3988,249.01,249.0225
1789637400000,249.25,249.25,248.9995,249.15
1789638300000,249.19,249.25,249.0112,249.15
1789639200000,249.1952,249.3988,249.0553,249.3488
1789640100000,249.31,249.4788,249.15,249.39
1789641000000,249.36,250.26,249.2,249.2
1789641900000,249.21,249.5,249.2,249.5
1789642800000,249.4,249.63,249.2,249.22
1789643700000,249.28,249.49,249.2,249.25
1789644600000,249.24,249.3,248.83,249.11
1789645500000,249.1077,249.68,249.02,249.5
1789646400000,249.5,250.9,249.27,250.7768
1789647300000,250.84,251.5,250.6,251.4
1789648200000,251.2,251.45,250.77,250.9141
1789649100000,251.068,251.75,250.77,251.4239
1789650000000,251.35,251.75,249.1,251.3
1789650900000,251.3,251.35,250.45,251.11
1789651800000,251.13,251.9,250.25,250.565
1789652700000,250.57,250.6,249.24,250.38
1789653600000,250.375,250.395,249.47,250.2398
1789654500000,250.27,252.34,250.22,251.97
1789655400000,252.005,252.73,251.93,252.26
1789656300000,252.2101,252.33,251.24,251.49
1789657200000,251.52,251.78,251.22,251.71
1789658100000,251.75,252.1638,251.54,251.59
1789659000000,251.59,252.33,251.59,251.95
1789659900000,251.93,252.46,251.7701,252.42
1789660800000,252.415,252.44,251.3785,251.49
1789661700000,251.495,251.7,250.92,251.295
1789662600000,251.29,251.37,250.8324,251.29
1789663500000,251.3,251.62,251.06,251.45
1789664400000,251.46,251.88,251.405,251.4334
1789665300000,251.454,251.49,250.97,251.265
1789666200000,251.27,251.28,251.04,251.0969
1789667100000,251.11,251.5399,250.93,251.4
1789668000000,251.41,251.45,251.155,251.2551
1789668900000,251.26,251.4599,251.18,251.23
1789669800000,251.265,251.59,251.2,251.52
1789670700000,251.5,251.76,251.48,251.58
1789671600000,251.55,251.8,251.44,251.46
1789672500000,251.465,251.54,250.73,250.905
1789673400000,250.93,251.685,250.89,251.67
1789674300000,251.65,251.89,251.1,251.19
1789675200000,251.17,252.54,250.9142,250.93
1789676100000,251.16,251.19,250.68,250.9
1789677000000,250.96,251.5,250.75,251.14
1789677900000,251.22,251.45,251.08,251.22
1789678800000,251.2,251.32,251.086,251.3
1789679700000,251.2993,251.3,251.08,251.13
1789680600000,251.19,251.3,251.08,251.1141
1789681500000,251.11,251.3,251.1,251.2388
1789682400000,251.11,251.2192,250.67,250.75
1789683300000,250.78,250.78,250.5,250.61
1789684200000,250.58,250.78,250.3,250.5
1789685100000,250.61,250.78,250.4501,250.68
1789686000000,250.68,250.91,250.54,250.82
1789686900000,250.78,250.81,250.55,250.5987
1789687800000,250.6,250.69,250.5,250.5
1789688700000,250.55,250.8,249.9,250.2
1789689600000,250.34,250.57,250.3,250.31
1789690500000,250.32,250.47,250.32,250.36
1789691400000,250.37,250.52,250.36,250.37
1789692300000,250.41,250.41,250.02,250.38
1789693200000,250.39,250.44,250.37,250.41
1789694100000,250.41,250.41,250.3,250.31
1789695000000,250.29,250.37,249.97,250.3
1789695900000,250.32,250.48,250.28,250.48
1789696800000,250.48,250.48,250.38,250.4
1789697700000,250.4,250.47,250.39,250.45
1789698600000,250.47,250.57,250.46,250.55
1789699500000,250.54,250.62,250.48,250.52
1789700400000,250.6,250.98,250.57,250.87
1789701300000,250.87,251.1,250.74,250.91
1789702200000,250.91,251.06,250.91,251.04
1789703100000,251.06,251.16,251.01,251.14
1789704000000,251.15,251.29,251.14,251.26
1789704900000,251.27,251.27,251.05,251.19
1789705800000,251.2,251.58,251.19,251.55
1789706700000,251.55,251.7,251.5,251.61
1789707600000,251.67,251.7,251.61,251.67
1789708500000,251.69,251.85,251.68,251.85
1789709400000,251.88,252.02,251.47,251.53
1789710300000,251.61,252.04,251.56,251.81
1789711200000,251.82,252.12,251.78,252.12
1789712100000,252.12,252.38,252.03,252.21
1789713000000,252.22,252.46,252.14,252.25
1789713900000,252.34,252.48,252.26,252.42
1789714800000,252.42,252.64,252.36,252.5
1789715700000,252.53,252.61,252.33,252.57
1789716600000,252.57,252.61,252.16,252.21
1789717500000,252.23,252.31,252.15,252.15
1789718400000,252.02,252.72,251.05,252.18
1789719300000,252,252.2,251.6659,251.73
1789720200000,251.7988,252.3975,251.63,252.35
1789721100000,252.3,252.4,252,252.12
1789722000000,252.16,252.3,252.0151,252.06
1789722900000,252.09,252.2988,252,252
1789723800000,252,252.1,251.7464,252.0955
1789724700000,251.92,252.0988,251.7212,251.7212
1789725600000,251.92,252.0096,251.8,251.98
1789726500000,251.98,252.38,251.89,252.04
1789727400000,252.12,252.48,252.0013,252.4748
1789728300000,252.46,252.48,252.25,252.25
1789729200000,252.255,252.875,252.1,252.64
1789730100000,252.67,252.7,252.35,252.4708
1789731000000,252.49,253.2,252.35,252.8
1789731900000,252.81,252.94,252.3,252.4114
1789732800000,252.49,252.69,251.89,251.89
1789733700000,252.05,252.18,251.72,251.99
1789734600000,251.9475,252.15,251.72,252.01
1789735500000,252.05,252.13,251.67,251.72
1789736400000,251.73,251.93,251.5,251.7311
1789737300000,251.6,253,250.86,252.75
1789738200000,252.86,254.49,252.01,252.68
1789739100000,252.675,253.25,252.31,252.35
1789740000000,252.39,252.7599,251.95,251.95
1789740900000,251.9911,252.97,251.88,252.65
1789741800000,252.64,253.1775,252.22,252.955
1789742700000,252.92,254.11,252.53,254.01
1789743600000,254.05,255.43,253.42,253.42
1789744500000,253.469,253.92,253.04,253.07
1789745400000,253.07,253.19,252.55,253.03
1789746300000,253.03,253.55,252.91,253.06
1789747200000,253.06,253.69,252.9905,253.66
1789748100000,253.6101,253.905,253.16,253.62
1789749000000,253.6,253.7,253.17,253.58
1789749900000,253.59,253.81,253.44,253.47
1789750800000,253.4601,253.53,252.94,253.165
1789751700000,253.16,253.3,253.01,253.05
1789752600000,253.06,253.1,252.77,253.04
1789753500000,253.0201,253.1,252.83,252.96
1789754400000,252.91,253.24,252.751,253.112
1789755300000,253.135,253.27,253.03,253.185
1789756200000,253.1875,253.7438,253.15,253.6898
1789757100000,253.705,254.8,253.68,254.275
1789758000000,254.275,254.41,254.07,254.28
1789758900000,254.27,254.76,254.2501,254.575
1789759800000,254.575,254.5936,253.9645,254.3
1789760700000,254.28,254.58,253.5,253.71
1789761600000,253.51,254.25,253.505,253.71
1789762500000,253.72,254.4837,253.71,254.3
1789763400000,254.29,254.89,254.22,254.38
1789764300000,254.4865,254.65,253.79,254.4403
1789765200000,254.28,254.75,254.24,254.3
1789766100000,254.3465,254.75,254.33,254.4
1789767000000,254.51,254.7499,254.4,254.6501
1789767900000,254.65,254.7,254.6,254.61
1789768800000,254.61,254.62,254.4,254.405
1789769700000,254.4896,254.6,254.25,254.5452
1789770600000,254.517,254.6,254.4,254.5
1789771500000,254.486,254.5,254.32,254.35
1789772400000,254.4767,254.71,254.35,254.46
1789773300000,254.55,254.55,254.35,254.44
1789774200000,254.4904,254.5,253.996,254.0558
1789775100000,254.14,254.36,254.0577,254.15
1789782300000,254.34,254.34,254.34,254.34
1789783200000,254.35,254.35,254.35,254.35
1789784100000,254.35,254.35,254.35,254.35
1789785000000,254.39,254.39,254.39,254.39
1789785900000,254.41,254.41,254.41,254.41
1789788600000,254.06,254.06,253.96,253.96
1789826400000,254.35,254.37,254.35,254.37
1789833600000,254.37,254.37,253.89,253.89
1789836300000,254.37,254.47,253.87,253.87
1789848900000,254.3,254.3,254.3,254.3
1789857000000,254.3,254.3,254.3,254.3
1789858800000,254.3,254.3,254.3,254.3
1789870500000,254.3,254.3,254.3,254.3
1789876800000,253.82,253.82,253.82,253.82
1789883100000,253.78,253.78,253.78,253.78
1789885800000,253.7,253.7,253.69,253.69
1789886700000,253.68,253.68,253.62,253.62
1789887600000,253.62,253.62,253.62,253.62
1789888500000,254.3,254.3,254.3,254.3
1789895700000,253.59,253.59,253.59,253.59
1789897500000,254.3,254.3,254.3,254.3
1789900200000,254.3,254.3,254.3,254.3
1789909200000,254,254,254,254
1789911900000,254.3,254.3,254.3,254.3
1789917300000,254.3,254.3,253.59,253.59
1789919100000,254.3,254.3,254.3,254.3
1789930800000,254.3,254.3,254.3,254.3
1789935300000,254.3,254.3,254.3,254.3
1789942500000,254.3,254.3,254.3,254.3
1789943400000,254.3,254.47,254.3,254.47
1789945200000,254.47,254.48,254.4,254.4
1789947000000,254.4,255.04,254.33,255.04
1789947900000,254.06,254.06,254.06,254.06
1789948800000,254.34,255.07,254.34,254.97
1789949700000,254.96,255.68,254.92,255.14
1789950600000,255.14,255.42,255.14,255.14
1789951500000,255.09,255.3,255.03,255.25
1789952400000,255.29,255.45,255.21,255.32
1789953300000,255.36,255.47,255.09,255.25
1789954200000,255.25,255.45,255.23,255.44
1789955100000,255.44,255.46,255.24,255.3
1789956000000,255.24,255.24,254.92,255.12
1789956900000,255.06,255.3,255.01,255.25
1789957800000,255.29,255.43,255.1,255.36
1789958700000,255.41,255.47,255.38,255.4
1789959600000,255.39,255.55,255.39,255.47
1789960500000,255.47,255.56,255.45,255.5
1789961400000,255.5,255.5,255.37,255.43
1789962300000,255.43,255.46,255.35,255.35
1789963200000,255.41,255.46,255.35,255.46
1789964100000,255.46,255.62,255.44,255.62
1789965000000,255.61,255.63,255.49,255.49
1789965900000,255.49,255.63,255.47,255.5
1789966800000,255.52,255.59,255.5,255.55
1789967700000,255.6,256.09,255.6,256.08
1789968600000,256.03,256.03,255.83,255.86
1789969500000,255.86,255.86,255.64,255.64
1789970400000,255.63,255.87,255.63,255.69
1789971300000,255.75,255.87,255.61,255.61
1789972200000,255.67,255.87,255.61,255.87
1789973100000,255.86,255.89,255.77,255.81
1789974000000,255.85,255.99,255.7,255.8
1789974900000,255.86,256.13,255.86,255.99
1789975800000,255.99,256.07,255.97,256.07
1789976700000,256.05,256.2,256.01,256.2
1789977600000,255.9,256.22,255.2295,255.98
1789978500000,255.96,256.2,255.61,255.72
1789979400000,255.72,256.2,255.6,256.18
1789980300000,256.1848,256.1988,256,256.1185
1789981200000,256.1,256.23,255.88,255.9
1789982100000,255.9,256.1412,255.7812,255.88
1789983000000,255.88,256.12,255.77,256.12
1789983900000,256.11,256.23,256.02,256.09
1789984800000,256.2044,256.23,255.9003,255.95
1789985700000,255.9988,256.23,255.98,256.06
1789986600000,256.05,256.1988,255.6,255.77
1789987500000,255.75,256.12,255.6,255.9
1789988400000,255.89,256,255.44,255.56
1789989300000,255.56,255.6975,255.4,255.61
1789990200000,255.5736,255.61,255.33,255.4
1789991100000,255.48,255.48,255.1,255.2053
1789992000000,255.2172,255.44,255.08,255.2512
1789992900000,255.2848,255.39,255.09,255.2
1789993800000,255.2462,255.2462,254.86,255
1789994700000,255.03,255.3,254.87,255.15
1789995600000,255.15,255.15,255,255.03
1789996500000,255.12,256.75,254.51,256.3
1789997400000,256.52,256.65,254.56,255.62
1789998300000,255.615,255.91,253.6,254.71
1789999200000,254.71,257.12,254.34,256.505
1790000100000,256.495,256.92,255.6202,255.82
1790001000000,255.84,256.1299,255.665,255.99
1790001900000,255.9799,256.71,255.55,255.62
1790002800000,255.62,255.68,254.48,255.03
1790003700000,255.05,255.6998,255.045,255.42
1790004600000,255.415,255.95,255.13,255.95
1790005500000,255.93,256.54,255.72,255.94
1790006400000,255.942,257.14,255.73,256.535
1790007300000,256.555,257.9,256.37,257.865
1790008200000,257.865,258.67,257.655,258.405
1790009100000,258.405,258.69,257.6101,257.69
1790010000000,257.7,258.39,257.68,258.175
1790010900000,258.175,258.182,257.27,257.6625
1790011800000,257.6731,258.99,257.5,258.88
1790012700000,258.905,259.06,257.78,258.032
1790013600000,258.04,258.53,257.7002,258.38
1790014500000,258.38,258.6221,258.17,258.3
1790015400000,258.2801,258.59,258.12,258.38
1790016300000,258.41,258.82,258.31,258.705
1790017200000,258.715,259.42,258.58,259.19
1790018100000,259.19,259.49,258.775,258.97
1790019000000,258.975,259.49,258.49,258.82
1790019900000,258.79,258.88,258.041,258.45
1790020800000,258.45,258.6,257.554,258.43
1790021700000,258.45,258.84,258.25,258.4603
1790022600000,258.47,258.5,258.3,258.35
1790023500000,258.42,258.6,257.4039,258.58
1790024400000,258.58,258.6,258.5,258.6
1790025300000,258.5,258.97,257.4039,258.8496
