ts_ms,open,high,low,close
1780272000000,381.74,383.43,380.99,381.28
1780272900000,381.31,381.41,380.75,380.93
1780273800000,380.89,380.97,380.78,380.93
1780274700000,380.93,381.1,380.79,380.79
1780275600000,380.83,381.03,380.53,380.59
1780276500000,380.59,380.77,380.44,380.47
1780277400000,380.44,380.44,379.38,379.46
1780278300000,379.43,379.82,379.33,379.67
1780279200000,379.69,379.97,379.61,379.87
1780280100000,379.86,379.86,379.48,379.53
1780281000000,379.56,379.66,379.37,379.47
1780281900000,379.49,379.81,379.47,379.74
1780282800000,379.73,379.92,379.32,379.33
1780283700000,379.33,379.81,379.16,379.69
1780284600000,379.69,379.83,379.31,379.32
1780285500000,379.32,379.45,379.21,379.31
1780286400000,379.3,379.49,379.25,379.28
1780287300000,379.3,379.49,379.24,379.3
1780288200000,379.3,379.43,379.19,379.4
1780289100000,379.38,379.5,379.24,379.24
1780290000000,379.23,379.44,379.23,379.33
1780290900000,379.3,379.5,379.28,379.3
1780291800000,379.3,379.44,379.15,379.32
1780292700000,379.35,379.46,379.19,379.39
1780293600000,379.4,379.74,379.4,379.74
1780294500000,379.7,379.73,379.4,379.48
1780295400000,379.48,379.6,379.43,379.56
1780296300000,379.53,379.73,379.53,379.67
1780297200000,379.67,380,379.56,379.8
1780298100000,379.79,379.83,379.5,379.52
1780299000000,379.56,379.66,379.26,379.39
1780299900000,379.39,379.72,379.26,379.35
1780300800000,379.51,380.547,378.32,379.51
1780301700000,378.19,378.445,376.87,377.41
1780302600000,377.5,377.805,377.142,377.73
1780303500000,377.39,377.7,376.967,377.7
1780304400000,377.94,378.016,377.665,377.94
1780305300000,378.01,378.1,377.159,377.2
1780306200000,377.28,377.71,377.218,377.28
1780307100000,377.59,378.113,377.537,377.71
1780308000000,378.18,378.3,377.92,378.22
1780308900000,377.86,377.964,377.76,377.78
1780309800000,377.49,378.005,377.021,377.49
1780310700000,377.11,377.684,377.027,377.11
1780311600000,377.81,377.894,376.559,377.01
1780312500000,377.29,377.627,376.926,377.36
1780313400000,377.336,377.654,377.06,377.345
1780314300000,377.46,377.758,377.292,377.75
1780315200000,377.75,377.787,377.358,377.38
1780316100000,377.33,377.516,376.971,376.99
1780317000000,377.43,377.571,376.911,377.37
1780317900000,377.572,377.888,377.325,377.409
1780318800000,377.29,377.462,375.546,375.75
1780319700000,375.78,376.443,375.26,375.26
1780320600000,376.16,377.37,373.575,375.265
1780321500000,375.31,376.245,374.08,375.01
1780322400000,374.95,376.72,374.67,374.68
1780323300000,374.915,376.18,374.53,375.705
1780324200000,375.695,376.42,375.545,376.09
1780325100000,376.095,376.92,375.93,376.43
1780326000000,376.42,377.685,376.3,376.82
1780326900000,375.891,376.08,375.14,375.799
1780327800000,375.791,376.49,375.215,375.236
1780328700000,375.243,375.63,374.78,375.462
1780329600000,375.462,375.78,375.01,375.064
1780330500000,375.057,375.271,374.7,375.068
1780331400000,375.063,375.82,374.88,375.141
1780332300000,375.137,376.15,374.855,376.106
1780333200000,376.098,376.708,375.77,376.35
1780334100000,376.36,378.12,376.328,378.09
1780335000000,378.13,378.47,376.98,378.077
1780335900000,378.072,378.45,375.49,376.298
1780336800000,376.292,376.3,375.95,376.06
1780337700000,376.029,377.49,376.029,377.346
1780338600000,377.347,377.59,377.06,377.549
1780339500000,377.551,377.99,377.55,377.854
1780340400000,377.855,378.38,377.62,377.685
1780341300000,377.682,378.34,377.682,378.327
1780342200000,378.322,378.56,377.15,377.526
1780343100000,377.49,378.1,376.18,376.335
1780344000000,376.344,376.936,376.242,376.659
1780344900000,376.659,376.666,376.35,376.414
1780345800000,376.414,381.23,373.41,373.833
1780346700000,373.84,374.69,366.688,371.445
1780347600000,371.412,372.014,367.99,368.446
1780348500000,368.437,369.761,367.99,368.745
1780349400000,368.733,370.45,368.642,369.168
1780350300000,369.151,369.387,368.675,369.387
1780351200000,369.389,369.606,368.673,368.739
1780352100000,368.75,368.811,368.24,368.405
1780353000000,368.404,369.31,368.335,368.938
1780353900000,368.936,369.143,368.733,369.115
1780354800000,369.115,370.497,369.115,370.497
1780355700000,370.498,371.827,370.432,371.268
1780356600000,371.264,371.716,370.955,371.628
1780357500000,371.615,373.736,371.595,373.339
1780358400000,373.25,373.99,371.85,371.87
1780359300000,371.82,372.06,371.5,372.06
1780360200000,372.06,372.22,371.44,371.54
1780361100000,371.54,371.55,370.63,370.68
1780362000000,370.68,370.98,370.19,370.96
1780362900000,370.94,371.36,370.86,371.02
1780363800000,371.01,371.28,370.32,370.41
1780364700000,370.51,370.7,370.09,370.19
1780365600000,370.17,370.62,370,370.6
1780366500000,370.57,370.98,370.26,370.68
1780367400000,370.7,371.04,370.52,370.79
1780368300000,370.8,371.31,370.79,371.21
1780369200000,371.23,371.34,370.12,370.33
1780370100000,370.5,370.51,369.14,369.2
1780371000000,369.13,370.24,369.12,370.19
1780371900000,370.21,370.22,369.55,369.82
1780372800000,369.87,370.68,369.5,370.26
1780373700000,370.24,370.36,369.95,370.09
1780374600000,370.09,370.14,369.86,370.14
1780375500000,370.14,370.4,369.9,370.03
1780376400000,369.99,370.07,369.24,369.58
1780377300000,369.56,369.56,369.01,369.04
1780378200000,369.05,369.17,368.79,368.87
1780379100000,368.88,368.93,368.58,368.8
1780380000000,368.81,369.17,368.57,368.67
1780380900000,368.74,368.92,368.53,368.57
1780381800000,368.54,369.11,368.48,368.86
1780382700000,368.77,368.95,368.44,368.57
1780383600000,368.58,369.2,368.58,368.77
1780384500000,368.74,368.74,368.27,368.35
1780385400000,368.37,368.49,368.25,368.41
1780386300000,368.41,368.72,368.2,368.54
1780387200000,372.441,372.441,368.7,368.7
1780388100000,368.694,368.694,367.024,367.176
1780389000000,367.168,367.245,366.654,366.788
1780389900000,366.786,367.691,366.31,366.384
1780390800000,366.383,366.652,365.69,365.947
1780391700000,365.948,366.59,365.679,366.329
1780392600000,366.328,366.959,366.326,366.959
1780393500000,366.96,367.293,366.535,366.59
1780394400000,366.64,367.408,366.523,367.126
1780395300000,367.13,367.889,367.04,367.7
1780396200000,367.702,367.718,367.435,367.64
1780397100000,367.642,368.44,367.642,368.295
1780398000000,368.295,368.386,366.76,366.855
1780398900000,366.855,366.864,365.15,365.48
1780399800000,365.484,366.911,365.484,366.684
1780400700000,366.686,366.74,366,366.031
1780401600000,366.035,366.168,365.734,366.056
1780402500000,366.06,366.12,365.55,365.914
1780403400000,365.913,366.177,365.363,365.468
1780404300000,365.467,365.844,365.06,365.129
1780405200000,365.138,365.949,364.49,365.662
1780406100000,365.66,367.243,365.507,366.674
1780407000000,366.66,366.66,358.51,360.1
1780407900000,359.924,363.75,359.16,363.454
1780408800000,363.78,369.06,363.06,368.211
1780409700000,368.215,370.73,366.99,370.399
1780410600000,370.399,372.455,370.19,372.044
1780411500000,372.03,373.5,371.24,372.784
1780412400000,372.75,372.955,369.48,369.901
1780413300000,369.907,370.455,369.47,369.67
1780414200000,369.759,369.759,367.49,367.559
1780415100000,367.554,367.87,366.46,366.574
1780416000000,366.63,367.8,366.14,367.592
1780416900000,367.578,368.01,366.9,367.21
1780417800000,367.243,367.49,366.66,366.85
1780418700000,366.825,368.85,366.74,367.86
1780419600000,367.868,368.235,367.48,367.532
1780420500000,367.532,367.76,366.92,367.353
1780421400000,367.335,368.16,366.975,368.087
1780422300000,368.085,368.34,366.895,367.003
1780423200000,366.96,367.12,366.46,366.718
1780424100000,366.722,366.75,364.24,364.36
1780425000000,364.325,365.34,364.325,364.774
1780425900000,364.78,364.78,363.8,363.983
1780426800000,363.979,364.46,363.5,363.876
1780427700000,363.877,364.175,363.6,363.657
1780428600000,363.659,363.88,362.775,362.898
1780429500000,361.5,361.92,361.365,361.83
1780430400000,361.784,362.5,361.406,362.136
1780431300000,362.134,362.66,361.88,362.137
1780432200000,362.138,362.697,362.106,362.67
1780433100000,362.668,362.98,362.635,362.678
1780434000000,362.676,363.244,362.577,363.215
1780434900000,363.217,363.545,363.007,363.33
1780435800000,363.331,364.27,363.286,363.968
1780436700000,363.964,364.33,363.81,364.024
1780437600000,364.024,364.329,363.77,364.204
1780438500000,364.218,364.414,364.045,364.045
1780439400000,364.045,364.045,363.894,364.027
1780440300000,364.028,364.326,363.25,363.25
1780441200000,363.249,363.315,362.954,362.966
1780442100000,362.966,363.053,362.254,362.331
1780443000000,362.331,362.4,361.89,362.167
1780443900000,362.161,362.377,361.492,362.356
1780444800000,361.99,363.02,361.55,362.91
1780445700000,362.91,364.21,362.6,364.17
1780446600000,364.17,364.19,363.77,363.84
1780447500000,363.83,363.86,363.52,363.57
1780448400000,363.57,363.57,362.91,363.22
1780449300000,363.22,363.52,363.03,363.03
1780450200000,363.05,363.48,362.89,363
1780451100000,362.99,363.42,362.68,363.34
1780452000000,363.34,363.71,363.21,363.68
1780452900000,363.68,363.8,363.36,363.54
1780453800000,363.54,363.85,363.47,363.73
1780454700000,363.8,363.83,363.52,363.81
1780455600000,363.81,363.82,363.39,363.69
1780456500000,363.72,364.05,363.62,363.87
1780457400000,363.9,363.98,363.81,363.9
1780458300000,363.89,364.03,363.69,364.02
1780459200000,364.03,364.52,364.03,364.46
1780460100000,364.46,364.5,364.08,364.16
1780461000000,364.16,364.22,363.84,363.84
1780461900000,363.89,363.92,363.57,363.59
1780462800000,363.58,363.83,363.45,363.67
1780463700000,363.69,363.95,363.65,363.78
1780464600000,363.76,363.85,363.48,363.49
1780465500000,363.46,363.51,362.81,362.83
1780466400000,362.81,363.22,362.51,362.51
1780467300000,362.56,363,362.37,362.98
1780468200000,362.94,363.3,362.82,363.12
1780469100000,363.12,363.27,363,363.24
1780470000000,363.25,363.85,363.2,363.76
1780470900000,363.75,363.78,363.28,363.35
1780471800000,363.36,363.58,363.3,363.58
1780472700000,363.58,363.75,363.39,363.52
1780473600000,362.251,363.713,362.018,362.113
1780474500000,362.114,363.21,362.102,362.813
1780475400000,362.811,363.395,362.756,362.787
1780476300000,362.788,362.809,361.887,362.432
1780477200000,362.442,362.924,362.139,362.675
1780478100000,362.675,363.316,361.98,362.171
1780479000000,362.173,362.18,361.188,361.639
1780479900000,361.637,361.637,361.066,361.116
1780480800000,361.118,361.986,361,361.355
1780481700000,361.354,361.701,361.125,361.628
1780482600000,361.627,361.693,361.101,361.101
1780483500000,361.092,361.77,360.698,360.978
1780484400000,361.51,361.51,360.049,360.449
1780485300000,360.45,360.563,359.132,359.637
1780486200000,359.638,359.825,357.99,358.038
1780487100000,358.038,358.469,356,356.971
1780488000000,356.98,359.765,356.95,359.68
1780488900000,359.679,359.679,357.11,358.392
1780489800000,358.387,358.848,357.776,357.794
1780490700000,357.798,358.64,357.75,357.901
1780491600000,357.9,360,357.604,359.634
1780492500000,359.625,362.126,359.068,362.026
1780493400000,362.03,366.45,361.2,363.874
1780494300000,363.725,364.32,360.98,364.098
1780495200000,364.1,366.14,363.51,364.265
1780496100000,364.142,364.142,361.09,361.253
1780497000000,361.293,363.89,361.293,362.739
1780497900000,362.698,362.79,360.655,361.24
1780498800000,361.247,361.48,359.36,359.694
1780499700000,359.69,359.72,358.57,359.63
1780500600000,359.591,360,358.87,359.94
1780501500000,359.99,360.29,358.89,359.657
1780502400000,359.68,361.1,359.41,359.479
1780503300000,359.477,359.63,358.5,359.06
1780504200000,359.064,360.44,359.06,360.25
1780505100000,360.295,361.66,360.28,361.351
1780506000000,361.353,361.445,360.5,360.957
1780506900000,360.978,362.44,360.978,361.56
1780507800000,361.568,362.12,360.82,361.668
1780508700000,361.662,361.68,360.11,360.522
1780509600000,360.524,360.72,359.215,359.29
1780510500000,359.291,359.91,359.29,359.525
1780511400000,359.58,360.615,359.537,360.547
1780512300000,360.544,361.41,360.41,360.553
1780513200000,360.555,360.62,359.34,360.4
1780514100000,360.395,360.42,359.425,360.065
1780515000000,360.057,360.057,358.84,359.057
1780515900000,359.01,359.39,358.1,359.36
1780516800000,359.164,359.654,358.69,358.958
1780517700000,358.948,359.014,358.189,358.247
1780518600000,358.258,359.48,358.258,358.603
1780519500000,358.599,358.664,357.557,357.87
1780520400000,357.87,358.247,357.87,357.949
1780521300000,357.948,358.455,357.811,358.055
1780522200000,358.055,358.234,357.863,358.037
1780523100000,358.037,358.15,357.865,358.15
1780524000000,358.177,358.56,358.16,358.355
1780524900000,358.355,358.355,357.948,358.028
1780525800000,358.028,358.268,357.967,358.065
1780526700000,358.065,358.1,357.05,357.747
1780527600000,357.746,358.024,357.229,357.75
1780528500000,357.75,357.853,357.428,357.853
1780529400000,357.854,358.33,357.83,357.838
1780530300000,357.84,358,357.636,357.831
1780531200000,357.832,358.62,357.71,358.2
1780532100000,358.21,358.45,358,358.29
1780533000000,358.29,358.3,357.74,358.13
1780533900000,358.18,358.91,358.18,358.9
1780534800000,358.9,359.65,358.89,359.59
1780535700000,359.53,359.6,359.26,359.47
1780536600000,359.47,360,359.41,359.42
1780537500000,359.55,359.56,358.9,359.2
1780538400000,359.2,359.42,358.92,358.96
1780539300000,359,359.13,358.56,359.02
1780540200000,359,359.47,358.88,359.43
1780541100000,359.44,359.64,359.26,359.3
1780542000000,359.34,359.87,359.32,359.77
1780542900000,359.81,360.27,359.81,360.19
1780543800000,360.28,360.32,359.79,360.2
1780544700000,360.05,360.16,359.91,360.11
1780545600000,360.1,360.59,360.1,360.59
1780546500000,360.57,361.04,360.4,360.86
1780547400000,360.85,361.06,360.83,360.97
1780548300000,360.99,361.01,360.69,360.98
1780549200000,360.98,360.98,360.61,360.75
1780550100000,360.81,360.97,360.75,360.87
1780551000000,360.85,360.94,360.78,360.86
1780551900000,360.86,360.89,360.48,360.68
1780552800000,360.7,360.74,360.51,360.59
1780553700000,360.62,360.7,360.51,360.6
1780554600000,360.62,360.77,360.48,360.73
1780555500000,360.74,360.9,360.64,360.85
1780556400000,360.85,360.95,360.62,360.92
1780557300000,360.86,360.86,360.37,360.61
1780558200000,360.63,360.74,360.53,360.6
1780559100000,360.61,360.81,360.09,360.48
1780560000000,358.318,360.624,358.318,359.771
1780560900000,359.772,359.834,359.16,359.675
1780561800000,359.687,360.271,359.676,360.002
1780562700000,360.001,360.242,359.596,360.181
1780563600000,360.179,362.212,359.8,362.163
1780564500000,362.167,362.224,360.556,360.908
1780565400000,360.901,360.92,360.646,360.752
1780566300000,360.751,360.93,360.61,360.61
1780567200000,360.61,360.879,359.93,360.102
1780568100000,360.094,360.269,359.747,359.824
1780569000000,359.823,362.296,359.82,361.395
1780569900000,361.399,361.413,360.11,360.269
1780570800000,360.283,361.01,359.755,360.402
1780571700000,360.4,360.849,359.468,360.698
1780572600000,360.698,360.93,359.808,360.722
1780573500000,360.727,360.833,360.43,360.75
1780574400000,360.75,360.79,358,358.643
1780575300000,358.641,358.801,358.183,358.565
1780576200000,358.568,359.99,358.532,359.59
1780577100000,359.59,359.632,358.856,359.082
1780578000000,359.081,359.211,358.766,359.186
1780578900000,359.186,359.286,357.647,358.621
1780579800000,358.765,364.75,358.28,362.701
1780580700000,362.704,367.13,362.7,366.231
1780581600000,366.14,366.98,364.21,366.679
1780582500000,366.747,368.67,366.47,368.21
1780583400000,368.208,368.69,367.175,368.365
1780584300000,368.29,368.855,367.44,368.448
1780585200000,368.52,369.32,367.11,368.265
1780586100000,368.26,371.105,368.09,371.01
1780587000000,370.963,370.97,368.5,368.693
1780587900000,368.715,370.417,367.99,369.785
1780588800000,369.85,372.39,369.345,371.563
1780589700000,371.568,372.19,370.23,371.505
1780590600000,371.499,372.2,370.96,371.469
1780591500000,371.472,372.03,370.505,371.84
1780592400000,371.84,373.04,371.34,372.931
1780593300000,372.93,373.155,372.08,373.098
1780594200000,373.14,373.14,371.56,372.655
1780595100000,372.641,373.125,372.545,372.81
1780596000000,372.791,372.97,371.01,372.353
1780596900000,372.359,373.25,372.2,372.782
1780597800000,372.781,372.781,372.05,372.371
1780598700000,372.37,372.91,371.71,371.8
1780599600000,371.794,371.91,370.325,371.006
1780600500000,371.01,371.46,370.18,370.842
1780601400000,370.866,372.35,370.866,371.949
1780602300000,371.9,372.84,371.58,372.378
1780603200000,372.373,372.4,370.813,371.71
1780604100000,371.712,372.054,371.249,371.399
1780605000000,371.406,371.529,371.199,371.529
1780605900000,371.529,372.044,371.477,371.812
1780606800000,371.807,372.688,371.721,372.376
1780607700000,372.378,372.602,372.325,372.558
1780608600000,372.556,372.745,372.248,372.248
1780609500000,372.247,372.445,372.179,372.285
1780610400000,372.279,372.506,371.877,372.025
1780611300000,371.96,372.149,371.431,371.52
1780612200000,371.52,371.947,371.447,371.947
1780613100000,371.949,371.999,371.526,371.686
1780614000000,371.683,371.683,371.092,371.132
1780614900000,371.135,371.167,370.636,370.975
1780615800000,370.939,371.249,370.572,370.905
1780616700000,370.905,370.905,370.36,370.729
1780617600000,370.32,371.1,369.22,369.96
1780618500000,369.83,370.31,369.26,369.52
1780619400000,369.54,369.76,368.62,369.03
1780620300000,369.18,369.18,368.09,368.1
1780621200000,368.13,368.2,366.48,366.6
1780622100000,366.62,367.21,365.94,366.21
1780623000000,366.21,367.19,366.21,366.91
1780623900000,367.08,368.57,367.01,368.21
1780624800000,368.21,369.17,368.07,368.91
1780625700000,369,369.99,368.84,369.64
1780626600000,369.63,369.96,369.25,369.37
1780627500000,369.3,369.81,368.9,369.68
1780628400000,369.76,369.78,369.28,369.31
1780629300000,369.4,369.76,369.36,369.54
1780630200000,369.44,369.62,369.3,369.6
1780631100000,369.61,369.63,368.61,368.75
1780632000000,368.79,369.09,368.77,368.88
1780632900000,368.89,369.43,368.8,369.2
1780633800000,369.12,369.58,368.98,369.4
1780634700000,369.54,369.83,369.54,369.74
1780635600000,369.75,369.81,369.43,369.75
1780636500000,369.57,369.88,369.57,369.79
1780637400000,369.82,370.18,369.81,369.89
1780638300000,369.81,369.9,369.31,369.49
1780639200000,369.48,370.09,369.38,369.74
1780640100000,369.74,369.85,368.95,369.36
1780641000000,369.41,369.47,369.16,369.28
1780641900000,369.28,369.61,369.11,369.14
1780642800000,369.29,369.29,368.5,368.5
1780643700000,368.49,369.31,368.48,369.16
1780644600000,369.21,369.41,368.94,369.09
1780645500000,369.21,369.25,368.96,369.09
1780646400000,370.547,370.547,368.35,369.845
1780647300000,369.845,370.755,369.73,370.755
1780648200000,370.755,370.924,370.426,370.621
1780649100000,370.64,370.929,370.64,370.845
1780650000000,370.845,371.017,370.411,371.017
1780650900000,371.019,371.722,370.66,370.835
1780651800000,370.835,371.252,370.74,371.089
1780652700000,371.083,371.665,371.06,371.31
1780653600000,371.31,371.799,371.198,371.324
1780654500000,371.324,371.518,371.111,371.419
1780655400000,371.411,371.574,371.368,371.519
1780656300000,371.519,371.52,371.131,371.131
1780657200000,371.131,371.131,370.375,370.375
1780658100000,370.375,370.557,369.995,370.387
1780659000000,370.386,370.69,370.322,370.58
1780659900000,370.58,370.58,369.813,369.86
1780660800000,369.842,369.845,369.252,369.473
1780661700000,369.472,369.571,368.472,368.472
1780662600000,368.469,369.252,368.04,369.232
1780663500000,369.234,369.24,367.45,367.627
1780664400000,367.622,368.535,367.139,367.269
1780665300000,367.266,367.748,366.147,366.607
1780666200000,366.22,371.16,364.615,370.894
1780667100000,370.84,371.205,368.87,369.681
1780668000000,369.65,371.355,368.29,371.256
1780668900000,371.26,372.075,369.61,370.305
1780669800000,370.225,370.61,367.96,368.279
1780670700000,368.289,370.2,368.18,370.052
1780671600000,370.02,370.38,368.46,368.694
1780672500000,368.69,369.84,368.435,369.665
1780673400000,369.72,370.01,368.57,368.728
1780674300000,368.734,370.555,368.25,370.285
1780675200000,370.274,370.36,368.85,369.261
1780676100000,369.17,370.11,369.06,369.453
1780677000000,369.41,370.25,368.59,368.643
1780677900000,368.76,369.62,367.73,369.47
1780678800000,369.46,370.17,368.73,369.266
1780679700000,369.269,370.14,368.364,369.614
1780680600000,369.61,369.7,368.59,368.636
1780681500000,368.682,369.375,368.494,369.179
1780682400000,369.191,369.8,367.1,367.167
1780683300000,367.16,369.07,366.13,367.533
1780684200000,367.425,369.06,367.02,368.296
1780685100000,368.254,368.75,366.92,367.018
1780686000000,366.865,367.08,365.13,365.204
1780686900000,365.25,365.48,364.14,365.355
1780687800000,365.366,365.366,364.175,364.851
1780688700000,364.845,369.21,364.83,368.97
1780689600000,368.792,368.797,365.258,365.545
1780690500000,365.538,366.645,365.13,366.622
1780691400000,366.623,366.659,365.617,365.617
1780692300000,365.618,367.012,365.585,367.012
1780693200000,367.022,367.61,366.901,367.424
1780694100000,367.428,367.44,366.47,367.2
1780695000000,367.2,367.2,366.265,366.375
1780695900000,366.375,366.464,365.755,365.755
1780696800000,365.755,365.954,365.616,365.635
1780697700000,365.634,365.804,365.295,365.295
1780698600000,365.295,365.373,364.723,364.723
1780699500000,364.722,365.629,364.65,365.561
1780700400000,365.532,365.64,365.1,365.394
1780701300000,365.396,365.4,364.638,364.985
1780702200000,364.985,364.985,364.231,364.244
1780703100000,364.236,364.55,363.805,364.281
1780876800000,368.01,368.01,365.6,366.13
1780877700000,366.1,366.78,365.7,366.77
1780878600000,366.76,367.18,366.4,366.43
1780879500000,366.45,367.31,366.24,367.22
1780880400000,367.28,367.28,366.24,366.25
1780881300000,366.23,366.89,365.85,366.13
1780882200000,366.35,367.11,365.87,366.58
1780883100000,366.58,366.88,366.09,366.44
1780884000000,366.45,366.52,365.76,366.18
1780884900000,366.1,366.14,365.73,365.83
1780885800000,365.81,366.43,365.34,366.43
1780886700000,366.44,366.63,365.88,365.88
1780887600000,366.01,366.28,365.85,366.08
1780888500000,366.01,366.33,365.55,366.21
1780889400000,366.24,366.44,365.91,366.09
1780890300000,366.01,366.1,365.8,365.92
1780891200000,365.97,366.07,365.57,365.79
1780892100000,365.79,365.89,365.52,365.55
1780893000000,365.67,365.77,365.54,365.57
1780893900000,365.58,365.86,365.06,365.2
1780894800000,365.2,365.31,364.58,364.62
1780895700000,364.72,364.72,364.21,364.36
1780896600000,364.36,364.37,363.5,363.53
1780897500000,363.53,364.26,362.63,363.64
1780898400000,363.42,364.31,363.33,364.02
1780899300000,364.11,364.7,363.85,364.59
1780900200000,364.6,365.2,364.01,364.33
1780901100000,364.19,364.21,363.79,364.15
1780902000000,364.17,364.84,364.15,364.84
1780902900000,364.72,365.41,364.59,365.12
1780903800000,365.29,365.68,365.14,365.65
1780904700000,365.65,366.01,364.281,365.14
1780905600000,364.565,365.876,363.564,363.564
1780906500000,363.536,363.623,362.884,363.264
1780907400000,363.276,363.628,362.93,363.204
1780908300000,363.205,363.31,362.73,363.02
1780909200000,363.02,363.131,362.076,362.849
1780910100000,362.853,362.989,362.213,362.213
1780911000000,362.194,363.417,362,363.417
1780911900000,363.43,364.3,363.312,363.996
1780912800000,363.995,364.37,363.971,364.085
1780913700000,364.085,364.14,363.701,363.977
1780914600000,363.999,364.549,363.969,364.501
1780915500000,364.507,364.596,364.275,364.564
1780916400000,364.52,364.61,363.894,364.587
1780917300000,364.629,366.246,364.629,366.198
1780918200000,366.205,367.181,366.205,366.621
1780919100000,366.616,366.616,365.601,366.345
1780920000000,366.347,367.632,366.231,367.632
1780920900000,367.633,368.256,367.259,367.343
1780921800000,367.342,367.982,366.89,367.47
1780922700000,367.47,367.47,366.748,367.15
1780923600000,367.15,368.5,367.15,368.446
1780924500000,368.446,369.606,364.94,365.125
1780925400000,365.18,366.01,362.37,364.694
1780926300000,364.695,364.699,362.51,362.63
1780927200000,362.5,362.62,360.59,361.045
1780928100000,361.07,362.14,360.629,361.564
1780929000000,361.55,362.15,360.56,361.04
1780929900000,360.98,364.24,360.98,364.161
1780930800000,364.22,364.49,362.965,363.569
1780931700000,363.553,364.435,362.96,363.142
1780932600000,363.09,363.4,362.38,362.7
1780933500000,362.709,363.075,361.46,361.863
1780934400000,361.885,362.57,361.75,362.399
1780935300000,362.4,362.94,361.925,362.014
1780936200000,362.027,362.86,361.96,362.68
1780937100000,362.68,363.35,362.145,362.305
1780938000000,362.3,362.3,360.99,361.729
1780938900000,361.8,364.96,361.59,364.671
1780939800000,364.65,365.47,364.175,364.295
1780940700000,364.287,364.89,363.775,364.495
1780941600000,364.494,364.87,363.56,364.34
1780942500000,364.342,364.66,363.955,364.658
1780943400000,364.66,365.26,364.18,364.362
1780944300000,364.37,364.675,363.59,363.771
1780945200000,363.768,363.84,363.12,363.165
1780946100000,363.154,363.265,362.39,363.146
1780947000000,363.161,363.45,362.55,363.417
1780947900000,363.4,364,362.89,363.441
1780948800000,363.433,363.665,363.155,363.155
1780949700000,363.154,363.32,363.145,363.205
1780950600000,363.218,363.37,363.19,363.28
1780951500000,363.28,363.37,363.105,363.159
1780952400000,363.159,363.345,363.106,363.345
1780953300000,363.354,363.78,363.354,363.774
1780954200000,363.774,363.805,363.655,363.725
1780955100000,363.725,363.75,363.702,363.74
1780956000000,363.74,363.882,362.885,362.915
1780956900000,362.915,363.098,362.547,362.906
1780957800000,362.891,363.385,362.891,363.247
1780958700000,363.246,363.628,363.164,363.628
1780959600000,363.634,363.818,363.575,363.78
1780960500000,363.78,363.78,363.585,363.669
1780961400000,363.671,363.8,363.621,363.75
1780962300000,363.75,363.75,363.13,363.22
1780963200000,363.221,363.24,362.43,362.7
1780964100000,362.69,362.98,362.45,362.69
1780965000000,362.79,362.79,362.08,362.44
1780965900000,362.44,362.59,362.24,362.52
1780966800000,362.54,363.03,362.43,363
1780967700000,363.12,363.86,362.98,363.79
1780968600000,363.75,363.93,363.62,363.68
1780969500000,363.68,363.94,363.39,363.45
1780970400000,363.57,363.85,363.48,363.66
1780971300000,363.67,363.75,363.41,363.65
1780972200000,363.7,363.7,363.47,363.62
1780973100000,363.6,363.78,363.44,363.64
1780974000000,363.64,363.86,363.6,363.72
1780974900000,363.83,363.97,363.67,363.89
1780975800000,363.94,363.97,363.79,363.87
1780976700000,363.88,363.98,363.74,363.95
1780977600000,363.98,364.14,363.9,364.12
1780978500000,364.09,364.18,363.85,363.94
1780979400000,363.97,364.24,363.85,364.18
1780980300000,364.18,364.53,364.09,364.46
1780981200000,364.46,364.64,364.31,364.31
1780982100000,364.36,364.37,363.82,363.82
1780983000000,363.87,364.2,363.78,363.8
1780983900000,364.04,364.42,363.97,364.42
1780984800000,364.41,364.78,364.31,364.62
1780985700000,364.61,364.9,364.58,364.74
1780986600000,364.68,364.86,364.4,364.51
1780987500000,364.5,364.7,364.21,364.42
1780988400000,364.42,364.82,364.42,364.52
1780989300000,364.52,364.64,364.26,364.33
1780990200000,364.29,364.64,364.26,364.39
1780991100000,364.44,364.46,364.05,364.3
1780992000000,363.453,364.437,363.453,364.221
1780992900000,364.22,364.265,363.804,364.052
1780993800000,364.051,364.32,363.742,364.295
1780994700000,364.295,364.461,363.863,364.121
1780995600000,364.122,364.295,363.932,364.295
1780996500000,364.295,365.003,364.295,364.999
1780997400000,364.998,365.01,364.656,364.87
1780998300000,364.87,365.082,364.785,365.016
1780999200000,365.014,365.563,364.513,365.153
1781000100000,365.163,365.415,364.731,365.415
1781001000000,365.415,365.803,365.4,365.798
1781001900000,365.799,366.162,365.509,365.898
1781002800000,365.878,365.931,365.5,365.79
1781003700000,365.796,366.005,365.41,365.581
1781004600000,365.583,366,365.583,365.971
1781005500000,365.946,366.204,365.825,366.006
1781006400000,366.006,366.399,365.69,366.127
1781007300000,366.129,366.139,365.591,365.821
1781008200000,365.822,366.354,365.774,365.775
1781009100000,365.775,366.017,365.6,366.017
1781010000000,366.022,366.439,365.801,365.802
1781010900000,365.801,367.108,365.598,367.035
1781011800000,367.018,372.08,366.52,370.97
1781012700000,371.07,371.68,369.2,369.48
1781013600000,369.58,370.625,367.68,367.85
1781014500000,367.83,367.98,365.92,367.75
1781015400000,367.74,368.81,365.28,365.33
1781016300000,365.322,365.48,363.13,364.701
1781017200000,364.76,364.905,363.6,363.949
1781018100000,363.932,363.932,360.27,360.57
1781019000000,360.579,361,359.57,360.25
1781019900000,360.4,361.315,359.74,359.967
1781020800000,360.01,361.05,359.966,360.078
1781021700000,360.088,360.9,358.3,360.775
1781022600000,360.766,361.59,357.31,358.479
1781023500000,358.5,360.17,358,360.066
1781024400000,360.076,362.55,360.076,362.207
1781025300000,362.209,363.132,361.66,363.007
1781026200000,363.012,365.32,362.7,364.786
1781027100000,364.69,364.85,363.5,364.052
1781028000000,364.052,365.23,364.039,364.826
1781028900000,364.77,365.7,364.455,365.698
1781029800000,365.699,366.32,365.07,365.19
1781030700000,365.137,366.39,365.09,365.969
1781031600000,365.962,366.73,365.455,365.489
1781032500000,365.49,365.491,363.75,364.042
1781033400000,364.048,364.25,362.9,363.181
1781034300000,363.179,365.26,362.58,364.05
1781035200000,364.223,364.876,363.7,364
1781036100000,364.001,364.232,363.83,364.161
1781037000000,364.16,364.749,364.105,364.604
1781037900000,364.603,364.779,364.192,364.534
1781038800000,364.536,364.54,364.295,364.339
1781039700000,364.34,364.34,363.4,363.485
1781040600000,363.516,363.804,363.312,363.668
1781041500000,363.669,363.77,363.558,363.7
1781042400000,363.708,363.968,363.657,363.778
1781043300000,363.796,363.996,363.48,363.48
1781044200000,363.48,363.529,362.935,363.206
1781045100000,363.207,363.261,362.687,363.063
1781046000000,363.065,364.267,363.065,363.491
1781046900000,363.49,363.515,362.78,362.853
1781047800000,362.853,362.93,362.7,362.898
1781048700000,362.899,363.799,362.855,363.792
1781049600000,363.789,364.83,363.51,364.05
1781050500000,364.06,364.41,363.72,364.27
1781051400000,364.19,364.28,362.65,362.82
1781052300000,362.99,363.89,362.65,363.82
1781053200000,363.73,364.31,363.58,364.09
1781054100000,364.1,364.65,363.78,364.1
1781055000000,364.1,364.14,363.55,363.59
1781055900000,363.61,363.78,363.25,363.33
1781056800000,363.28,363.31,362.31,362.51
1781057700000,362.49,362.57,361.8,362.41
1781058600000,362.41,362.59,361.63,361.8
1781059500000,361.89,362.26,361.15,361.15
1781060400000,361.24,362.17,361.03,361.69
1781061300000,361.74,362.02,361.3,361.63
1781062200000,361.58,361.77,360.89,361.09
1781063100000,361.09,361.61,361.06,361.6
1781064000000,361.61,361.64,360.92,361.06
1781064900000,361.03,361.83,360.66,361.43
1781065800000,361.46,361.5,360.24,360.3
1781066700000,360.4,361,360.3,360.49
1781067600000,360.52,360.74,360.27,360.44
1781068500000,360.43,360.65,359.9,360.58
1781069400000,360.66,360.66,359.79,360.28
1781070300000,360.27,361.49,360.1,361.29
1781071200000,361.49,361.82,361.19,361.63
1781072100000,361.63,361.95,361.34,361.78
1781073000000,361.8,362.21,361.56,361.74
1781073900000,361.83,361.91,361.35,361.35
1781074800000,361.45,361.77,361.01,361.6
1781075700000,361.59,361.76,361.07,361.24
1781076600000,361.25,361.59,361.14,361.33
1781077500000,361.36,361.7,361.26,361.7
1781078400000,363.437,363.437,361.26,361.88
1781079300000,361.9,362.254,361.495,361.503
1781080200000,361.502,361.874,360.649,360.649
1781081100000,360.635,361.254,360.325,360.384
1781082000000,360.386,360.809,360.305,360.365
1781082900000,360.365,360.9,359.781,360.751
1781083800000,360.746,361.498,360.462,360.735
1781084700000,360.696,361.035,360.411,360.7
1781085600000,360.7,360.7,360.2,360.265
1781086500000,360.265,360.367,360.112,360.285
1781087400000,360.285,360.741,360.012,360.585
1781088300000,360.585,360.79,360.375,360.779
1781089200000,360.779,360.794,359.234,359.841
1781090100000,359.843,360.149,359.212,359.461
1781091000000,359.459,359.51,358.784,358.89
1781091900000,358.888,360.29,358.825,360.11
1781092800000,360.108,360.795,359.777,359.781
1781093700000,359.782,360.734,359.724,360.648
1781094600000,360.644,362.8,360.644,361.807
1781095500000,361.819,362.17,361.654,361.725
1781096400000,361.723,361.95,361.666,361.724
1781097300000,361.725,363.202,361.468,363.171
1781098200000,363.215,366.19,362.13,365.55
1781099100000,365.55,366.75,363.05,366.24
1781100000000,366.235,368,365.23,367.318
1781100900000,367.22,368.53,365.67,367.463
1781101800000,367.466,367.555,364.62,364.685
1781102700000,364.61,364.88,362.671,363.174
1781103600000,363.183,363.98,361.59,361.718
1781104500000,361.56,362.94,360.595,362.328
1781105400000,362.319,362.485,361,361.998
1781106300000,361.994,362.22,359.45,360.939
1781107200000,360.96,361.28,358.8,358.915
1781108100000,358.917,359.36,358.354,358.554
1781109000000,358.556,359.205,357.96,358.265
1781109900000,358.254,358.5,357.34,358.171
1781110800000,358.165,358.63,356.67,356.72
1781111700000,356.8,357.12,356.6,356.858
1781112600000,356.91,356.91,355.785,355.984
1781113500000,355.982,357.08,355.843,356.808
1781114400000,356.8,357.31,356.6,356.765
1781115300000,356.81,357.095,355.905,356.166
1781116200000,356.162,356.41,355.565,356.336
1781117100000,356.339,356.79,355.71,356.349
1781118000000,356.34,356.94,355.8,356.437
1781118900000,356.453,357.43,356.34,356.67
1781119800000,356.68,357.22,356.38,357.167
1781120700000,357.14,357.22,355.26,356.33
1781121600000,356.503,356.704,355.266,356.469
1781122500000,356.479,356.701,356.172,356.222
1781123400000,356.223,356.333,355.772,355.954
1781124300000,355.954,356.186,355.63,356.173
1781125200000,356.172,356.172,355.644,355.875
1781126100000,355.875,356.199,355.875,356.119
1781127000000,356.118,356.175,355.72,355.735
1781127900000,355.736,355.934,355.615,355.788
1781128800000,355.789,355.79,355.035,355.131
1781129700000,355.153,355.345,355.035,355.058
1781130600000,355.063,355.457,355.009,355.365
1781131500000,355.365,355.442,354.788,354.915
1781132400000,354.915,354.915,353.847,353.89
1781133300000,353.896,354.569,353.745,354.532
1781134200000,354.539,355.27,354.221,355.019
1781135100000,355.019,355.232,354.176,354.425
1781136000000,354.423,357.6,353.29,354.45
1781136900000,354.6,355.86,354.6,355.63
1781137800000,355.56,355.82,355.09,355.21
1781138700000,355.32,356.46,355.32,356.35
1781139600000,356.35,357.79,356.34,357.37
1781140500000,357.53,357.88,356.96,357.79
1781141400000,357.82,357.84,356.92,357.23
1781142300000,357.28,357.28,355.56,355.82
1781143200000,355.86,356.24,353.99,354.76
1781144100000,354.82,355.56,354.76,354.94
1781145000000,354.88,355.95,354.64,354.8
1781145900000,354.8,355.87,354.71,355.62
1781146800000,355.65,356.14,355.45,355.53
1781147700000,355.69,355.89,355.57,355.83
1781148600000,355.88,356.44,355.88,356.32
1781149500000,356.33,357.07,356.17,357.06
1781150400000,357.07,357.19,356.68,356.84
1781151300000,357.04,357.48,356.88,357.48
1781152200000,357.45,357.89,357.38,357.8
1781153100000,357.81,357.98,357.37,357.98
1781154000000,357.9,357.92,357.46,357.6
1781154900000,357.61,357.94,357.35,357.45
1781155800000,357.57,357.57,356.5,356.55
1781156700000,356.56,357.39,356.56,356.78
1781157600000,356.98,357.14,356.56,356.94
1781158500000,356.94,357.72,356.92,357.43
1781159400000,357.47,357.7,357.01,357.64
1781160300000,357.76,357.89,357.48,357.86
1781161200000,357.88,358.19,357.83,357.99
1781162100000,358.05,358.77,358.05,358.37
1781163000000,358.37,358.81,358.25,358.7
1781163900000,358.72,358.75,358.09,358.09
1781164800000,355.103,359.14,355.103,358.947
1781165700000,358.948,359.153,358.17,358.831
1781166600000,358.832,359.103,358.576,358.576
1781167500000,358.574,358.779,358.487,358.765
1781168400000,358.751,358.775,358.252,358.295
1781169300000,358.295,358.7,358.255,358.39
1781170200000,358.39,358.517,358.273,358.295
1781171100000,358.295,358.582,358.225,358.262
1781172000000,358.261,358.323,357.754,357.905
1781172900000,357.905,357.905,357.726,357.765
1781173800000,357.765,358.161,357.765,358.123
1781174700000,358.122,358.4,357.899,357.926
1781175600000,357.911,357.911,357.2,357.235
1781176500000,357.229,357.395,357.026,357.225
1781177400000,357.226,357.41,356.514,356.806
1781178300000,356.806,357.172,356.765,357.071
1781179200000,357.07,357.843,357.068,357.728
1781180100000,357.729,357.762,356.017,356.332
1781181000000,356.344,356.495,355.46,356.433
1781181900000,356.434,357.22,356.398,357.147
1781182800000,357.148,357.149,356.405,356.554
1781183700000,356.558,357.027,355.861,356.013
1781184600000,355.75,357.38,347.73,348.127
1781185500000,348.122,351.59,347.88,348.055
1781186400000,348.14,350.985,347.76,348.539
1781187300000,348.542,349.01,346.36,347.87
1781188200000,347.877,349.28,346.39,348.111
1781189100000,348.18,348.46,346.61,347.049
1781190000000,347.05,348.13,346.47,347.451
1781190900000,347.435,348.41,346.86,347.457
1781191800000,347.335,348.49,346.97,347.4
1781192700000,347.35,347.87,346.655,347.813
1781193600000,347.765,349.51,347.62,349.457
1781194500000,349.52,350.118,348.27,348.31
1781195400000,348.3,349.739,347.98,349.071
1781196300000,349.064,349.135,347.675,347.715
1781197200000,347.717,348.1,346.68,347.389
1781198100000,349.45,350.92,349.24,350.87
1781199000000,350.745,353.73,350.745,353.635
1781199900000,353.65,353.74,351.5,352.357
1781200800000,352.41,352.55,351.28,352.122
1781201700000,352.215,354.035,352.105,353.251
1781202600000,353.254,353.995,352.965,353.458
1781203500000,353.456,354.85,353.32,354.497
1781204400000,354.501,356.4,354.501,355.984
1781205300000,355.983,357.08,355.89,356.99
1781206200000,357.01,358.34,356.97,357.042
1781207100000,358.51,358.55,357.72,357.86
1781208000000,357.911,359.137,357.911,358.65
1781208900000,358.65,359.293,358.65,358.94
1781209800000,358.94,358.94,357.872,357.873
1781210700000,357.874,358.401,357.852,358.385
1781211600000,358.383,359.176,358.26,358.364
1781212500000,358.379,359.018,358.379,358.752
1781213400000,358.75,358.825,358.395,358.457
1781214300000,358.456,358.645,358.45,358.6
1781215200000,358.6,359.114,358.575,359.114
1781216100000,359.114,359.734,359.114,359.734
1781217000000,359.735,360.822,359.72,360.773
1781217900000,360.778,361.129,360.655,360.655
1781218800000,360.651,360.651,360.045,360.359
1781219700000,360.359,360.549,360.006,360.104
1781220600000,360.105,360.464,360.093,360.288
1781221500000,360.289,360.49,360.043,360.124
1781222400000,360.124,362.13,360,361.25
1781223300000,361.25,361.71,360.79,361.64
1781224200000,361.64,361.85,360.49,360.56
1781225100000,360.56,361.38,360.56,361.04
1781226000000,361.07,361.07,359.68,360.01
1781226900000,360.13,360.41,359.3,359.84
1781227800000,359.8,360.28,359.62,359.65
1781228700000,359.69,360.34,359.64,360.23
1781229600000,360.24,360.45,359.99,360.3
1781230500000,360.38,360.61,360.09,360.26
1781231400000,360.26,361.14,360.26,361.1
1781232300000,361.16,361.36,360.98,361.06
1781233200000,361.11,361.17,360.59,360.81
1781234100000,360.81,361.01,360.4,360.5
1781235000000,360.61,361.14,360.58,360.9
1781235900000,360.9,361.13,360.72,361.03
1781236800000,361.02,361.02,360.66,360.9
1781237700000,360.93,361.46,360.72,361.46
1781238600000,361.46,361.74,361.2,361.47
1781239500000,361.51,362.42,361.47,362.42
1781240400000,362.42,362.49,361.24,361.5
1781241300000,361.52,362.05,361.15,361.6
1781242200000,361.6,361.71,360.56,360.56
1781243100000,360.55,360.56,358.5,358.52
1781244000000,358.55,359.42,358.53,359.24
1781244900000,359.18,359.34,358.63,358.73
1781245800000,358.68,358.68,357.72,357.72
1781246700000,357.71,358.28,357.32,357.75
1781247600000,357.89,358.03,356.92,356.93
1781248500000,356.94,357.74,356.67,357.38
1781249400000,357.39,358.9,357.15,358.81
1781250300000,358.81,359.43,358.57,359.43
1781251200000,359.989,360.234,356.656,359.77
1781252100000,359.785,361.188,359.736,361.09
1781253000000,361.09,361.355,360.754,361.07
1781253900000,361.079,361.692,360.918,361.088
1781254800000,361.084,361.684,361.069,361.36
1781255700000,361.36,362.303,361.36,362.273
1781256600000,362.261,363.332,362.205,362.887
1781257500000,362.883,363.571,362.567,363.251
1781258400000,363.253,363.754,363.093,363.196
1781259300000,363.195,363.351,362.303,362.537
1781260200000,362.538,363.279,362.48,362.591
1781261100000,362.591,362.644,361.832,361.832
1781262000000,361.822,362.713,361.753,362.308
1781262900000,362.313,363.209,362.313,363.076
1781263800000,363.071,364.138,363.042,364.118
1781264700000,364.116,365.25,363.949,364.949
1781265600000,364.93,364.93,364.086,364.257
1781266500000,364.257,364.604,362.97,363.06
1781267400000,363.061,363.22,362.207,362.575
1781268300000,362.584,362.598,360.635,361.01
1781269200000,361,361.616,360.427,361.616
1781270100000,361.627,363.004,360.898,362.746
1781271000000,362.595,364.275,357.27,357.458
1781271900000,357.45,359.485,354.97,358.325
1781272800000,358.321,361.47,358.321,360.546
1781273700000,360.531,362.565,360.531,361.972
1781274600000,361.84,363.06,359.44,359.517
1781275500000,359.48,363.04,359.46,362.984
1781276400000,363.14,363.485,362.32,362.813
1781277300000,362.798,366.56,362.42,365.487
1781278200000,365.46,365.59,362.5,362.601
1781279100000,362.605,363.01,360.705,360.998
1781280000000,361.155,362.6,360.36,362.257
1781280900000,362.262,363,361.33,361.538
1781281800000,361.537,361.83,360.94,361.144
1781282700000,361.145,362.01,360.99,361.772
1781283600000,361.771,363.8,361.715,362.41
1781284500000,362.213,363.07,362.213,362.853
1781285400000,362.841,362.96,361.33,361.412
1781286300000,361.412,361.7,361,361.525
1781287200000,361.56,362.085,360.88,361.603
1781288100000,361.598,361.93,360.888,361.2
1781289000000,361.2,361.89,361.02,361.889
1781289900000,361.886,361.886,360.67,360.824
1781290800000,360.82,361.32,360.305,360.358
1781291700000,360.357,360.49,359.74,360.402
1781292600000,360.42,360.53,359.405,359.47
1781293500000,359.471,359.84,358.435,359.66
1781294400000,359.734,360.58,359.554,360.299
1781295300000,360.32,360.754,360.105,360.449
1781296200000,360.45,360.45,359.94,360.046
1781297100000,360.045,360.08,359.855,360.067
1781298000000,360.069,360.396,360.015,360.382
1781298900000,360.381,360.453,360.07,360.07
1781299800000,360.097,360.41,360.097,360.245
1781300700000,360.245,360.415,360.15,360.415
1781301600000,360.415,360.559,360.215,360.274
1781302500000,360.275,360.468,360.275,360.468
1781303400000,360.48,360.54,360.415,360.415
1781304300000,360.415,360.64,360.401,360.64
1781305200000,360.64,360.67,360.527,360.665
1781306100000,360.665,360.868,360.607,360.795
1781307000000,360.795,360.895,360.687,360.706
1781307900000,360.707,360.893,360.578,360.875
1781308800000,360.875,360.875,360.875,360.875
1781333100000,360.69,360.69,360.69,360.69
1781339400000,360.7,360.7,360.69,360.69
1781353800000,360.69,360.69,360.51,360.51
1781357400000,360.5,360.5,360.37,360.37
1781387100000,360.22,360.22,360.19,360.19
1781397000000,360.19,360.19,360.17,360.17
1781397900000,360.17,360.17,360.14,360.14
1781411400000,360.12,360.12,360.06,360.06
1781414100000,360.32,360.42,360.32,360.42
1781415000000,360.48,360.51,359.96,359.96
1781418600000,360.2,360.2,360.2,360.2
1781421300000,360.34,360.34,360.34,360.34
1781427600000,360.47,360.51,359.94,359.94
1781428500000,360.52,360.52,360.52,360.52
1781442000000,359.93,359.93,359.93,359.93
1781481600000,363.76,366.76,361.01,364.78
1781482500000,364.84,365.95,364.74,365.89
1781483400000,365.86,366.46,365.14,365.26
1781484300000,365.22,365.57,364.89,365.24
1781485200000,365.21,365.67,364.91,365.59
1781486100000,365.62,365.62,365.21,365.5
1781487000000,365.53,366.05,365.44,366.03
1781487900000,366.03,366.07,365.36,365.65
1781488800000,365.65,366.34,365.63,366.24
1781489700000,366.23,366.83,366.12,366.75
1781490600000,366.75,366.96,366.57,366.77
1781491500000,366.79,367.2,366.78,366.99
1781492400000,366.99,367.12,366.65,367.01
1781493300000,367.07,367.5,367.04,367.38
1781494200000,367.41,368.14,367.39,367.52
1781495100000,367.53,367.74,367.34,367.52
1781496000000,367.53,367.63,366.86,367.04
1781496900000,367.08,367.34,366.98,367.32
1781497800000,367.31,367.38,366.57,367.11
1781498700000,367.11,367.21,366.82,367.03
1781499600000,367.02,367.04,366.16,366.35
1781500500000,366.35,366.52,365.91,366.14
1781501400000,366.19,366.61,365.86,366
1781502300000,365.93,366.35,365.75,366.3
1781503200000,366.32,366.34,365.81,365.81
1781504100000,365.81,366.12,365.38,365.68
1781505000000,365.65,366.05,365.41,365.72
1781505900000,365.74,365.82,365.31,365.41
1781506800000,365.38,365.88,365.22,365.38
1781507700000,365.46,366.08,365.4,365.98
1781508600000,365.98,366.11,365.51,365.51
1781509500000,365.51,365.53,365.04,365.2
1781510400000,360.875,365.899,360.875,365.035
1781511300000,365.035,365.299,364.5,365.199
1781512200000,365.197,365.385,364.845,364.98
1781513100000,364.98,365.375,364.65,364.66
1781514000000,364.662,364.804,364.499,364.524
1781514900000,364.524,364.689,364.304,364.304
1781515800000,364.301,364.82,364.251,364.674
1781516700000,364.674,365.041,364.515,365.036
1781517600000,365.032,365.155,364.904,365.109
1781518500000,365.109,365.589,365.109,365.589
1781519400000,365.574,365.574,365.092,365.393
1781520300000,365.395,365.529,365.393,365.46
1781521200000,365.46,366.488,365.46,366.401
1781522100000,366.401,366.413,365.73,366.005
1781523000000,366.005,366.246,365.8,365.816
1781523900000,365.816,366.07,365.554,365.589
1781524800000,365.585,365.976,365.479,365.566
1781525700000,365.561,366.095,365.544,365.9
1781526600000,365.901,366.058,365.192,365.192
1781527500000,365.192,365.3,365.05,365.183
1781528400000,365.184,365.699,365.171,365.699
1781529300000,365.704,368.159,365.195,367.817
1781530200000,367.765,372.1,366.68,368.065
1781531100000,368.052,369.59,366.625,369.159
1781532000000,369.215,371.555,367.3,368.128
1781532900000,368.127,369.91,367.97,369.111
1781533800000,369.107,370.43,368.79,369.277
1781534700000,369.284,370.64,368.865,370.56
1781535600000,370.571,371.4,370,370.268
1781536500000,370.274,372.585,370.265,372.477
1781537400000,372.464,372.464,371.26,371.64
1781538300000,371.646,372.74,371.42,372.565
1781539200000,372.563,372.98,371.745,371.773
1781540100000,371.77,372.01,370.915,371.056
1781541000000,371.035,371.22,370.683,370.903
1781541900000,370.896,371.37,370.7,371.308
1781542800000,371.31,371.75,370.89,371.609
1781543700000,371.606,371.95,371.32,371.685
1781544600000,371.67,372.16,371.32,371.54
1781545500000,371.542,372.03,371.385,371.707
1781546400000,371.716,372.11,371.05,371.354
1781547300000,371.357,371.69,371.17,371.447
1781548200000,371.447,371.76,371.095,371.242
1781549100000,371.241,371.419,370.93,371.264
1781550000000,371.32,371.39,370.07,370.126
1781550900000,370.121,370.7,369.675,369.856
1781551800000,369.835,369.872,369.12,369.169
1781552700000,369.15,369.495,367.57,369.242
1781553600000,369.253,369.568,368.854,369.06
1781554500000,369.06,369.3,368.897,369.134
1781555400000,369.132,369.59,369.12,369.24
1781556300000,369.242,369.554,369.2,369.485
1781557200000,369.485,369.579,369.446,369.579
1781558100000,369.579,369.653,369.435,369.46
1781559000000,369.46,369.773,369.46,369.742
1781559900000,369.741,369.848,369.7,369.805
1781560800000,369.805,369.95,369.401,369.435
1781561700000,369.429,369.624,369.17,369.32
1781562600000,369.32,369.32,369.003,369.005
1781563500000,368.992,369.275,368.918,369.275
1781564400000,369.275,369.32,369.195,369.195
1781565300000,369.195,369.195,369.026,369.175
1781566200000,369.175,369.243,369.15,369.166
1781567100000,369.166,369.31,369.148,369.245
1781568000000,369.22,370,368.44,369.18
1781568900000,369.26,369.66,368.99,369.49
1781569800000,369.58,369.82,369.16,369.48
1781570700000,369.35,369.75,369.01,369.75
1781571600000,369.6,369.96,369.01,369.14
1781572500000,369.18,369.43,369.09,369.14
1781573400000,369.13,369.27,368.96,369.12
1781574300000,369.12,369.9,369.07,369.86
1781575200000,369.86,369.93,369.59,369.72
1781576100000,369.72,369.9,369.36,369.55
1781577000000,369.55,369.89,369.47,369.82
1781577900000,369.83,369.95,369.59,369.67
1781578800000,369.63,369.81,369.56,369.56
1781579700000,369.56,369.97,369.5,369.86
1781580600000,369.93,370.5,369.86,370.38
1781581500000,370.39,370.4,370,370.27
1781582400000,370.31,370.36,370.06,370.06
1781583300000,370.06,370.09,369.78,369.87
1781584200000,369.82,369.82,369.6,369.66
1781585100000,369.63,369.66,369.29,369.44
1781586000000,369.44,369.75,369.42,369.62
1781586900000,369.62,369.77,369.49,369.5
1781587800000,369.51,369.57,368.93,368.96
1781588700000,369.09,369.12,368.79,368.88
1781589600000,368.88,369.35,368.86,369.16
1781590500000,369.16,369.16,368.96,369.12
1781591400000,369.14,369.28,369.06,369.13
1781592300000,369.15,369.2,369.02,369.15
1781593200000,369.15,369.21,369.07,369.08
1781594100000,369.12,369.15,369.03,369.1
1781595000000,369.06,369.12,368.93,368.93
1781595900000,368.98,369.19,368.88,369.02
1781596800000,369.245,369.675,369.218,369.218
1781597700000,369.219,369.33,368.03,368.325
1781598600000,368.325,368.375,367.642,368.245
1781599500000,368.244,368.899,368.236,368.858
1781600400000,368.856,369.438,368.756,369.07
1781601300000,369.067,369.21,368.867,368.883
1781602200000,368.883,369.035,368.86,368.86
1781603100000,368.867,368.916,368.74,368.768
1781604000000,368.769,368.883,368.769,368.855
1781604900000,368.852,369.02,368.8,368.885
1781605800000,368.885,369.069,368.83,369.005
1781606700000,368.978,369.448,368.85,369.376
1781607600000,369.376,369.512,368.77,368.935
1781608500000,368.935,369.176,368.765,368.844
1781609400000,368.844,369.105,368.71,369.105
1781610300000,369.111,369.421,369.08,369.212
1781611200000,369.209,369.321,368.928,369.033
1781612100000,369.034,369.12,368.651,368.651
1781613000000,368.651,368.978,368.488,368.568
1781613900000,368.568,368.765,368.54,368.54
1781614800000,368.539,368.644,367.976,368.19
1781615700000,368.178,369.566,367.91,369.532
1781616600000,369.61,371.18,367.69,368.379
1781617500000,368.355,369.18,367.085,368.198
1781618400000,368.15,371.08,368.08,370.199
1781619300000,370.208,372.01,370.02,370.411
1781620200000,370.42,374.032,370.3,373.191
1781621100000,372.98,374.2,372.495,374.138
1781622000000,374.22,375.75,374.152,374.679
1781622900000,374.684,375.88,373.85,375.253
1781623800000,375.23,375.56,373.83,373.971
1781624700000,373.82,374.32,372.77,372.817
1781625600000,372.816,372.816,371.41,372.629
1781626500000,372.632,372.865,371.84,372.22
1781627400000,372.2,372.3,371.35,371.76
1781628300000,371.705,371.742,369.55,370.051
1781629200000,370.049,370.445,369.878,370.068
1781630100000,370.066,370.85,369.915,370.402
1781631000000,370.399,371.44,370.3,371.284
1781631900000,371.285,371.8,370.96,371.085
1781632800000,371.07,372.54,370.785,372.532
1781633700000,372.536,372.66,372.23,372.356
1781634600000,372.355,373.48,372.18,373.149
1781635500000,373.14,373.94,372.526,373.68
1781636400000,373.705,373.705,372.73,373.137
1781637300000,373.132,373.46,372.29,372.408
1781638200000,372.37,373.08,371.81,373.043
1781639100000,373.43,373.49,372.88,373.36
1781640000000,373.294,373.694,371.68,372.334
1781640900000,372.322,372.322,371.631,372.199
1781641800000,372.169,372.385,372,372.235
1781642700000,372.235,372.235,371.577,371.745
1781643600000,371.742,372.012,371.73,372.012
1781644500000,372.014,372.019,371.165,371.391
1781645400000,371.391,371.886,371.276,371.6
1781646300000,371.6,371.89,371.576,371.576
1781647200000,371.49,371.75,371.478,371.66
1781648100000,371.66,371.859,371.49,371.775
1781649000000,371.775,371.97,371.381,371.599
1781649900000,371.6,371.975,371.432,371.625
1781650800000,371.625,371.874,371.29,371.683
1781651700000,371.686,371.7,371.365,371.587
1781652600000,371.59,372.09,371.401,371.501
1781653500000,371.484,371.8,371.4,371.75
1781654400000,371.75,372.17,371.48,371.73
1781655300000,371.89,371.96,371.54,371.68
1781656200000,371.71,372.05,371.68,371.89
1781657100000,371.82,372.31,371.69,372.31
1781658000000,372.45,372.81,372.34,372.81
1781658900000,372.81,373.11,372.62,372.84
1781659800000,372.9,373.21,372.74,372.85
1781660700000,372.89,373.18,372.84,373.16
1781661600000,373.16,373.34,372.98,373.34
1781662500000,373.3,373.3,373.07,373.07
1781663400000,373.07,373.35,372.87,373.26
1781664300000,373.26,373.26,373,373.2
1781665200000,373.19,373.25,372.92,372.94
1781666100000,372.99,372.99,372,372.69
1781667000000,372.82,372.87,372.55,372.78
1781667900000,372.79,373.1,372.67,373.03
1781668800000,373.05,373.11,372.85,372.96
1781669700000,372.93,373.32,372.93,373.14
1781670600000,373.14,373.14,372.76,372.99
1781671500000,373.01,373.32,373.01,373.32
1781672400000,373.27,373.32,373.12,373.21
1781673300000,373.2,373.42,373.17,373.17
1781674200000,373.22,373.34,372.64,372.64
1781675100000,372.74,373.07,372.63,372.96
1781676000000,372.88,373.43,372.74,373.3
1781676900000,373.33,373.56,373.1,373.18
1781677800000,373.17,373.31,372.54,373.27
1781678700000,373.27,373.3,372.98,373.02
1781679600000,373.03,373.2,372.92,373.03
1781680500000,373.02,373.16,372.65,372.91
1781681400000,372.91,373.08,372.63,373.08
1781682300000,373.08,373.08,372.7,372.7
1781683200000,371.949,373.269,371.82,371.975
1781684100000,371.978,372.364,371.89,372.1
1781685000000,372.108,372.144,371.658,371.806
1781685900000,371.806,372.119,371.337,372.065
1781686800000,372.065,372.224,371.719,371.731
1781687700000,371.731,371.972,371.46,371.473
1781688600000,371.472,371.49,371.199,371.2
1781689500000,371.2,371.448,370.807,371.015
1781690400000,371.015,371.039,370.441,370.744
1781691300000,370.745,371.405,370.696,371.147
1781692200000,371.124,371.124,370.765,370.985
1781693100000,370.985,371.24,370.985,371.177
1781694000000,371.178,371.575,371.011,371.555
1781694900000,371.562,371.6,371.375,371.375
1781695800000,371.375,371.375,370.899,370.967
1781696700000,370.968,371.101,370.647,370.78
1781697600000,370.782,371.324,370.735,371.282
1781698500000,371.276,371.319,370.852,370.944
1781699400000,370.947,371.3,370.871,371.151
1781700300000,371.15,371.413,371.036,371.38
1781701200000,371.38,371.39,370.861,370.979
1781702100000,370.978,371.49,368.2,369.013
1781703000000,369.445,372.23,367.45,367.695
1781703900000,367.87,367.91,365.99,366.223
1781704800000,366.24,367.51,364.81,367.257
1781705700000,367.259,367.86,366.48,366.765
1781706600000,366.787,366.92,363.89,364.72
1781707500000,364.73,364.975,362.825,363.885
1781708400000,363.888,363.985,362.69,363.827
1781709300000,363.811,364.79,363.655,364.192
1781710200000,364.176,365.18,363.85,364.894
1781711100000,364.894,365.02,364.19,364.855
1781712000000,364.861,365.17,364.21,364.404
1781712900000,364.411,366.135,364.34,365.814
1781713800000,365.806,365.92,364.71,365.218
1781714700000,365.221,365.67,365.075,365.495
1781715600000,365.49,365.565,364.13,364.253
1781716500000,364.249,365.175,363.98,365.162
1781717400000,365.161,365.235,364.65,365.017
1781718300000,365.021,366.5,364.71,366.331
1781719200000,366.347,366.52,363.965,366.114
1781720100000,366.091,366.47,364.93,365.653
1781721000000,365.656,366.6,364.9,366.486
1781721900000,366.465,366.48,364.135,364.354
1781722800000,364.359,365.035,363.99,364.739
1781723700000,364.74,364.86,362.44,362.482
1781724600000,362.487,363.5,362.08,363.248
1781725500000,363.256,364.83,362.89,363.85
1781726400000,363.771,364.682,363.653,363.937
1781727300000,363.945,364.522,363.811,364.41
1781728200000,364.414,364.756,364.392,364.756
1781729100000,364.763,364.794,364,364.385
1781730000000,364.385,364.498,363.286,363.8
1781730900000,363.8,364.208,363.8,364.044
1781731800000,364.044,364.275,364.044,364.256
1781732700000,364.254,364.336,364.125,364.175
1781733600000,364.173,364.404,363.83,364.399
1781734500000,364.399,364.9,364.399,364.805
1781735400000,364.805,365,364.46,364.91
1781736300000,364.91,365.38,364.86,365.17
1781737200000,365.17,365.499,365.16,365.499
1781738100000,365.501,365.65,365.35,365.589
1781739000000,365.59,365.819,365.48,365.705
1781739900000,365.705,365.71,365.528,365.634
1781740800000,366,367.06,365.636,366.79
1781741700000,366.69,366.82,365.71,365.74
1781742600000,365.76,366.58,365.76,366.38
1781743500000,366.54,366.55,366.09,366.32
1781744400000,366.43,367.09,366.28,366.91
1781745300000,366.99,367.19,366.81,366.81
1781746200000,366.86,366.96,366.52,366.52
1781747100000,366.52,366.52,366,366.05
1781748000000,366.04,366.63,365.93,366.48
1781748900000,366.52,366.58,366.36,366.4
1781749800000,366.4,366.42,366.18,366.4
1781750700000,366.38,366.5,366.02,366.15
1781751600000,366.14,366.21,365.96,365.96
1781752500000,366.03,366.31,365.93,366.3
1781753400000,366.32,366.32,365.2,365.72
1781754300000,365.76,365.86,365.53,365.6
1781755200000,365.6,365.73,365.14,365.14
1781756100000,365.24,365.32,364.47,364.72
1781757000000,364.96,365,364.4,364.4
1781757900000,364.43,364.83,364.17,364.78
1781758800000,364.84,364.97,364.49,364.54
1781759700000,364.57,364.71,364.21,364.22
1781760600000,364.31,364.5,363.91,364.05
1781761500000,364.06,364.15,363.71,363.78
1781762400000,363.7,363.9,363.45,363.63
1781763300000,363.83,364.12,363.61,364.02
1781764200000,364.03,364.08,363.6,363.74
1781765100000,363.76,364.44,363.76,364.44
1781766000000,364.29,364.54,363.77,363.96
1781766900000,363.8,364.24,363.8,364.22
1781767800000,364.18,364.38,364.07,364.35
1781768700000,364.29,364.8,364.28,364.61
1781769600000,365.448,365.448,364.208,364.785
1781770500000,364.782,364.919,364.343,364.444
1781771400000,364.441,364.464,364.331,364.375
1781772300000,364.375,364.454,363.988,363.988
1781773200000,363.987,364.295,363.9,364.285
1781774100000,364.285,364.34,364.19,364.245
1781775000000,364.246,364.624,364.235,364.558
1781775900000,364.559,364.727,364.502,364.569
1781776800000,364.569,364.649,364.36,364.595
1781777700000,364.595,364.678,364.445,364.585
1781778600000,364.585,364.633,364.255,364.255
1781779500000,364.255,364.255,363.686,363.793
1781780400000,363.794,364.099,362.471,362.803
1781781300000,362.797,362.897,362.286,362.435
1781782200000,362.442,362.654,362.081,362.376
1781783100000,362.377,362.66,362.208,362.495
1781784000000,362.505,362.841,362.505,362.684
1781784900000,362.667,363.473,362.435,363.235
1781785800000,363.234,364.2,363.233,364.085
1781786700000,364.084,364.535,364.07,364.155
1781787600000,364.153,364.855,363.755,364.855
1781788500000,364.857,367,364.41,366.383
1781789400000,365.7,367.64,359.405,359.497
1781790300000,359.455,361.26,358.7,360.504
1781791200000,360.44,364.02,360.44,362.998
1781792100000,362.88,363.79,361.69,361.821
1781793000000,361.845,363.26,361.67,363.072
1781793900000,363.072,364.205,362.98,363.253
1781794800000,363.263,364,363,363.541
1781795700000,363.541,364.435,362.925,364.009
1781796600000,364.006,365.33,363.725,365.257
1781797500000,365.242,367.26,364.7,365.934
1781798400000,365.933,366.03,364.97,365.17
1781799300000,365.166,366.775,364.765,366.344
1781800200000,366.341,366.52,365.71,366.205
1781801100000,366.215,367.225,366.215,366.4
1781802000000,366.465,366.9,366.18,366.506
1781802900000,366.502,367.723,366.44,367.723
1781803800000,367.86,368.465,367.57,367.802
1781804700000,367.8,368.45,367.55,368.112
1781805600000,368.107,368.435,367.835,367.891
1781806500000,367.888,368.26,367.41,367.72
1781807400000,367.717,368.31,367.04,368.108
1781808300000,368.132,368.725,368.065,368.391
1781809200000,368.392,368.42,366.9,367.23
1781810100000,367.228,367.8,366.43,367.603
1781811000000,367.604,368.78,367.3,368.736
1781811900000,368.7,369.47,367.38,367.93
1781812800000,368.113,368.114,367.191,367.307
1781813700000,367.312,367.654,366.995,367.645
1781814600000,367.645,367.749,367.316,367.375
1781815500000,367.375,367.635,367.168,367.375
1781816400000,367.375,367.8,367.375,367.641
1781817300000,367.641,367.795,367.47,367.795
1781818200000,367.795,367.795,367.602,367.602
1781819100000,367.597,367.685,367.451,367.451
1781820000000,367.438,367.438,366.61,366.758
1781820900000,366.771,366.798,366.176,366.176
1781821800000,366.176,366.176,365.09,365.38
1781822700000,365.38,365.88,365.294,365.5
1781823600000,365.482,365.898,365.4,365.752
1781824500000,365.753,365.998,365.706,365.895
1781825400000,365.895,367.081,365.8,366.285
1781826300000,366.285,366.807,366.146,366.195
1781827200000,366.48,366.48,366.36,366.36
1781829000000,366.36,366.36,366.3,366.3
1781834400000,366.29,366.29,366.28,366.28
1781837100000,366.27,366.27,366.27,366.27
1781846100000,366.56,366.56,366.56,366.56
1781848800000,366.5,366.5,366.5,366.5
1781850600000,366.5,366.5,366.5,366.5
1781854200000,366.26,366.26,366.26,366.26
1781855100000,366.5,366.5,366.24,366.24
1781857800000,366.23,366.23,366.23,366.23
1781858700000,366.17,366.17,366.11,366.11
1781860500000,366.32,366.57,366.1,366.1
1781861400000,366.08,366.29,366.08,366.29
1781864100000,366.45,366.45,366.29,366.29
1781873100000,366.45,366.45,366.45,366.45
1781874000000,366.45,366.45,366.29,366.29
1781878500000,366.53,366.81,366.53,366.81
1781882100000,366.54,366.54,365.98,365.98
1781883000000,365.98,365.98,365.98,365.98
1781883900000,365.99,366.11,365.91,366.11
1781884800000,366.11,366.11,366.11,366.11
1781885700000,365.88,365.88,365.88,365.88
1781888400000,366.11,366.17,366.11,366.17
1781911800000,365.86,365.86,365.85,365.85
1781912700000,365.79,365.79,365.79,365.79
1781913600000,365.78,365.78,365.78,365.78
1781920800000,366.01,366.05,366.01,366.05
1781922600000,366,366.05,366,366.05
1781926200000,366.05,366.05,366.05,366.05
1781928900000,366.05,366.05,366.05,366.05
1781934300000,366.05,366.24,366.05,366.24
1781937900000,366.24,366.24,366.24,366.24
1781944200000,366.34,366.34,365.76,365.76
1781945100000,366,366.34,366,366.34
1781946000000,365.77,365.77,365.77,365.77
1781946900000,365.77,365.77,365.76,365.76
1781947800000,365.97,366.36,365.97,366.36
1781948700000,365.77,366.32,365.76,365.76
1781951400000,365.76,365.76,365.76,365.76
1781953200000,365.93,365.93,365.93,365.93
1781954100000,366.24,366.36,366.24,366.36
1781957700000,366.36,366.36,365.76,365.76
1781965800000,365.76,365.76,365.75,365.75
1781966700000,365.74,365.74,365.71,365.71
1781988300000,365.87,365.87,365.72,365.72
1781989200000,365.95,367.22,365.95,367.22
1781990100000,367.39,367.97,367.39,367.97
1781991900000,368.54,368.94,368.54,368.94
1781992800000,369.08,370.15,369.08,370.15
1782015300000,370.2,370.2,370.2,370.2
1782017100000,370.2,370.2,370.2,370.2
1782018900000,370.2,370.2,370.2,370.2
1782019800000,370.2,370.22,370.2,370.22
1782021600000,370.22,370.24,370,370.24
1782022500000,370.28,370.28,370.28,370.28
1782023400000,370.3,370.3,370.3,370.3
1782026100000,370.32,370.32,370.32,370.32
1782027000000,370.35,370.37,370.02,370.02
1782034200000,370.39,370.4,370,370.4
1782036900000,370.4,370.4,370,370
1782037800000,370,370,370,370
1782038700000,370.41,370.43,370.41,370.43
1782045000000,370.45,370.46,370.22,370.22
1782046800000,370.22,370.22,370.22,370.22
1782047700000,370.22,370.22,370,370
1782048600000,370,370,370,370
1782049500000,370.47,370.67,370.47,370.67
1782053100000,370.67,370.76,370.67,370.76
1782060300000,370.78,370.78,370.78,370.78
1782085500000,370.81,370.81,370.81,370.81
1782086400000,365,365.24,362.37,363.24
1782087300000,363.3,363.3,362,362.66
1782088200000,362.75,363.32,361.75,362.19
1782089100000,362.09,362.6,361.81,362.13
1782090000000,362.2,363.3,362.15,363.06
1782090900000,363.05,363.18,362.21,362.44
1782091800000,362.51,362.57,362.26,362.44
1782092700000,362.46,362.6,362.25,362.29
1782093600000,362.31,362.7,362.13,362.27
1782094500000,362.27,362.66,362.01,362.14
1782095400000,362.11,362.48,361.98,362.21
1782096300000,362.19,362.24,361.97,362
1782097200000,362.02,362.24,361.24,361.4
1782098100000,361.42,362,361.41,361.64
1782099000000,361.67,361.93,361.67,361.8
1782099900000,361.81,361.9,361.16,361.59
1782100800000,361.4,361.58,361.14,361.2
1782101700000,361.2,361.45,361.11,361.16
1782102600000,361.14,361.33,361.02,361.11
1782103500000,361.12,361.6,361.12,361.57
1782104400000,361.52,363.3,361.47,363.28
1782105300000,363.12,363.18,362.93,363.03
1782106200000,363,363.08,362.78,362.8
1782107100000,362.81,363.04,362.78,362.99
1782108000000,362.99,363.58,362.99,363.58
1782108900000,363.52,363.89,363.47,363.89
1782109800000,363.85,363.85,363.65,363.75
1782110700000,363.8,363.94,363.71,363.71
1782111600000,363.82,364.25,363.82,363.9
1782112500000,364.04,364.36,363.89,364.05
1782113400000,363.99,364.05,363.71,363.78
1782114300000,363.79,364.14,363.66,363.66
1782115200000,366.195,366.195,362.805,362.837
1782116100000,362.836,362.915,361.855,361.975
1782117000000,361.967,362.588,361.878,362.306
1782117900000,362.307,362.672,362.185,362.672
1782118800000,362.679,362.925,362.402,362.735
1782119700000,362.736,362.774,362.208,362.465
1782120600000,362.471,362.743,362.451,362.48
1782121500000,362.48,362.504,362.13,362.18
1782122400000,362.18,362.63,361.985,362.008
1782123300000,362.012,362.229,361.708,361.81
1782124200000,361.81,361.81,361,361.226
1782125100000,361.226,361.943,361.226,361.943
1782126000000,361.944,362.398,361.05,361.105
1782126900000,361.094,361.649,361.01,361.452
1782127800000,361.452,361.809,361.231,361.784
1782128700000,361.781,361.781,361.226,361.371
1782129600000,361.371,361.775,361.31,361.375
1782130500000,361.375,361.38,360.347,360.347
1782131400000,360.303,360.303,359.341,359.489
1782132300000,359.49,359.97,359.47,359.9
1782133200000,359.9,360,359.614,359.798
1782134100000,359.8,360.01,357.03,357.886
1782135000000,357.88,358.71,354.06,354.197
1782135900000,354.13,355.23,353.245,353.998
1782136800000,354.013,354.135,350.36,350.427
1782137700000,350.416,351.08,348.6,348.85
1782138600000,348.85,349.285,347.335,347.616
1782139500000,347.575,347.77,344.61,345.378
1782140400000,345.36,345.385,342.68,342.934
1782141300000,342.945,345.05,341.78,343.76
1782142200000,343.755,347.32,343.755,347.195
1782143100000,347.198,347.51,345.035,345.997
1782144000000,346.02,346.25,344.77,345.674
1782144900000,345.676,346.76,345.36,346.72
1782145800000,346.719,346.855,345.63,346.062
1782146700000,346.057,346.62,345.652,346.452
1782147600000,346.45,346.705,345.59,346.47
1782148500000,346.51,347.56,346.1,347.1
1782149400000,347.158,347.305,346.35,346.678
1782150300000,346.672,347.67,346.5,347.154
1782151200000,347.14,348.14,347.02,348.047
1782152100000,348.065,348.46,347.69,348.064
1782153000000,348.068,348.55,347.98,348.312
1782153900000,348.3,348.63,347.165,347.385
1782154800000,347.41,348.085,347.34,347.659
1782155700000,347.68,349.82,347.5,349.522
1782156600000,349.47,349.94,348.51,348.641
1782157500000,348.77,350,348.57,349.77
1782158400000,349.669,349.927,348.825,349.442
1782159300000,349.442,349.442,348.764,348.767
1782160200000,348.768,349.057,348.353,348.524
1782161100000,348.526,348.533,346.945,347.045
1782162000000,347.049,348.25,346.91,348.14
1782162900000,348.14,348.545,348.075,348.35
1782163800000,348.35,348.853,348.35,348.665
1782164700000,348.66,348.844,348.55,348.626
1782165600000,348.626,348.665,348.27,348.275
1782166500000,348.275,348.882,348.275,348.631
1782167400000,348.632,348.772,347.587,347.587
1782168300000,347.586,347.685,347.279,347.41
1782169200000,347.408,347.529,347.266,347.407
1782170100000,347.406,347.406,347.025,347.199
1782171000000,347.199,347.29,346.528,346.719
1782171900000,346.724,346.743,345.79,346.086
1782172800000,346.5,346.99,346.107,346.38
1782173700000,346.41,347.28,345.99,346
1782174600000,346,346.88,345.93,346.88
1782175500000,347.01,347.29,346.6,346.93
1782176400000,346.92,347.07,346.67,346.72
1782177300000,346.72,346.72,346.04,346.21
1782178200000,346.23,346.23,345.62,345.69
1782179100000,345.64,345.76,345.26,345.44
1782180000000,345.53,345.63,345.08,345.1
1782180900000,345.1,345.83,345.1,345.54
1782181800000,345.55,345.62,345.22,345.58
1782182700000,345.53,345.59,345.26,345.34
1782183600000,345.43,345.53,344.86,345.07
1782184500000,344.97,345.75,344.97,345.6
1782185400000,345.57,346,344.97,344.99
1782186300000,344.99,345.35,344.69,345.25
1782187200000,345.23,345.42,344.67,344.76
1782188100000,344.8,344.9,344.37,344.71
1782189000000,344.7,344.76,344.36,344.64
1782189900000,344.64,344.78,344.18,344.44
1782190800000,344.43,344.77,343.98,344
1782191700000,343.98,344.22,343.42,344.11
1782192600000,343.94,344.1,342.64,342.99
1782193500000,343.01,343.81,342.85,343.63
1782194400000,343.58,344.01,343.19,343.86
1782195300000,343.8,343.9,342.17,342.23
1782196200000,342.23,342.38,341.55,341.6
1782197100000,341.6,341.85,341,341.11
1782198000000,341.19,342.19,340.59,341.59
1782198900000,341.58,341.58,340.81,341.33
1782199800000,341.35,341.61,340.91,341.25
1782200700000,341.24,341.34,340.7,340.71
1782201600000,345.304,345.304,340.281,340.547
1782202500000,340.525,340.525,338.254,338.934
1782203400000,338.947,340.871,338.947,340.416
1782204300000,340.432,340.63,339.5,340.619
1782205200000,340.624,341.601,340.624,341.462
1782206100000,341.456,341.737,340.994,341.427
1782207000000,341.444,341.721,341.26,341.655
1782207900000,341.641,342.582,341.57,341.989
1782208800000,341.987,343.436,341.987,342.031
1782209700000,342.03,342.589,341.47,341.47
1782210600000,341.47,341.728,340.871,341.005
1782211500000,341.006,342.413,341.006,342.411
1782212400000,342.55,342.99,341.966,342.923
1782213300000,342.912,342.912,342.164,342.573
1782214200000,342.568,343.967,342.447,343.378
1782215100000,343.377,343.753,343.215,343.388
1782216000000,343.373,343.742,343.221,343.254
1782216900000,343.251,343.277,342.08,342.268
1782217800000,342.269,343.339,342.042,343.179
1782218700000,343.18,343.488,342.42,342.527
1782219600000,342.536,343.516,342.27,343.191
1782220500000,343.192,343.192,339,340.46
1782221400000,340.38,347.63,340.36,347.382
1782222300000,347.18,348.73,346.59,348.15
1782223200000,348.075,349.24,347.8,348.871
1782224100000,348.86,348.9,347.17,348.161
1782225000000,348.215,348.67,346.73,347.157
1782225900000,347.153,348.53,346.2,346.485
1782226800000,346.54,347.06,346.19,346.93
1782227700000,346.932,347.07,345.25,345.437
1782228600000,345.41,346.11,345.07,345.957
1782229500000,345.965,346.91,345.82,346.328
1782230400000,346.33,346.97,345.36,345.712
1782231300000,345.74,347.855,345.66,347.543
1782232200000,347.64,347.99,347.25,347.536
1782233100000,347.53,348.25,347.15,348.006
1782234000000,347.988,348.06,347.12,347.621
1782234900000,347.64,348,346.87,347.827
1782235800000,347.821,347.89,347.23,347.334
1782236700000,347.29,347.78,346.575,346.76
1782237600000,346.76,347.171,346.338,346.528
1782238500000,346.53,346.81,346.06,346.098
1782239400000,346.099,346.73,346,346.702
1782240300000,346.705,346.99,346.095,346.795
1782241200000,346.803,347.12,346.44,346.863
1782242100000,346.862,347.46,346.69,346.956
1782243000000,346.953,347.29,346.58,347.2
1782243900000,347.23,348.13,346.22,346.3
1782244800000,346.272,347.062,346.045,346.902
1782245700000,346.901,347.196,346.782,347.165
1782246600000,347.165,347.165,346.26,346.587
1782247500000,346.584,347.095,346.342,347.071
1782248400000,347.07,347.07,346.559,346.8
1782249300000,346.8,351.843,346.625,351.205
1782250200000,351.204,351.204,349.377,349.69
1782251100000,349.698,350.268,349.698,349.898
1782252000000,349.874,350.098,349.48,349.48
1782252900000,349.466,349.542,347.751,348.206
1782253800000,348.204,348.204,346.622,346.683
1782254700000,346.694,348.145,346.582,348
1782255600000,348,348,347.1,347.64
1782256500000,347.625,347.94,347.339,347.55
1782257400000,347.55,347.575,347.2,347.516
1782258300000,347.517,349.318,347.516,348.02
1782259200000,347.76,348.81,347.37,348.11
1782260100000,348.1,348.5,347.78,348.1
1782261000000,348.26,348.27,347.69,348.07
1782261900000,348.08,348.13,347.64,348.12
1782262800000,348.08,348.08,347.51,348.02
1782263700000,347.96,347.99,347.37,347.65
1782264600000,347.75,348.04,347.64,347.89
1782265500000,347.9,347.96,347.66,347.71
1782266400000,347.73,347.96,347.55,347.73
1782267300000,347.71,347.84,347.46,347.68
1782268200000,347.68,347.72,347.04,347.08
1782269100000,347.1,347.13,346.55,346.59
1782270000000,346.6,347.58,346.38,347.46
1782270900000,347.5,347.63,347.22,347.63
1782271800000,347.63,347.89,347.53,347.73
1782272700000,347.69,347.83,347.51,347.82
1782273600000,347.76,347.78,347.41,347.61
1782274500000,347.62,347.67,347.3,347.35
1782275400000,347.48,348.1,347.38,348.02
1782276300000,348.03,348.39,347.95,348.38
1782277200000,348.45,348.58,348.21,348.4
1782278100000,348.4,348.74,348.38,348.4
1782279000000,348.42,348.58,348.18,348.32
1782279900000,348.26,348.32,347.93,348.16
1782280800000,348.15,348.27,347.66,348.27
1782281700000,348.27,348.27,347.58,347.98
1782282600000,347.94,348.46,347.94,348.28
1782283500000,348.26,348.47,348.17,348.42
1782284400000,348.41,348.42,348.14,348.4
1782285300000,348.44,348.62,348.38,348.41
1782286200000,348.39,348.54,348.14,348.54
1782287100000,348.53,348.64,348.18,348.36
1782288000000,348.02,348.391,347.745,348.149
1782288900000,348.149,348.17,347.405,347.865
1782289800000,347.865,348.58,347.865,348.58
1782290700000,348.576,348.584,348.289,348.435
1782291600000,348.435,348.829,348.308,348.694
1782292500000,348.696,348.7,348.131,348.249
1782293400000,348.248,348.424,347.929,347.929
1782294300000,347.928,348.196,347.925,348.17
1782295200000,348.17,348.19,347.938,348.025
1782296100000,348.023,348.073,347.94,348.007
1782297000000,348.006,348.14,347.94,348.14
1782297900000,348.142,348.146,347.63,347.69
1782298800000,347.69,347.796,347.109,347.329
1782299700000,347.33,347.334,346.778,347.122
1782300600000,347.132,347.863,347.132,347.374
1782301500000,347.373,348.13,347.302,348.13
1782302400000,348.131,348.199,347.903,348.15
1782303300000,348.15,348.85,348.056,348.85
1782304200000,348.833,348.99,348.264,348.725
1782305100000,348.713,348.927,348.17,348.839
1782306000000,348.839,349.142,348.426,348.493
1782306900000,348.493,349.008,348.11,348.858
1782307800000,349.02,352.13,347.83,348.472
1782308700000,348.468,350.565,347,350.231
1782309600000,350.27,351.04,349.42,350.059
1782310500000,350.066,350.825,349.035,350.306
1782311400000,350.335,351.95,349.95,351.869
1782312300000,351.853,353.42,351.725,353.122
1782313200000,353.27,353.27,350.88,350.994
1782314100000,350.974,351.3,350.42,350.959
1782315000000,350.958,351.23,349.68,350.378
1782315900000,350.43,350.97,349.9,350.059
1782316800000,350.055,350.885,349.89,350.68
1782317700000,350.687,350.85,349.52,349.808
1782318600000,349.82,349.86,348.36,348.829
1782319500000,348.819,349.55,348.63,349.458
1782320400000,349.46,349.875,348.925,349.522
1782321300000,349.57,349.905,348.91,349.11
1782322200000,349.102,349.32,348.4,348.442
1782323100000,348.44,349.56,348.24,349.281
1782324000000,349.32,349.49,348.39,348.593
1782324900000,348.54,348.77,343.995,344.921
1782325800000,345.1,345.66,342.84,343.496
1782326700000,343.546,344.27,342.28,342.988
1782327600000,343.065,344.35,341.945,344.283
1782328500000,344.301,345.305,343.91,344.683
1782329400000,344.76,345.42,343.86,344.89
1782330300000,344.97,345.29,344.8,345.27
1782331200000,345.208,346.064,344.414,344.679
1782332100000,344.681,345.135,344.41,344.918
1782333000000,344.904,345.119,344.66,344.902
1782333900000,344.899,345.179,344.757,344.82
1782334800000,344.82,345.019,344.449,344.884
1782335700000,344.884,345.225,344.866,345.145
1782336600000,345.142,345.715,345.129,345.613
1782337500000,345.611,345.611,345.308,345.343
1782338400000,345.344,345.53,343.545,343.689
1782339300000,343.691,343.801,342.555,343.01
1782340200000,343.01,343.395,342.662,343.117
1782341100000,343.117,343.117,342.489,342.497
1782342000000,342.499,342.649,341.961,341.961
1782342900000,341.959,342.419,341.826,342.304
1782343800000,342.304,342.95,342.304,342.674
1782344700000,342.674,342.733,342.112,342.115
1782345600000,342.51,343.43,341.93,343.21
1782346500000,343.21,343.84,342.8,343.71
1782347400000,343.47,343.47,342.64,342.76
1782348300000,342.81,343.4,342.48,342.94
1782349200000,342.95,343.15,342.69,342.69
1782350100000,342.72,343.13,342.5,342.85
1782351000000,342.85,343.22,342.7,342.7
1782351900000,342.71,342.95,342.56,342.64
1782352800000,342.54,342.81,341.84,341.99
1782353700000,342.1,342.59,341.93,342.29
1782354600000,342.31,342.38,341.78,341.97
1782355500000,341.98,342.1,341.67,341.95
1782356400000,341.97,342.28,341.9,342.16
1782357300000,342.16,342.46,342.09,342.4
1782358200000,342.41,342.61,342.36,342.45
1782359100000,342.46,342.74,342.46,342.58
1782360000000,342.59,342.85,341.9,341.9
1782360900000,341.91,342.37,341.77,342.1
1782361800000,342.06,342.12,341.76,341.92
1782362700000,342,342,341.44,341.58
1782363600000,341.56,341.7,341.29,341.44
1782364500000,341.39,341.78,340.93,340.99
1782365400000,341.05,341.69,340.95,341.55
1782366300000,341.55,341.84,341.48,341.76
1782367200000,341.8,342.14,341.58,342.13
1782368100000,342.05,342.3,342.04,342.06
1782369000000,342.13,342.43,342.06,342.23
1782369900000,342.26,342.3,341.06,341.06
1782370800000,341.08,341.47,340.59,340.72
1782371700000,340.79,342.35,340.79,341.69
1782372600000,341.68,341.73,340.63,340.66
1782373500000,340.63,340.99,340.49,340.54
1782374400000,342.115,342.115,340.121,340.288
1782375300000,340.28,340.854,340.23,340.765
1782376200000,340.765,341.265,340.388,341.17
1782377100000,341.17,341.17,340.747,340.78
1782378000000,340.78,341.39,340.771,341.282
1782378900000,341.281,341.55,341.281,341.325
1782379800000,341.325,341.914,341.315,341.9
1782380700000,341.9,342.035,341.705,342.035
1782381600000,342.035,342.06,341.775,341.775
1782382500000,341.775,341.79,341.438,341.688
1782383400000,341.687,341.687,341.061,341.135
1782384300000,341.135,341.783,340.878,341.783
1782385200000,341.762,341.762,340.899,341.119
1782386100000,341.122,341.122,340.842,340.912
1782387000000,340.913,341.349,340.913,341.234
1782387900000,341.234,341.46,340.79,341.044
1782388800000,341.044,341.085,340.689,341.085
1782389700000,341.085,341.235,340.671,340.745
1782390600000,340.758,341.72,340.16,340.184
1782391500000,340.177,340.443,340.072,340.193
1782392400000,340.192,340.2,338.828,338.974
1782393300000,338.974,339.336,336.33,336.6
1782394200000,336.45,340.62,335.89,336.818
1782395100000,336.93,339.22,336.76,339.005
1782396000000,339.11,341.71,338.685,339.708
1782396900000,339.67,340.6,338.77,340.251
1782397800000,340.2,342.895,339.84,342.754
1782398700000,342.735,342.98,341.54,341.65
1782399600000,341.648,342.01,339.57,339.858
1782400500000,339.88,341.65,339.37,341.021
1782401400000,341.033,341.89,340.95,341.225
1782402300000,341.231,341.885,340.99,341.193
1782403200000,341.15,342.105,340.865,341.969
1782404100000,342.005,342.325,340.35,340.82
1782405000000,340.816,341.3,340.27,341.235
1782405900000,341.195,341.575,340.8,341.267
1782406800000,341.278,341.88,340.755,340.99
1782407700000,341.02,341.73,340.05,341.105
1782408600000,341.108,341.355,340.1,340.197
1782409500000,340.24,341.84,339.61,341.676
1782410400000,341.77,342.445,340.55,342.135
1782411300000,342.138,343.04,342.098,342.799
1782412200000,342.845,342.855,341.865,341.999
1782413100000,342.015,343.62,341.91,342.987
1782414000000,342.991,343.01,342.03,342.939
1782414900000,342.83,344.215,342.73,344.091
1782415800000,344.07,344.11,341.51,342.029
1782416700000,341.96,345.55,341.4,343.55
1782417600000,343.451,343.525,342.077,342.93
1782418500000,342.93,344.18,342.929,343.431
1782419400000,343.432,343.823,343.432,343.475
1782420300000,343.475,343.71,343.4,343.459
1782421200000,343.472,343.755,343.4,343.56
1782422100000,343.56,343.56,343.029,343.029
1782423000000,343.026,343.105,342.37,342.58
1782423900000,342.58,342.738,342.413,342.735
1782424800000,342.735,342.75,342.235,342.508
1782425700000,342.474,342.49,342.126,342.158
1782426600000,342.158,342.28,341.901,342.03
1782427500000,342.03,342.327,341.846,342.27
1782428400000,342.27,342.721,342.115,342.589
1782429300000,342.583,345.746,342.555,345.461
1782430200000,345.46,345.472,343.96,343.969
1782431100000,343.947,344.046,342.825,343.073
1782432000000,343.35,343.41,342.3,342.89
1782432900000,342.81,343.48,342.73,343.31
1782433800000,343.2,343.33,342.78,343.15
1782434700000,343.15,343.24,342.44,342.45
1782435600000,342.47,342.94,342.14,342.61
1782436500000,342.59,342.87,342.05,342.06
1782437400000,342.11,342.27,341.04,341.04
1782438300000,341,341.65,340.72,341.01
1782439200000,341.05,341.05,340.01,340.22
1782440100000,340.23,340.39,339.72,340.08
1782441000000,340.08,340.14,338.79,338.9
1782441900000,338.87,339.19,337.75,337.93
1782442800000,337.87,338.39,337.49,338.01
1782443700000,338.01,338.06,337.49,337.66
1782444600000,337.71,337.71,336,337.22
1782445500000,337.35,338.92,337.2,338.7
1782446400000,338.83,340.01,338.41,339.23
1782447300000,339.36,340.01,338.55,339.24
1782448200000,339.12,339.22,338.6,338.7
1782449100000,338.63,338.76,336.99,337.1
1782450000000,337.22,338.12,336.67,338.12
1782450900000,338.02,338.91,337.72,337.99
1782451800000,337.99,338.22,337.37,337.43
1782452700000,337.44,338.06,337.29,337.9
1782453600000,337.92,338.22,337.58,338.22
1782454500000,338.02,339.4,338.02,339.4
1782455400000,339.33,340.01,339.2,339.72
1782456300000,339.71,341.21,339.7,341.21
1782457200000,341.06,341.5,340.61,341.33
1782458100000,341.36,341.91,341.29,341.82
1782459000000,341.89,342.19,341.63,341.84
1782459900000,341.86,342.19,341.71,342.19
1782460800000,342.781,342.781,341.022,341.083
1782461700000,341.089,342.275,341.089,342.275
1782462600000,342.275,342.308,341.913,341.934
1782463500000,341.943,341.989,340.901,341.266
1782464400000,341.265,341.637,341.001,341.637
1782465300000,341.639,341.64,341.16,341.195
1782466200000,341.195,341.68,340.987,341.68
1782467100000,341.68,341.68,341.211,341.265
1782468000000,341.265,341.265,340.83,341.21
1782468900000,341.205,341.873,341.138,341.355
1782469800000,341.355,341.762,341.165,341.762
1782470700000,341.763,341.765,341.226,341.234
1782471600000,341.235,341.983,341.14,341.585
1782472500000,341.4,341.599,341.196,341.33
1782473400000,341.194,341.575,341.172,341.228
1782474300000,341.03,341.329,340.711,341.03
1782475200000,341.034,341.845,340.948,341.786
1782476100000,342.73,343.081,341.712,342.25
1782477000000,342.49,342.795,342.252,342.56
1782477900000,342.69,342.945,342.291,342.8
1782478800000,342.35,342.675,342.085,342.35
1782479700000,342.502,343.09,341.408,342.102
1782480600000,342.64,342.7,337.53,338.28
1782481500000,338.31,338.565,336.49,338.36
1782482400000,338.42,339.51,337.69,339.22
1782483300000,339.2,340.06,338.135,338.84
1782484200000,338.785,340.665,338.65,340.46
1782485100000,340.475,341.155,340.25,340.93
1782486000000,340.97,341.79,340.72,341.59
1782486900000,341.62,343.38,341.4,343.38
1782487800000,343.39,344.235,342.34,344.11
1782488700000,344.22,345.65,343.79,345.2
1782489600000,345.17,346.37,344.4,344.59
1782490500000,344.56,344.72,343.265,343.45
1782491400000,343.455,343.99,341.285,341.37
1782492300000,341.324,342.41,341.075,342.243
1782493200000,342.11,342.75,341.39,341.78
1782494100000,341.785,342.575,341.53,342.23
1782495000000,342.135,342.445,340.63,341.07
1782495900000,341.07,342.24,341.034,341.6
1782496800000,341.6,341.99,341.295,341.377
1782497700000,341.51,341.6,340.64,340.93
1782498600000,340.895,341.32,340.36,341.11
1782499500000,341.08,342.03,340.61,341.675
1782500400000,341.8,342.66,341.649,342.235
1782501300000,342.29,342.66,341.75,341.923
1782502200000,341.99,343.045,341.755,342.53
1782503100000,342.545,343.08,334.06,336.37
1782504000000,337.34,337.615,336.424,337.41
1782504900000,337.66,338.363,337.496,338.01
1782505800000,337.88,338.122,337,337
1782506700000,337.28,338.25,337.252,337.41
1782507600000,337.88,338.612,337.65,337.88
1782508500000,338.5,338.624,337.94,338.147
1782509400000,338.154,338.413,338.06,338.15
1782510300000,338.15,338.31,338.135,338.222
1782511200000,338.223,338.235,338.15,338.155
1782512100000,338.155,338.436,338.151,338.204
1782513000000,338.435,338.757,338.185,338.46
1782513900000,338.97,339.039,338.661,338.97
1782514800000,338.66,338.825,338.508,338.508
1782515700000,338.507,338.594,338.456,338.495
1782516600000,338.495,338.5,338.331,338.475
1782517500000,338.475,338.775,338.232,338.284
1782518400000,338.283,338.283,338.281,338.281
1782519300000,342.71,342.71,342.71,342.71
1782520200000,342.75,342.75,342.75,342.75
1782522000000,342.41,342.41,341.68,341.68
1782523800000,342.75,342.75,342.75,342.75
1782526500000,342.7,342.7,342.7,342.7
1782530100000,342.75,342.81,342.75,342.81
1782531000000,342.7,342.7,342.7,342.7
1782534600000,342.86,342.86,342.7,342.7
1782545400000,342.95,342.95,342.95,342.95
1782546300000,342.72,342.72,342.7,342.7
1782552600000,343,343,343,343
1782560700000,343.03,343.03,343.03,343.03
1782565200000,343.03,343.03,343.03,343.03
1782568800000,343.08,343.11,343.03,343.03
1782574200000,343.19,343.19,343.03,343.03
1782575100000,343.3,343.3,342.88,342.88
1782576900000,342.88,343.33,342.88,343
1782577800000,343.35,344.13,342.85,343.55
1782578700000,344.13,344.13,342.96,342.96
1782579600000,342.96,342.96,342.93,342.93
1782580500000,342.83,342.83,342.83,342.83
1782594900000,342.83,342.83,342.78,342.78
1782603900000,344.13,344.13,342.78,342.78
1782617400000,344.13,344.13,344.13,344.13
1782618300000,344.13,344.16,344.05,344.1
1782619200000,343.66,344.2,343.66,344.2
1782620100000,343.67,343.67,343.67,343.67
1782621900000,343.64,343.67,343.6,343.67
1782623700000,343.67,343.67,342.77,342.77
1782630900000,343.67,343.67,343,343
1782634500000,342.77,343.67,342.7,343.67
1782635400000,342.66,342.66,342.66,342.66
1782636300000,342.65,342.65,342.55,342.55
1782637200000,342.51,342.51,341.96,342.5
1782642600000,339.62,339.62,337.71,337.71
1782643500000,338.63,338.98,338,338.94
1782644400000,338.94,338.94,337.98,337.98
1782651600000,337.98,337.98,337.98,337.98
1782657000000,338.4,338.64,338.4,338.64
1782657900000,338.65,339.1,338.22,338.36
1782661500000,339.03,339.03,339.03,339.03
1782664200000,339.03,339.03,339.03,339.03
1782668700000,338.81,338.81,338.81,338.81
1782669600000,338.81,338.81,337.94,337.94
1782673200000,338.69,338.69,337.97,338.32
1782680400000,337.95,337.95,337.94,337.94
1782681300000,338.16,339.15,337.89,337.89
1782682200000,338.17,338.43,337.88,337.88
1782691200000,339.66,340.81,339.5,339.5
1782692100000,339.51,339.51,338.71,338.88
1782693000000,338.84,339.9,338.69,339.89
1782693900000,339.82,340.18,339.22,339.86
1782694800000,339.94,340.15,339.32,339.35
1782695700000,339.36,339.59,339.26,339.27
1782696600000,339.27,339.72,339.22,339.58
1782697500000,339.59,339.71,339.49,339.54
1782698400000,339.59,339.61,338.69,338.84
1782699300000,338.85,339.64,338.84,339.58
1782700200000,339.52,340.21,339.35,340.05
1782701100000,340.08,340.31,339.99,340.06
1782702000000,340.19,341.01,340.19,340.92
1782702900000,340.91,341.94,340.89,341.63
1782703800000,341.75,341.8,341.16,341.35
1782704700000,341.25,342.01,341.23,342
1782705600000,341.9,342.01,341.61,341.83
1782706500000,341.79,341.91,341.61,341.7
1782707400000,341.7,341.84,341.27,341.45
1782708300000,341.46,341.65,341.23,341.37
1782709200000,341.44,341.6,341.36,341.49
1782710100000,341.48,341.85,341.33,341.69
1782711000000,341.68,341.93,340.89,341.14
1782711900000,341.15,341.16,340.56,340.72
1782712800000,340.72,340.72,340.17,340.21
1782713700000,340.27,340.3,340.01,340.22
1782714600000,340.1,340.65,340.1,340.52
1782715500000,340.47,340.92,340.47,340.84
1782716400000,340.79,340.79,340.32,340.52
1782717300000,340.59,340.98,340.58,340.98
1782718200000,340.96,341.01,340.8,340.99
1782719100000,340.99,341.01,340.51,340.53
1782720000000,338.684,341.274,338.684,341.075
1782720900000,341.2,341.608,341.075,341.21
1782721800000,341.22,341.522,341.016,341.22
1782722700000,341.09,341.385,341.016,341.09
1782723600000,341.14,341.14,340.79,340.952
1782724500000,341,341.548,340.953,341
1782725400000,341.64,341.775,341.549,341.69
1782726300000,341.35,341.839,341.225,341.35
1782727200000,341.6,341.794,341.308,341.6
1782728100000,341.532,341.789,341.28,341.789
1782729000000,341.79,341.916,341.621,341.802
1782729900000,341.801,341.87,341.296,341.569
1782730800000,341.21,341.595,340.795,341.03
1782731700000,340.96,340.96,340.6,340.708
1782732600000,340.61,341.034,340.582,340.75
1782733500000,340.66,341.001,340.22,340.61
1782734400000,340.34,340.854,340.21,340.38
1782735300000,340.78,341.428,340.78,341.31
1782736200000,340.52,341.242,340.4,340.4
1782737100000,340.83,340.845,340.51,340.83
1782738000000,340.775,341.199,340.69,341.199
1782738900000,340.01,341.795,339.805,340.01
1782739800000,341.67,348.51,340.7,346.255
1782740700000,346.3,348.54,346.19,348.01
1782741600000,348.11,349.565,346.75,347.53
1782742500000,347.375,350.35,347.3,349.6
1782743400000,349.483,352.16,348.7,350.22
1782744300000,349.99,350.91,348.96,350.41
1782745200000,350.38,351.52,350,350.26
1782746100000,350.32,351.93,350.16,351.61
1782747000000,351.75,352.29,350.89,352.29
1782747900000,352.295,352.697,351.45,352.553
1782748800000,352.6,352.675,352.13,352.47
1782749700000,352.47,352.755,351.69,351.77
1782750600000,351.83,352.15,350.53,350.8
1782751500000,350.92,352.35,350.852,351.6
1782752400000,351.555,352.96,351.53,352.79
1782753300000,352.83,352.94,352.36,352.635
1782754200000,352.66,353.71,352.63,353.395
1782755100000,353.375,353.508,352.86,353.445
1782756000000,353.446,353.74,352.89,353.008
1782756900000,352.98,353.1,352.22,352.645
1782757800000,352.72,353.435,352.6,353.1
1782758700000,353.12,353.34,352.27,352.37
1782759600000,352.47,353.072,352.374,352.885
1782760500000,352.95,353.1,351.83,351.98
1782761400000,352.025,354.22,351.982,354.035
1782762300000,354.17,354.35,352.87,353.495
1782763200000,353.3,353.545,353.112,353.3
1782764100000,353.32,353.542,353.3,353.35
1782765000000,353.01,353.35,352.98,353.01
1782765900000,352.97,353.06,352.802,352.97
1782766800000,352.802,352.802,352.661,352.715
1782767700000,352.715,352.715,352.65,352.679
1782768600000,352.68,352.715,352.587,352.677
1782769500000,352.75,353.475,352.55,352.75
1782770400000,353.08,353.522,352.826,353
1782771300000,353.4,353.419,353,353
1782772200000,353,353.12,352.755,353.058
1782773100000,353.057,353.067,352.582,352.79
1782774000000,352.785,352.948,352.324,352.84
1782774900000,352.84,352.946,352.796,352.83
1782775800000,352.83,353.208,352.83,353.141
1782776700000,353.07,353.221,352.785,353.05
1782777600000,353.01,353.31,352.1,353.12
1782778500000,353.36,353.9,352.54,352.75
1782779400000,352.69,352.75,352.14,352.46
1782780300000,352.46,353.1,352.44,353.1
1782781200000,353.14,353.16,352.32,352.42
1782782100000,352.41,353.18,352.33,353.18
1782783000000,353.26,353.26,352.89,353.2
1782783900000,353.13,353.17,352.82,352.99
1782784800000,353.01,353.01,352.71,352.85
1782785700000,352.86,353.37,352.86,353.18
1782786600000,353.35,353.35,353.11,353.11
1782787500000,353.19,353.19,352.93,352.95
1782788400000,352.96,353.31,352.89,353.3
1782789300000,353.28,353.49,353.21,353.44
1782790200000,353.5,353.65,353.34,353.49
1782791100000,353.55,353.84,353.49,353.61
1782792000000,353.65,353.86,353.64,353.7
1782792900000,353.8,354.22,353.71,354.21
1782793800000,354.2,354.31,354.04,354.26
1782794700000,354.29,354.29,353.87,353.9
1782795600000,354.03,354.22,353.9,354.12
1782796500000,354.04,354.13,353.86,353.94
1782797400000,353.94,353.94,353.58,353.67
1782798300000,353.67,353.81,353.67,353.74
1782799200000,353.74,353.92,353.71,353.92
1782800100000,353.93,353.95,353.76,353.82
1782801000000,353.84,353.84,353.58,353.7
1782801900000,353.69,353.8,353.54,353.77
1782802800000,353.7,353.71,353.58,353.61
1782803700000,353.66,353.77,353.47,353.48
1782804600000,353.57,353.7,353.31,353.36
1782805500000,353.37,353.5,353.1,353.1
1782806400000,353.249,353.69,353.236,353.236
1782807300000,353.231,353.84,353.141,353.601
1782808200000,353.601,353.624,353.143,353.27
1782809100000,353.27,353.27,352.664,353.121
1782810000000,353.115,353.3,352.931,353.3
1782810900000,353.3,353.35,353.237,353.345
1782811800000,353.345,353.51,353.27,353.51
1782812700000,353.51,353.86,353.508,353.751
1782813600000,353.748,354.172,353.671,354.155
1782814500000,354.157,354.425,354.157,354.425
1782815400000,354.05,354.425,353.888,354.05
1782816300000,354.06,354.36,353.975,354.06
1782817200000,354.3,354.665,354.1,354.3
1782818100000,354.61,355.111,354.514,354.6
1782819000000,355.08,355.51,355.026,355.44
1782819900000,355.39,355.689,355.101,355.35
1782820800000,355.294,355.398,354.423,354.423
1782821700000,354.36,354.97,353.81,354.97
1782822600000,354.67,354.847,354.006,354.469
1782823500000,354.465,354.7,354.286,354.6
1782824400000,354.76,355.043,354.155,354.99
1782825300000,354.86,355.176,353.31,353.31
1782826200000,353.87,354.88,350.76,351.33
1782827100000,351.425,353,350.95,351.84
1782828000000,351.63,353.4,350.554,352.44
1782828900000,352.35,353.84,352.28,353.15
1782829800000,353.15,354.99,353.11,354.15
1782830700000,354.16,355.27,353.31,354.83
1782831600000,354.79,355.05,353.94,354.67
1782832500000,354.77,356.855,354.61,356.59
1782833400000,356.58,356.65,355.75,356.34
1782834300000,356.395,357.37,356.095,357.29
1782835200000,357.425,357.765,356.78,357.03
1782836100000,357.085,358.105,357.047,357.48
1782837000000,357.66,358.374,357.54,357.795
1782837900000,357.8,358.595,357.44,357.75
1782838800000,357.855,357.916,357.09,357.42
1782839700000,357.35,357.91,356.12,356.125
1782840600000,356.1,356.485,355.77,355.965
1782841500000,355.93,356.49,355.595,356.385
1782842400000,356.34,357.03,355.99,356.6
1782843300000,356.61,357.23,356.61,357.13
1782844200000,357.14,357.225,356.11,356.2
1782845100000,356.175,356.98,356.01,356.595
1782846000000,356.595,357.2,356.46,356.965
1782846900000,356.88,357.245,356.65,357.15
1782847800000,357.1,357.875,357.1,357.49
1782848700000,357.48,358.11,356.91,357.22
1782849600000,357.281,357.281,355.673,355.816
1782850500000,356.44,356.6,355.8,356.45
1782851400000,356.24,356.685,355.879,356.49
1782852300000,356.61,356.66,356.26,356.375
1782853200000,356.377,356.625,356.345,356.625
1782854100000,356.625,356.815,356.624,356.734
1782855000000,356.735,356.81,356.685,356.81
1782855900000,357,357.11,356.755,357
1782856800000,356.799,357.21,356.769,357.125
1782857700000,357.12,357.487,357.12,357.12
1782858600000,357.4,357.451,357.12,357.14
1782859500000,357.137,357.409,357,357.2
1782860400000,357.2,357.249,357,357.125
1782861300000,357.19,357.25,357.11,357.2
1782862200000,357.2,357.2,357.15,357.195
1782863100000,357.195,357.478,357.108,357.478
1782864000000,357.43,357.5,357.09,357.14
1782864900000,357.22,357.39,357.02,357.27
1782865800000,357.26,357.7,357.19,357.42
1782866700000,357.52,357.69,357.4,357.4
1782867600000,357.49,357.5,356.84,356.91
1782868500000,357,357.14,356.66,357
1782869400000,357.03,357.1,356.52,356.64
1782870300000,356.54,356.64,356.28,356.38
1782871200000,356.39,356.43,355.82,355.84
1782872100000,355.86,356.27,355.79,356.1
1782873000000,356.16,356.16,355.6,355.75
1782873900000,355.75,356.14,355.66,356.04
1782874800000,356.05,356.1,355.51,355.97
1782875700000,355.94,355.99,355.76,355.81
1782876600000,355.79,355.92,355.66,355.8
1782877500000,355.79,356.06,355.43,355.57
1782878400000,355.57,355.57,355.2,355.34
1782879300000,355.41,355.54,355.14,355.52
1782880200000,355.44,355.49,355.26,355.37
1782881100000,355.37,355.97,355.36,355.79
1782882000000,355.71,355.71,355.42,355.5
1782882900000,355.5,355.57,355.34,355.36
1782883800000,355.36,355.38,355.01,355.01
1782884700000,355.01,355.19,355.01,355.13
1782885600000,355.16,355.2,354.96,355.01
1782886500000,355.02,355.03,354.73,354.85
1782887400000,354.86,355.31,354.77,355.31
1782888300000,355.21,355.47,355.1,355.1
1782889200000,355.25,355.3,354.82,354.85
1782890100000,354.85,354.85,354.3,354.45
1782891000000,354.46,354.67,354.41,354.41
1782891900000,354.4,355.1,354.3,354.8
1782892800000,355.3,356.993,354.514,355.3
1782893700000,355.54,355.584,355.195,355.41
1782894600000,355.341,355.487,355.319,355.471
1782895500000,355.475,355.524,355.295,355.357
1782896400000,355.358,355.392,355.131,355.265
1782897300000,355.43,355.43,355.245,355.43
1782898200000,355.305,355.335,355.29,355.335
1782899100000,355.28,355.369,355.18,355.28
1782900000000,355.369,355.64,355.301,355.49
1782900900000,355.75,355.929,355.488,355.91
1782901800000,355.93,356.02,355.83,355.93
1782902700000,355.865,355.96,355.691,355.73
1782903600000,355.73,355.97,355.722,355.789
1782904500000,355.81,356.049,355.68,355.99
1782905400000,356,356.685,355.899,356
1782906300000,356.687,356.905,356.475,356.745
1782907200000,356.87,357.786,356.745,357.72
1782908100000,358.38,358.81,357.555,358.75
1782909000000,357.54,358.537,356.882,356.99
1782909900000,357.3,361.029,356.884,360.78
1782910800000,360.74,361.714,359.527,360.99
1782911700000,360.99,361.789,357.233,358.87
1782912600000,358.36,362.055,357.7,359.292
1782913500000,359.12,359.835,356.43,358.645
1782914400000,358.69,359.87,357.64,358.79
1782915300000,358.715,360.15,358.445,360.01
1782916200000,360.035,362.93,359.9,361.86
1782917100000,361.945,362.19,360.9,360.93
1782918000000,360.865,362.29,360.61,361.37
1782918900000,361.365,362.5,360.275,361.94
1782919800000,361.95,362.24,359.295,359.645
1782920700000,359.71,359.8,359.08,359.34
1782921600000,359.325,359.6,358.915,358.981
1782922500000,358.88,359.46,358.63,358.89
1782923400000,358.88,359.09,357.905,358.04
1782924300000,357.965,359.35,357.775,358.53
1782925200000,358.56,359.34,358.44,359.205
1782926100000,359.17,359.2,358.435,358.73
1782927000000,358.69,359.47,358.28,359.02
1782927900000,359.04,359.865,358.985,359.565
1782928800000,359.6,360.485,359.575,360.11
1782929700000,360.05,360.145,359.055,359.325
1782930600000,359.35,360.14,359.29,359.865
1782931500000,359.83,361.01,359.66,360.185
1782932400000,360.215,360.32,359.39,359.6
1782933300000,359.6,360.81,359.575,360.13
1782934200000,360.14,361.34,360.09,361.27
1782935100000,361.295,361.6,360.81,361.195
1782936000000,361.29,361.544,361.045,361.29
1782936900000,361.515,361.515,361.064,361.115
1782937800000,361.115,361.115,360.328,360.548
1782938700000,360.55,360.708,360.425,360.544
1782939600000,360.543,360.671,360.2,360.23
1782940500000,360.207,360.235,360.075,360.147
1782941400000,360.148,360.545,360.116,360.381
1782942300000,360.69,360.69,360.165,360.69
1782943200000,360.6,360.6,360.164,360.338
1782944100000,360.35,360.55,360.27,360.55
1782945000000,360.55,360.63,360.385,360.537
1782945900000,360.536,360.58,360.297,360.454
1782946800000,360.457,360.48,360.138,360.138
1782947700000,360.136,360.21,360.045,360.14
1782948600000,360.141,360.424,360.1,360.346
1782949500000,360.02,360.5,360.02,360.02
1782950400000,359.55,360.26,359.31,359.75
1782951300000,359.62,360.17,359.57,360.15
1782952200000,360.09,360.5,359.7,359.81
1782953100000,359.81,360.15,359.48,360.01
1782954000000,359.96,360.47,359.92,360.24
1782954900000,360.24,360.38,359.97,360.04
1782955800000,360.14,360.57,360.08,360.31
1782956700000,360.28,360.6,360.25,360.43
1782957600000,360.36,360.41,360.22,360.25
1782958500000,360.25,360.27,359.84,359.93
1782959400000,359.93,359.95,359.86,359.92
1782960300000,359.94,359.94,359.7,359.9
1782961200000,359.88,360.19,359.88,360.19
1782962100000,360.23,360.23,360,360.13
1782963000000,360.21,360.47,360.13,360.31
1782963900000,360.34,360.49,360.29,360.42
1782964800000,360.44,360.55,360.15,360.18
1782965700000,360.1,360.36,360,360.32
1782966600000,360.31,360.31,359.38,359.41
1782967500000,359.36,359.7,359.24,359.67
1782968400000,359.66,360.03,359.54,359.93
1782969300000,359.88,360.18,359.84,359.88
1782970200000,359.89,359.89,359,359.1
1782971100000,359.08,359.13,358.82,359.01
1782972000000,359.03,359.23,357.65,358.01
1782972900000,357.82,358.23,357.36,357.36
1782973800000,357.46,358.7,357.46,358.42
1782974700000,358.36,358.36,357.5,358.12
1782975600000,358.12,358.13,357.56,357.56
1782976500000,357.56,358.09,357.51,357.9
1782977400000,358,358.37,357.68,358.37
1782978300000,358.38,358.43,358.04,358.06
1782979200000,359.992,359.992,356.866,356.971
1782980100000,357.09,357.27,356.79,357.09
1782981000000,356.8,357.25,356.577,356.8
1782981900000,357.166,357.245,356.027,356.04
1782982800000,356.04,356.5,355.505,356.435
1782983700000,356.435,356.575,355.683,355.683
1782984600000,356.59,357.397,355.675,356.48
1782985500000,356.676,357.401,356.301,357.309
1782986400000,357.48,357.675,356.847,357.48
1782987300000,357.87,358.426,357.603,357.82
1782988200000,357.86,358.575,357.86,358.106
1782989100000,358.104,358.625,357.809,358.625
1782990000000,358.5,358.8,358.269,358.5
1782990900000,358.46,359.214,358.412,358.46
1782991800000,359.28,359.28,358.353,358.5
1782992700000,357.14,358.501,357.14,357.14
1782993600000,357.513,357.95,357.367,357.596
1782994500000,357.33,358.289,357.22,358.06
1782995400000,358.79,359.076,358.105,358.71
1782996300000,358.73,359.075,358.303,358.73
1782997200000,358.581,358.925,358.078,358.112
1782998100000,358.11,359.531,357.401,359.01
1782999000000,359.38,363.34,358.38,361.62
1782999900000,361.47,364.15,361.47,362.72
1783000800000,362.87,363.75,361.52,361.905
1783001700000,361.842,362.745,361.255,361.985
1783002600000,362.145,364.13,361.88,362.36
1783003500000,362.21,362.47,360.315,360.87
1783004400000,360.875,360.89,357.83,358.72
1783005300000,358.64,359.145,356.865,357.2
1783006200000,357.161,358.052,355.79,355.824
1783007100000,355.81,356.61,355.405,356.035
1783008000000,355.97,356.19,354.23,354.95
1783008900000,355.115,356.32,355.001,355.455
1783009800000,355.46,355.81,354.975,355.48
1783010700000,355.49,355.505,353.51,353.646
1783011600000,353.68,354.854,353.475,354.65
1783012500000,354.61,355.21,354.38,355.04
1783013400000,355.055,356.905,354.885,356.665
1783014300000,356.595,357.24,356.275,356.63
1783015200000,356.59,358.25,356.5,358.1
1783016100000,358.15,358.59,358.03,358.395
1783017000000,358.39,358.79,358.14,358.4
1783017900000,358.35,359.05,357.61,358.11
1783018800000,358.125,359.49,357.97,359.034
1783019700000,358.94,359.63,358.705,358.94
1783020600000,358.91,359.465,358.885,359.25
1783021500000,359.19,360.595,358.945,359.69
1783022400000,358.52,359.761,358.21,358.52
1783023300000,358.76,359.062,358.631,358.76
1783024200000,359.06,359.597,358.846,359.06
1783025100000,359.25,359.25,358.8,359.16
1783026000000,359.16,359.16,358.802,358.95
1783026900000,358.95,359.546,358.95,359.173
1783027800000,358.99,359.194,358.725,358.99
1783028700000,358.725,359.028,358.725,358.916
1783029600000,358.905,358.95,358.675,358.73
1783030500000,358.73,359.258,358.639,359.073
1783031400000,359.074,359.219,358.943,359
1783032300000,359,359.276,359,359.145
1783033200000,359.145,359.245,359.076,359.178
1783034100000,359.175,359.175,358.637,358.91
1783035000000,358.91,359.099,358.88,358.88
1783035900000,359.14,359.289,358.613,359.14
1783036800000,359.2,359.2,359.2,359.2
1783040400000,359.24,359.24,359.24,359.24
1783045800000,359.01,359.01,358.51,358.89
1783047600000,358.87,358.87,358.79,358.79
1783048500000,359.03,359.03,358.78,359.03
1783078200000,358.75,358.75,358.75,358.75
1783082700000,359.03,359.03,359.03,359.03
1783083600000,359.03,359.05,358.72,358.72
1783086300000,358.72,358.72,358.72,358.72
1783089000000,358.71,358.71,358.71,358.71
1783092600000,358.68,358.68,358.03,358.03
1783096200000,357.99,357.99,357.99,357.99
1783098900000,357.9,357.9,357.32,357.32
1783110600000,357.71,357.71,357.71,357.71
1783128600000,357.71,357.71,357.71,357.71
1783172700000,357.21,357.21,357.21,357.21
1783177200000,357.19,357.19,357.19,357.19
1783178100000,357.19,357.19,357.19,357.19
1783182600000,357.21,357.21,357.21,357.21
1783204200000,357.21,357.21,357.21,357.21
1783209600000,357.19,357.19,357.19,357.19
1783215900000,357.16,357.16,357.16,357.16
1783221300000,357.16,357.16,356.1,356.1
1783242000000,356.4,356.4,356.1,356.1
1783245600000,356.4,356.4,356.4,356.4
1783251900000,356.4,356.79,356.4,356.79
1783252800000,356.53,357.04,356.53,357.04
1783255500000,357.04,357.2,357.04,357.2
1783256400000,356.48,357.4,356.48,357.4
1783258200000,357.4,357.5,357.4,357.5
1783286100000,357.7,357.75,357.7,357.75
1783287900000,357.75,357.78,357.75,357.78
1783290600000,357.82,357.82,357.82,357.82
1783295100000,357.82,357.98,357.82,357.98
1783296000000,359.98,362.47,359.98,360.79
1783296900000,360.86,361.12,360.4,360.5
1783297800000,360.46,361.07,360.25,361.07
1783298700000,361.05,361.1,360.47,360.6
1783299600000,360.59,360.59,360.42,360.5
1783300500000,360.43,360.47,360.07,360.15
1783301400000,360.15,360.7,360.15,360.5
1783302300000,360.44,360.53,360.05,360.08
1783303200000,360.18,360.2,359.66,359.66
1783304100000,359.71,359.75,359.54,359.74
1783305000000,359.67,359.68,359.08,359.08
1783305900000,359.09,359.25,359.08,359.25
1783306800000,359.22,359.34,358.99,359.18
1783307700000,359.13,359.32,359.06,359.22
1783308600000,359.2,359.25,358.82,358.82
1783309500000,358.82,358.9,358.67,358.9
1783310400000,358.87,359.08,358.84,358.95
1783311300000,359.04,359.17,359,359.1
1783312200000,359.12,359.33,359.06,359.27
1783313100000,359.25,359.74,359.17,359.65
1783314000000,359.71,359.83,359.52,359.76
1783314900000,359.79,359.93,359.75,359.78
1783315800000,359.77,359.97,359.63,359.97
1783316700000,359.9,359.96,359.72,359.75
1783317600000,359.85,359.9,359.74,359.75
1783318500000,359.7,359.9,359.69,359.83
1783319400000,359.83,360.08,359.77,360
1783320300000,360.02,360.06,359.92,359.96
1783321200000,360.02,360.17,359.96,360
1783322100000,360.02,360.15,359.96,360.04
1783323000000,360.11,360.15,360.02,360.1
1783323900000,360.12,360.24,359.86,360.16
1783324800000,360.49,361.035,359.261,360.49
1783325700000,360.23,360.78,360.1,360.29
1783326600000,360.117,360.33,360.117,360.33
1783327500000,360.33,360.7,360.33,360.7
1783328400000,360.7,360.85,360.588,360.772
1783329300000,360.76,361.017,360.695,361.017
1783330200000,361.018,361.125,360.887,360.965
1783331100000,361.1,361.56,360.905,361.55
1783332000000,361.523,361.975,361.523,361.85
1783332900000,361.85,362.195,361.43,361.65
1783333800000,361.65,361.831,361.371,361.595
1783334700000,361.595,361.688,361.39,361.39
1783335600000,361.427,362.401,361.287,362.361
1783336500000,362.32,362.734,362.001,362.56
1783337400000,361.39,362.152,360.902,361.39
1783338300000,361.09,361.24,360.521,360.521
1783339200000,360.519,361.21,360.281,360.832
1783340100000,360.53,360.992,360.222,360.53
1783341000000,360.515,360.95,360.425,360.605
1783341900000,360.605,361.005,360.6,360.898
1783342800000,360.873,361.325,360.648,361.02
1783343700000,361.04,361.382,360.415,361.01
1783344600000,361.92,363.65,358.79,359.89
1783345500000,359.9,360.465,357.44,357.76
1783346400000,357.82,359.79,357.395,359.655
1783347300000,359.636,361.1,358.64,361.026
1783348200000,360.99,361.84,360.73,361.31
1783349100000,361.32,362.095,361.04,361.6
1783350000000,361.61,362.615,360.88,362.35
1783350900000,362.34,363.125,362.306,362.82
1783351800000,362.825,363.46,362.73,363.46
1783352700000,363.435,363.87,363.03,363.5
1783353600000,363.44,364.6,363.43,364.48
1783354500000,364.46,365.07,363.64,363.695
1783355400000,363.702,364.375,363.66,364.2
1783356300000,364.205,364.597,363.87,363.87
1783357200000,363.9,365.11,363.85,364.775
1783358100000,364.775,364.95,364.1,364.88
1783359000000,364.85,365.33,364.29,364.45
1783359900000,364.41,364.57,363.73,364.317
1783360800000,364.355,364.59,363.98,364.425
1783361700000,364.44,364.84,363.97,364.575
1783362600000,364.575,365.62,364.557,365.2
1783363500000,365.25,366.535,365.21,366.4
1783364400000,366.48,367.125,366.34,366.68
1783365300000,366.71,367.48,366.49,367.455
1783366200000,367.485,367.92,367.325,367.56
1783367100000,367.54,367.72,366.15,366.44
1783368000000,366.453,366.648,366.117,366.191
1783368900000,366.16,366.354,365.991,366.085
1783369800000,366.017,366.214,366.015,366.175
1783370700000,365.99,366.24,365.82,365.96
1783371600000,366.049,366.254,365.92,366.175
1783372500000,366.175,366.4,366.175,366.356
1783373400000,366.356,366.489,366.32,366.375
1783374300000,366.372,366.372,366.05,366.107
1783375200000,366.106,366.325,366.105,366.313
1783376100000,366.311,366.413,366.275,366.4
1783377000000,366.365,366.4,366.2,366.365
1783377900000,366.16,366.327,366.075,366.16
1783378800000,366.229,366.394,366.225,366.394
1783379700000,366.396,366.403,366.265,366.269
1783380600000,366.61,366.683,366.27,366.61
1783381500000,366.5,366.713,366.253,366.4
1783382400000,366.65,367.13,365.32,366.71
1783383300000,366.68,367.42,366.55,367.02
1783384200000,367.07,367.2,366.4,366.5
1783385100000,366.6,366.7,366.35,366.54
1783386000000,366.49,366.78,366.42,366.7
1783386900000,366.69,366.77,366.16,366.29
1783387800000,366.28,366.29,365.76,365.91
1783388700000,365.95,366.18,365.78,365.79
1783389600000,365.78,366.06,365.77,365.99
1783390500000,365.99,366.03,365.68,365.75
1783391400000,365.75,365.84,365.6,365.8
1783392300000,365.88,365.97,365.69,365.88
1783393200000,365.88,366.23,365.82,366.15
1783394100000,366.15,366.16,365.85,365.88
1783395000000,365.8,365.89,365.15,365.15
1783395900000,365.06,365.25,364.35,365.21
1783396800000,365.25,365.25,364.74,365.01
1783397700000,364.92,365.03,364.35,364.54
1783398600000,364.57,364.62,364.21,364.26
1783399500000,364.22,364.22,363.41,363.99
1783400400000,363.99,363.99,362.98,362.98
1783401300000,362.96,364.24,362.85,364.24
1783402200000,364.22,365.06,364.2,365.06
1783403100000,365.01,365.6,365.01,365.56
1783404000000,365.5,365.63,365.04,365.16
1783404900000,365.27,365.52,365.22,365.4
1783405800000,365.38,365.44,365.24,365.41
1783406700000,365.48,365.62,365.39,365.59
1783407600000,365.52,365.6,365.31,365.53
1783408500000,365.47,365.71,365.34,365.46
1783409400000,365.6,365.67,365.51,365.66
1783410300000,365.66,365.86,365.63,365.77
1783411200000,366.45,367.479,365.4,367.479
1783412100000,367.63,368.68,367.481,367.67
1783413000000,369.13,369.25,368.541,369.15
1783413900000,368.82,368.86,368.38,368.83
1783414800000,368.83,368.955,368.17,368.845
1783415700000,368.845,369.318,368.545,369.117
1783416600000,368.755,370.14,368.755,370.01
1783417500000,370.24,370.383,369.543,369.76
1783418400000,369.542,369.542,368.866,368.866
1783419300000,368.859,368.859,368.51,368.51
1783420200000,368.51,368.67,368.193,368.535
1783421100000,368.535,368.614,368.461,368.463
1783422000000,368.462,369,368.462,368.736
1783422900000,368.49,368.737,368.052,368.39
1783423800000,368.1,368.1,367.531,367.576
1783424700000,367.36,367.75,366.89,366.89
1783425600000,367.069,367.504,366.853,367.242
1783426500000,367.242,367.274,366.82,367.06
1783427400000,367.06,367.614,367.003,367.107
1783428300000,367.28,367.46,366.985,367.28
1783429200000,368.34,368.752,367.377,368.5
1783430100000,368.76,369.248,367.809,368.05
1783431000000,369.07,372.015,366.66,371.565
1783431900000,371.55,373.15,370.24,371.19
1783432800000,371.24,372.155,370.5,371.92
1783433700000,371.9,372.29,370.26,370.99
1783434600000,370.9,371.02,368.9,369.285
1783435500000,369.34,369.52,367.405,367.66
1783436400000,367.678,368.24,367.285,367.954
1783437300000,367.8,369.255,367.64,369.255
1783438200000,369.225,369.57,368.36,368.89
1783439100000,368.87,369.36,368.73,369.15
1783440000000,369.33,369.33,368.01,368.38
1783440900000,368.45,369.15,368.375,368.52
1783441800000,368.59,369.7,368.526,369.64
1783442700000,369.6,370.25,369.39,369.68
1783443600000,369.69,369.78,369.49,369.78
1783444500000,369.735,370.385,369.31,369.956
1783445400000,369.895,369.99,369.495,369.67
1783446300000,369.75,370.126,369.409,370.1
1783447200000,370.23,370.61,369.481,369.485
1783448100000,369.49,369.94,369.13,369.43
1783449000000,369.49,369.555,368.64,369.386
1783449900000,369.375,369.75,368.576,368.615
1783450800000,368.84,368.96,368.19,368.8
1783451700000,368.78,368.936,368.03,368.04
1783452600000,368.07,368.17,365.51,365.81
1783453500000,365.72,368.12,365.72,366.985
1783454400000,366.43,366.965,366.07,366.6
1783455300000,366.375,366.53,366.3,366.375
1783456200000,366.655,366.655,366.33,366.655
1783457100000,366.385,366.615,366.104,366.6
1783458000000,366.619,366.721,366.575,366.58
1783458900000,366.58,366.58,366.201,366.38
1783459800000,366.38,366.38,365.945,365.95
1783460700000,365.95,366.095,365.72,365.725
1783461600000,365.728,366.48,365.728,366.48
1783462500000,366.48,366.48,365.934,365.934
1783463400000,365.933,366.8,365.925,366.484
1783464300000,366.484,366.745,366.435,366.68
1783465200000,366.68,367.19,366.463,366.73
1783466100000,366.72,367.569,366.609,367.365
1783467000000,367.365,367.574,367.12,367.151
1783467900000,367.175,367.345,366.706,367
1783468800000,366.998,367.64,366.26,367.31
1783469700000,367.32,367.68,366.73,366.88
1783470600000,366.74,367.03,366.68,366.92
1783471500000,367.01,367.07,366.82,366.84
1783472400000,366.95,367.01,366.63,367.01
1783473300000,367,367.04,366.58,367.01
1783474200000,366.95,366.95,366.44,366.72
1783475100000,366.65,367.04,366.51,366.92
1783476000000,366.92,367.04,366.59,367.02
1783476900000,366.99,367.2,366.91,367.11
1783477800000,367.18,367.28,367.03,367.28
1783478700000,367.35,367.62,367.19,367.19
1783479600000,367.58,367.67,367.31,367.34
1783480500000,367.42,367.5,367.3,367.36
1783481400000,367.37,367.41,367.11,367.12
1783482300000,367.13,367.13,366.88,366.97
1783483200000,367.01,367.16,366.86,366.9
1783484100000,366.89,367.47,366.89,367.25
1783485000000,367.24,367.29,367,367.18
1783485900000,367.21,367.41,367.14,367.26
1783486800000,367.31,367.4,367.1,367.26
1783487700000,367.26,367.34,366.92,367.14
1783488600000,367.02,367.08,366.86,366.86
1783489500000,366.85,366.97,366.36,366.75
1783490400000,366.75,367,366.7,366.98
1783491300000,366.94,367.21,366.74,367
1783492200000,367.12,367.18,366.83,367.08
1783493100000,366.86,367.62,366.86,367.36
1783494000000,367.45,367.75,367.23,367.71
1783494900000,367.69,368.01,367.59,367.99
1783495800000,368.15,368.34,368.06,368.22
1783496700000,368.34,368.35,368.08,368.2
1783497600000,367.82,368.674,367.184,368.45
1783498500000,368.665,368.838,365.002,365.358
1783499400000,364.57,365.361,362.562,362.85
1783500300000,362.96,363.195,361.96,362.22
1783501200000,361.72,362.29,361.591,361.72
1783502100000,361.39,361.783,361.014,361.51
1783503000000,361.82,362.574,361.284,361.8
1783503900000,362.51,362.52,361.898,362.38
1783504800000,362,362.138,361.595,362
1783505700000,361.97,362.237,361.619,361.97
1783506600000,362.241,362.605,362.241,362.438
1783507500000,362.437,362.48,362.309,362.361
1783508400000,362.11,362.67,362.11,362.11
1783509300000,361.89,362.629,361.89,361.89
1783510200000,362,362.799,361.67,362.01
1783511100000,363.08,363.271,362.276,363.1
1783512000000,362.02,363.525,362.02,362.02
1783512900000,363.433,363.659,363.068,363.659
1783513800000,363.36,363.89,363.217,363.36
1783514700000,363.5,363.568,363.09,363.55
1783515600000,363.088,364.085,363.001,363.984
1783516500000,363.46,365.343,362.583,363.49
1783517400000,365.01,367.66,362.804,364.77
1783518300000,364.63,365.17,362.39,362.39
1783519200000,362.511,363.18,361.62,362.415
1783520100000,362.42,362.87,361.895,361.915
1783521000000,361.975,362.375,360.74,361.32
1783521900000,361.355,362.27,361.23,361.41
1783522800000,361.53,361.685,360.92,361.52
1783523700000,361.57,362.081,360.53,361.005
1783524600000,361.01,361.1,359.94,360.89
1783525500000,360.74,361.165,359.78,360.31
1783526400000,360.32,361.059,360.205,360.88
1783527300000,360.86,361.47,360.789,361.068
1783528200000,361.01,361.65,360.89,361.22
1783529100000,361.435,361.66,361.062,361.17
1783530000000,361.08,361.34,360.84,360.85
1783530900000,360.9,361.465,360.874,361.39
1783531800000,361.379,361.415,359.85,359.966
1783532700000,359.96,360.23,358.83,358.905
1783533600000,358.95,359.72,358.899,359.125
1783534500000,359.135,359.135,358.44,358.64
1783535400000,358.63,358.88,358.01,358.83
1783536300000,358.817,359.305,358.7,359.074
1783537200000,359.1,359.42,358.46,358.51
1783538100000,358.5,359.31,358.255,359.15
1783539000000,359.22,360.09,359.08,359.995
1783539900000,359.91,362.88,359.59,361.75
1783540800000,361.949,361.981,361.089,361.625
1783541700000,361.639,361.71,361.24,361.375
1783542600000,361.375,361.785,361.1,361.785
1783543500000,361.59,361.785,361.247,361.59
1783544400000,361.335,361.335,360.935,360.935
1783545300000,360.931,361.325,360.715,361.325
1783546200000,361.325,361.384,361.045,361.384
1783547100000,361.358,361.589,361.208,361.475
1783548000000,361.475,361.5,361.225,361.287
1783548900000,361.289,361.59,361.289,361.505
1783549800000,361.505,361.505,361.405,361.475
1783550700000,361.475,361.498,361.364,361.381
1783551600000,361.381,361.6,361.38,361.48
1783552500000,361.48,361.48,361.405,361.425
1783553400000,361.425,361.859,361.38,361.747
1783554300000,361.88,361.91,361.601,361.91
1783555200000,361.57,361.97,361.57,361.89
1783556100000,361.88,361.88,360.35,360.95
1783557000000,360.6,361.8,360.6,361.72
1783557900000,361.71,362.6,361.71,362.02
1783558800000,362.01,362.27,362.01,362.06
1783559700000,362.09,362.38,362.09,362.14
1783560600000,362.15,362.35,361.98,362.12
1783561500000,362.04,362.25,361.8,361.86
1783562400000,361.88,362.08,361.66,362.08
1783563300000,362.03,362.26,362.03,362.15
1783564200000,362.11,362.19,361.86,361.86
1783565100000,361.87,361.94,361.47,361.47
1783566000000,361.44,361.62,361.37,361.59
1783566900000,361.56,361.93,361.3,361.93
1783567800000,362,362.22,361.93,362.11
1783568700000,362.1,362.13,362.01,362.06
1783569600000,362.07,362.13,361.9,361.95
1783570500000,361.98,362,361.64,361.74
1783571400000,361.74,362.32,361.7,362.29
1783572300000,362.3,362.31,362.1,362.1
1783573200000,362.19,362.51,361.98,362.41
1783574100000,362.39,362.41,361.95,361.95
1783575000000,361.91,362.31,361.88,362.31
1783575900000,362.33,362.56,362.17,362.39
1783576800000,362.58,362.6,362.31,362.48
1783577700000,362.47,362.56,362.19,362.3
1783578600000,362.22,362.44,361.92,362.35
1783579500000,362.35,362.46,362.15,362.19
1783580400000,362.21,362.82,362.14,362.8
1783581300000,362.81,362.91,362.66,362.67
1783582200000,362.66,362.71,362.09,362.31
1783583100000,362.39,362.4,361.89,362.07
1783584000000,361.809,362.554,361.328,361.45
1783584900000,361.425,361.819,361.1,361.451
1783585800000,361.45,361.815,360.325,360.579
1783586700000,360.6,360.923,360.3,360.6
1783587600000,360.413,360.912,360.31,360.5
1783588500000,360.5,360.614,360.325,360.44
1783589400000,360,360.47,359.856,360
1783590300000,359.866,360.375,359.866,360.21
1783591200000,360.17,360.21,359.966,360.17
1783592100000,360.052,360.366,360.025,360.034
1783593000000,360.038,360.16,359.53,359.53
1783593900000,359.53,359.937,359.285,359.937
1783594800000,359.825,360.405,359.74,359.74
1783595700000,360.4,360.868,357.761,358.692
1783596600000,358.54,359.039,357.684,358.54
1783597500000,358.39,358.725,358.28,358.39
1783598400000,358.23,358.795,357.112,358.23
1783599300000,357.01,357.433,355.843,357.08
1783600200000,357.8,357.949,357.131,357.33
1783601100000,357.26,357.699,356.602,356.81
1783602000000,356.81,356.903,355.793,356.02
1783602900000,356.93,357,353.688,353.89
1783603800000,354.193,359.605,354.193,358.059
1783604700000,358.01,358.1,356.14,356.66
1783605600000,356.82,357.43,351.92,353.18
1783606500000,353.2,353.78,351.09,353.78
1783607400000,353.89,354.805,352.88,352.94
1783608300000,352.941,353.55,352.45,353.451
1783609200000,353.44,353.99,352.5,352.76
1783610100000,352.695,353.83,352.44,353.615
1783611000000,353.61,353.965,353.075,353.21
1783611900000,353.27,353.275,352.24,352.865
1783612800000,352.87,354.135,352.685,353.5
1783613700000,353.42,354.76,352.915,354.515
1783614600000,354.465,355.4,354.24,355.39
1783615500000,355.375,355.405,354.83,355.32
1783616400000,355.36,355.715,354.92,355.074
1783617300000,355.08,355.836,355.075,355.785
1783618200000,355.77,356.1,355.46,355.68
1783619100000,355.68,356.22,355.525,356.11
1783620000000,356.135,357.395,356.104,357.02
1783620900000,357.03,357.375,356.68,356.785
1783621800000,356.82,357,356.505,356.88
1783622700000,356.84,357.18,356.17,356.92
1783623600000,356.82,357.79,356.79,357.71
1783624500000,357.744,358.22,357.12,357.993
1783625400000,358.03,358.61,357.994,358.07
1783626300000,358.03,359.26,357.94,358.88
1783627200000,358.515,358.923,358.383,358.55
1783628100000,358.568,358.64,358.325,358.406
1783629000000,358.404,358.6,358.365,358.502
1783629900000,358.501,358.501,358.102,358.102
1783630800000,358.101,358.255,358.001,358.001
1783631700000,358.034,358.219,358.034,358.155
1783632600000,358.155,358.16,358.135,358.14
1783633500000,358.14,358.434,358.14,358.25
1783634400000,358.25,358.365,358.14,358.192
1783635300000,358.191,358.191,357.584,357.695
1783636200000,357.695,357.749,357.382,357.395
1783637100000,357.395,357.423,357.207,357.423
1783638000000,357.424,357.71,357.403,357.659
1783638900000,357.66,357.998,357.614,357.79
1783639800000,357.79,357.875,357.504,357.623
1783640700000,357.15,357.622,357.15,357.15
1783641600000,357.493,357.51,356.79,357.4
1783642500000,357.64,357.78,356.71,356.9
1783643400000,356.96,357.25,356.81,356.99
1783644300000,356.91,357.27,356.82,357.21
1783645200000,357.11,357.39,357.11,357.29
1783646100000,357.31,357.4,357.14,357.4
1783647000000,357.38,357.69,357.38,357.63
1783647900000,357.52,357.85,357.52,357.63
1783648800000,357.68,357.98,357.54,357.78
1783649700000,357.8,357.84,357.55,357.84
1783650600000,357.85,358.11,357.79,357.97
1783651500000,357.99,358.35,357.97,358.35
1783652400000,358.51,358.53,358.2,358.32
1783653300000,358.3,358.3,357.79,357.92
1783654200000,357.91,358.12,357.8,357.84
1783655100000,357.8,357.96,357.73,357.85
1783656000000,357.96,358.21,357.87,358.15
1783656900000,358.14,358.17,357.38,357.6
1783657800000,357.6,357.61,357.35,357.55
1783658700000,357.45,357.51,357,357.07
1783659600000,357.09,357.23,357,357.2
1783660500000,357.19,357.39,357.1,357.36
1783661400000,357.34,357.4,357.25,357.38
1783662300000,357.47,357.56,356.88,356.88
1783663200000,356.93,357.1,356.42,356.58
1783664100000,356.58,356.72,356.38,356.72
1783665000000,356.72,357.01,356.71,356.8
1783665900000,356.88,357.01,356.84,356.84
1783666800000,356.81,356.82,356.49,356.61
1783667700000,356.52,357.32,356.5,357.21
1783668600000,357.22,357.23,356.98,357.02
1783669500000,357.02,357.02,356.38,356.39
1783670400000,357.251,357.635,356.547,357.45
1783671300000,357.451,357.465,357.181,357.239
1783672200000,357.14,357.34,356.867,357.14
1783673100000,357.347,358.214,357.347,358.051
1783674000000,358.05,358.513,357.893,358.495
1783674900000,358.483,358.96,358.396,358.711
1783675800000,358.71,358.71,358.31,358.31
1783676700000,358.31,358.57,358.26,358.57
1783677600000,358.57,358.935,358.53,358.86
1783678500000,359.45,360.739,358.86,359.45
1783679400000,360.74,360.775,359.722,359.867
1783680300000,359.869,359.895,359.29,359.29
1783681200000,359.25,359.399,358.275,358.31
1783682100000,358.49,358.736,358.16,358.49
1783683000000,358.11,358.44,357.585,358.09
1783683900000,357.755,357.99,356.988,357.193
1783684800000,357.98,357.99,357.176,357.98
1783685700000,357.66,357.87,356.422,356.79
1783686600000,355.58,356.67,355.28,356.62
1783687500000,357.21,357.54,356.463,357.3
1783688400000,357.314,357.754,357.259,357.754
1783689300000,357.7,357.874,356.685,357.02
1783690200000,357.81,357.81,354.55,356.12
1783691100000,356.13,357.045,355.5,356.54
1783692000000,356.57,357.11,354.32,354.97
1783692900000,354.97,355.73,354.5,355.451
1783693800000,355.35,355.47,353.4,354.3
1783694700000,354.265,354.289,352.99,353.115
1783695600000,353.12,354,352.79,353.725
1783696500000,353.725,354.381,353.706,354.18
1783697400000,354.28,354.53,353.76,353.985
1783698300000,353.96,355.095,353.48,354.62
1783699200000,354.68,355.03,354.18,354.89
1783700100000,354.88,355.13,354.8,354.875
1783701000000,354.92,356,354.904,355.86
1783701900000,355.9,355.934,355.235,355.355
1783702800000,355.31,355.378,354.715,354.79
1783703700000,354.875,355.04,354.4,354.46
1783704600000,354.41,354.445,353.84,353.92
1783705500000,353.9,355.085,353.9,354.99
1783706400000,355,355.6,354.72,355.475
1783707300000,355.54,355.9,355.31,355.835
1783708200000,355.825,355.93,355.39,355.89
1783709100000,355.87,355.95,355.25,355.51
1783710000000,355.52,356.12,355.495,355.97
1783710900000,355.965,356.74,355.948,356.54
1783711800000,356.52,356.91,356.35,356.81
1783712700000,356.79,357.62,356.65,357.18
1783713600000,357.26,357.36,356.927,357.28
1783714500000,357.25,357.341,356.977,357.25
1783715400000,357.12,357.173,357.02,357.173
1783716300000,357.174,357.19,357.098,357.114
1783717200000,357.108,357.197,357.055,357.115
1783718100000,357.113,357.115,357.055,357.1
1783719000000,357.1,357.115,357.015,357.09
1783719900000,357.04,357.13,357.004,357.04
1783720800000,357.092,357.11,357.041,357.091
1783721700000,357.17,357.17,356.9,356.9
1783722600000,356.95,356.95,356.775,356.781
1783723500000,356.779,356.9,356.775,356.9
1783724400000,356.9,357.08,356.9,357.08
1783725300000,357.08,357.09,357.025,357.09
1783726200000,357.09,357.09,356.751,356.825
1783727100000,356.825,357.11,356.825,357.01
1783728000000,357.01,357.01,357.01,357.01
1783735200000,357.21,357.21,357.21,357.21
1783737900000,357.21,357.25,357.21,357.25
1783774800000,356.85,356.85,356.62,356.62
1783780200000,356.92,356.92,356.92,356.92
1783785600000,356.92,356.92,356.92,356.92
1783786500000,356.92,356.92,356.92,356.92
1783787400000,356.92,356.92,356.92,356.92
1783800000000,356.92,356.92,356.92,356.92
1783804500000,356.62,356.62,356.38,356.38
1783805400000,356.28,356.28,356.15,356.15
1783806300000,356.34,356.4,356.34,356.4
1783807200000,356.4,356.69,356.4,356.69
1783808100000,356.74,357.25,356.74,357.25
1783818900000,357.23,357.38,357.16,357.27
1783826100000,357.27,357.27,357.27,357.27
1783829700000,357.27,357.29,357.27,357.29
1783832400000,357.29,357.41,357.29,357.41
1783837800000,356.91,357.34,356.91,357.34
1783853100000,357.23,357.23,357.23,357.23
1783861200000,356.9,356.9,356.9,356.9
1783866600000,357.19,357.19,357.19,357.19
1783876500000,357.19,357.2,357.19,357.2
1783898100000,356.83,356.83,356.45,356.45
1783900800000,356.73,357.14,356.01,356.85
1783901700000,356.89,357.05,356.55,356.71
1783902600000,356.72,356.76,356.26,356.59
1783903500000,356.58,356.62,355.81,355.88
1783904400000,355.77,355.85,355.3,355.62
1783905300000,355.71,355.79,355.31,355.61
1783906200000,355.67,356.15,355.56,355.76
1783907100000,355.86,355.91,355.36,355.58
1783908000000,355.78,355.94,355.41,355.86
1783908900000,355.87,355.98,355.57,355.81
1783909800000,355.76,355.76,355.24,355.31
1783910700000,355.4,355.42,355.18,355.19
1783911600000,355.17,355.36,354.77,355.36
1783912500000,355.3,355.35,354.91,355.31
1783913400000,355.26,355.72,355.24,355.45
1783914300000,355.46,355.59,355.32,355.32
1783915200000,355.39,355.53,355.08,355.25
1783916100000,355.12,355.26,354.9,355.06
1783917000000,355.01,355.13,354.71,354.81
1783917900000,354.83,355.02,354.83,354.99
1783918800000,354.84,355.36,354.84,355.15
1783919700000,355.21,355.21,354.54,354.54
1783920600000,354.58,355.01,354.37,354.89
1783921500000,354.9,355.33,354.72,355.29
1783922400000,355.31,355.41,354.88,355.03
1783923300000,355,355.81,355,355.72
1783924200000,355.72,355.82,355.39,355.71
1783925100000,355.59,355.88,355.53,355.71
1783926000000,355.77,356.15,355.38,356.14
1783926900000,356.15,356.28,355.86,356.12
1783927800000,356.07,356.2,355.72,355.99
1783928700000,356.03,356.28,356.01,356.12
1783929600000,356.27,357.81,355.57,356.27
1783930500000,357.95,357.95,357.31,357.94
1783931400000,357.26,357.474,357.089,357.26
1783932300000,357.071,357.199,356.845,357.175
1783933200000,357.175,357.254,357.096,357.14
1783934100000,357.05,357.409,356.89,357.09
1783935000000,357.364,357.867,357.27,357.458
1783935900000,357.49,357.685,357.346,357.49
1783936800000,357.685,357.829,357.631,357.655
1783937700000,357.653,357.733,357.259,357.5
1783938600000,357.508,357.544,357.25,357.37
1783939500000,357.17,357.435,357.087,357.21
1783940400000,357.04,357.131,355.955,357.04
1783941300000,356.096,356.2,355.759,355.981
1783942200000,355.985,356.373,355.83,356.112
1783943100000,356.114,356.125,355.677,355.816
1783944000000,355.67,356.031,355.451,355.7
1783944900000,355.37,355.96,355.275,355.85
1783945800000,355.4,355.81,355.277,355.32
1783946700000,355.51,356.133,355.353,355.51
1783947600000,355.89,356.266,355.819,355.99
1783948500000,356.13,356.293,355.3,356.01
1783949400000,356.08,357.32,354.26,357.255
1783950300000,357.39,358.03,354.51,357
1783951200000,357.02,357.04,354.975,355.85
1783952100000,355.765,355.819,354.17,355.5
1783953000000,355.52,355.56,354.36,354.77
1783953900000,354.74,355.85,354.54,355.59
1783954800000,355.66,356.6,355.38,355.5
1783955700000,355.48,355.64,354.89,355.395
1783956600000,355.41,355.688,354.894,355.06
1783957500000,355.05,355.7,355,355.58
1783958400000,355.72,356.015,355.49,355.989
1783959300000,356.05,356.34,355.87,356.34
1783960200000,356.2,356.625,355.77,356.59
1783961100000,356.62,356.9,355.02,355.65
1783962000000,355.55,356.26,355.43,356.14
1783962900000,355.98,356.705,355.81,355.985
1783963800000,356.01,356.08,355,355.77
1783964700000,355.86,355.895,355.183,355.22
1783965600000,355.23,356.1,354.99,355.95
1783966500000,355.969,356.042,355.505,355.689
1783967400000,355.63,355.81,355.26,355.37
1783968300000,355.375,355.43,354.81,354.855
1783969200000,354.9,355.53,354.61,354.865
1783970100000,354.88,354.965,353.8,354.125
1783971000000,354.11,354.135,352.59,352.86
1783971900000,352.86,353.16,351.86,352.55
1783972800000,352.48,352.71,352.251,352.56
1783973700000,352.318,352.318,352.001,352.188
1783974600000,352.49,352.599,351.931,352.49
1783975500000,352.529,352.622,352.4,352.4
1783976400000,352.409,352.623,352.055,352.208
1783977300000,352.225,352.325,352.002,352.275
1783978200000,352.275,352.35,352.275,352.325
1783979100000,352.325,352.455,352.285,352.396
1783980000000,352.397,352.625,352.397,352.525
1783980900000,352.522,352.603,352.37,352.603
1783981800000,352.604,352.71,352.577,352.71
1783982700000,352.49,352.785,352.386,352.49
1783983600000,352.3,352.489,352.225,352.3
1783984500000,352.59,352.59,352.23,352.59
1783985400000,352.665,352.665,352.02,352.665
1783986300000,353.03,353.03,351.823,353.03
1783987200000,353.01,353.2,352.17,353.2
1783988100000,353.08,353.08,352.29,352.4
1783989000000,352.59,352.78,352.43,352.43
1783989900000,352.59,353.06,352.59,353.02
1783990800000,353.02,353.02,352.68,352.68
1783991700000,352.83,352.9,352.66,352.67
1783992600000,352.67,352.69,352.16,352.68
1783993500000,352.57,352.7,352.2,352.26
1783994400000,352.41,352.72,352.35,352.4
1783995300000,352.41,352.47,352.13,352.26
1783996200000,352.27,352.28,351.86,351.9
1783997100000,352.08,352.14,351.89,351.92
1783998000000,351.92,351.92,351.6,351.72
1783998900000,351.72,351.74,351.2,351.51
1783999800000,351.55,351.8,351.19,351.4
1784000700000,351.4,351.7,351.31,351.62
1784001600000,351.67,352.1,351.56,352.1
1784002500000,352.12,352.29,351.96,352.22
1784003400000,352.21,352.66,352.09,352.64
1784004300000,352.63,352.73,352.49,352.66
1784005200000,352.61,352.68,352.38,352.5
1784006100000,352.5,352.9,352.35,352.82
1784007000000,352.9,353.16,352.8,353.09
1784007900000,353.07,353.07,352.87,353
1784008800000,353.02,353.1,352.91,352.98
1784009700000,353.04,353.2,352.75,352.76
1784010600000,352.84,353.37,352.84,352.9
1784011500000,352.94,353.03,352.52,352.66
1784012400000,352.52,352.52,352.26,352.32
1784013300000,352.3,352.31,351.85,351.85
1784014200000,351.85,351.87,351.2,351.36
1784015100000,351.25,351.86,351.1,351.62
1784016000000,350.87,352.851,350.65,350.87
1784016900000,350.833,351.268,350.833,351.155
1784017800000,351.09,351.17,350.54,351.09
1784018700000,350.74,350.862,350.525,350.74
1784019600000,351.07,351.07,350.545,351.07
1784020500000,351.004,351.094,350.91,350.955
1784021400000,350.96,351.16,350.95,350.96
1784022300000,351.153,351.202,350.96,350.975
1784023200000,350.94,351.082,350.94,351.08
1784024100000,350.76,351.025,350.545,350.76
1784025000000,350.582,350.965,350.435,350.77
1784025900000,350.77,350.945,350.601,350.945
1784026800000,350.53,351.065,350.386,350.71
1784027700000,351.04,351.244,350.657,350.7
1784028600000,350.91,351.05,350.35,350.41
1784029500000,350.52,350.68,350.462,350.49
1784030400000,350.05,350.6,349.99,349.99
1784031300000,350.4,351.05,350.037,350.99
1784032200000,352.4,353.337,350.603,352.36
1784033100000,351.847,351.86,350.802,350.905
1784034000000,351.13,351.269,350.504,350.58
1784034900000,350.28,351.738,349.59,351.11
1784035800000,351.195,354.28,351.013,353.9
1784036700000,353.855,354.93,352.64,354.03
1784037600000,354.2,354.81,353.36,354.81
1784038500000,354.9,356.59,353.975,356.08
1784039400000,356.11,357.6,356,356.92
1784040300000,356.92,357.375,356.44,357.235
1784041200000,357.37,358.38,357.315,358.285
1784042100000,358.205,358.46,357.6,358.14
1784043000000,358.31,358.64,355.77,356.4
1784043900000,356.38,356.75,356.01,356.14
1784044800000,356.21,356.22,355.275,356.09
1784045700000,356.06,356.111,355.36,355.68
1784046600000,355.68,356.21,354.7,356.1
1784047500000,356.24,356.44,355.88,356.34
1784048400000,356.31,357.41,356.29,357.295
1784049300000,357.44,358.71,357,358.595
1784050200000,358.605,359.21,358.12,358.415
1784051100000,358.4,358.625,357.84,358
1784052000000,358.01,358.125,357.38,357.595
1784052900000,357.6,358.41,357.49,357.91
1784053800000,357.85,358.18,357.43,357.92
1784054700000,357.895,358.8,357.86,358.62
1784055600000,358.84,359.89,358.653,359.54
1784056500000,359.565,360.03,359.21,359.94
1784057400000,359.945,360.06,359.39,359.405
1784058300000,359.57,360.14,359.08,359.56
1784059200000,359.655,359.764,358.689,359.135
1784060100000,358.834,359.013,358.64,358.745
1784061000000,358.768,359.124,358.595,358.94
1784061900000,359.03,359.125,358.9,359.03
1784062800000,359.13,359.305,359.045,359.13
1784063700000,359.2,359.2,359.075,359.1
1784064600000,359.1,359.195,359.096,359.165
1784065500000,359.165,359.225,359.1,359.2
1784066400000,359.2,359.274,358.726,358.745
1784067300000,358.745,358.816,358.705,358.745
1784068200000,358.745,358.853,358.745,358.75
1784069100000,358.75,358.8,358.636,358.67
1784070000000,358.67,358.67,358.24,358.47
1784070900000,358.47,359.092,358.36,358.89
1784071800000,358.892,358.975,358.789,358.795
1784072700000,359.17,359.205,358.781,359.17
1784073600000,359.14,359.51,358.86,359.3
1784074500000,359.36,359.36,359.01,359.17
1784075400000,359.16,359.32,358.96,358.99
1784076300000,359,359.16,358.99,358.99
1784077200000,358.98,359.3,358.79,359.29
1784078100000,359.26,359.46,359.23,359.45
1784079000000,359.45,359.66,359.42,359.54
1784079900000,359.57,360.1,359.57,360.1
1784080800000,360.1,360.1,359.85,359.97
1784081700000,359.96,360.09,359.88,360.04
1784082600000,360.08,360.55,360.03,360.48
1784083500000,360.46,360.51,360.31,360.31
1784084400000,360.28,360.41,360.07,360.3
1784085300000,360.36,360.57,360.34,360.52
1784086200000,360.57,360.71,360.26,360.26
1784087100000,360.27,360.3,360.09,360.09
1784088000000,360.06,360.11,359.86,360.08
1784088900000,360.09,360.13,360.06,360.12
1784089800000,360.13,360.17,360.08,360.11
1784090700000,360.18,360.35,360.1,360.35
1784091600000,360.44,360.55,359.78,359.78
1784092500000,359.91,360.24,359.91,360.06
1784093400000,360.22,360.36,360.08,360.08
1784094300000,360.08,360.27,360.08,360.23
1784095200000,360.26,360.46,360.24,360.43
1784096100000,360.4,360.4,359.86,360.03
1784097000000,360.16,360.21,359.99,360.12
1784097900000,360.1,360.17,359.9,359.9
1784098800000,359.91,360,359.66,359.86
1784099700000,359.86,359.86,358.81,359.02
1784100600000,359.01,359.01,358.8,358.81
1784101500000,358.82,359.4,358.79,359.19
1784102400000,359.006,360.165,359.006,359.105
1784103300000,358.58,359.105,358.5,358.58
1784104200000,358.5,358.883,358.5,358.618
1784105100000,358.617,358.813,358.495,358.495
1784106000000,358.495,358.495,358.406,358.46
1784106900000,358.67,358.715,358.445,358.63
1784107800000,358.44,358.45,358.305,358.417
1784108700000,358.418,358.419,357.9,358.021
1784109600000,358.02,358.23,358.02,358.12
1784110500000,358.04,358.229,357.73,358.18
1784111400000,357.869,357.96,357.815,357.815
1784112300000,357.815,357.985,357.815,357.91
1784113200000,357.73,358.03,357.231,357.56
1784114100000,357.55,357.774,357.306,357.7
1784115000000,357.32,357.664,357.32,357.32
1784115900000,356.91,357.462,356.91,357.1
1784116800000,357.303,357.358,357.091,357.325
1784117700000,357.27,357.34,356.853,356.98
1784118600000,358.08,358.225,356.994,358
1784119500000,357.91,358.6,357.879,358.36
1784120400000,358.23,358.608,358.2,358.505
1784121300000,357.71,358.565,357.576,357.71
1784122200000,357.885,364.47,357.75,364
1784123100000,364.11,364.44,362.51,363.86
1784124000000,363.79,366.09,363.753,365.24
1784124900000,365.399,366.785,364.625,366.409
1784125800000,366.415,369.135,366.295,367.206
1784126700000,366.97,367.825,366.76,366.925
1784127600000,366.98,369.71,366.825,369.485
1784128500000,369.42,371.025,368.85,370.84
1784129400000,371.01,372.185,370.695,371.34
1784130300000,371.29,372.38,370.42,371.74
1784131200000,371.63,373.11,371.225,372.5
1784132100000,372.49,373.66,372.29,372.71
1784133000000,372.785,373.115,372.04,372.385
1784133900000,372.449,372.695,371.295,372.294
1784134800000,372.43,372.75,371.5,371.5
1784135700000,371.495,371.63,370.375,370.99
1784136600000,370.955,371.012,369.89,370.77
1784137500000,370.7,372.1,370.49,372.02
1784138400000,372.049,372.255,371.5,372.139
1784139300000,372.195,373.3,372.1,372.125
1784140200000,372.15,372.47,371.87,371.87
1784141100000,371.82,371.88,370.28,370.28
1784142000000,370.17,370.84,369.92,370.235
1784142900000,370.219,370.86,370.03,370.365
1784143800000,370.385,371.325,369.71,370.98
1784144700000,371.02,371.32,369.21,370.97
1784145600000,371.01,371.279,370.195,371.01
1784146500000,370.4,370.558,370.25,370.335
1784147400000,370.22,370.534,370.202,370.22
1784148300000,370.32,370.4,369.679,370.39
1784149200000,370.2,370.32,370.109,370.3
1784150100000,370.285,370.345,370.233,370.33
1784151000000,370.33,370.33,370.216,370.3
1784151900000,370.3,370.806,370.3,370.719
1784152800000,371.48,371.6,370.731,371.48
1784153700000,371.51,371.698,371.455,371.51
1784154600000,371.505,371.629,371.416,371.565
1784155500000,371.563,372.301,371.557,372.1
1784156400000,372.1,372.357,372.025,372.18
1784157300000,371.92,372.18,371.899,371.92
1784158200000,372.05,372.135,371.904,372.05
1784159100000,372.129,372.196,371.935,372.043
1784160000000,372.09,372.43,371.83,372.25
1784160900000,372.03,372.04,371.59,371.8
1784161800000,371.74,371.95,371.52,371.88
1784162700000,371.88,371.95,371.67,371.72
1784163600000,371.68,371.91,371.47,371.6
1784164500000,371.5,371.58,371,371.22
1784165400000,371.32,371.61,371.22,371.39
1784166300000,371.31,371.62,371.22,371.31
1784167200000,371.29,371.29,371,371.07
1784168100000,371.1,371.6,371.1,371.55
1784169000000,371.6,371.71,371.54,371.71
1784169900000,371.71,372.11,371.71,372.11
1784170800000,372.06,372.26,371.97,372.22
1784171700000,372.22,372.23,371.85,372.08
1784172600000,372.08,372.26,372.02,372.22
1784173500000,372.25,372.44,372.16,372.44
1784174400000,372.44,372.93,372.44,372.92
1784175300000,372.94,372.94,372.53,372.67
1784176200000,372.68,372.88,372.66,372.85
1784177100000,372.84,373.28,372.84,373.13
1784178000000,373.19,373.26,373.07,373.16
1784178900000,373.16,374,373.07,373.57
1784179800000,373.53,373.64,372.93,373.26
1784180700000,373.22,373.93,373.22,373.79
1784181600000,373.79,373.86,373.16,373.79
1784182500000,373.79,373.79,373.12,373.2
1784183400000,373.22,373.7,373.07,373.47
1784184300000,373.5,373.51,373.33,373.37
1784185200000,373.36,373.4,372.77,372.77
1784186100000,372.77,372.77,372.39,372.45
1784187000000,372.55,372.67,372.28,372.5
1784187900000,372.48,372.55,372.16,372.37
1784188800000,374.27,375.711,372.085,374.27
1784189700000,376.17,378.248,375.4,377.61
1784190600000,377.39,378.146,376.766,378.09
1784191500000,378.155,379.25,377.947,378.141
1784192400000,377.21,378.115,377.19,377.38
1784193300000,377.32,379.37,377.22,377.63
1784194200000,378.601,379.11,378.185,378.691
1784195100000,378.24,378.695,377.723,378.24
1784196000000,377.9,378.034,377.333,377.574
1784196900000,377.43,378.139,377.34,378.08
1784197800000,377.85,377.871,377.56,377.56
1784198700000,377.25,377.965,377.215,377.25
1784199600000,377.25,378.249,377.212,377.33
1784200500000,377.14,377.323,375.447,377.01
1784201400000,375.11,375.641,374.684,374.79
1784202300000,375.19,375.236,374.402,374.85
1784203200000,374.515,375.198,373.96,374.07
1784204100000,374.079,374.11,373.4,373.444
1784205000000,373.79,373.79,372.405,372.56
1784205900000,372.88,373.058,372.497,373.03
1784206800000,373.15,373.15,372.792,372.89
1784207700000,372.92,373.606,372.421,372.995
1784208600000,373.325,375.18,369.21,369.765
1784209500000,369.685,371.59,369.64,370.725
1784210400000,370.76,370.955,369.325,370.27
1784211300000,370.3,372.655,370.27,372.585
1784212200000,372.483,374.29,372.483,373.05
1784213100000,373.07,373.205,371.275,372.525
1784214000000,372.62,372.94,371.18,371.505
1784214900000,371.59,372.29,371.43,371.52
1784215800000,371.55,372.16,371,371.66
1784216700000,371.662,372.845,371.26,371.29
1784217600000,371.34,371.39,370,371.19
1784218500000,371.24,371.79,370.45,371.59
1784219400000,371.55,371.875,371.17,371.315
1784220300000,371.39,372.31,371.263,371.79
1784221200000,371.765,371.85,370.91,371.035
1784222100000,371.025,371.86,371.01,371.775
1784223000000,371.81,372.12,371.15,371.625
1784223900000,371.64,372.09,371.5,371.52
1784224800000,371.54,371.553,360.93,363.78
1784225700000,363.818,365.5,359.09,361.08
1784226600000,361.17,361.875,358.17,359.03
1784227500000,359.08,360.41,356.38,356.59
1784228400000,356.54,357.16,353.735,354.16
1784229300000,354.16,354.97,352.375,354.4
1784230200000,354.485,355.32,353.2,353.28
1784231100000,353.13,354.79,353,354.32
1784232000000,355.85,355.85,354.411,355.83
1784232900000,355.22,356.17,355.167,356.09
1784233800000,355.75,356.195,355.611,355.75
1784234700000,356.15,356.362,356.084,356.15
1784235600000,356.06,356.32,355.902,356.06
1784236500000,356.136,356.172,355.904,356.028
1784237400000,356.033,356.444,356.033,356.415
1784238300000,356.413,356.649,356.32,356.635
1784239200000,356.61,358.09,356.61,358.01
1784240100000,357.3,358.09,356.732,357.3
1784241000000,356.893,356.988,356.504,356.87
1784241900000,356.75,357.624,356.75,356.75
1784242800000,357.596,357.62,356.8,357.226
1784243700000,357.41,357.448,357.001,357.41
1784244600000,357.74,358.116,357.196,357.99
1784245500000,357.55,357.845,357.256,357.49
1784246400000,357.56,357.8,355.7,355.75
1784247300000,355.77,356.65,355.77,355.97
1784248200000,355.96,356.01,354.7,355.69
1784249100000,355.61,355.84,355.19,355.29
1784250000000,355.36,355.64,353.45,353.8
1784250900000,353.86,354.8,353.46,353.87
1784251800000,353.89,353.98,353.15,353.39
1784252700000,353.47,353.49,352.25,352.48
1784253600000,352.56,352.65,351.72,352.15
1784254500000,352.15,352.68,351.89,352.22
1784255400000,352.21,352.31,351.48,351.82
1784256300000,351.85,352.84,351.76,352.8
1784257200000,352.94,353.39,352.39,353.3
1784258100000,353.2,353.2,352.64,353
1784259000000,352.95,353.04,352.59,352.64
1784259900000,352.6,352.6,352.09,352.17
1784260800000,352.16,352.16,350.77,350.77
1784261700000,350.9,351.05,349.05,349.33
1784262600000,349.33,350.01,348.57,349.8
1784263500000,349.65,350.75,349.25,350.1
1784264400000,350.09,350.99,349.91,350.34
1784265300000,350.46,350.99,349.9,350.21
1784266200000,350.21,350.77,348.88,349.18
1784267100000,349.32,350.11,349.06,350.01
1784268000000,350.01,351.06,349.92,351.06
1784268900000,350.89,351.85,350.8,351.28
1784269800000,351.26,351.57,351,351.07
1784270700000,351.06,351.46,350.83,351.25
1784271600000,351.23,351.62,350.97,351.12
1784272500000,351.05,351.23,349.52,349.75
1784273400000,349.73,350.29,349.72,350.13
1784274300000,350.02,350.5,349.92,350.25
1784275200000,349.84,356.331,349,349.17
1784276100000,348.04,349.424,347.865,348.04
1784277000000,347.86,348.31,346.73,346.85
1784277900000,347.08,347.92,346.93,347.08
1784278800000,348.41,348.657,347.72,348.41
1784279700000,348.53,349.56,348.444,348.53
1784280600000,349.535,349.535,348.96,349.32
1784281500000,349.38,349.5,348.854,349.38
1784282400000,349.22,349.365,348.27,349.22
1784283300000,348.59,348.952,348.434,348.59
1784284200000,349.79,350.399,348.996,349.79
1784285100000,349.81,350.507,349.801,349.87
1784286000000,350,350.411,348.225,348.47
1784286900000,348.99,349.09,348.49,348.99
1784287800000,349.089,349.392,348.965,349.288
1784288700000,349.288,349.316,349.008,349.261
1784289600000,348.48,349.342,347.208,347.49
1784290500000,347.06,347.553,346,346
1784291400000,346.65,346.782,345.427,345.49
1784292300000,346.05,346.195,345.393,345.67
1784293200000,345.683,345.683,344.586,344.921
1784294100000,345.31,346,344.49,346
1784295000000,346,348.46,341.41,341.775
1784295900000,341.77,346.518,341.37,346.47
1784296800000,346.76,347.69,346.34,347.085
1784297700000,347.189,347.34,344.69,345.351
1784298600000,345.225,346.985,344.975,346.985
1784299500000,346.87,347.99,345.59,345.755
1784300400000,345.775,346.91,345.06,346.18
1784301300000,346.14,347.37,345.99,347.14
1784302200000,347.157,348.17,346.955,348.136
1784303100000,348.21,348.465,347.24,347.51
1784304000000,347.68,347.72,346.07,346.395
1784304900000,346.44,347.54,346.03,347.03
1784305800000,347.05,347.234,346.07,346.775
1784306700000,346.738,347.7,346.365,347.436
1784307600000,347.435,347.931,346.07,346.15
1784308500000,346.2,346.5,345.5,345.565
1784309400000,345.575,345.79,344.23,344.325
1784310300000,344.31,344.7,343.47,344.03
1784311200000,344.06,344.815,342.97,343.02
1784312100000,343.035,344.385,342.81,344.36
1784313000000,344.39,345.41,344.32,344.735
1784313900000,344.74,345.275,344.185,345.24
1784314800000,345.21,345.49,344.77,345.161
1784315700000,345.16,345.61,344.785,345.488
1784316600000,345.53,345.69,344.17,345.09
1784317500000,345.07,347.41,345.05,346.775
1784318400000,345.97,346.922,345.74,345.97
1784319300000,346.53,346.928,346.03,346.53
1784320200000,346.1,346.545,346.1,346.1
1784321100000,346.545,346.757,346.151,346.675
1784322000000,346.59,346.73,346.45,346.49
1784322900000,346.495,346.644,346.46,346.595
1784323800000,346.595,346.854,346.595,346.854
1784324700000,346.84,347.12,346.806,346.96
1784325600000,346.984,347.02,346.638,346.638
1784326500000,346.67,346.88,346.57,346.57
1784327400000,346.675,346.838,346.637,346.82
1784328300000,346.82,346.82,346.631,346.71
1784329200000,346.69,346.722,346.395,346.51
1784330100000,346.466,346.488,346.353,346.392
1784331000000,346.394,346.4,346.063,346.085
1784331900000,346.085,346.399,346.08,346.33
1784332800000,346.328,346.328,346.326,346.326
1784333700000,346.46,346.46,345.94,345.94
1784336400000,346.56,346.56,346.56,346.56
1784337300000,346.66,346.66,346.35,346.35
1784356200000,346.74,346.74,346.74,346.74
1784364300000,346.74,346.74,346.74,346.74
1784379600000,346.35,346.35,346.33,346.33
1784381400000,346.77,346.77,346.77,346.77
1784384100000,346.89,346.89,346.89,346.89
1784392200000,346.9,346.95,346.9,346.95
1784393100000,346.95,346.95,346.33,346.33
1784396700000,346.98,346.98,346.98,346.98
1784398500000,347.01,347.01,346.77,346.77
1784399400000,347.02,347.02,347.02,347.02
1784423700000,347.02,347.02,347.02,347.02
1784439000000,347.09,347.13,347.09,347.13
1784440800000,347.02,347.02,347.02,347.02
1784443500000,347.13,347.13,347.13,347.13
1784465100000,347.13,347.13,347.13,347.13
1784466000000,346.6,346.6,346.6,346.6
1784467800000,347.13,347.13,347.13,347.13
1784468700000,347.13,347.14,347.13,347.14
1784469600000,346.85,346.85,346.85,346.85
1784471400000,347.15,347.15,347.15,347.15
1784476800000,347.2,347.52,347.19,347.19
1784479500000,347.72,347.72,347.72,347.72
1784480400000,347.72,347.75,347.13,347.13
1784482200000,347.81,347.81,347.81,347.81
1784484000000,347.88,347.88,347.3,347.3
1784503800000,347.9,347.9,347.9,347.9
1784505600000,346.4,348.8,346.4,348.48
1784506500000,348.51,348.72,348.03,348.11
1784507400000,348.14,348.15,347.41,347.58
1784508300000,347.58,348.09,347.43,347.9
1784509200000,347.89,348.29,347.59,348.04
1784510100000,348.13,348.2,347.81,347.89
1784511000000,347.84,348.67,347.63,348.58
1784511900000,348.52,348.75,347.77,347.91
1784512800000,347.9,348.44,347.9,348.1
1784513700000,348.15,348.24,347.79,347.99
1784514600000,347.94,348.45,347.94,348.3
1784515500000,348.34,348.58,348.16,348.38
1784516400000,348.39,348.41,348.3,348.38
1784517300000,348.38,348.46,348.27,348.38
1784518200000,348.38,348.49,348.25,348.29
1784519100000,348.26,348.47,348.2,348.2
1784520000000,348.25,348.34,348.07,348.07
1784520900000,348.07,348.21,347.9,348.21
1784521800000,348.18,348.34,348.12,348.34
1784522700000,348.32,348.41,348.19,348.21
1784523600000,348.21,348.25,347.7,347.84
1784524500000,347.83,348,347.59,347.72
1784525400000,347.73,347.79,347.54,347.6
1784526300000,347.57,347.6,347.34,347.47
1784527200000,347.49,347.61,347.42,347.54
1784528100000,347.45,347.6,347.35,347.4
1784529000000,347.4,347.53,347.19,347.4
1784529900000,347.39,347.51,347.34,347.49
1784530800000,347.48,348.14,347.48,348.11
1784531700000,348.12,348.31,347.99,348.31
1784532600000,348.35,348.52,348.33,348.43
1784533500000,348.4,348.44,348.02,348.02
1784534400000,348.19,348.329,346.667,348.19
1784535300000,348.319,348.339,348.087,348.175
1784536200000,348.175,348.55,347.971,348.202
1784537100000,348.44,348.44,348.111,348.44
1784538000000,348.205,348.22,347.755,347.774
1784538900000,347.779,348.198,347.779,348.198
1784539800000,348.199,348.576,348.199,348.399
1784540700000,348.398,348.529,348.245,348.36
1784541600000,348.29,348.438,348.266,348.37
1784542500000,348.25,348.375,348.107,348.25
1784543400000,348.315,348.369,348.207,348.24
1784544300000,348.24,348.263,347.869,348.003
1784545200000,347.71,348.002,347.392,347.95
1784546100000,347.953,348.016,347.797,348.016
1784547000000,348.16,348.904,348.018,348.64
1784547900000,348.7,349.224,348.676,348.81
1784548800000,348.47,348.843,347.9,348.17
1784549700000,347.94,348.25,347.845,347.94
1784550600000,348.43,348.619,348.116,348.42
1784551500000,348.133,348.78,348.129,348.768
1784552400000,348.773,351.71,348.773,350.36
1784553300000,349.91,350.997,349.737,349.98
1784554200000,351.015,358.805,350.648,358.425
1784555100000,358.44,359.355,356.705,358.34
1784556000000,358.4,359.59,358.04,358.62
1784556900000,358.64,359.68,358.205,358.56
1784557800000,358.66,359.12,356.71,356.89
1784558700000,356.81,357.5,355.99,356.39
1784559600000,356.4,357.27,356.055,356.64
1784560500000,356.7,357.06,356.1,357.06
1784561400000,357.03,357.89,356.83,357.425
1784562300000,357.43,357.48,356.545,356.6
1784563200000,356.51,356.68,355.325,355.48
1784564100000,355.51,355.82,354.975,355.22
1784565000000,355.255,355.93,354.6,355.12
1784565900000,355.01,355.73,354.43,354.48
1784566800000,354.44,354.54,352.345,352.53
1784567700000,352.48,353.345,352.09,352.705
1784568600000,352.726,353.21,352.37,353.143
1784569500000,353.18,353.7,352.885,353.08
1784570400000,353.14,353.45,352.445,352.875
1784571300000,352.87,353.18,351.89,352.08
1784572200000,351.99,352.044,350.915,351.05
1784573100000,350.992,351.81,350.75,351.685
1784574000000,351.68,352.57,351.66,352.04
1784574900000,352.06,352.42,351.875,352.3
1784575800000,352.44,353.245,352.284,352.905
1784576700000,352.09,352.18,351.68,352.1
1784577600000,352,352.434,351.901,352.4
1784578500000,352.32,352.584,351.806,352.32
1784579400000,352.555,352.604,352.305,352.6
1784580300000,352.6,352.612,352.39,352.415
1784581200000,352.426,352.55,352.391,352.405
1784582100000,352.408,352.645,352.408,352.645
1784583000000,352.64,352.749,352.622,352.64
1784583900000,352.67,352.919,352.58,352.67
1784584800000,352.89,352.89,351.636,351.997
1784585700000,351.996,352.49,351.914,352.354
1784586600000,352.355,352.357,351.98,352.2
1784587500000,352.183,352.183,351.991,352.042
1784588400000,352.043,352.54,352.043,352.39
1784589300000,352.39,353.085,352.39,353.085
1784590200000,353.087,353.445,353.062,353.44
1784591100000,353.44,353.623,353.35,353.47
1784592000000,352.99,353.17,352.48,352.71
1784592900000,352.75,353.51,352.67,353.51
1784593800000,353.5,353.9,353.37,353.65
1784594700000,353.78,353.89,353.62,353.7
1784595600000,353.7,354.31,353.65,354.09
1784596500000,354.1,354.21,353.9,354
1784597400000,354.03,354.14,353.6,353.64
1784598300000,353.69,353.91,353.53,353.55
1784599200000,353.66,353.86,353.38,353.57
1784600100000,353.51,353.85,353.47,353.75
1784601000000,353.76,354.01,353.73,353.97
1784601900000,353.99,354.19,353.94,354.02
1784602800000,354.05,354.35,354.01,354.35
1784603700000,354.38,354.73,354.38,354.6
1784604600000,354.61,354.81,354.54,354.6
1784605500000,354.61,354.98,354.6,354.98
1784606400000,354.98,355.6,354.98,355.53
1784607300000,355.49,355.54,355.38,355.41
1784608200000,355.44,355.44,354.75,354.93
1784609100000,354.91,354.92,354.72,354.72
1784610000000,354.72,354.77,354.18,354.47
1784610900000,354.47,354.62,354.25,354.6
1784611800000,354.68,355.15,354.47,355.15
1784612700000,355.18,355.23,354.96,355.11
1784613600000,355.22,356.4,354.62,356.06
1784614500000,356.12,356.5,355.79,355.95
1784615400000,356.22,356.35,356,356.28
1784616300000,356.16,356.23,355.94,356.17
1784617200000,356.17,356.74,356.02,356.46
1784618100000,356.61,356.62,356.02,356.15
1784619000000,356.09,356.3,355.99,356.26
1784619900000,356.12,356.25,355.66,356.19
1784620800000,353.862,356.039,353.862,355.054
1784621700000,355.34,355.644,354.607,355.31
1784622600000,355.575,355.783,355.135,355.135
1784623500000,354.96,355.307,354.704,355.05
1784624400000,355.311,355.359,354.886,354.911
1784625300000,355.05,355.4,354.916,355.05
1784626200000,354.84,354.999,354.751,354.84
1784627100000,354.85,355.272,354.84,354.89
1784628000000,354.96,355.199,354.87,354.96
1784628900000,355.23,355.42,353.441,355.42
1784629800000,354.108,354.805,353.864,354.611
1784630700000,354.606,354.695,354.395,354.475
1784631600000,354.65,354.918,354.224,354.27
1784632500000,354.218,354.258,353.558,353.975
1784633400000,353.56,354.25,353.56,353.71
1784634300000,352.32,353.819,351.957,352.3
1784635200000,351.98,352.63,351.833,351.98
1784636100000,352.05,352.195,351.584,352.09
1784637000000,351.5,351.749,350.732,350.99
1784637900000,351.01,351.69,350.529,351.49
1784638800000,351.71,351.776,350.99,350.99
1784639700000,351.72,351.794,350.512,350.88
1784640600000,351.18,351.18,347.7,349.9
1784641500000,349.915,350.84,348.175,349.82
1784642400000,349.88,350.13,349.12,349.69
1784643300000,349.64,350.17,348.61,349.455
1784644200000,349.38,349.495,347.83,348.145
1784645100000,348.179,349.74,348.179,348.88
1784646000000,348.93,350.43,347.95,348.6
1784646900000,348.65,348.965,347.71,347.8
1784647800000,347.81,349.515,347.72,349.405
1784648700000,349.34,350.035,349,349.19
1784649600000,349.32,349.52,348.93,349.51
1784650500000,349.5,349.669,348.96,349.63
1784651400000,349.61,350.025,349.34,349.69
1784652300000,349.765,349.79,348.975,349.42
1784653200000,349.41,349.73,348.9,349.161
1784654100000,349.19,349.27,349.059,349.14
1784655000000,349.17,349.39,348.97,349.14
1784655900000,349.21,349.3,348.93,349.075
1784656800000,349.06,349.21,348.92,348.97
1784657700000,348.985,349.066,348.715,348.785
1784658600000,348.84,348.84,348.3,348.55
1784659500000,348.52,349.03,348.325,348.645
1784660400000,348.56,349.72,348.48,349.72
1784661300000,349.715,349.745,349.09,349.61
1784662200000,349.56,349.84,348.72,349.08
1784663100000,349.05,349.17,346.99,347.105
1784664000000,347.74,347.877,347.116,347.74
1784664900000,347.7,348.035,347.15,347.94
1784665800000,347.948,348.001,347.801,347.9
1784666700000,347.75,347.95,347.675,347.75
1784667600000,348,348.284,347.682,348
1784668500000,348.29,348.456,348.1,348.39
1784669400000,348.11,348.653,348.11,348.11
1784670300000,348.541,348.6,348.346,348.575
1784671200000,348.12,348.575,348.12,348.12
1784672100000,348.17,348.345,348.072,348.17
1784673000000,348.17,348.274,348.1,348.17
1784673900000,348.172,348.439,348.055,348.367
1784674800000,348.45,348.784,348.28,348.45
1784675700000,348.786,349.192,348.786,349.065
1784676600000,349.043,349.067,348.8,348.93
1784677500000,348.93,349.05,348.7,348.824
1784678400000,348.79,349.3,348.45,348.8
1784679300000,348.72,348.99,348.6,348.73
1784680200000,348.76,349.13,348.59,349.04
1784681100000,349.02,349.16,348.79,349.15
1784682000000,349.11,349.11,348.74,348.83
1784682900000,348.91,348.99,348.73,348.94
1784683800000,348.97,349.05,348.76,349.02
1784684700000,349.01,349.43,349,349.16
1784685600000,349.16,349.34,349.06,349.22
1784686500000,349.24,349.31,348.98,349.24
1784687400000,349.13,349.17,349.01,349.03
1784688300000,349.06,349.09,348.75,348.85
1784689200000,348.86,348.86,348.6,348.74
1784690100000,348.73,349.43,348.69,349.42
1784691000000,349.45,349.46,349.16,349.3
1784691900000,349.36,349.41,349.01,349.08
1784692800000,349.07,349.26,348.95,349.26
1784693700000,349.31,349.43,349.17,349.37
1784694600000,349.38,349.38,349.08,349.22
1784695500000,349.22,349.24,348.77,349.08
1784696400000,349.13,349.3,348.86,348.9
1784697300000,348.9,348.98,348.6,348.61
1784698200000,348.74,349.05,348.6,348.81
1784699100000,348.83,348.91,348.51,348.6
1784700000000,348.6,348.92,348.5,348.87
1784700900000,348.86,348.88,348.5,348.7
1784701800000,348.75,348.89,348.68,348.84
1784702700000,348.81,348.83,348.49,348.79
1784703600000,348.79,348.79,348.19,348.31
1784704500000,348.32,348.32,348.02,348.11
1784705400000,348.15,348.2,347.36,347.62
1784706300000,347.52,348,347.49,347.9
1784707200000,348.19,348.692,347.691,348.19
1784708100000,348.118,348.335,348.118,348.311
1784709000000,348.57,348.778,348.312,348.66
1784709900000,348.666,349.279,348.56,349.251
1784710800000,349.34,349.71,349.225,349.32
1784711700000,349.4,349.466,349.155,349.21
1784712600000,349.57,349.615,349.181,349.57
1784713500000,349.61,349.615,349.069,349.3
1784714400000,349.367,350.158,349.367,349.881
1784715300000,349.77,350.063,349.631,349.77
1784716200000,349.61,349.985,349.535,349.61
1784717100000,349.5,349.575,349.2,349.2
1784718000000,349.11,349.276,348.75,348.83
1784718900000,348.5,348.785,348.39,348.59
1784719800000,348.54,348.79,348.129,348.28
1784720700000,347.99,348.661,347.99,348.61
1784721600000,348.389,348.59,348.076,348.467
1784722500000,348.46,348.539,347.91,348.16
1784723400000,348.01,348.368,347.702,348.21
1784724300000,348.15,348.27,347.593,347.61
1784725200000,347.96,348.241,347.699,348.08
1784726100000,348.12,348.414,347.682,348.167
1784727000000,348.155,348.83,346.19,346.62
1784727900000,346.65,348.68,346.625,348.25
1784728800000,348.225,349.935,347.645,348.11
1784729700000,348.13,348.69,347.11,347.83
1784730600000,347.84,348.552,347.455,347.72
1784731500000,347.71,348.27,347.39,348.11
1784732400000,348.19,348.77,347.4,347.745
1784733300000,347.76,348.055,347.22,347.48
1784734200000,347.439,348.025,347,347.454
1784735100000,347.51,348.17,347.467,348.11
1784736000000,348.07,348.122,347.66,347.98
1784736900000,347.98,348.7,347.98,348.395
1784737800000,348.365,348.545,347.815,348.04
1784738700000,348.04,348.585,348,348.16
1784739600000,348.135,348.22,347.74,348.075
1784740500000,348.1,348.555,347.95,348
1784741400000,347.95,348.38,347.76,347.89
1784742300000,347.904,347.99,346.86,346.945
1784743200000,346.89,347.27,346.625,346.665
1784744100000,346.66,346.715,346.25,346.49
1784745000000,346.46,346.72,346.03,346.51
1784745900000,346.45,347.05,346.09,346.11
1784746800000,346.165,346.195,345.5,345.985
1784747700000,345.96,345.968,345.135,345.3
1784748600000,345.245,345.56,344.35,345.27
1784749500000,345.33,345.515,341.79,342.05
1784750400000,342.257,352.56,331,349.99
1784751300000,348.778,350.67,340.29,342.334
1784752200000,341.99,343.15,338.47,341.46
1784753100000,340.85,342.336,327.7,327.7
1784754000000,330.01,334.51,326.36,326.36
1784754900000,326.62,328.89,325.41,327.79
1784755800000,326.99,328.176,325.5,325.5
1784756700000,326.29,329.277,324.99,329.19
1784757600000,329.59,329.96,327.51,329.26
1784758500000,329.58,331.835,328.962,331.66
1784759400000,331.476,331.816,330,331.042
1784760300000,330.81,331.96,330.781,331.89
1784761200000,331.37,331.534,330.26,330.34
1784762100000,330.32,331.054,329.611,330.96
1784763000000,331.16,331.548,330.819,330.88
1784763900000,330.89,331.55,330.678,331.01
1784764800000,331.31,334.4,330.722,333.88
1784765700000,333.88,336.42,333.41,335.67
1784766600000,335.64,335.68,334.58,334.69
1784767500000,334.7,335.28,334.16,334.31
1784768400000,334.35,334.56,333.76,333.83
1784769300000,333.83,333.89,332.19,333.08
1784770200000,333.1,334.37,333,333.92
1784771100000,333.86,334.73,333.5,334.37
1784772000000,334.37,334.61,333.87,333.99
1784772900000,333.94,334.02,333.05,333.31
1784773800000,333.28,333.32,332.63,332.86
1784774700000,332.88,333.52,332.86,333.52
1784775600000,333.51,333.9,332.95,333.17
1784776500000,333.19,333.37,332.78,333.32
1784777400000,333.34,333.36,332.82,333.34
1784778300000,333.33,333.86,333.22,333.73
1784779200000,333.74,333.81,333.26,333.81
1784780100000,333.78,333.89,333.61,333.89
1784781000000,333.9,333.95,333.44,333.44
1784781900000,333.55,333.55,332.95,333.18
1784782800000,333.19,333.19,332.42,332.44
1784783700000,332.46,333.18,332.24,333.18
1784784600000,333.17,333.34,332.14,332.41
1784785500000,332.45,332.45,331.8,331.89
1784786400000,332.01,332.68,332.01,332.57
1784787300000,332.6,333.32,332.6,333.21
1784788200000,333.28,333.29,332.93,332.94
1784789100000,332.96,333.08,332.61,332.75
1784790000000,332.75,332.79,331.79,331.99
1784790900000,332.01,332.47,330.87,330.98
1784791800000,330.98,331.44,330.56,330.81
1784792700000,330.88,332.05,330.57,331.08
1784793600000,330.01,331.668,329.185,330.42
1784794500000,328.49,330.674,328.389,329.11
1784795400000,328.75,330.109,328.69,329.15
1784796300000,329.18,330.128,328.989,329.29
1784797200000,328.99,330.794,328.95,328.99
1784798100000,328.61,329.655,328.61,328.8
1784799000000,329.279,329.327,328.381,328.914
1784799900000,329,329.27,327.701,327.99
1784800800000,327.78,328.188,327.653,327.78
1784801700000,328.21,328.409,326.99,327.39
1784802600000,328.46,329.702,327.523,328.99
1784803500000,327.94,329.353,327.143,327.2
1784804400000,327.31,327.488,326.59,327.01
1784805300000,327.51,327.558,325.779,325.99
1784806200000,326.01,326.337,324.77,325.02
1784807100000,324.78,325.662,324.2,324.99
1784808000000,325,325.89,324.472,325.23
1784808900000,325.12,325.815,324.17,325.22
1784809800000,324.91,325.203,323.619,324.33
1784810700000,324.49,324.96,323.29,324.75
1784811600000,324.91,325.89,322.86,322.99
1784812500000,323.33,324.87,321.395,321.395
1784813400000,321.53,324.47,320.25,320.445
1784814300000,320.4,321.81,318.23,321.01
1784815200000,321.06,321.95,318.53,318.53
1784816100000,318.5,319.2,317.14,318.6
1784817000000,318.59,319.96,317.32,319.03
1784817900000,319.03,319.127,316.93,317.24
1784818800000,317.25,317.33,315.25,315.43
1784819700000,315.4,317.23,314.92,316.62
1784820600000,316.76,318.97,316.607,318.33
1784821500000,318.36,320.24,317.87,319.76
1784822400000,319.821,320.91,318.815,320.545
1784823300000,320.61,321.56,320.49,320.9
1784824200000,320.99,321.41,319.08,319.08
1784825100000,319.06,319.85,318.75,319.825
1784826000000,319.79,320.2,319.22,320.085
1784826900000,320.08,321.01,319.925,320.39
1784827800000,320.42,320.42,319.33,319.63
1784828700000,319.49,319.83,319.15,319.5
1784829600000,319.495,320.155,319.46,320.045
1784830500000,320.048,320.19,319.55,319.666
1784831400000,319.6,319.68,318.33,318.95
1784832300000,318.945,319.5,318.385,318.745
1784833200000,318.78,318.99,317.945,318.11
1784834100000,318.13,318.51,317.84,318.115
1784835000000,318.08,318.45,317.33,318.03
1784835900000,318.03,319.09,317.525,317.73
1784836800000,317.74,317.929,317.13,317.7
1784837700000,317.71,318.732,317.71,318.61
1784838600000,318.69,319.149,318.578,318.86
1784839500000,318.617,318.915,318.55,318.861
1784840400000,319,319.141,318.756,319.03
1784841300000,318.56,318.951,318.357,318.51
1784842200000,318.49,318.675,318.348,318.49
1784843100000,318.588,318.845,318.563,318.819
1784844000000,319.03,319.215,318.761,319
1784844900000,319.08,319.325,319.035,319.08
1784845800000,319.14,319.58,319.05,319.15
1784846700000,319.62,319.71,319.525,319.62
1784847600000,319.64,319.675,319.528,319.632
1784848500000,319.52,319.655,319.5,319.52
1784849400000,319.26,319.505,319.082,319.26
1784850300000,319.1,319.25,318.746,319.1
1784851200000,318.99,319.79,318.42,319.3
1784852100000,319.3,319.66,319.09,319.45
1784853000000,319.45,319.76,319.26,319.6
1784853900000,319.63,320.25,319.62,320.15
1784854800000,320.26,320.5,319.69,319.72
1784855700000,319.73,320.04,319.58,319.78
1784856600000,319.78,319.98,319.53,319.66
1784857500000,319.65,319.75,319.2,319.36
1784858400000,319.41,319.53,319.13,319.47
1784859300000,319.46,319.62,319.35,319.49
1784860200000,319.43,319.48,318.96,319.1
1784861100000,319.1,319.16,318.47,318.63
1784862000000,318.58,318.72,318.3,318.55
1784862900000,318.59,318.61,318.19,318.44
1784863800000,318.4,318.44,317.93,317.97
1784864700000,317.96,318.16,317.46,317.54
1784865600000,317.51,317.62,316.78,317.35
1784866500000,317.32,318.2,317.22,318.2
1784867400000,318.19,318.4,318,318.32
1784868300000,318.32,318.59,318.19,318.59
1784869200000,318.59,318.98,318.44,318.86
1784870100000,318.91,318.93,318.39,318.6
1784871000000,318.63,318.72,318.23,318.39
1784871900000,318.35,318.48,318.19,318.24
1784872800000,318.23,318.28,317.51,318
1784873700000,318,318.63,317.87,318.46
1784874600000,318.41,318.79,318.22,318.34
1784875500000,318.3,318.43,317.91,318.41
1784876400000,318.42,319.3,318.4,319.14
1784877300000,319.22,319.41,318.92,319.29
1784878200000,319.3,319.48,319.12,319.19
1784879100000,319.19,319.3,318.88,318.89
1784880000000,319.09,319.717,319.09,319.65
1784880900000,319.57,319.92,319.341,319.77
1784881800000,319.99,320.46,319.812,320.01
1784882700000,320.35,320.355,319.93,320.35
1784883600000,320.26,321.098,320.1,320.8
1784884500000,320.43,320.94,320.391,320.74
1784885400000,321.04,321.622,320.837,321.55
1784886300000,321.24,321.376,320.151,320.38
1784887200000,320.4,320.505,319.84,319.84
1784888100000,320.24,320.24,319.768,320.01
1784889000000,319.91,320.017,319.633,319.85
1784889900000,319.56,319.755,319.525,319.56
1784890800000,319.59,319.75,319.199,319.3
1784891700000,319.35,319.435,319.1,319.21
1784892600000,319.11,319.3,318.995,319.09
1784893500000,319.1,319.236,318.601,319.15
1784894400000,318.74,319.352,318.462,318.74
1784895300000,319.14,319.366,318.767,318.89
1784896200000,318.53,319.02,318.258,318.31
1784897100000,318.05,318.414,317.86,318.37
1784898000000,318.27,318.401,318.056,318.25
1784898900000,318.11,319.372,317.85,318.148
1784899800000,318.04,320.92,317.31,320.32
1784900700000,320.12,324.16,319.65,322.6
1784901600000,322.57,323.21,319.785,320.98
1784902500000,320.975,321.39,319.88,319.9
1784903400000,319.82,320.063,317.83,318.105
1784904300000,317.89,320.035,317.62,320.035
1784905200000,320.095,321.01,319.74,320.81
1784906100000,320.68,321.81,319.405,321.74
1784907000000,321.705,322.105,320.89,321.01
1784907900000,320.93,321.015,319.89,320.06
1784908800000,320.09,320.12,319.32,319.69
1784909700000,319.6,320.08,319.39,319.39
1784910600000,319.3,319.73,318.57,319.07
1784911500000,319.035,319.6,318.73,319.46
1784912400000,319.485,320.3,318.91,320.07
1784913300000,320.13,320.83,319.92,320.525
1784914200000,320.54,320.81,319.67,319.67
1784915100000,319.64,320.14,319.35,320.01
1784916000000,319.96,321.12,319.93,320.87
1784916900000,320.92,321.08,319.985,319.985
1784917800000,319.99,320.09,319.315,319.325
1784918700000,319.34,319.64,319.01,319.32
1784919600000,319.42,320.25,319.36,319.97
1784920500000,319.978,320.16,319.42,319.566
1784921400000,319.48,320.3,319.31,320.3
1784922300000,320.295,320.66,319.17,319.715
1784923200000,319.74,320.033,319.539,319.7
1784924100000,319.65,319.671,319.171,319.3
1784925000000,319.01,319.76,319.01,319.76
1784925900000,319.71,319.844,319.544,319.71
1784926800000,319.83,319.845,319.721,319.775
1784927700000,319.58,319.775,319.34,319.34
1784928600000,319.87,320.405,319.63,319.98
1784929500000,320.075,320.075,319.86,319.895
1784930400000,319.897,320.224,319.893,319.931
1784931300000,319.86,319.931,319.699,319.86
1784932200000,319.71,319.97,319.658,319.71
1784933100000,319.69,319.725,319.302,319.344
1784934000000,319.61,319.65,319.326,319.61
1784934900000,319.625,319.65,319.42,319.42
1784935800000,319.42,319.51,319.175,319.4
1784936700000,319.4,319.4,318.848,318.876
1784937600000,318.879,318.892,318.879,318.892
1784940300000,319,319,319,319
1784945700000,319,319,319,319
1784946600000,319.1,319.1,319.1,319.1
1784947500000,319,319,318.89,318.89
1784948400000,318.94,319.21,318.94,319.21
1784949300000,319.04,319.04,319.04,319.04
1784952000000,318.85,318.85,318.85,318.85
1784952900000,318.85,318.93,318.83,318.93
1784953800000,318.93,318.93,318.93,318.93
1784954700000,318.93,318.93,318.93,318.93
1784957400000,318.93,318.93,318.93,318.93
1784958300000,318.93,318.93,318.93,318.93
1784959200000,318.8,318.8,318.8,318.8
1784960100000,318.93,318.93,318.56,318.56
1784961900000,318.93,319.05,318.93,319.05
1784964600000,318.56,318.96,318.56,318.96
1784967300000,318.82,318.82,318.82,318.82
1784968200000,318.82,318.96,318.48,318.48
1784970900000,318.58,318.58,318.58,318.58
1784971800000,318.91,318.91,318.91,318.91
1784975400000,318.91,318.91,318.91,318.91
1784984400000,318.34,318.34,318.26,318.26
1784985300000,318.25,318.25,318.25,318.25
1784986200000,318.32,318.32,318.32,318.32
1784987100000,318.32,318.33,318.32,318.33
1784988900000,318.33,318.33,318.24,318.24
1784989800000,318.29,318.29,318.29,318.29
1784991600000,318.29,318.29,318.09,318.09
1784993400000,318.04,318.04,318.04,318.04
1784995200000,318.17,318.17,318,318
1784996100000,318,318,317.9,317.9
1784997000000,318,318,318,318
1784997900000,318,318,318,318
1785000600000,318,318,318,318
1785004200000,318,318,318,318
1785005100000,318,318.39,318,318.39
1785006000000,318.39,318.39,318.39,318.39
1785006900000,318.39,318.4,318.39,318.4
1785007800000,318.4,318.4,318.4,318.4
1785012300000,317.91,317.91,317.91,317.91
1785015000000,318.01,318.02,318.01,318.02
1785020400000,318.29,318.29,318.29,318.29
1785021300000,318.29,318.29,318.29,318.29
1785022200000,318.29,318.29,318.29,318.29
1785024000000,318.29,318.29,318.29,318.29
1785024900000,318.42,318.87,317.84,318.06
1785025800000,318.06,318.67,318.06,318.67
1785026700000,317.8,318.87,317.8,318.87
1785027600000,318.87,319.53,318.87,319.53
1785032100000,319.54,319.58,319.54,319.58
1785033000000,319.59,319.75,319.59,319.75
1785033900000,319.59,319.59,319.59,319.59
1785034800000,319.59,319.59,319.59,319.59
1785035700000,320.37,320.37,320.37,320.37
1785038400000,320.37,320.37,320.37,320.37
1785040200000,320.37,320.4,320.37,320.4
1785042900000,320.31,320.31,319.01,319.01
1785043800000,320,320,320,320
1785046500000,320,320,320,320
1785048300000,320,320,319.75,319.75
1785050100000,320.14,320.14,320.14,320.14
1785053700000,320.07,320.07,320.07,320.07
1785054600000,320.07,320.07,320.07,320.07
1785057300000,320.07,320.07,320.07,320.07
1785058200000,320.2,320.4,320.2,320.4
1785059100000,320.42,320.44,320.42,320.44
1785060900000,320.47,320.47,320.47,320.47
1785061800000,320.49,320.49,320.49,320.49
1785062700000,320.58,320.58,320.58,320.58
1785063600000,320.66,320.74,320.66,320.74
1785064500000,320.79,320.79,320.79,320.79
1785066300000,320.89,320.89,320.89,320.89
1785067200000,320.94,320.96,320.94,320.96
1785068100000,320.86,320.86,320.86,320.86
1785069000000,321.01,321.01,321.01,321.01
1785070800000,320.86,320.86,320.7,320.7
1785072600000,321.07,321.07,321.07,321.07
1785076200000,321.09,321.09,321.09,321.09
1785077100000,321.1,321.11,321.1,321.11
1785080700000,321.13,321.13,321.13,321.13
1785081600000,321.19,321.45,321.19,321.45
1785082500000,321.49,321.49,321.49,321.49
1785083400000,321.53,321.58,321.53,321.58
1785086100000,321.59,321.59,321.59,321.59
1785087000000,321.61,321.61,321.61,321.61
1785087900000,321.61,321.7,321.3,321.7
1785088800000,321.7,321.7,321.3,321.3
1785094200000,321.7,321.76,321.3,321.3
1785103200000,321.77,321.83,321.77,321.83
1785104100000,321.89,321.9,321.89,321.9
1785105000000,321.92,322.23,321.92,322.23
1785105900000,322.3,322.53,322.3,322.53
1785107700000,322.53,322.53,322.53,322.53
1785108600000,322.5,322.79,322.5,322.79
1785109500000,322.81,322.96,322.81,322.96
1785110400000,322.05,323.4,321,322.74
1785111300000,322.72,322.75,321.92,322.48
1785112200000,322.52,322.99,321.94,321.94
1785113100000,321.93,322.1,321.39,321.71
1785114000000,321.82,322.15,321.68,321.69
1785114900000,321.77,321.94,321.06,321.44
1785115800000,321.44,322.39,321.29,321.79
1785116700000,321.85,322.11,321.76,321.9
1785117600000,321.95,322,321.59,321.99
1785118500000,321.99,322.13,321.75,321.75
1785119400000,321.74,322.1,321.37,321.82
1785120300000,321.95,322.18,321.68,322.14
1785121200000,322.15,322.25,321.96,322.18
1785122100000,322.21,322.28,322.02,322.18
1785123000000,322.19,322.28,322,322.14
1785123900000,322.22,322.23,322.12,322.18
1785124800000,322.21,322.45,322.21,322.33
1785125700000,322.32,322.53,322.16,322.4
1785126600000,322.43,322.66,322.39,322.64
1785127500000,322.68,322.82,322.62,322.69
1785128400000,322.7,322.97,322.59,322.88
1785129300000,322.89,323.15,322.72,323.15
1785130200000,323.15,323.77,323.07,323.68
1785131100000,323.7,323.74,323.43,323.67
1785132000000,323.75,324.12,323.75,323.75
1785132900000,323.8,323.88,323.59,323.69
1785133800000,323.66,323.9,323.56,323.57
1785134700000,323.57,323.66,323.42,323.6
1785135600000,323.61,324.06,323.59,324.06
1785136500000,324.06,324.31,324.01,324.13
1785137400000,324.16,324.21,323.74,323.82
1785138300000,323.82,324.24,323.81,323.98
1785139200000,319.328,324.936,319.328,324.901
1785140100000,324.902,325.045,324.583,324.64
1785141000000,324.64,324.925,324.57,324.638
1785141900000,324.642,325.067,324.64,324.995
1785142800000,324.92,325.09,324.92,325.09
1785143700000,325.3,325.39,325.071,325.3
1785144600000,325.244,325.244,325.075,325.093
1785145500000,324.95,325.449,324.917,325.39
1785146400000,325.45,325.45,325.19,325.45
1785147300000,325.409,325.485,324.905,324.905
1785148200000,324.95,324.96,324.845,324.87
1785149100000,324.7,324.893,324.205,324.53
1785150000000,324.205,324.41,323.683,323.868
1785150900000,323.62,324.064,323.51,323.55
1785151800000,323.59,324.115,323.463,324.1
1785152700000,324,324.052,323.792,323.99
1785153600000,324,324.484,323.858,323.86
1785154500000,324.12,324.458,323.887,324.41
1785155400000,324.48,324.929,324.032,324.48
1785156300000,324.98,325.033,324.655,324.94
1785157200000,324.81,325.005,324.272,324.64
1785158100000,324.7,325.662,324.276,324.986
1785159000000,325.235,329.07,325.03,328.635
1785159900000,328.65,329.21,327.29,327.7
1785160800000,327.735,330.02,327.54,329.685
1785161700000,329.68,330.415,326.5,326.54
1785162600000,326.622,326.75,324.46,324.95
1785163500000,325,328.31,324.94,327.61
1785164400000,327.55,329.74,327.36,329.49
1785165300000,329.405,329.498,327.94,328.22
1785166200000,328.259,328.259,327.15,327.596
1785167100000,327.599,328.91,327.375,328.549
1785168000000,328.58,329.12,327.81,327.935
1785168900000,327.93,328.62,327.535,327.83
1785169800000,327.87,328.19,327.17,327.31
1785170700000,327.29,327.6,326.35,326.54
1785171600000,326.64,326.89,325.9,326.88
1785172500000,326.88,327.36,326.52,326.74
1785173400000,326.74,326.905,326.3,326.41
1785174300000,326.45,326.8,326.18,326.18
1785175200000,326.22,326.52,325.85,326.444
1785176100000,326.32,326.44,325.79,326.22
1785177000000,326.2,326.5,325.655,326.48
1785177900000,326.49,327.835,326.363,327.47
1785178800000,327.54,327.54,326.99,327.34
1785179700000,327.33,327.67,327.314,327.47
1785180600000,327.455,327.885,327.3,327.59
1785181500000,327.56,327.61,326.34,326.38
1785182400000,326.49,326.899,326.402,326.49
1785183300000,326.56,326.995,326.531,326.91
1785184200000,327.32,327.4,326.878,327.32
1785185100000,326.98,327.225,326.65,326.65
1785186000000,327.11,327.182,326.911,327.09
1785186900000,327.184,327.567,327.184,327.469
1785187800000,327.467,327.467,327.14,327.345
1785188700000,327.25,327.464,327.215,327.25
1785189600000,327.46,327.46,327.117,327.46
1785190500000,326.94,327.2,326.751,326.94
1785191400000,326.78,326.994,326.692,326.795
1785192300000,326.793,326.85,326.35,326.5
1785193200000,326.3,326.564,326.179,326.3
1785194100000,326.227,326.755,326.115,326.705
1785195000000,326.705,326.767,326.415,326.416
1785195900000,326.88,327.44,326.261,327.43
1785196800000,327.31,327.67,326.56,326.69
1785197700000,326.68,326.82,326.23,326.48
1785198600000,326.55,327.03,326.12,326.81
1785199500000,326.81,326.83,326.16,326.41
1785200400000,326.4,326.4,324.76,325.03
1785201300000,324.86,325.82,324.37,325.46
1785202200000,325.52,325.92,325.31,325.84
1785203100000,325.85,326.08,325.09,325.29
1785204000000,325.27,325.28,324.25,324.49
1785204900000,324.5,324.92,324.41,324.61
1785205800000,324.61,324.87,324.37,324.56
1785206700000,324.57,324.79,324.42,324.52
1785207600000,324.61,324.69,323.66,324.53
1785208500000,324.46,325.17,324.19,324.52
1785209400000,324.52,325.08,324.14,324.97
1785210300000,325.01,325.3,324.92,325.29
1785211200000,325.28,325.28,324.37,324.52
1785212100000,324.46,324.78,324.41,324.62
1785213000000,324.55,324.66,324.25,324.42
1785213900000,324.41,324.67,324.24,324.4
1785214800000,324.49,325,324.49,324.8
1785215700000,324.8,324.88,324.31,324.35
1785216600000,324.43,324.43,323.61,323.88
1785217500000,323.91,324.56,323.75,324.3
1785218400000,324.34,324.49,323.77,324.36
1785219300000,324.32,324.73,324.32,324.73
1785220200000,324.74,324.89,324.5,324.76
1785221100000,324.76,325.38,324.6,325.24
1785222000000,325.25,325.75,325.14,325.75
1785222900000,325.75,325.75,325.08,325.17
1785223800000,325.07,325.69,325.04,325.62
1785224700000,325.61,325.61,325.14,325.48
1785225600000,325.66,326.797,324.923,325.73
1785226500000,324.92,326.175,324.92,325.43
1785227400000,326.15,326.887,325.63,326.15
1785228300000,326.99,327.07,326.74,326.79
1785229200000,327.18,327.276,326.956,327.16
1785230100000,327.43,327.534,327.116,327.52
1785231000000,326.94,327.44,326.847,326.91
1785231900000,327.01,327.164,326.82,326.83
1785232800000,326.91,327.042,326.691,326.89
1785233700000,326.48,326.755,326.141,326.21
1785234600000,326.75,326.875,326.398,326.59
1785235500000,326.61,326.77,326.489,326.61
1785236400000,326.04,326.951,325.982,326.04
1785237300000,326.8,327.138,326.095,327.02
1785238200000,327.81,327.92,326.906,327.89
1785239100000,327.73,327.897,327.153,327.66
1785240000000,327.594,328.202,327.247,327.605
1785240900000,327.35,328.144,327.03,327.99
1785241800000,328.01,328.545,327.982,328.01
1785242700000,328.24,328.431,327.618,328
1785243600000,327.25,327.795,327.06,327.1
1785244500000,327.1,327.773,326.6,327.52
1785245400000,327.98,330.22,324.97,325.55
1785246300000,325.54,327.7,324.44,325.49
1785247200000,325.545,327.75,325.485,327.15
1785248100000,327.26,328.05,326.69,327.82
1785249000000,327.755,328.14,327.28,328.1
1785249900000,328.12,329.095,327.95,328.72
1785250800000,328.67,330.395,328.67,330.31
1785251700000,330.49,333.115,330.33,332.4
1785252600000,332.41,333.66,332.28,333.33
1785253500000,333.395,333.585,332.29,333.46
1785254400000,333.53,333.56,332.841,333.15
1785255300000,333.19,334.14,333.155,333.53
1785256200000,333.5,333.953,332.995,333.665
1785257100000,333.62,334.46,333.455,334.43
1785258000000,334.45,334.73,333.709,334.3
1785258900000,334.34,335.25,334.259,335.05
1785259800000,335.015,335.86,334.79,334.79
1785260700000,334.82,335.875,334.675,335.875
1785261600000,335.8,335.828,334.195,334.485
1785262500000,334.52,335.175,334.28,334.87
1785263400000,334.85,335.48,334.55,335.46
1785264300000,335.49,335.88,335.2,335.21
1785265200000,335.25,335.405,334.03,334.37
1785266100000,334.34,334.4,333.78,334.27
1785267000000,334.25,334.72,334.09,334.39
1785267900000,334.4,334.46,333.39,333.77
1785268800000,333.87,335.298,333.696,335
1785269700000,334.88,335.405,334.515,334.699
1785270600000,334.85,334.952,334.5,334.85
1785271500000,334.78,334.955,334.737,334.82
1785272400000,334.868,335.264,334.771,334.771
1785273300000,334.66,334.775,334.361,334.66
1785274200000,334.614,334.629,334.275,334.349
1785275100000,334.355,334.475,334.325,334.379
1785276000000,334.378,334.899,334.375,334.547
1785276900000,333.99,334.554,333.885,333.99
1785277800000,334.169,334.202,333.154,333.227
1785278700000,333.7,333.974,332.797,333.7
1785279600000,332.97,333.851,332.576,333
1785280500000,333.9,334.122,333.095,334
1785281400000,334.024,334.183,333.585,334.16
1785282300000,334.49,335.889,334.171,335.88
1785283200000,334.88,335.83,334.56,334.76
1785284100000,334.76,335.34,334.44,335.28
1785285000000,335.34,335.4,335,335.2
1785285900000,335.36,335.4,334.87,334.97
1785286800000,334.85,335.04,333.89,333.9
1785287700000,333.91,334.48,333.75,334.38
1785288600000,334.37,334.45,333.64,333.64
1785289500000,333.64,333.76,331.81,331.81
1785290400000,331.79,332.4,331.5,332.08
1785291300000,332.15,333.01,331.64,332.97
1785292200000,333.01,333.23,332.8,333.07
1785293100000,333.09,333.12,332.27,332.35
1785294000000,332.32,332.45,331.75,332
1785294900000,332,332.14,331.19,331.26
1785295800000,331.21,331.8,331.18,331.61
1785296700000,331.59,331.72,330.99,331.38
1785297600000,331.38,332.31,331.17,331.62
1785298500000,331.5,331.52,330.52,330.9
1785299400000,330.96,331.34,330.59,331.07
1785300300000,331.05,331.81,331.04,331.72
1785301200000,331.78,332.11,331.71,331.92
1785302100000,331.88,332.43,331.64,332.38
1785303000000,332.38,332.86,332.26,332.85
1785303900000,332.85,333,332.67,332.85
1785304800000,332.84,333.09,332.64,332.93
1785305700000,332.77,332.98,332.6,332.95
1785306600000,332.92,334.11,332.92,334.09
1785307500000,334.06,334.39,334,334.38
1785308400000,334.35,334.84,334.11,334.7
1785309300000,334.72,334.84,334.47,334.67
1785310200000,334.62,334.76,334.34,334.5
1785311100000,334.36,334.44,333.91,334.25
1785312000000,333.95,335.507,333.307,333.95
1785312900000,333.905,335.024,333.825,334.845
1785313800000,334.845,335.547,334.845,335.08
1785314700000,335.08,335.328,334.853,334.89
1785315600000,334.891,334.999,333.981,334.098
1785316500000,334.105,334.361,333.984,334.075
1785317400000,334.075,334.22,333.887,334.074
1785318300000,334.14,334.399,333.937,334.14
1785319200000,333.987,334.175,333.784,334.146
1785320100000,334.16,334.514,334.16,334.334
1785321000000,334.62,334.62,334.263,334.62
1785321900000,334.5,334.796,334.417,334.535
1785322800000,335.74,336.045,334.556,335.74
1785323700000,335.31,336.425,334.863,336.04
1785324600000,335.7,336.25,335.603,336.03
1785325500000,335.68,336.203,335.377,335.68
1785326400000,336.006,336.877,335.82,336.595
1785327300000,336.51,336.642,335.195,335.83
1785328200000,335.86,336.36,335.517,335.96
1785329100000,335.93,336.448,335.804,336.33
1785330000000,336.1,336.1,335.256,335.27
1785330900000,334.99,335.814,334.032,334.48
1785331800000,334.675,336.45,333.565,334.66
1785332700000,334.7,335.2,332.1,332.97
1785333600000,332.905,333.35,331.62,331.845
1785334500000,331.755,333.85,331.755,332.525
1785335400000,332.53,333.485,332.345,332.92
1785336300000,333.075,334.72,332.76,334.29
1785337200000,334.19,335.59,334.06,334.245
1785338100000,334.175,334.79,333.717,333.86
1785339000000,333.824,334.55,333.29,333.669
1785339900000,333.63,334,332.355,332.87
1785340800000,332.91,334.88,332.86,334.2
1785341700000,334.01,335.8,333.99,335.62
1785342600000,335.63,335.84,334.775,335.25
1785343500000,335.21,336.68,335.09,336.562
1785344400000,336.65,337.68,335.985,337.615
1785345300000,337.54,338.17,337.23,337.27
1785346200000,337.13,337.254,335.975,336.37
1785347100000,336.35,338.005,336.23,337.895
1785348000000,337.866,340.38,337.866,339.374
1785348900000,339.5,340.44,339.385,340.16
1785349800000,340.195,341.246,339.37,341.2
1785350700000,341.145,342.51,340.905,341.72
1785351600000,341.655,342.16,339.79,340.22
1785352500000,340.15,340.55,336.56,336.99
1785353400000,337.04,337.23,335.345,336.146
1785354300000,336.27,337.085,335.5,336.48
1785355200000,336.09,336.932,334.009,334.99
1785356100000,334.11,335.699,332.567,333.01
1785357000000,332.9,334.348,332.71,333.99
1785357900000,333.544,333.844,332.68,333.469
1785358800000,333.72,333.72,332.223,332.89
1785359700000,333.01,333.145,331.682,332.01
1785360600000,330.42,331.9,329.577,330
1785361500000,330.4,331.28,329.671,330.4
1785362400000,332.72,335.635,331.25,334.71
1785363300000,334.99,336.109,334.218,334.99
1785364200000,336,336.77,335.203,336.71
1785365100000,336.79,336.812,334.553,334.6
1785366000000,335.46,335.949,335.306,335.77
1785366900000,335.355,335.865,335.191,335.862
1785367800000,335.89,336.144,335.669,335.89
1785368700000,336.05,336.48,335.707,336.05
1785369600000,335.912,337.14,335.49,336.86
1785370500000,336.87,337.02,336.24,336.58
1785371400000,336.7,336.76,336.07,336.19
1785372300000,336.22,336.39,336.02,336.27
1785373200000,336.3,336.99,336.15,336.89
1785374100000,336.73,337.42,336.52,337.3
1785375000000,337.31,338.23,337.31,337.43
1785375900000,337.49,337.88,337.34,337.44
1785376800000,337.49,337.66,336.39,336.57
1785377700000,336.51,336.56,336.25,336.35
1785378600000,336.35,336.52,335.68,335.78
1785379500000,335.92,336.01,335.49,335.49
1785380400000,335.48,335.73,334.93,334.96
1785381300000,334.95,335.35,334.73,335.27
1785382200000,335.05,335.49,334.78,335.01
1785383100000,335.03,335.49,334.97,335.09
1785384000000,335.15,335.62,334.71,334.84
1785384900000,334.84,335.31,334.65,335.31
1785385800000,335.3,335.5,335.13,335.23
1785386700000,335.23,335.38,334.69,334.86
1785387600000,334.79,334.95,334.73,334.93
1785388500000,334.92,335.2,334.77,334.94
1785389400000,334.96,335.03,334.51,334.95
1785390300000,335.03,335.14,334.76,334.99
1785391200000,335,335.21,334.83,334.91
1785392100000,334.91,335.05,334.75,335.02
1785393000000,334.9,334.93,334.37,334.43
1785393900000,334.43,334.83,334.25,334.75
1785394800000,334.83,335.81,334.83,335.6
1785395700000,335.63,335.63,335.04,335.34
1785396600000,335.32,335.32,334.9,335.09
1785397500000,335.02,335.05,334.41,334.41
1785398400000,334.47,335.929,334.168,334.94
1785399300000,335.23,335.52,335.15,335.23
1785400200000,335.51,335.623,335.235,335.35
1785401100000,335.36,335.614,335.34,335.34
1785402000000,335.56,336.038,335.403,335.56
1785402900000,336.032,336.782,335.887,336.782
1785403800000,337.13,337.35,336.783,336.89
1785404700000,336.925,337.089,336.619,336.619
1785405600000,336.618,336.813,336.355,336.491
1785406500000,336.43,336.59,336.299,336.43
1785407400000,336.505,337.247,336.437,337.131
1785408300000,337.01,337.38,336.915,336.93
1785409200000,337.27,337.59,336.931,337.39
1785410100000,337.33,337.598,336.941,337.49
1785411000000,337.6,338.113,337.39,337.69
1785411900000,337.56,337.817,336.841,337.49
1785412800000,336.4,336.956,334.5,334.5
1785413700000,334.722,334.997,334.334,334.341
1785414600000,334.384,334.706,333.58,334.271
1785415500000,334.2,335.35,334.117,335.05
1785416400000,334.85,335.983,334.85,335.69
1785417300000,335.84,336.066,333.932,334.18
1785418200000,334.195,336.47,331.47,332.06
1785419100000,332.192,333.72,330.37,332.44
1785420000000,332.397,335.205,332.05,332.851
1785420900000,332.645,333.63,331.795,331.8
1785421800000,331.78,333.64,331.64,332.355
1785422700000,332.3,333.35,331.91,332.8
1785423600000,332.925,332.925,331.43,331.65
1785424500000,331.65,332.255,331.1,331.46
1785425400000,331.42,333.565,331.28,333.455
1785426300000,333.455,334.1,332.831,332.88
1785427200000,332.78,334.29,332.72,333.89
1785428100000,333.946,335.135,333.83,334.871
1785429000000,334.835,335.33,334.372,334.465
1785429900000,334.37,334.66,333.55,334.54
1785430800000,334.49,335.17,334.41,334.41
1785431700000,334.438,334.438,332.76,332.873
1785432600000,332.855,334.24,332.39,333.186
1785433500000,333.15,334.74,332.245,333.055
1785434400000,333.02,333.17,332.055,332.67
1785435300000,332.61,332.95,332.06,332.06
1785436200000,332.08,334.11,332.065,334.08
1785437100000,334.128,334.92,334.128,334.599
1785438000000,334.58,334.88,334.16,334.59
1785438900000,334.605,334.88,334.28,334.34
1785439800000,334.345,334.48,333.9,334.25
1785440700000,333.65,333.85,333.53,333.69
1785441600000,333.666,334.34,333.335,333.519
1785442500000,333.69,334.634,333.526,334.36
1785443400000,335.05,336.086,334.422,334.82
1785444300000,334.55,334.897,334.536,334.55
1785445200000,334.704,334.704,334.279,334.279
1785446100000,334.278,334.32,334.073,334.312
1785447000000,334.19,334.347,333.82,334
1785447900000,334.45,334.62,334.325,334.45
1785448800000,334.44,335.521,334.347,335.25
1785449700000,335.23,335.367,335.021,335.23
1785450600000,335.058,335.51,335.025,335.49
1785451500000,335.49,335.726,335.336,335.489
1785452400000,335.485,335.685,335.193,335.193
1785453300000,335.19,335.34,335.123,335.19
1785454200000,335.3,335.571,335.1,335.571
1785455100000,335.61,335.748,335.441,335.61
1785456000000,335.71,336.48,335.25,336.48
1785456900000,336.47,336.63,336.01,336.02
1785457800000,336.16,337.13,336.12,337.03
1785458700000,337.12,337.97,336.96,337.97
1785459600000,337.94,340,337.94,338.65
1785460500000,338.67,339.33,338.61,338.65
1785461400000,338.65,338.67,338.26,338.48
1785462300000,338.51,338.77,338.3,338.77
1785463200000,338.77,339.03,338.48,338.78
1785464100000,338.82,338.95,338.5,338.78
1785465000000,338.8,339.01,338.6,339
1785465900000,339.02,339.73,339.01,339.73
1785466800000,339.67,339.89,339.5,339.72
1785467700000,339.71,340.04,339.68,340.04
1785468600000,340.1,340.44,340.06,340.39
1785469500000,340.34,341.16,340.25,340.74
1785470400000,340.73,340.85,340.4,340.78
1785471300000,340.8,341.09,340.67,341
1785472200000,341.11,341.75,341.11,341.49
1785473100000,341.51,341.57,340.8,341.06
1785474000000,341.17,341.37,340.69,340.91
1785474900000,340.93,341.45,340.76,341.29
1785475800000,341.34,341.64,341.18,341.3
1785476700000,341.3,342,341.24,341.98
1785477600000,342.01,342.21,340.71,341.07
1785478500000,340.88,341.06,340.75,341.04
1785479400000,341.05,341.08,339.26,339.54
1785480300000,339.53,340.13,339.11,339.82
1785481200000,339.75,340.42,339.51,340.41
1785482100000,340.36,340.53,340.11,340.5
1785483000000,340.56,340.64,340.24,340.43
1785483900000,340.52,340.64,340.31,340.62
1785484800000,342.32,343.207,336.383,343.13
1785485700000,342.59,343.113,341.908,341.98
1785486600000,341.84,342,341.592,341.75
1785487500000,341.92,342.438,341.872,342.07
1785488400000,341.45,342.35,341.25,341.4
1785489300000,341.48,341.7,340.795,341.21
1785490200000,341.31,341.651,340.805,341.54
1785491100000,341.67,341.8,341.581,341.8
1785492000000,341.57,341.638,340.747,340.87
1785492900000,340.53,341.215,340.331,340.53
1785493800000,340.33,340.651,340.102,340.33
1785494700000,340.06,340.249,339.685,339.89
1785495600000,339.35,339.879,338.813,338.86
1785496500000,339.005,339.647,338.92,339.63
1785497400000,339.37,339.72,338.873,339
1785498300000,338.68,338.937,338.27,338.4
1785499200000,338.29,338.466,337.665,338.17
1785500100000,337.6,337.932,337.452,337.69
1785501000000,338.01,338.219,337.665,337.83
1785501900000,337.49,337.845,337.192,337.6
1785502800000,337.66,338.055,337.591,338.055
1785503700000,337.83,341.112,337.66,340.14
1785504600000,340.84,345.9,340.345,341.645
1785505500000,341.72,344.68,341.5,343.66
1785506400000,343.56,346.84,343.56,346.18
1785507300000,346.16,348.08,345.575,347.58
1785508200000,347.67,349.22,346.95,349.04
1785509100000,349.01,353.36,348.99,352.28
1785510000000,352.285,353.655,348.99,349.705
1785510900000,349.7,350.89,348.62,348.84
1785511800000,348.85,350.48,348.44,349.82
1785512700000,349.858,352.69,348.98,351.722
1785513600000,351.76,352.995,351.69,352.91
1785514500000,352.95,354.45,352.49,354.33
1785515400000,354.375,354.59,352.965,353.135
1785516300000,353.094,353.74,352.76,353.113
1785517200000,353.14,353.77,352.76,353.24
1785518100000,353.27,354.61,353.255,354.4
1785519000000,354.409,354.86,353.44,353.859
1785519900000,353.861,354.16,353.28,353.9
1785520800000,353.91,355.025,353.905,354.935
1785521700000,355.01,356.29,354.915,355.97
1785522600000,356.028,356.325,355.3,355.419
1785523500000,355.42,355.7,355.04,355.283
1785524400000,355.286,355.7,355.07,355.439
1785525300000,355.438,355.9,354.6,355.632
1785526200000,355.66,357.61,355.45,357.335
1785527100000,357.35,358.55,355.94,356.07
1785528000000,356.91,356.98,354.699,355.08
1785528900000,355.15,355.324,354.933,355.24
1785529800000,355.13,355.19,354.94,354.97
1785530700000,355.01,355.25,354.56,354.56
1785531600000,354.71,355.024,354.507,354.71
1785532500000,354.74,355,354.002,354.81
1785533400000,354.355,354.355,353.932,353.932
1785534300000,353.93,353.93,353.375,353.375
1785535200000,353.7,353.73,353.061,353.73
1785536100000,353.06,353.26,353.015,353.052
1785537000000,353.052,353.765,353.005,353.765
1785537900000,353.765,353.865,353.375,353.525
1785538800000,354.01,354.01,353.511,354.01
1785539700000,354.05,354.13,353.714,354.05
1785540600000,353.97,354.128,353.836,353.97
1785541500000,353.935,354.24,353.675,354.154
1785543300000,354.34,354.45,354.19,354.38
1785544200000,354.49,357.93,353.74,354.98
1785545100000,357.99,358.81,355.11,358.48
1785546000000,358.89,359.34,352.56,354.12
1785546900000,353.92,354.15,353.85,353.85
1785548700000,353.84,353.96,353.78,353.78
1785549600000,353.9,354.03,353.67,353.67
1785550500000,353.67,353.67,353.67,353.67
1785551400000,353.67,353.67,353.62,353.62
1785553200000,353.62,353.62,353.62,353.62
1785554100000,353.81,353.89,353.47,353.47
1785555000000,353.74,353.96,353.47,353.47
1785555900000,353.67,353.67,352.9,352.9
1785556800000,352.9,353.9,352.86,352.86
1785557700000,353.02,354.49,352.52,354.3
1785558600000,354.38,354.75,354.27,354.28
1785559500000,354.61,354.61,353.04,353.04
1785560400000,353.11,353.9,351.2,351.69
1785561300000,351.25,353.86,351.18,351.39
1785562200000,351.39,353.86,351.18,353.86
1785563100000,353.86,353.86,351.21,353.86
1785564000000,351.21,353.86,351.18,353.86
1785564900000,351.22,353.95,350.37,350.9
1785565800000,350.32,353.9,350.3,350.3
1785566700000,350.3,353.9,350.3,353.9
1785567600000,353.9,353.9,350.25,353.89
1785568500000,353.89,353.89,350.25,350.25
1785569400000,353.89,353.89,350.1,350.1
1785571200000,350.13,350.13,350.13,350.13
1785572100000,353.89,353.89,350.13,350.13
1785573000000,353.89,353.89,350.13,350.13
1785573900000,353.89,353.89,350.13,350.13
1785574800000,353.89,353.95,350.13,350.13
1785575700000,350.13,350.13,350.13,350.13
1785576600000,353.95,353.95,350.13,353.95
1785577500000,350.13,353.95,350.13,350.13
1785578400000,350.13,353.95,350.13,353.95
1785579300000,350.13,353.95,350.13,353.95
1785580200000,350.13,354.02,350.12,354.02
1785581100000,350.12,354.02,350.01,350.16
1785582000000,352.77,354.03,350.01,352.93
1785582900000,350.45,354.03,350.25,350.83
1785583800000,353.29,354.03,350.02,350.02
1785584700000,352.78,353.74,350.76,351.12
1785585600000,353.11,354.03,350.01,352.78
1785586500000,350.26,354.03,350.02,351
1785587400000,352.17,354.02,350.01,352.34
1785588300000,352.33,354.03,350,350
1785589200000,350.31,352.55,349.73,349.76
1785590100000,349.8,350.17,349.64,349.96
1785591000000,349.62,349.84,347.63,348.08
1785591900000,347.57,347.99,345.42,345.75
1785592800000,345.21,347.99,342.93,342.93
1785593700000,343.67,355.92,342.93,346.79
1785594600000,351.64,353.87,342.93,345.7
1785596400000,346.34,353.87,346.34,353.87
1785597300000,346.99,353.87,346.99,353.87
1785598200000,351.65,353.87,342.19,344.88
1785599100000,347.68,350.81,342.65,347.99
1785600000000,350.81,354.07,346.78,353.89
1785600900000,352.65,354.07,342.64,342.66
1785601800000,349.35,353.5,342.66,353.5
1785602700000,353.15,354.05,344.77,344.77
1785603600000,352.01,352.01,343.69,343.69
1785604500000,347.07,349,347.07,349
1785605400000,353.5,353.5,353.5,353.5
1785606300000,344.12,344.12,344.03,344.1
1785607200000,353.88,353.88,344.11,344.11
1785608100000,353.29,354.05,344.97,346.15
1785609000000,346.15,346.15,346.15,346.15
1785609900000,353.8,353.8,344.83,353.07
1785616200000,351.05,353.07,351.05,353.06
1785617100000,353.06,353.06,342.7,342.7
1785621600000,342.7,354.07,342.7,342.7
1785627000000,353.98,353.98,353.98,353.98
1785629700000,353.98,353.98,353.98,353.98
1785630600000,353.98,353.98,343,343
1785632400000,343.21,353.98,343.21,353.98
1785633300000,353.88,353.98,344,353.98
1785635100000,353.98,353.98,344.51,344.51
1785636000000,344.51,344.51,344.51,344.51
1785636900000,353.97,353.97,344.51,344.51
1785638700000,353.97,353.97,347,347
1785639600000,348,348,348,348
1785640500000,348,348,348,348
1785641400000,348.1,348.1,348.1,348.1
1785643200000,353.97,353.97,353.5,353.5
1785645000000,353.97,353.97,353.97,353.97
1785645900000,353.97,353.97,353.55,353.55
1785646800000,353.55,353.55,353.55,353.55
1785648600000,353.71,353.98,353.55,353.98
1785649500000,353.98,353.98,353.55,353.55
1785650400000,353.5,354,353.5,354
1785651300000,353.94,354,352.9,353.62
1785652200000,352.82,354,352.81,352.86
1785653100000,352.87,353.7,352.86,352.93
1785654000000,353.64,353.84,352.82,352.82
1785654900000,353.6,353.69,352.81,353.62
1785655800000,353.53,354,353.48,353.82
1785656700000,353.83,354.05,353.2,353.2
1785657600000,353.28,353.28,351.51,351.51
1785658500000,351.92,354.46,348.87,348.87
1785659400000,349.28,350.63,348.9,349.09
1785660300000,350.55,353.24,349.75,353.24
1785661200000,353.24,353.29,353.23,353.23
1785662100000,353.29,353.29,350.37,352.87
1785663000000,352.34,353.4,350.58,351.04
1785663900000,353.09,353.09,350.59,350.77
1785664800000,352.84,353.58,351,353.35
1785665700000,353.34,353.35,351.17,353.35
1785667500000,353.34,353.35,352.01,352.01
1785669300000,353.35,353.35,352.4,352.4
1785670200000,353.35,353.35,352.4,352.4
1785671100000,353.35,353.35,352.5,352.51
1785672000000,353.35,353.41,350.39,350.39
1785673800000,353.41,353.41,353.41,353.41
1785674700000,350.6,350.6,350.6,350.6
1785675600000,350.63,351.59,350.39,351.37
1785676500000,350.89,351.8,350.89,351.8
1785677400000,353.41,353.41,350.91,350.91
1785678300000,352.82,352.82,350.91,350.91
1785679200000,352.81,352.81,350.91,350.91
1785681000000,352.62,352.62,352.62,352.62
1785681900000,352.67,352.67,350.4,352.67
1785682800000,352.69,353.1,350.4,350.4
1785683700000,353.1,353.1,350.39,350.39
1785684600000,352.99,352.99,350,350.39
1785685500000,353.1,353.1,350.4,350.4
1785686400000,353.1,353.1,353.1,353.1
1785687300000,350.4,350.4,350.4,350.4
1785688200000,352.94,352.94,352.94,352.94
1785689100000,353.1,353.1,353.1,353.1
1785690000000,350.1,350.1,350.1,350.1
1785690900000,350.1,353.47,350.1,350.1
1785691800000,350.1,353.11,350.1,350.1
1785692700000,350.1,353.37,350.09,350.09
1785693600000,353.07,353.07,350.1,350.1
1785694500000,353.06,353.06,350.12,350.13
1785696300000,353.37,354.21,353.37,353.88
1785697200000,354.34,354.34,353.88,353.88
1785698100000,354.34,354.34,353.88,353.88
1785699000000,354.34,354.34,354.34,354.34
1785699900000,353.86,353.86,353.67,353.67
1785703500000,354.3,354.47,353.66,353.66
1785705300000,354.48,354.48,354.48,354.48
1785708000000,354.5,354.51,354.28,354.28
1785708900000,354.53,354.55,354.53,354.55
1785709800000,354.78,355.91,354.78,355.46
1785710700000,355.95,356.84,354.74,355.39
1785711600000,356.48,356.89,355.48,355.48
1785712500000,356.43,357.54,355.28,355.77
1785713400000,357.43,357.63,357,357.53
1785714300000,357.53,359,357.44,358.84
1785715200000,356.99,359.9,355.78,359.85
1785716100000,359.9,361.23,359.35,359.97
1785717000000,359.98,360.79,359.76,359.84
1785717900000,359.85,360.39,359.68,359.92
1785718800000,359.86,359.86,358.78,359.26
1785719700000,359.17,359.46,358.86,359.37
1785720600000,359.37,359.43,358.66,359.24
1785721500000,359.16,359.82,358.93,359.73
1785722400000,359.79,360.55,359.65,360.55
1785723300000,360.55,360.97,360.33,360.61
1785724200000,360.56,361.31,360.51,360.79
1785725100000,360.84,361.18,360.75,360.96
1785726000000,360.97,361.09,360.65,360.66
1785726900000,360.59,360.71,360.2,360.38
1785727800000,360.28,360.6,360.2,360.48
1785728700000,360.48,360.91,360.4,360.78
1785729600000,360.72,360.8,359.74,359.74
1785730500000,359.89,360.12,359.89,360.02
1785731400000,360.01,360.13,359.9,360.13
1785732300000,360.14,360.3,359.36,359.36
1785733200000,359.43,359.66,359.21,359.32
1785734100000,359.39,360.05,359.21,359.79
1785735000000,359.91,359.97,359.69,359.85
1785735900000,359.9,360.6,359.86,360.59
1785736800000,360.59,360.88,360.49,360.6
1785737700000,360.56,361.05,360.53,360.54
1785738600000,360.61,360.71,360.53,360.56
1785739500000,360.57,361.12,360.5,360.99
1785740400000,361.03,361.18,360.64,361.18
1785741300000,361.18,361.4,360.94,360.94
1785742200000,360.94,361.02,360.4,360.43
1785743100000,360.42,361.05,360.25,360.31
1785744000000,355.208,360.457,355.208,358.982
1785744900000,357.68,359.084,357.497,358.57
1785745800000,359.93,360.498,358.28,359.93
1785746700000,360,360.42,359.94,359.99
1785747600000,360.24,360.595,360.225,360.26
1785748500000,360.9,361.345,360.375,360.87
1785749400000,361.345,361.45,361.029,361.257
1785750300000,361.78,362.143,361.22,361.94
1785751200000,362.35,362.711,361.56,362.12
1785752100000,362.67,363.99,362.67,362.932
1785753000000,362.96,363.535,362.716,363.09
1785753900000,363.11,363.29,362.099,362.31
1785754800000,362.2,362.905,361.688,362.02
1785755700000,362.33,363.03,361.907,362.65
1785756600000,362.151,363.27,362.15,362.832
1785757500000,362.99,362.99,361.702,361.99
1785758400000,362.06,362.579,361.49,361.49
1785759300000,362.81,362.955,361.981,362.85
1785760200000,363.27,363.73,362.773,363.27
1785761100000,363.336,363.373,362.51,363.067
1785762000000,363.18,364.105,362.948,363.28
1785762900000,361.99,366.02,360.72,364.59
1785763800000,365.445,372.75,363.43,372.575
1785764700000,372.68,374.29,371.13,371.32
1785765600000,371.375,372.62,368.54,369.205
1785766500000,369.35,369.43,367.52,367.945
1785767400000,368.045,368.885,366.796,368.405
1785768300000,368.461,369.251,367.575,368.953
1785769200000,368.962,370.37,368.18,369.836
1785770100000,369.848,373.11,369.42,372.748
1785771000000,372.78,375.51,372.64,375.295
1785771900000,375.29,375.755,374.42,374.67
1785772800000,374.616,375.43,374.25,375.134
1785773700000,375.131,375.53,374.55,375.079
1785774600000,375.135,376.68,375.08,375.97
1785775500000,375.98,376.205,375.3,375.99
1785776400000,375.97,376.02,374.65,374.655
1785777300000,374.656,375.07,374.21,374.738
1785778200000,374.736,375.04,374.35,374.547
1785779100000,374.56,375.08,373.9,374.22
1785780000000,374.18,374.39,373.6,374.115
1785780900000,374.14,374.38,373.54,373.58
1785781800000,373.65,375.51,373.51,375.285
1785782700000,375.335,375.77,374.85,375.46
1785783600000,375.51,375.63,374.74,374.97
1785784500000,374.99,375,374.17,374.25
1785785400000,374.251,374.615,374.09,374.17
1785786300000,374.16,374.78,373.17,373.51
1785787200000,373.458,373.626,372.516,372.56
1785788100000,372.69,372.811,372.372,372.69
1785789000000,372.1,372.585,372.1,372.31
1785789900000,371.51,372.395,371.466,371.51
1785790800000,371.918,372.08,371.76,372.076
1785791700000,372.01,372.204,371.818,372.01
1785792600000,371.98,371.98,371.61,371.98
1785793500000,371.617,371.62,371.296,371.482
1785794400000,371.49,371.88,371.402,371.49
1785795300000,371.501,371.974,371.407,371.862
1785796200000,372.62,373.01,371.675,373.01
1785797100000,372.41,372.874,372.091,372.41
1785798000000,372.15,372.359,371.802,371.875
1785798900000,371.875,372.139,371.636,371.775
1785799800000,371.09,371.807,371.073,371.09
1785800700000,370.77,371.327,370.7,370.85
1785801600000,371.57,371.63,370.49,371.16
1785802500000,371.28,371.72,370.94,371.49
1785803400000,371.48,371.92,371.22,371.92
1785804300000,371.99,372.41,371.84,372.25
1785805200000,372.25,372.84,371.86,372.68
1785806100000,372.83,373.42,372.38,373.37
1785807000000,373.3,373.73,373.22,373.73
1785807900000,373.75,374.37,373.75,373.84
1785808800000,374,374.15,373.42,373.49
1785809700000,373.42,373.82,373.34,373.81
1785810600000,373.83,374.09,373.8,374.09
1785811500000,374.07,374.41,373.87,374.27
1785812400000,374.28,374.31,373.95,373.95
1785813300000,373.99,374.03,373.71,373.74
1785814200000,373.83,374.34,373.75,374.3
1785815100000,374.26,374.64,374.14,374.6
1785816000000,374.63,374.75,374.2,374.23
1785816900000,374.26,374.73,374.26,374.56
1785817800000,374.54,374.64,374.36,374.47
1785818700000,374.37,374.57,374.28,374.47
1785819600000,374.4,374.44,374.03,374.09
1785820500000,374.19,374.36,374,374.18
1785821400000,374.29,374.45,373.99,374.18
1785822300000,374.16,374.17,373.94,373.99
1785823200000,374,374.05,373.72,373.83
1785824100000,373.86,373.87,373.26,373.26
1785825000000,373.26,373.41,372.2,372.3
1785825900000,372.39,372.55,372.19,372.23
1785826800000,372.33,372.49,371.56,372
1785827700000,372.03,372.33,371.82,372.06
1785828600000,372.08,372.11,371.33,371.37
1785829500000,371.37,371.75,371.37,371.54
1785830400000,370.76,372.805,368.661,370.49
1785831300000,369.371,369.917,369.316,369.626
1785832200000,369.79,370.504,369.192,369.79
1785833100000,370.22,370.461,369.54,370.22
1785834000000,369.677,370.186,369.526,370.186
1785834900000,370.01,370.302,369.75,369.75
1785835800000,369.941,370.25,369.701,369.98
1785836700000,369.98,370.874,369.972,370.792
1785837600000,369.96,370.815,369.96,369.96
1785838500000,369.04,370.016,368.152,368.32
1785839400000,368.151,368.688,367.518,368.196
1785840300000,367.89,368.777,367.402,368.51
1785841200000,368.78,368.78,366.596,366.97
1785842100000,366.74,367.995,366.375,366.89
1785843000000,368.6,369.122,367.394,368.51
1785843900000,368.3,369.134,367.654,367.8
1785844800000,368.46,368.579,367.194,367.94
1785845700000,368.37,369.486,367.793,368.92
1785846600000,369.2,369.216,368.457,368.71
1785847500000,368.49,368.498,367.996,368.009
1785848400000,367.1,368.068,366.56,367.31
1785849300000,367.324,367.894,366.274,367.196
1785850200000,367.51,373.665,367.263,370.98
1785851100000,371.01,376.01,370.775,375.91
1785852000000,375.92,378.03,375.145,377.33
1785852900000,377.305,377.815,376.05,376.95
1785853800000,377.11,377.11,375.1,375.69
1785854700000,375.655,376.24,374.73,376.18
1785855600000,376.174,377.31,376.04,376.877
1785856500000,377,377.66,375.725,376.265
1785857400000,376.27,376.297,375.275,375.41
1785858300000,375.45,376.18,375.39,375.89
1785859200000,375.875,376.46,375.66,375.835
1785860100000,375.836,376.28,375.369,376.232
1785861000000,376.235,376.97,376.11,376.816
1785861900000,376.94,377.95,376.55,376.595
1785862800000,376.585,377.825,376.585,377.77
1785863700000,377.738,378.44,377.265,377.587
1785864600000,377.588,378.59,377.52,378.567
1785865500000,378.57,378.97,378.355,378.635
1785866400000,378.62,379.58,378.41,379.475
1785867300000,379.49,380.29,379.23,380.144
1785868200000,380.147,380.49,379.415,379.586
1785869100000,379.591,379.87,379.18,379.483
1785870000000,379.487,380.03,379.34,379.94
1785870900000,379.94,380.07,378.49,378.745
1785871800000,378.745,380.09,378.63,379.94
1785872700000,379.933,380.24,377.63,377.685
1785873600000,377.729,377.841,376.81,377.53
1785874500000,377.57,379.957,377.387,379.7
1785875400000,380.25,380.375,379.499,380.15
1785876300000,380.43,380.577,380.242,380.41
1785877200000,379.84,380.321,378.913,379.4
1785878100000,378.906,379.349,378.79,378.871
1785879000000,378.87,379.775,378.58,379.775
1785879900000,379.792,380.178,379.391,379.463
1785880800000,379.474,380.344,379.45,380.004
1785881700000,380.014,380.396,379.825,380.22
1785882600000,380.22,380.22,379.501,379.501
1785883500000,379.5,379.915,379.5,379.889
1785884400000,380,380,379.78,380
1785885300000,379.941,380.063,379.777,379.8
1785886200000,379.34,379.8,379.2,379.34
1785887100000,379.326,379.74,379.181,379.74
1785888000000,378.99,379.763,378.62,379.23
1785888900000,379.36,379.36,378.74,378.83
1785889800000,378.88,379.04,378.18,378.24
1785890700000,378.21,378.29,377.77,378.09
1785891600000,378.27,378.54,377.94,378.24
1785892500000,378.24,379.91,377.9,379.91
1785893400000,379.72,380.16,379.59,379.59
1785894300000,379.58,379.7,379.31,379.47
1785895200000,379.38,379.73,379.27,379.62
1785896100000,379.71,379.9,379.6,379.66
1785897000000,379.73,379.85,379.68,379.76
1785897900000,379.83,380.22,379.8,380.15
1785898800000,380.18,380.48,380.16,380.39
1785899700000,380.44,380.61,380.29,380.29
1785900600000,380.27,380.39,380.03,380.03
1785901500000,380.03,380.18,379.95,380.13
1785902400000,380.14,380.17,379.99,379.99
1785903300000,379.92,379.92,379.71,379.72
1785904200000,379.78,379.98,379.78,379.87
1785905100000,379.93,379.93,379.57,379.77
1785906000000,379.7,379.79,379.33,379.76
1785906900000,379.77,379.77,379.27,379.27
1785907800000,379.35,379.54,379.06,379.54
1785908700000,379.49,379.96,379.47,379.83
1785909600000,379.82,379.96,379.63,379.92
1785910500000,379.92,380.2,379.88,380.02
1785911400000,380.1,380.3,380.09,380.2
1785912300000,380.12,380.28,380.03,380.28
1785913200000,380.3,380.6,380.22,380.29
1785914100000,380.25,380.6,380.06,380.3
1785915000000,380.32,380.42,380.19,380.38
1785915900000,380.44,380.54,380.36,380.39
1785916800000,380.01,380.673,379.294,379.55
1785917700000,379.564,380.48,379.1,380.26
1785918600000,380.26,381.404,380.23,381.404
1785919500000,381.25,381.754,381.029,381.25
1785920400000,381.25,381.777,381.235,381.755
1785921300000,382.13,383.148,381.59,382.99
1785922200000,382.46,382.844,382.186,382.38
1785923100000,382.32,382.704,382.32,382.32
1785924000000,382.41,383.065,382.325,382.64
1785924900000,382.552,382.621,382.125,382.396
1785925800000,382.51,382.899,382.21,382.51
1785926700000,382.64,382.945,382.47,382.63
1785927600000,382.75,383.299,381.5,381.6
1785928500000,381.76,381.907,381.495,381.76
1785929400000,381.9,382.04,381.426,381.721
1785930300000,382.27,382.704,381.722,382.27
1785931200000,383.43,384.048,382.525,383.9
1785932100000,383.23,384.036,382.3,382.87
1785933000000,382.58,382.725,382.34,382.54
1785933900000,382.747,382.86,382.31,382.551
1785934800000,382.544,383.327,382.282,383.12
1785935700000,381.82,383.577,381.82,383.24
1785936600000,383.045,384.44,379.45,381.215
1785937500000,381.17,381.184,378.17,379.55
1785938400000,379.39,380.18,377.98,379.17
1785939300000,380.793,380.793,380.793,380.793
1785940200000,380.86,382.31,380.81,381.885
1785941100000,381.875,382.26,380.62,380.93
1785942000000,381.01,381.655,380.17,380.4
1785942900000,380.33,380.385,378.735,378.93
1785943800000,378.782,379.05,377.16,377.384
1785944700000,377.4,377.685,375.67,375.93
1785945600000,375.85,376.01,356.83,359.92
1785946500000,359.68,365.045,359.421,365.03
1785947400000,365.12,365.245,361.61,362.96
1785948300000,362.995,365.01,362.31,364.33
1785949200000,364.41,365.11,362.88,363.053
1785950100000,362.865,363.47,362.39,362.43
1785951000000,362.495,362.56,360.83,360.97
1785951900000,360.98,363.165,360.92,362.6
1785952800000,362.627,364.97,362.619,363.671
1785953700000,363.69,364.04,362.595,362.632
1785954600000,362.63,363,361.625,361.79
1785955500000,361.75,362.47,361.19,361.45
1785956400000,361.435,361.79,361.045,361.235
1785957300000,361.269,362.69,361.12,361.834
1785958200000,361.833,363.18,361.745,362.69
1785959100000,362.64,363.165,361.18,362.395
1785960000000,361.87,362.97,361.53,362.97
1785960900000,361.86,363.563,361.626,363.24
1785961800000,363.13,363.324,362.381,363.15
1785962700000,362.577,362.665,362.368,362.537
1785963600000,362.54,362.69,362.49,362.622
1785964500000,362.83,362.949,362.589,362.83
1785965400000,362.938,363.169,362.56,362.56
1785966300000,362.558,362.856,362.251,362.856
1785967200000,362.97,364.362,362.859,363.49
1785968100000,364.38,364.694,364.275,364.33
1785969000000,364.58,364.98,364.267,364.51
1785969900000,364.5,364.79,364.32,364.44
1785970800000,364.37,364.668,364.3,364.37
1785971700000,364.67,364.894,364.307,364.762
1785972600000,364.743,364.904,364.516,364.615
1785973500000,364.615,364.892,364.611,364.71
1785974400000,364.73,365.03,364.09,364.52
1785975300000,364.6,365.12,364.44,364.54
1785976200000,364.58,364.89,364.34,364.7
1785977100000,364.69,364.86,364.24,364.29
1785978000000,364.28,364.29,363.59,363.89
1785978900000,363.83,364.31,363.57,364.27
1785979800000,364.3,364.59,364.18,364.34
1785980700000,364.35,364.68,364.21,364.6
1785981600000,364.58,364.69,364.36,364.48
1785982500000,364.42,364.8,364.42,364.72
1785983400000,364.7,364.88,364.58,364.84
1785984300000,364.82,364.86,364.53,364.53
1785985200000,364.54,364.82,364.52,364.72
1785986100000,364.73,364.74,364.45,364.47
1785987000000,364.48,364.73,364.34,364.64
1785987900000,364.63,364.8,364.38,364.49
1785988800000,364.5,364.52,364.35,364.37
1785989700000,364.35,364.8,364.33,364.59
1785990600000,364.58,364.61,364.38,364.46
1785991500000,364.4,364.67,364.27,364.67
1785992400000,364.67,364.72,364.43,364.46
1785993300000,364.5,364.65,364.44,364.65
1785994200000,364.66,364.66,364.3,364.59
1785995100000,364.6,364.64,364.37,364.57
1785996000000,364.53,364.53,364.12,364.14
1785996900000,364.14,364.62,363.97,364.53
1785997800000,364.64,364.64,364.24,364.31
1785998700000,364.39,364.51,364.01,364.5
1785999600000,364.46,364.96,364.32,364.86
1786000500000,364.86,364.89,364.44,364.74
1786001400000,364.79,364.87,364.47,364.47
1786002300000,364.47,364.77,364.42,364.52
1786003200000,364.47,366.712,364.336,366.65
1786004100000,365.39,366.41,363.98,364.72
1786005000000,364.7,365.38,364.42,365.38
1786005900000,365.14,365.49,364.726,365.45
1786006800000,364.77,365.131,363.87,364.23
1786007700000,364.4,364.89,364.344,364.44
1786008600000,364.41,364.999,364.171,364.41
1786009500000,364.69,364.917,364.39,364.69
1786010400000,364.752,364.795,364.273,364.36
1786011300000,364.359,364.59,364.03,364.583
1786012200000,364.33,364.715,364.101,364.19
1786013100000,364.21,364.814,364.11,364.71
1786014000000,364.59,364.71,363.87,364.365
1786014900000,364.37,364.972,364.19,364.25
1786015800000,363.8,364.489,363.681,363.92
1786016700000,363.4,364.145,361,361
1786017600000,361.21,361.59,359.45,360.81
1786018500000,360.59,360.753,359.608,360.51
1786019400000,360.19,361.76,360.051,361.65
1786020300000,360.48,361.3,360.128,360.49
1786021200000,360.21,360.443,358.71,359.1
1786022100000,359.206,360.868,358.73,360.816
1786023000000,360.787,364.09,360.155,361.28
1786023900000,361.215,363.275,360.91,363.16
1786024800000,363.11,363.19,361.05,361.72
1786025700000,361.76,362.41,360.355,360.51
1786026600000,360.515,360.79,359.61,359.666
1786027500000,359.683,362.09,359.38,361.893
1786028400000,362.035,362.06,359.11,359.14
1786029300000,359.14,360.245,358.7,360.245
1786030200000,360.29,360.4,359.57,360.13
1786031100000,360.059,360.317,359.07,359.22
1786032000000,359.188,359.55,358.81,359.54
1786032900000,359.465,359.74,359.245,359.72
1786033800000,359.725,359.79,358.336,358.49
1786034700000,358.47,358.74,357.93,358.34
1786035600000,358.338,358.83,357.94,358.049
1786036500000,358.051,358.26,357.69,357.791
1786037400000,357.91,358.48,357.78,357.83
1786038300000,357.85,358.28,357.59,357.65
1786039200000,357.675,357.83,356.9,357.225
1786040100000,357.243,357.87,356.985,357.647
1786041000000,357.66,357.845,357.22,357.24
1786041900000,357.26,357.57,357.09,357.38
1786042800000,357.33,358.31,357.29,357.93
1786043700000,357.935,357.975,357.128,357.16
1786044600000,357.125,357.74,357.01,357.368
1786045500000,357.42,358.17,357.275,357.875
1786046400000,358.07,358.945,357.785,358.45
1786047300000,358.53,358.713,358.266,358.52
1786048200000,358.479,358.504,357.871,357.98
1786049100000,357.979,358.093,357.8,358.025
1786050000000,358.31,358.45,358.025,358.25
1786050900000,358.45,358.45,358.306,358.315
1786051800000,358.4,358.49,358.265,358.49
1786052700000,358.48,358.48,358.381,358.385
1786053600000,358.385,358.51,358.191,358.425
1786054500000,358.6,358.671,358.425,358.6
1786055400000,358.481,358.64,358.251,358.41
1786056300000,358.41,358.678,358.4,358.674
1786057200000,358.675,358.68,358.585,358.611
1786058100000,358.62,358.71,358.595,358.65
1786059000000,358.605,358.65,358.375,358.594
1786059900000,358.596,358.884,358.555,358.884
1786060800000,358.9,359.41,358.83,359.15
1786061700000,359.07,359.1,358.67,358.72
1786062600000,358.74,359.06,358.5,358.87
1786063500000,358.87,358.97,358.55,358.65
1786064400000,358.68,358.77,358.5,358.6
1786065300000,358.53,358.59,358.14,358.51
1786066200000,358.52,358.74,358.28,358.32
1786067100000,358.39,358.59,358.34,358.46
1786068000000,358.52,358.67,358.3,358.63
1786068900000,358.61,358.62,358.4,358.48
1786069800000,358.46,358.48,358.16,358.25
1786070700000,358.2,358.45,358.2,358.33
1786071600000,358.3,358.44,358.14,358.19
1786072500000,358.25,358.33,358.04,358.27
1786073400000,358.26,358.52,358.26,358.35
1786074300000,358.34,358.54,358.3,358.3
1786075200000,358.28,358.88,358.17,358.34
1786076100000,358.38,358.38,358.09,358.28
1786077000000,358.28,358.33,357.88,357.88
1786077900000,357.86,358.19,357.86,358.11
1786078800000,358.15,358.67,357.98,358.3
1786079700000,358.52,358.67,358.41,358.53
1786080600000,358.59,358.66,358.21,358.21
1786081500000,358.18,358.28,358.18,358.23
1786082400000,358.23,358.83,358.2,358.79
1786083300000,358.74,359.02,358.69,359.02
1786084200000,358.99,358.99,358.59,358.6
1786085100000,358.62,358.7,358.52,358.7
1786086000000,358.71,359.14,358.71,359.08
1786086900000,359.1,359.38,359.09,359.34
1786087800000,359.37,359.44,359.18,359.3
1786088700000,359.25,359.44,359.01,359.13
1786089600000,359.07,359.274,358.054,358.26
1786090500000,357.9,358.269,357.369,357.85
1786091400000,357.398,358.097,357.327,358.094
1786092300000,358.095,358.753,358.095,358.613
1786093200000,358.612,358.708,358.455,358.708
1786094100000,358.709,358.795,358.103,358.103
1786095000000,357.9,358.102,357.82,357.82
1786095900000,358.02,358.335,357.99,358.215
1786096800000,358.68,358.782,358.19,358.68
1786097700000,358.2,358.613,357.965,358.2
1786098600000,358.351,358.37,358.046,358.163
1786099500000,358.161,358.21,358.13,358.21
1786100400000,358.31,358.433,358.16,358.31
1786101300000,358.49,358.696,358.205,358.59
1786102200000,359,359,358.545,359
1786103100000,358.855,358.87,357.612,357.677
1786104000000,357.673,357.874,357.42,357.42
1786104900000,357.463,357.698,357.244,357.299
1786105800000,358.18,358.197,357.323,358.05
1786106700000,357.82,358.712,357.75,358.56
1786107600000,358.86,358.883,358.18,358.35
1786108500000,358.303,358.549,356.54,356.693
1786109400000,356.61,358.83,355.09,355.97
1786110300000,355.88,356.76,354.74,356.05
1786111200000,355.98,356.59,354.57,356.4
1786112100000,356.41,356.44,355.225,355.68
1786113000000,355.75,356.18,354.2,354.52
1786113900000,354.576,355.675,353.83,355.621
1786114800000,355.42,357.36,354.95,356.95
1786115700000,356.94,357.47,356.185,356.985
1786116600000,357.205,357.23,356.48,357.05
1786117500000,357.07,357.075,355.77,355.87
1786118400000,355.88,355.91,355.21,355.223
1786119300000,355.22,356.01,354.33,354.589
1786120200000,354.63,355.58,354.394,355.475
1786121100000,355.44,355.617,355.095,355.28
1786122000000,355.235,355.424,354.67,354.73
1786122900000,354.699,354.85,354.34,354.824
1786123800000,354.825,354.88,354.485,354.712
1786124700000,354.7,355.27,354.633,355.13
1786125600000,355.08,355.293,354.26,354.27
1786126500000,354.315,354.59,354.18,354.185
1786127400000,354.18,354.34,353.885,353.94
1786128300000,353.917,354.36,353.839,354.255
1786129200000,354.34,355.03,353.975,354.74
1786130100000,354.77,355.27,354.58,355.27
1786131000000,355.25,355.25,354.28,354.71
1786131900000,354.703,355.59,354.26,354.345
1786132800000,354.334,354.664,354.247,354.474
1786133700000,354.38,354.475,354.366,354.38
1786134600000,354.32,354.472,354.32,354.32
1786135500000,354.395,354.414,354.335,354.414
1786136400000,354.415,354.652,354.29,354.626
1786137300000,354.634,354.675,354.55,354.63
1786138200000,354.63,354.65,354.515,354.515
1786139100000,354.515,354.615,354.515,354.615
1786140000000,354.615,354.615,354.615,354.615
1786140900000,354.615,354.615,354.436,354.475
1786141800000,354.475,354.6,354.475,354.55
1786142700000,354.41,354.595,354.277,354.41
1786143600000,354.455,354.51,354.38,354.51
1786144500000,354.51,354.529,354.425,354.456
1786145400000,354.457,354.615,354.457,354.595
1786146300000,354.7,354.82,354.595,354.7
1786147200000,354.793,354.793,354.791,354.791
1786154400000,355.17,355.17,355.17,355.17
1786159800000,355.22,355.22,355.22,355.22
1786161600000,355.25,355.25,355.25,355.25
1786163400000,355.28,355.28,355.28,355.28
1786167000000,355.3,355.34,355.3,355.34
1786177800000,355.33,355.33,355.33,355.33
1786179600000,355.33,355.33,355.33,355.33
1786186800000,355.33,355.33,355.33,355.33
1786193100000,355.33,355.33,355.07,355.07
1786194000000,355.07,355.07,355.07,355.07
1786195800000,355.21,355.21,355.21,355.21
1786197600000,355.33,355.33,355.07,355.07
1786199400000,355.33,355.33,355.33,355.33
1786200300000,355.33,355.33,355.33,355.33
1786201200000,355.33,355.33,355.33,355.33
1786202100000,355.33,355.33,355.33,355.33
1786203000000,355.34,355.34,355.34,355.34
1786203900000,355.33,355.33,355.33,355.33
1786205700000,355.39,355.39,355.39,355.39
1786210200000,355.49,355.49,355.49,355.49
1786212900000,355.49,355.49,355.49,355.49
1786222800000,355.52,355.52,355.39,355.39
1786226400000,355.52,355.52,355.52,355.52
1786235400000,355.52,355.52,355.52,355.52
1786239000000,355.55,355.55,355.55,355.55
1786248000000,355.73,355.73,355.73,355.73
1786248900000,355.76,355.81,355.66,355.66
1786249800000,356,356,356,356
1786251600000,356.22,356.22,356.17,356.17
1786253400000,356.29,356.29,356.29,356.29
1786255200000,356.29,356.29,356.2,356.2
1786257000000,356.2,356.2,356.2,356.2
1786260600000,356.31,356.33,356.31,356.33
1786262400000,356.27,356.27,356.27,356.27
1786263300000,356.39,356.45,356.39,356.45
1786264200000,356.49,356.49,356.49,356.49
1786267800000,356.27,356.27,356.27,356.27
1786269600000,356.56,356.56,356.56,356.56
1786271400000,356.79,356.79,356.79,356.79
1786280400000,356.38,356.38,356.38,356.38
1786282200000,356.79,356.89,356.79,356.89
1786283100000,356.76,356.76,356.76,356.76
1786286700000,356.92,356.92,356.92,356.92
1786289400000,357.06,357.06,357.06,357.06
1786290300000,357.08,357.08,357.08,357.08
1786293000000,357.24,357.24,357.24,357.24
1786296600000,357.24,357.24,357.24,357.24
1786297500000,357.24,357.24,357.24,357.24
1786298400000,357,357,357,357
1786299300000,357,357,357,357
1786302000000,357,357,357,357
1786303800000,357.34,357.56,357.34,357.56
1786305600000,357.39,357.61,357.39,357.61
1786306500000,357.66,357.66,357.66,357.66
1786311900000,357.67,357.69,357.67,357.69
1786312800000,357.73,357.73,357.73,357.73
1786313700000,357.73,357.73,357.73,357.73
1786318200000,357.86,357.9,357.56,357.56
1786320000000,355.01,355.96,354.7,355.58
1786320900000,355.6,355.6,355,355.2
1786321800000,355.16,355.29,354.9,354.95
1786322700000,354.96,355.53,354.92,355.21
1786323600000,355.24,355.51,355.16,355.39
1786324500000,355.44,355.61,355.38,355.48
1786325400000,355.46,355.58,355.21,355.48
1786326300000,355.53,355.71,355.44,355.55
1786327200000,355.52,355.9,355.5,355.83
1786328100000,355.8,355.91,355.68,355.9
1786329000000,355.9,356.33,355.87,356
1786329900000,356.08,356.09,355.81,355.87
1786330800000,355.84,355.91,355.76,355.78
1786331700000,355.76,355.76,355.48,355.6
1786332600000,355.51,355.64,355.5,355.56
1786333500000,355.55,355.64,355.45,355.64
1786334400000,355.64,355.68,355.54,355.6
1786335300000,355.6,355.68,355.56,355.68
1786336200000,355.7,355.75,355.46,355.54
1786337100000,355.56,355.71,355.56,355.71
1786338000000,355.71,356.25,355.69,356.05
1786338900000,356.18,356.23,356.05,356.11
1786339800000,356.11,356.13,355.99,356.04
1786340700000,356.01,356.3,355.95,356.28
1786341600000,356.28,356.46,356.17,356.3
1786342500000,356.28,356.3,355.91,355.91
1786343400000,356.01,356.36,356.01,356.27
1786344300000,356.2,356.36,356.12,356.29
1786345200000,356.29,356.33,355.79,356.11
1786346100000,356.09,356.27,356.05,356.25
1786347000000,356.23,356.37,356.18,356.3
1786347900000,356.34,356.37,356.12,356.12
1786348800000,354.791,356.433,354.791,355.895
1786349700000,356.06,356.5,355.895,356.5
1786350600000,356.5,356.566,356.37,356.53
1786351500000,356.46,356.46,356.31,356.436
1786352400000,356.44,356.71,356.44,356.61
1786353300000,356.77,357.165,356.579,357.09
1786354200000,356.53,356.744,356.188,356.51
1786355100000,356.22,356.545,356.185,356.45
1786356000000,356.412,357.124,356.402,357.124
1786356900000,357.125,357.77,357.125,357.668
1786357800000,357.55,357.66,357.08,357.09
1786358700000,357.12,357.343,356.82,356.892
1786359600000,356.81,357.5,356.589,356.79
1786360500000,356.909,357.61,356.712,357.61
1786361400000,357.73,357.73,357.167,357.31
1786362300000,357.14,357.402,356.876,356.94
1786363200000,357.01,357.389,356.936,357.01
1786364100000,357.84,357.85,357.111,357.84
1786365000000,357.138,357.138,356.62,356.635
1786365900000,356.635,356.665,356.085,356.169
1786366800000,356.08,356.479,356,356.3
1786367700000,356.27,356.441,355.225,356.27
1786368600000,355.22,356.61,353.26,353.348
1786369500000,353.26,354.51,352.74,353.92
1786370400000,354.02,355.05,353.36,354.56
1786371300000,354.54,356.955,354.43,356.955
1786372200000,356.9,357.19,355.84,356.008
1786373100000,355.995,356.01,353.765,354.024
1786374000000,354.06,354.55,353.73,354.22
1786374900000,354.205,355.08,353.85,354.48
1786375800000,354.45,354.886,353.55,353.72
1786376700000,353.69,354.39,353.35,354.36
1786377600000,354.358,354.91,354.27,354.32
1786378500000,354.305,354.405,353.849,354.36
1786379400000,354.48,354.821,353.69,354.26
1786380300000,354.2,354.715,354.099,354.475
1786381200000,354.459,354.675,354.07,354.393
1786382100000,354.45,354.952,354.393,354.735
1786383000000,354.7,354.905,354.37,354.49
1786383900000,354.44,354.635,353.98,354.24
1786384800000,354.24,354.48,354.14,354.38
1786385700000,354.375,354.505,354.03,354.362
1786386600000,354.19,355.629,354.19,355.585
1786387500000,355.675,356.216,355.64,356.01
1786388400000,355.93,356.17,355.645,355.65
1786389300000,355.67,355.674,355.18,355.3
1786390200000,355.244,355.655,354.843,355.582
1786391100000,355.57,357.555,355.35,357.545
1786392000000,357.28,357.585,356.966,357.57
1786392900000,357.125,357.139,356.65,356.864
1786393800000,356.77,356.98,356.376,356.98
1786394700000,356.907,357.1,356.907,357.05
1786395600000,357.09,357.396,356.986,357.09
1786396500000,357.221,357.505,357.22,357.475
1786397400000,357.475,357.575,357.165,357.165
1786398300000,357.165,357.255,357.155,357.24
1786399200000,357.24,357.3,357.125,357.162
1786400100000,357.159,357.184,356.811,356.995
1786401000000,356.73,356.995,356.73,356.73
1786401900000,356.923,356.923,356.785,356.807
1786402800000,356.808,356.835,356.475,356.48
1786403700000,356.48,356.534,356.061,356.231
1786404600000,356.234,356.496,356.234,356.381
1786405500000,356.47,356.504,356.216,356.47
1786406400000,357.27,357.27,355.87,357.11
1786407300000,357.02,357.14,356.86,356.92
1786408200000,356.96,357.2,356.85,357.19
1786409100000,357.19,357.2,357.03,357.1
1786410000000,357.16,357.62,357.16,357.62
1786410900000,357.59,357.74,357.54,357.55
1786411800000,357.56,357.65,357.4,357.65
1786412700000,357.65,357.71,357.36,357.36
1786413600000,357.35,357.68,357.31,357.67
1786414500000,357.69,357.78,357.5,357.6
1786415400000,357.62,357.99,357.62,357.86
1786416300000,357.85,357.91,357.72,357.8
1786417200000,357.81,358.01,357.81,357.88
1786418100000,357.88,358.05,357.78,357.95
1786419000000,357.97,357.99,357.77,357.77
1786419900000,357.77,358.04,357.71,357.81
1786420800000,357.8,357.98,357.71,357.85
1786421700000,357.8,357.9,357.51,357.66
1786422600000,357.63,357.7,357.51,357.54
1786423500000,357.54,357.57,357.39,357.5
1786424400000,357.49,357.61,357.46,357.59
1786425300000,357.61,357.61,357.36,357.36
1786426200000,357.37,357.54,357.31,357.39
1786427100000,357.48,357.51,357.38,357.48
1786428000000,357.46,357.6,357.41,357.49
1786428900000,357.48,357.52,357.27,357.27
1786429800000,357.29,357.29,356.83,357.02
1786430700000,357.01,357.07,356.76,356.8
1786431600000,356.96,357.13,356.9,357.13
1786432500000,357.07,357.07,356.8,356.88
1786433400000,356.9,356.97,356.66,356.85
1786434300000,356.8,357.09,356.71,356.71
1786435200000,356.32,356.904,356.241,356.32
1786436100000,356.25,356.647,356.175,356.647
1786437000000,356.648,356.761,356.2,356.761
1786437900000,356.762,356.765,356.479,356.479
1786438800000,356.475,356.65,356.42,356.65
1786439700000,356.54,356.75,356.54,356.54
1786440600000,356.85,356.93,356.55,356.86
1786441500000,356.785,356.87,356.569,356.585
1786442400000,356.88,356.923,356.495,356.88
1786443300000,356.99,357.4,356.67,356.99
1786444200000,357.4,357.46,357.245,357.374
1786445100000,357.375,357.46,357.13,357.21
1786446000000,357.21,357.855,357.105,357.651
1786446900000,357.39,357.773,357.295,357.39
1786447800000,357.19,357.37,356.769,356.83
1786448700000,356.806,357.047,356.755,357.047
1786449600000,357.16,357.2,356.954,357.16
1786450500000,356.62,357.18,356.486,356.64
1786451400000,356.486,356.769,356.358,356.675
1786452300000,356.69,356.69,356.3,356.45
1786453200000,356.448,356.573,355.849,355.849
1786454100000,355.835,356.51,355.421,356.063
1786455000000,355.725,356.77,350.77,350.9
1786455900000,350.85,351.67,349.45,351.32
1786456800000,351.28,352.07,350.885,351.745
1786457700000,351.74,352.41,351.367,352.225
1786458600000,352.253,352.5,351.81,351.962
1786459500000,351.88,352.61,351.88,352.33
1786460400000,352.32,352.565,351.455,351.665
1786461300000,351.715,351.955,351.35,351.36
1786462200000,351.35,351.39,349.785,349.852
1786463100000,349.855,350.08,349.12,349.767
1786464000000,349.78,350.045,349.196,349.85
1786464900000,349.81,350.24,349.59,350.225
1786465800000,350.16,350.205,349.18,349.18
1786466700000,349.16,349.224,348.04,348.18
1786467600000,348.138,348.18,346.93,347.027
1786468500000,346.99,347.2,346.48,346.925
1786469400000,346.92,347.82,346.5,347.76
1786470300000,347.76,347.771,347.21,347.36
1786471200000,347.32,347.48,346.675,346.74
1786472100000,346.727,346.87,345.99,346.08
1786473000000,346.065,346.2,344.72,344.855
1786473900000,344.82,345.03,344.52,344.65
1786474800000,344.625,345.2,344.535,345.08
1786475700000,345.08,345.21,344.15,344.305
1786476600000,344.31,344.375,343.745,344.135
1786477500000,344.13,344.41,343.4,343.755
1786478400000,344.01,344.22,343.725,343.99
1786479300000,344.23,344.71,344.179,344.71
1786480200000,344.7,344.95,344.61,344.88
1786481100000,344.858,344.919,344.825,344.825
1786482000000,344.7,344.845,344.59,344.76
1786482900000,344.764,344.835,344.75,344.763
1786483800000,344.69,344.782,344.58,344.58
1786484700000,344.671,344.879,344.671,344.845
1786485600000,344.82,344.845,344.621,344.82
1786486500000,344.7,345.847,344.7,345.54
1786487400000,345.295,345.426,345.005,345.005
1786488300000,345.05,345.05,344.96,345.05
1786489200000,345.045,345.045,344.964,344.964
1786490100000,345,345.085,344.935,345
1786491000000,345.085,345.085,344.966,344.966
1786491900000,345.09,345.101,344.965,345.09
1786492800000,345.051,345.9,344.92,345.31
1786493700000,345.27,345.4,345.19,345.36
1786494600000,345.37,345.65,345.31,345.51
1786495500000,345.53,345.67,345.29,345.44
1786496400000,345.38,345.56,345.05,345.12
1786497300000,345.13,345.13,344.6,344.98
1786498200000,344.94,344.97,344.63,344.71
1786499100000,344.71,345.21,344.67,345.1
1786500000000,345.18,345.33,345.09,345.26
1786500900000,345.21,345.59,345.18,345.56
1786501800000,345.56,345.64,344.98,345.03
1786502700000,345.03,345.27,344.99,345.14
1786503600000,345.23,345.47,345.1,345.26
1786504500000,345.18,345.33,345.07,345.19
1786505400000,345.25,345.26,345.03,345.08
1786506300000,345.08,345.44,345.05,345.42
1786507200000,345.42,345.56,345.31,345.55
1786508100000,345.53,345.9,345.46,345.84
1786509000000,345.87,345.88,345.46,345.56
1786509900000,345.56,345.9,345.54,345.86
1786510800000,345.86,345.89,345.58,345.71
1786511700000,345.71,345.84,345.56,345.59
1786512600000,345.62,345.78,345.52,345.55
1786513500000,345.56,345.78,345.49,345.67
1786514400000,345.64,345.88,345.59,345.73
1786515300000,345.84,345.9,345.55,345.67
1786516200000,345.63,345.73,345.49,345.72
1786517100000,345.73,345.9,345.7,345.85
1786518000000,345.87,345.91,345.62,345.87
1786518900000,345.9,345.91,345.67,345.68
1786519800000,345.75,345.81,345.62,345.63
1786520700000,345.75,345.75,345.27,345.39
1786521600000,345.17,346.442,345.17,346.383
1786522500000,346.375,346.434,346.1,346.41
1786523400000,346.31,346.497,346.24,346.36
1786524300000,346.43,346.642,346.4,346.483
1786525200000,346.482,346.578,346.442,346.456
1786526100000,346.455,346.907,346.455,346.6
1786527000000,346.6,346.644,346.544,346.616
1786527900000,346.4,346.667,346.32,346.4
1786528800000,346.43,346.609,346.32,346.45
1786529700000,346.37,346.39,346.285,346.285
1786530600000,346.288,346.407,346.182,346.304
1786531500000,346.307,346.32,346.083,346.155
1786532400000,345.99,346.185,345.474,345.65
1786533300000,345.62,345.955,345.52,345.69
1786534200000,345.8,345.932,345.5,345.5
1786535100000,345.58,345.903,345.552,345.7
1786536000000,345.65,345.706,345.275,345.65
1786536900000,345.45,346.294,345.45,345.94
1786537800000,346.64,346.64,345.177,345.6
1786538700000,345.763,345.954,345.44,345.692
1786539600000,345.69,345.85,345.35,345.845
1786540500000,345.9,346.622,345.848,346.48
1786541400000,346.345,346.37,342.245,343.415
1786542300000,343.46,344.545,342.94,343.95
1786543200000,343.785,344.85,341.69,343.39
1786544100000,343.377,343.44,342.29,342.839
1786545000000,342.78,344.14,342.43,343.261
1786545900000,343.26,343.34,342.33,342.96
1786546800000,342.97,343.58,341.33,341.91
1786547700000,341.965,342.38,341.83,342.18
1786548600000,342.173,342.55,341.62,342.32
1786549500000,342.305,342.42,341.45,341.539
1786550400000,341.505,341.538,340.88,341.315
1786551300000,341.32,342.438,341.115,342.38
1786552200000,342.44,342.72,341.77,342.68
1786553100000,342.67,343.12,342.505,342.732
1786554000000,342.736,342.965,342.55,342.948
1786554900000,343,343.09,342.455,342.575
1786555800000,342.55,343.6,341.7,341.76
1786556700000,341.74,341.92,341.055,341.26
1786557600000,341.22,342.34,341.21,342.265
1786558500000,342.235,343.21,342.16,342.885
1786559400000,342.94,343.87,342.872,343.835
1786560300000,343.83,343.89,343.42,343.79
1786561200000,343.81,344.38,343.795,344.25
1786562100000,344.27,344.285,343.795,343.95
1786563000000,343.911,344.81,343.68,344.722
1786563900000,344.77,344.85,343.41,343.565
1786564800000,342.84,343.676,342.31,342.31
1786565700000,342.66,343.2,342.66,343.133
1786566600000,343.47,343.703,343.129,343.51
1786567500000,343.525,343.649,343.415,343.607
1786568400000,343.85,343.922,343.566,343.85
1786569300000,343.93,343.93,343.726,343.93
1786570200000,343.855,343.945,343.688,343.836
1786571100000,343.835,343.855,343.762,343.855
1786572000000,343.855,343.855,343.591,343.7
1786572900000,343.703,343.719,343.511,343.575
1786573800000,343.571,343.615,343.515,343.58
1786574700000,343.58,343.603,343.521,343.568
1786575600000,343.37,343.71,343.335,343.36
1786576500000,343.32,343.52,343.3,343.32
1786577400000,343.415,343.472,343.315,343.35
1786578300000,343.29,343.35,343.1,343.1
1786579200000,343.03,344.11,343.03,343.74
1786580100000,343.71,344.13,343.47,343.79
1786581000000,343.79,343.95,343.6,343.89
1786581900000,343.9,343.95,343.4,343.53
1786582800000,343.54,343.55,342.53,343.04
1786583700000,343.1,343.36,343.05,343.26
1786584600000,343.29,343.48,343.28,343.42
1786585500000,343.53,343.62,342.99,343.52
1786586400000,343.43,343.61,343.33,343.47
1786587300000,343.55,343.7,343.35,343.36
1786588200000,343.38,343.38,343.14,343.3
1786589100000,343.3,343.48,343.24,343.42
1786590000000,343.46,343.82,343.37,343.6
1786590900000,343.56,343.81,343.56,343.79
1786591800000,343.8,344.14,343.73,344.14
1786592700000,344.16,344.38,344.13,344.37
1786593600000,344.33,344.41,344.05,344.06
1786594500000,344.06,344.18,343.86,344.05
1786595400000,344.06,344.24,344,344.15
1786596300000,344.1,344.32,344.05,344.18
1786597200000,344.17,344.39,344.05,344.36
1786598100000,344.34,344.7,344.24,344.7
1786599000000,344.67,344.71,344.41,344.41
1786599900000,344.41,344.45,344.02,344.02
1786600800000,344.03,344.18,343.93,344.15
1786601700000,344.15,344.23,343.96,344.11
1786602600000,344.07,344.1,343.8,343.82
1786603500000,343.83,344,343.76,344
1786604400000,344.09,344.26,343.98,344.23
1786605300000,344.24,344.3,344.1,344.13
1786606200000,344.17,344.37,344.01,344.37
1786607100000,344.43,344.51,343.76,343.9
1786608000000,345.055,345.688,343.214,345.34
1786608900000,345.68,345.814,345.46,345.61
1786609800000,345.69,345.69,345.24,345.27
1786610700000,345.31,345.665,345.31,345.42
1786611600000,345.42,345.455,345.106,345.2
1786612500000,345.205,345.694,345.07,345.694
1786613400000,345.79,345.92,345.605,345.79
1786614300000,345.7,345.82,345.23,345.58
1786615200000,345.19,345.525,345.136,345.19
1786616100000,345.25,345.544,345.246,345.267
1786617000000,345.35,345.485,345.27,345.35
1786617900000,345.336,345.344,344.766,344.845
1786618800000,344.845,345.226,344.69,344.965
1786619700000,344.67,345.05,344.601,344.67
1786620600000,344.82,344.976,344.744,344.87
1786621500000,344.85,345.227,344.847,344.85
1786622400000,345,345.315,344.975,345
1786623300000,345.255,345.26,344.926,345.2
1786624200000,345.32,345.396,344.946,345.01
1786625100000,344.93,345.175,344.9,344.93
1786626000000,344.76,345.248,344.604,344.76
1786626900000,344.935,345.764,344.706,345.66
1786627800000,345.77,346.48,343.8,344.839
1786628700000,344.835,346.11,344.73,345.59
1786629600000,345.43,346.88,345.28,346.05
1786630500000,346.015,347.86,345.93,346.28
1786631400000,346.297,347.355,346,346.418
1786632300000,346.415,346.455,345.49,346.368
1786633200000,346.36,346.47,345.59,345.925
1786634100000,345.88,345.888,344.14,344.395
1786635000000,344.41,344.82,344.12,344.57
1786635900000,344.585,345.19,344.56,344.98
1786636800000,344.982,345.58,344.75,345.361
1786637700000,345.37,346.14,345.205,346.02
1786638600000,346.09,346.36,345.73,345.98
1786639500000,346,346.71,345.86,346.03
1786640400000,346.105,347.23,345.71,345.935
1786641300000,345.935,345.98,345.35,345.683
1786642200000,345.71,345.82,345.61,345.675
1786643100000,345.68,345.94,345.61,345.9
1786644000000,345.9,346.52,345.8,346.4
1786644900000,346.42,346.48,345.9,346.37
1786645800000,346.36,346.65,345.799,345.799
1786646700000,345.79,346.06,345.64,345.78
1786647600000,345.79,346.35,345.59,346.02
1786648500000,346.06,346.445,345.89,346.16
1786649400000,346.19,346.455,346.17,346.44
1786650300000,346.39,347.1,345.95,346.34
1786651200000,346.5,346.69,346.25,346.47
1786652100000,346.37,346.46,346.246,346.29
1786653000000,346.339,346.35,346.122,346.235
1786653900000,346.46,346.46,346.235,346.46
1786654800000,346.405,346.49,346.372,346.389
1786655700000,346.388,346.465,346.37,346.44
1786656600000,346.44,346.44,346.335,346.36
1786657500000,346.359,346.36,346.175,346.175
1786658400000,346.175,346.22,346.086,346.123
1786659300000,346.124,346.235,346.111,346.161
1786660200000,346.16,346.385,346.155,346.385
1786661100000,346.385,346.485,346.33,346.43
1786662000000,346.43,346.558,346.43,346.558
1786662900000,346.67,346.874,346.556,346.67
1786663800000,346.621,346.665,346.524,346.604
1786664700000,346.26,346.6,346.212,346.26
1786665600000,346.34,347.07,346.21,346.8
1786666500000,346.74,347.04,346.63,346.63
1786667400000,346.62,346.68,346.34,346.43
1786668300000,346.58,346.6,346.17,346.19
1786669200000,346.19,346.21,345.91,345.91
1786670100000,345.99,346.25,345.93,346.25
1786671000000,346.25,346.49,346.17,346.46
1786671900000,346.52,346.57,346.45,346.47
1786672800000,346.48,346.65,346.35,346.39
1786673700000,346.43,346.6,346.41,346.51
1786674600000,346.49,346.53,346.35,346.43
1786675500000,346.47,346.54,346.06,346.07
1786676400000,346.07,346.16,345.94,346.16
1786677300000,346.17,346.46,346.13,346.36
1786678200000,346.44,346.52,346.34,346.52
1786679100000,346.52,346.53,346.33,346.36
1786680000000,346.4,346.59,346.36,346.59
1786680900000,346.59,346.72,346.52,346.65
1786681800000,346.65,346.65,346.36,346.58
1786682700000,346.57,346.65,346.53,346.57
1786683600000,346.62,346.62,346.26,346.27
1786684500000,346.34,346.57,346.21,346.41
1786685400000,346.42,346.55,346.21,346.21
1786686300000,346.24,346.5,346.14,346.19
1786687200000,346.24,346.41,346.16,346.33
1786688100000,346.35,346.45,346.28,346.42
1786689000000,346.41,346.46,346.3,346.39
1786689900000,346.37,346.4,346.13,346.15
1786690800000,346.13,346.3,346.06,346.17
1786691700000,346.22,346.45,346.19,346.4
1786692600000,346.46,346.7,346.42,346.7
1786693500000,346.72,346.74,346.31,346.56
1786694400000,347.16,347.4,346.211,347.22
1786695300000,347.65,347.844,347.355,347.65
1786696200000,347.838,347.839,347.2,347.292
1786697100000,347.11,347.396,347.11,347.11
1786698000000,347.236,347.41,347.118,347.226
1786698900000,347.224,347.3,347.1,347.108
1786699800000,347.107,347.265,347.016,347.265
1786700700000,347.265,347.33,347.197,347.225
1786701600000,347.01,347.225,346.646,346.68
1786702500000,346.745,346.91,346.745,346.894
1786703400000,346.79,346.998,346.686,346.8
1786704300000,346.999,347.379,346.94,346.94
1786705200000,346.34,346.94,346.116,346.27
1786706100000,346.52,346.804,346.293,346.5
1786707000000,346.86,346.86,346.381,346.86
1786707900000,346.63,346.839,346.601,346.63
1786708800000,346.809,347.114,346.764,346.92
1786709700000,347.05,347.097,346.753,347.05
1786710600000,347.24,347.269,346.868,347.24
1786711500000,347,347,346.348,346.36
1786712400000,346.25,346.47,345.6,345.6
1786713300000,345.742,346.637,345.741,346.637
1786714200000,346.7,350.415,346.42,348.295
1786715100000,348.18,348.865,347.35,347.89
1786716000000,347.73,348.39,346.99,347.75
1786716900000,347.746,348.49,346.36,346.398
1786717800000,346.4,346.755,345.6,346.457
1786718700000,346.51,346.649,345.97,345.97
1786719600000,345.94,346.116,345.59,345.825
1786720500000,345.58,345.83,345.09,345.3
1786721400000,345.355,345.485,344.8,345.442
1786722300000,345.42,345.605,345.1,345.477
1786723200000,345.43,345.476,344.7,344.92
1786724100000,344.91,345.426,344.78,345.175
1786725000000,345.13,345.26,344.81,345.02
1786725900000,345.01,345.093,344.61,344.895
1786726800000,344.9,345.31,344.757,345.222
1786727700000,345.195,345.286,344.73,344.73
1786728600000,344.74,344.772,344.52,344.64
1786729500000,344.78,344.95,344.59,344.885
1786730400000,344.89,345.17,344.675,345.06
1786731300000,345.066,345.27,344.79,344.936
1786732200000,344.94,345.378,344.937,345.23
1786733100000,345.215,345.61,345.14,345.535
1786734000000,345.57,345.77,345.309,345.73
1786734900000,345.69,345.725,345.31,345.33
1786735800000,345.321,345.445,345.06,345.06
1786736700000,345.09,346.04,344.74,345.85
1786737600000,345.973,347.139,345.615,345.706
1786738500000,345.61,345.94,345.34,345.73
1786739400000,346.99,347.294,345.715,346.99
1786740300000,346.815,347.21,346.631,346.875
1786741200000,346.875,347.135,346.74,347.135
1786742100000,347.135,347.22,347.091,347.092
1786743000000,347.1,347.27,346.971,347.05
1786743900000,347.15,347.225,347.075,347.16
1786744800000,347.13,347.249,347.007,347.093
1786745700000,347.092,347.295,347.09,347.215
1786746600000,347.215,347.253,347.06,347.165
1786747500000,347.3,347.364,347.117,347.3
1786748400000,347.31,347.347,347.201,347.3
1786749300000,347.34,347.382,347.263,347.34
1786750200000,347.39,347.428,347.275,347.39
1786751100000,347.395,347.41,347.255,347.334
1786752000000,347.334,347.334,347.334,347.334
1786754700000,347.81,347.84,347.81,347.84
1786756500000,347.75,347.75,347.68,347.68
1786757400000,347.85,347.87,347.85,347.87
1786761900000,347.75,347.75,347.75,347.75
1786764600000,347.75,347.88,347.65,347.88
1786765500000,347.89,347.89,347.89,347.89
1786766400000,347.95,347.96,347.82,347.82
1786768200000,348.01,348.01,347.82,347.82
1786769100000,347.96,347.96,347.96,347.96
1786771800000,347.82,348.09,347.82,348.09
1786774500000,347.82,347.82,347.78,347.78
1786775400000,348.09,348.09,347.78,347.78
1786776300000,348.09,348.09,347.85,348.06
1786782600000,348.11,348.11,347.9,347.9
1786784400000,347.9,347.9,347.9,347.9
1786789800000,348.13,348.13,348.13,348.13
1786792500000,348.13,348.13,347.9,347.9
1786795200000,348.12,348.12,347.75,347.75
1786796100000,347.75,347.92,347.58,347.92
1786797000000,347.92,347.92,347.73,347.73
1786798800000,347.77,347.77,347.76,347.76
1786799700000,347.76,347.76,347.7,347.7
1786800600000,347.94,348.02,347.94,348.02
1786801500000,348.03,348.06,348.03,348.06
1786805100000,348.12,348.12,347.89,347.89
1786806900000,347.89,347.89,347.89,347.89
1786807800000,347.89,347.89,347.8,347.8
1786808700000,348.12,348.12,348.12,348.12
1786809600000,348.12,348.15,348.12,348.15
1786815000000,348.16,348.2,348.16,348.2
1786823100000,348.12,348.31,348.04,348.31
1786824000000,348.31,348.31,347.94,347.94
1786824900000,348.06,348.06,348.06,348.06
1786842900000,348.31,348.31,348.31,348.31
1786843800000,348.48,348.5,348.48,348.5
1786846500000,348.53,348.53,348.53,348.53
1786849200000,348.44,348.44,348.44,348.44
1786852800000,348.59,348.59,348.59,348.59
1786854600000,348.62,348.62,348.2,348.2
1786858200000,348.53,348.59,348.53,348.59
1786859100000,348.59,348.59,348.59,348.59
1786869000000,348.65,348.65,348.65,348.65
1786871700000,348.65,348.65,348.42,348.42
1786873500000,348.42,348.42,348.42,348.42
1786875300000,348.42,348.42,348.42,348.42
1786879800000,348.4,348.42,348.4,348.42
1786885200000,348.4,348.42,348.4,348.42
1786886100000,348.57,348.57,348.57,348.57
1786887000000,348.58,348.65,348.58,348.65
1786889700000,348.65,348.65,348.65,348.65
1786893300000,348.65,348.65,348.32,348.32
1786894200000,348.32,348.32,348.32,348.32
1786895100000,348.65,348.65,348.65,348.65
1786896000000,348.68,348.74,348.32,348.36
1786899600000,348.36,348.73,348.36,348.73
1786901400000,348.78,348.92,348.78,348.92
1786903200000,348.94,348.94,348.87,348.87
1786908600000,348.96,348.96,348.96,348.96
1786909500000,349.05,349.05,349.05,349.05
1786910400000,349.05,349.05,348.87,348.87
1786922100000,349,349,348.76,348.79
1786923000000,348.9,348.9,348.9,348.9
1786924800000,348,349.31,347.75,348.95
1786925700000,348.94,349.23,348.63,348.63
1786926600000,348.62,348.86,348.24,348.44
1786927500000,348.38,348.76,348.35,348.69
1786928400000,348.68,348.76,348.55,348.71
1786929300000,348.71,348.71,348.4,348.53
1786930200000,348.59,348.59,348.19,348.23
1786931100000,348.3,348.41,347.95,348.02
1786932000000,348.05,348.18,347.84,348.16
1786932900000,348.17,348.29,347.76,347.8
1786933800000,347.9,347.9,347.44,347.53
1786934700000,347.53,347.91,347.45,347.8
1786935600000,347.81,348.32,347.72,348.17
1786936500000,348.15,348.62,348.13,348.37
1786937400000,348.35,348.62,348.15,348.57
1786938300000,348.57,348.74,348.44,348.45
1786939200000,348.44,348.59,348.34,348.5
1786940100000,348.56,348.56,348.19,348.41
1786941000000,348.45,348.48,348.24,348.24
1786941900000,348.24,348.32,347.99,348.16
1786942800000,348.15,348.44,348.09,348.35
1786943700000,348.36,348.4,348.04,348.1
1786944600000,348.14,348.31,347.72,348.01
1786945500000,348.06,348.12,347.65,347.94
1786946400000,347.93,348.14,347.93,348.1
1786947300000,348.13,348.35,347.95,348.35
1786948200000,348.36,348.74,348.21,348.21
1786949100000,348.23,348.39,348.05,348.22
1786950000000,348.22,348.23,347.76,347.78
1786950900000,347.79,347.9,347.52,347.66
1786951800000,347.8,347.99,347.71,347.97
1786952700000,347.97,348.1,347.93,348.1
1786953600000,347.335,348.415,347.335,348.312
1786954500000,348.36,348.521,348.09,348.09
1786955400000,348.23,348.315,348.125,348.23
1786956300000,348.295,348.443,348.275,348.43
1786957200000,348.15,348.441,348.079,348.15
1786958100000,348.442,348.559,348.095,348.097
1786959000000,348.096,348.096,347.92,348.013
1786959900000,348.014,348.135,347.854,347.868
1786960800000,348,348.725,347.865,348.45
1786961700000,348.63,348.806,348.429,348.59
1786962600000,348.764,348.775,348.337,348.535
1786963500000,348.59,348.655,348.1,348.1
1786964400000,348,348.5,347.945,348.27
1786965300000,347.71,348.115,347.675,347.71
1786966200000,347.71,347.972,347.621,347.839
1786967100000,347.68,347.849,347.515,347.65
1786968000000,347.44,347.533,347.038,347.44
1786968900000,347.04,347.155,346.563,347.04
1786969800000,346.43,346.904,346.418,346.43
1786970700000,346.58,346.888,346.466,346.65
1786971600000,347.09,347.09,346.798,347.02
1786972500000,347.2,347.339,346,346.11
1786973400000,346.255,347.22,343.87,344.315
1786974300000,344.3,345.525,343.76,344.16
1786975200000,344.171,344.907,343.82,344.907
1786976100000,344.97,345.13,343.3,343.585
1786977000000,343.47,343.64,342.965,343.27
1786977900000,343.275,343.308,341.955,342.885
1786978800000,342.93,343.94,342.896,343.81
1786979700000,343.82,344.44,343.6,344.01
1786980600000,344.05,344.08,343.645,344.055
1786981500000,344.035,344.565,343.69,343.95
1786982400000,343.978,343.98,343.15,343.936
1786983300000,343.935,344.67,343.935,344.471
1786984200000,344.473,344.68,343.49,343.551
1786985100000,343.57,343.62,342.87,342.96
1786986000000,342.91,343.34,342.646,343.22
1786986900000,343.16,343.91,343.14,343.29
1786987800000,343.296,343.5,343.13,343.446
1786988700000,343.45,343.59,342.901,342.92
1786989600000,342.93,343.94,342.84,343.8
1786990500000,343.7,344.075,343.51,343.87
1786991400000,343.85,344.24,343.805,343.98
1786992300000,343.981,344.198,343.6,343.632
1786993200000,343.605,343.99,343.59,343.89
1786994100000,343.89,344.12,343.76,343.91
1786995000000,343.87,343.901,343.295,343.77
1786995900000,343.73,344.26,343.52,344.1
1786996800000,343.57,344.147,343.57,343.57
1786997700000,343.71,343.825,343.53,343.71
1786998600000,343.759,343.808,343.64,343.765
1786999500000,343.765,343.765,343.514,343.74
1787000400000,343.74,343.805,343.69,343.71
1787001300000,343.71,343.714,343.651,343.714
1787002200000,343.715,343.78,343.705,343.741
1787003100000,343.79,343.79,343.711,343.79
1787004000000,343.79,343.79,343.59,343.59
1787004900000,343.76,343.765,343.696,343.76
1787005800000,343.64,343.709,343.64,343.64
1787006700000,343.67,343.755,343.67,343.745
1787007600000,343.7,343.745,343.65,343.7
1787008500000,343.69,343.719,343.65,343.674
1787009400000,343.675,343.865,343.661,343.772
1787010300000,343.773,343.829,343.73,343.815
1787011200000,343.72,344.13,343.63,343.72
1787012100000,343.73,344.01,343.63,343.89
1787013000000,343.91,344.09,343.7,343.74
1787013900000,343.73,343.92,343.68,343.75
1787014800000,343.74,344.01,343.74,344
1787015700000,344.08,344.12,343.84,343.91
1787016600000,343.95,344,343.4,343.48
1787017500000,343.4,343.49,342.78,343.16
1787018400000,343.27,343.28,342.89,342.97
1787019300000,343.08,343.17,342.38,342.81
1787020200000,342.77,343,342.48,342.48
1787021100000,342.5,342.86,342.45,342.78
1787022000000,342.7,342.7,342.4,342.44
1787022900000,342.51,342.53,342.22,342.34
1787023800000,342.34,342.53,341.91,342.53
1787024700000,342.53,342.91,342.52,342.86
1787025600000,342.82,342.92,342.62,342.84
1787026500000,342.87,342.89,342.37,342.55
1787027400000,342.53,342.53,342.05,342.21
1787028300000,342.27,342.68,342.27,342.62
1787029200000,342.62,342.62,342.3,342.4
1787030100000,342.42,342.6,342.39,342.45
1787031000000,342.4,342.59,342.24,342.59
1787031900000,342.6,342.71,342.37,342.47
1787032800000,342.4,342.46,341.59,342.03
1787033700000,342,342.37,341.86,342.34
1787034600000,342.4,342.58,341.99,342.39
1787035500000,342.47,342.72,342.45,342.71
1787036400000,342.7,342.82,342.55,342.75
1787037300000,342.72,342.95,342.68,342.84
1787038200000,342.86,342.86,342.44,342.57
1787039100000,342.56,342.68,342.01,342.17
1787040000000,343.568,343.568,341.618,342.241
1787040900000,342.24,342.317,342.062,342.09
1787041800000,342.09,342.46,342.032,342.376
1787042700000,342.375,342.76,342.365,342.756
1787043600000,343.01,343.484,342.695,343.01
1787044500000,343.184,343.185,342.704,342.8
1787045400000,342.77,342.85,342.634,342.74
1787046300000,342.673,342.673,342.276,342.36
1787047200000,342.36,342.54,342.055,342.209
1787048100000,342.209,342.562,342.05,342.52
1787049000000,342.52,342.554,342.165,342.19
1787049900000,342.147,342.253,341.857,342.09
1787050800000,342.09,342.295,341.865,342.09
1787051700000,342.16,342.324,342.02,342.16
1787052600000,342.285,342.285,341.976,342.095
1787053500000,342.29,342.45,342.097,342.41
1787054400000,342.29,342.442,342.051,342.22
1787055300000,342.58,342.629,342.04,342.47
1787056200000,342.01,342.41,341.74,341.74
1787057100000,341.776,342.31,341.775,342.31
1787058000000,342.48,342.51,341.628,341.67
1787058900000,341.64,342.68,340.93,342.68
1787059800000,342.405,343.06,340.21,342.33
1787060700000,342.28,343.11,341.61,341.9
1787061600000,341.989,342.58,341.3,342.36
1787062500000,342.36,344,342.12,343.88
1787063400000,343.815,344.095,342.83,343.03
1787064300000,343.02,343.66,342.72,342.84
1787065200000,342.801,343.175,342.455,342.99
1787066100000,343.018,343.6,342.86,342.912
1787067000000,342.906,342.99,342.32,342.866
1787067900000,342.88,343.265,342.75,343.2
1787068800000,343.255,343.785,343.13,343.25
1787069700000,343.25,344.12,343.11,343.824
1787070600000,343.826,343.97,343.61,343.66
1787071500000,343.52,343.995,343.45,343.805
1787072400000,343.715,343.825,343.26,343.59
1787073300000,343.58,343.6,342.97,343.22
1787074200000,343.23,343.432,342.985,343.36
1787075100000,343.372,343.63,343.155,343.236
1787076000000,343.237,343.826,342.98,343.76
1787076900000,343.73,344.83,343.615,344.83
1787077800000,344.75,344.83,343.19,343.19
1787078700000,343.155,343.28,342.56,342.56
1787079600000,342.58,343.65,342.58,343.59
1787080500000,343.597,344.14,343.59,343.987
1787081400000,344.1,344.585,344.002,344.22
1787082300000,344.21,344.45,343.82,344.02
1787083200000,343.65,344.181,343.64,343.65
1787084100000,343.909,343.96,343.825,343.911
1787085000000,343.913,343.944,343.77,343.837
1787085900000,343.838,343.864,343.676,343.752
1787086800000,343.751,343.825,343.75,343.805
1787087700000,343.805,343.863,343.766,343.81
1787088600000,343.78,343.81,343.7,343.79
1787089500000,343.68,343.795,343.68,343.68
1787090400000,343.795,343.94,343.795,343.88
1787091300000,343.88,343.96,343.675,343.761
1787092200000,343.65,343.78,343.56,343.7
1787093100000,343.75,343.784,343.38,343.42
1787094000000,343.78,343.79,343.38,343.78
1787094900000,343.79,343.999,343.76,343.765
1787095800000,343.765,343.94,343.765,343.827
1787096700000,343.96,343.96,343.815,343.96
1787097600000,344,344.05,343.26,343.64
1787098500000,343.5,343.73,343.39,343.7
1787099400000,343.7,344.16,343.68,344.12
1787100300000,344.14,344.16,343.7,343.72
1787101200000,343.72,343.98,343.62,343.95
1787102100000,343.98,344.02,343.76,343.79
1787103000000,343.8,343.93,343.64,343.67
1787103900000,343.67,343.82,343.64,343.74
1787104800000,343.76,343.76,343.49,343.7
1787105700000,343.7,343.8,343.56,343.61
1787106600000,343.6,343.61,343.1,343.16
1787107500000,343.3,343.39,343,343.11
1787108400000,343.11,343.34,343.06,343.13
1787109300000,343.14,343.36,343.14,343.35
1787110200000,343.37,343.54,343.35,343.41
1787111100000,343.4,343.51,343.32,343.47
1787112000000,343.47,343.64,343.41,343.53
1787112900000,343.57,343.69,343.53,343.57
1787113800000,343.56,343.57,343.43,343.5
1787114700000,343.5,343.54,343.07,343.26
1787115600000,343.27,343.48,343.27,343.48
1787116500000,343.46,343.5,343.31,343.41
1787117400000,343.45,343.45,343.24,343.35
1787118300000,343.39,343.41,343.24,343.35
1787119200000,343.32,343.36,342.97,343.1
1787120100000,343.1,343.81,343.06,343.72
1787121000000,343.68,343.94,343.25,343.57
1787121900000,343.57,343.7,343.39,343.45
1787122800000,343.45,343.45,343.2,343.34
1787123700000,343.34,343.34,342.74,342.85
1787124600000,342.84,343.02,342.65,342.88
1787125500000,342.86,342.96,342.69,342.9
1787126400000,342.43,343.756,341.686,342.09
1787127300000,342.123,342.986,342.116,342.62
1787128200000,342.62,343.144,342.62,343.105
1787129100000,342.83,343.105,342.765,342.83
1787130000000,342.97,342.99,342.696,342.97
1787130900000,342.79,342.97,342.626,342.97
1787131800000,342.93,342.998,342.93,342.998
1787132700000,342.99,343.034,342.92,342.96
1787133600000,342.68,343.02,342.641,342.68
1787134500000,342.74,342.849,342.655,342.74
1787135400000,342.74,342.805,342.41,342.564
1787136300000,342.565,342.585,342.505,342.52
1787137200000,342.22,342.589,341.872,342.31
1787138100000,342.292,342.49,342.2,342.386
1787139000000,342.388,342.554,342.206,342.41
1787139900000,342.412,342.413,341.973,342.029
1787140800000,342.029,342.14,341.903,342.078
1787141700000,342.05,342.1,341.531,341.9
1787142600000,342.34,342.541,341.491,342.3
1787143500000,342.66,343.059,342.325,342.65
1787144400000,342.75,342.844,342.51,342.67
1787145300000,342.848,342.996,342.01,342.5
1787146200000,342.49,344.27,341,342.024
1787147100000,342.011,342.89,340.68,342.179
1787148000000,342.095,345.01,341.79,343.711
1787148900000,343.69,344.01,343.04,343.16
1787149800000,343.167,344.835,342.99,344.382
1787150700000,344.26,346.09,344.25,345.7
1787151600000,345.81,346.25,344.355,344.72
1787152500000,344.692,345.51,344.54,344.883
1787153400000,344.913,345.405,344.905,345.13
1787154300000,345.147,345.81,344.73,344.789
1787155200000,344.79,346.38,344.79,346.319
1787156100000,346.31,346.72,345.58,345.847
1787157000000,345.76,346.09,344.78,344.78
1787157900000,344.77,344.807,344.14,344.26
1787158800000,344.266,344.65,344.22,344.543
1787159700000,344.541,344.705,343.76,344.075
1787160600000,344.051,344.415,343.64,344.136
1787161500000,344.138,344.165,343.518,343.718
1787162400000,343.715,344.332,343.64,344.03
1787163300000,343.97,344.093,343.71,343.855
1787164200000,343.8,344.31,343.33,343.49
1787165100000,343.471,344.735,343.471,344.42
1787166000000,344.423,344.85,344.2,344.623
1787166900000,344.623,344.67,343.84,344.069
1787167800000,344.09,345.07,344.07,345.04
1787168700000,344.96,345.16,344.35,344.795
1787169600000,344.764,345.169,344.699,344.919
1787170500000,344.919,344.996,344.826,344.955
1787171400000,344.955,345.031,344.625,344.685
1787172300000,344.685,345.015,344.685,344.887
1787173200000,344.883,344.92,344.4,344.4
1787174100000,344.1,344.603,343.879,344.16
1787175000000,344.031,344.178,343.747,344.035
1787175900000,344.035,344.325,344.016,344.085
1787176800000,343.99,344.6,343.99,344.44
1787177700000,344.549,344.55,344.389,344.47
1787178600000,344.4,344.548,344.281,344.4
1787179500000,344.4,344.564,344.21,344.4
1787180400000,344.77,344.913,344.451,344.77
1787181300000,344.875,344.922,344.705,344.825
1787182200000,344.825,344.945,344.73,344.886
1787183100000,344.886,344.886,344.643,344.722
1787184000000,344.723,345.41,344.71,345.4
1787184900000,345.46,345.67,345.24,345.24
1787185800000,345.27,345.58,345.22,345.38
1787186700000,345.39,345.52,345.29,345.44
1787187600000,345.45,345.61,345.2,345.34
1787188500000,345.38,345.62,345.3,345.48
1787189400000,345.48,345.67,345.39,345.67
1787190300000,345.74,345.74,345.19,345.44
1787191200000,345.44,345.66,345.43,345.58
1787192100000,345.62,345.68,345.3,345.38
1787193000000,345.4,345.5,345.23,345.43
1787193900000,345.48,345.5,345.18,345.32
1787194800000,345.31,345.4,345.06,345.28
1787195700000,345.26,345.41,345.21,345.27
1787196600000,345.27,345.29,345.1,345.29
1787197500000,345.21,345.24,345.12,345.19
1787198400000,345.19,345.34,345.17,345.34
1787199300000,345.33,345.34,345.24,345.26
1787200200000,345.27,345.4,345.16,345.4
1787201100000,345.4,345.43,345.22,345.25
1787202000000,345.23,345.24,344.87,344.98
1787202900000,344.96,345.19,344.95,344.98
1787203800000,345.03,345.11,344.94,345.04
1787204700000,345.06,345.11,344.99,344.99
1787205600000,345.08,345.38,345.02,345.36
1787206500000,345.37,345.37,345.19,345.29
1787207400000,345.3,345.39,345.25,345.36
1787208300000,345.36,345.56,345.34,345.56
1787209200000,345.49,345.49,345.16,345.36
1787210100000,345.36,345.47,345.01,345.11
1787211000000,345.04,345.45,344.93,345.04
1787211900000,345.08,345.14,344.78,344.98
1787212800000,344.4,345.213,344.045,344.4
1787213700000,344.204,344.794,344.19,344.44
1787214600000,343.88,344.453,343.686,343.88
1787215500000,343.715,343.824,343.55,343.55
1787216400000,343.55,343.86,343.49,343.674
1787217300000,343.675,344.004,343.61,343.768
1787218200000,343.765,343.765,343.571,343.65
1787219100000,343.43,343.78,343.34,343.43
1787220000000,343.443,343.655,343.36,343.578
1787220900000,343.58,343.964,343.521,343.9
1787221800000,343.52,343.995,343.444,343.49
1787222700000,343.71,343.905,343.585,343.71
1787223600000,343.56,344.229,343.5,343.5
1787224500000,344.15,344.15,343.799,343.799
1787225400000,343.46,343.94,343,343.24
1787226300000,342.91,343.295,342.743,342.86
1787227200000,342.7,342.835,341.229,342.11
1787228100000,341.456,341.944,341.283,341.944
1787229000000,341.946,342.556,341.294,342.556
1787229900000,343.13,343.196,342.491,343.13
1787230800000,343.048,343.402,342.906,343.279
1787231700000,343.44,343.519,342.625,343.12
1787232600000,342.805,343.89,341.73,342.977
1787233500000,342.961,343.515,342.47,343.02
1787234400000,343.153,343.3,341.56,341.776
1787235300000,341.77,341.855,341.085,341.55
1787236200000,341.54,342.82,341.53,342.53
1787237100000,342.6,342.615,340.94,341.32
1787238000000,341.293,341.745,339.035,339.305
1787238900000,339.285,340.17,339.11,339.396
1787239800000,339.398,339.45,338.57,338.966
1787240700000,338.966,339.92,338.89,339.498
1787241600000,339.53,340.14,339.38,339.715
1787242500000,339.8,340.95,339.715,340.88
1787243400000,340.875,342.02,340.76,342.02
1787244300000,341.98,342.03,341.368,341.537
1787245200000,341.536,341.72,340.935,341.491
1787246100000,341.495,341.57,340.935,341.01
1787247000000,341.011,341.17,340.58,340.713
1787247900000,340.69,341.17,340.69,340.93
1787248800000,340.95,340.95,339.5,339.645
1787249700000,339.625,340.27,339.57,339.84
1787250600000,339.825,340.46,339.81,340.314
1787251500000,340.31,340.395,340.06,340.069
1787252400000,340.067,340.67,340.066,340.654
1787253300000,340.68,341.165,340.615,340.9
1787254200000,340.89,341.21,340.87,341.005
1787255100000,341.02,341.56,339.97,340.58
1787256000000,340.567,340.716,340.05,340.101
1787256900000,340.101,340.515,340.087,340.4
1787257800000,340.54,340.994,340.395,340.66
1787258700000,340.849,340.91,340.702,340.815
1787259600000,340.815,340.96,340.808,340.843
1787260500000,340.844,340.915,340.764,340.915
1787261400000,340.915,341.004,340.836,341.004
1787262300000,341.22,341.253,341.005,341.22
1787263200000,341.2,341.213,341.026,341.09
1787264100000,341.09,341.1,340.979,340.979
1787265000000,340.978,341.035,340.915,341.035
1787265900000,341.035,341.145,340.95,340.962
1787266800000,340.961,340.977,340.842,340.9
1787267700000,340.9,340.955,340.9,340.915
1787268600000,340.915,340.919,340.857,340.87
1787269500000,340.87,340.88,340.774,340.829
1787270400000,341.02,341.31,340.67,341.29
1787271300000,341.28,341.28,340.76,340.85
1787272200000,340.86,341.19,340.77,341.01
1787273100000,341.02,341.22,340.95,341.06
1787274000000,341.05,341.16,340.89,341.07
1787274900000,341.09,341.17,340.83,340.92
1787275800000,340.97,341.18,340.94,341.08
1787276700000,341.1,341.1,340.88,340.95
1787277600000,340.97,341.38,340.97,341.38
1787278500000,341.37,341.43,341.26,341.27
1787279400000,341.35,341.53,341.26,341.45
1787280300000,341.51,341.62,341.38,341.55
1787281200000,341.56,341.56,340.98,340.98
1787282100000,341.03,341.22,340.99,341.15
1787283000000,341.15,341.23,341.12,341.13
1787283900000,341.2,341.22,340.95,341.08
1787284800000,341.08,341.12,341.03,341.1
1787285700000,341.11,341.14,340.99,341.02
1787286600000,341.02,341.09,340.96,341
1787287500000,340.98,341.03,340.78,340.87
1787288400000,340.85,341.06,340.72,340.95
1787289300000,341,341.14,340.99,341.06
1787290200000,341.07,341.26,341.01,341.14
1787291100000,341.16,341.16,340.96,341.06
1787292000000,341.06,341.27,341.05,341.13
1787292900000,341.18,341.36,341.18,341.36
1787293800000,341.34,341.51,341.34,341.35
1787294700000,341.34,341.39,341.2,341.28
1787295600000,341.29,341.66,341.28,341.61
1787296500000,341.62,341.79,341.54,341.55
1787297400000,341.49,341.75,341.48,341.52
1787298300000,341.52,341.56,341.22,341.35
1787299200000,341,342.664,341,342.565
1787300100000,342.557,342.902,342.402,342.902
1787301000000,343.15,343.15,342.67,342.95
1787301900000,342.755,342.819,342.6,342.6
1787302800000,342.5,342.83,342.44,342.83
1787303700000,342.88,343.06,342.784,342.96
1787304600000,343.06,343.06,342.611,342.611
1787305500000,342.61,342.85,342.58,342.801
1787306400000,343.12,343.145,342.771,343.12
1787307300000,343.011,343.129,342.815,342.83
1787308200000,342.83,342.98,342.73,342.98
1787309100000,342.92,342.995,342.543,342.6
1787310000000,342.48,342.583,342.325,342.47
1787310900000,342.36,342.895,342.316,342.868
1787311800000,342.91,343.103,342.85,343.01
1787312700000,343.105,343.114,342.764,342.887
1787313600000,342.47,342.929,342.47,342.78
1787314500000,342.89,343.044,342.825,342.86
1787315400000,343.04,343.54,343.04,343.54
1787316300000,343.472,343.501,343.12,343.208
1787317200000,343.21,343.217,342.897,342.897
1787318100000,342.99,342.99,341.636,342.97
1787319000000,342.345,342.65,340.42,341.72
1787319900000,341.64,342.47,341.64,341.69
1787320800000,341.72,342.552,341.64,342
1787321700000,342.086,343.01,342.06,342.44
1787322600000,342.405,343.66,342.32,342.94
1787323500000,343.01,344.78,342.87,344.37
1787324400000,344.41,345.11,343.743,343.97
1787325300000,343.91,344.691,343.87,344.428
1787326200000,344.41,345.215,344.125,345.169
1787327100000,345.18,345.51,344.775,344.875
1787328000000,344.86,344.895,344.19,344.31
1787328900000,344.3,344.43,343.75,344.27
1787329800000,344.27,345.635,344.26,345.585
1787330700000,345.587,345.96,344.99,345.879
1787331600000,345.98,346.185,345.24,345.385
1787332500000,345.35,345.63,345.21,345.23
1787333400000,345.22,345.39,344.98,345.225
1787334300000,345.195,345.29,344.716,344.716
1787335200000,344.711,345.15,344.58,344.916
1787336100000,344.83,344.915,344.49,344.54
1787337000000,344.54,344.97,344.38,344.9
1787337900000,344.91,345.41,344.84,345.385
1787338800000,345.398,345.5,345.209,345.278
1787339700000,345.276,345.64,345.235,345.44
1787340600000,345.59,346.17,345.47,345.95
1787341500000,345.96,345.975,344.1,344.75
1787342400000,344.8,344.942,343.961,344.85
1787343300000,344.25,344.48,344.135,344.31
1787344200000,344.335,345.15,344.335,344.905
1787345100000,345.04,345.213,344.905,345.06
1787346000000,345.045,345.059,344.642,345.043
1787346900000,345,345.12,344.8,345
1787347800000,344.975,345.07,344.95,345.045
1787348700000,345.045,345.345,345.031,345.2
1787349600000,345.2,345.44,345.2,345.4
1787350500000,345.38,345.448,345.098,345.38
1787351400000,345.351,345.4,345.25,345.33
1787352300000,345.33,345.38,345.208,345.21
1787353200000,345.21,345.23,345.1,345.23
1787354100000,345.23,345.23,345.096,345.096
1787355000000,345.096,345.24,345.02,345.1
1787355900000,345.1,345.25,345.041,345.085
1787356800000,344.62,344.62,344.62,344.62
1787357700000,344.6,344.6,344.6,344.6
1787359500000,344.79,344.79,344.79,344.79
1787360400000,344.79,344.79,344.3,344.3
1787362200000,344.79,344.79,344.79,344.79
1787363100000,344.3,344.3,344.3,344.3
1787364900000,344.28,344.39,344.28,344.39
1787367600000,344.23,344.23,343.99,343.99
1787368500000,343.96,344.24,343.96,344.24
1787371200000,344.24,344.32,343.9,343.9
1787372100000,343.89,343.89,343.61,343.61
1787373000000,343.71,343.71,343.06,343.06
1787374800000,343.05,343.05,342.77,342.77
1787375700000,342.92,343.07,342.72,343.07
1787376600000,343.07,343.07,342.85,342.85
1787377500000,342.9,342.9,342.84,342.9
1787378400000,342.82,342.82,342.81,342.81
1787380200000,342.9,342.98,342.6,342.94
1787381100000,342.94,342.98,342.38,342.98
1787382000000,342.98,343.03,342.98,343.03
1787386500000,343.03,343.04,343.03,343.04
1787387400000,343.04,343.04,343.04,343.04
1787388300000,343.06,343.06,343.06,343.06
1787389200000,342.96,342.96,342.9,342.95
1787390100000,342.88,342.88,342.88,342.88
1787394600000,342.87,343.13,342.78,343.13
1787395500000,342.72,342.9,342.72,342.9
1787397300000,342.9,343.15,342.7,342.7
1787399100000,343.15,343.15,343.15,343.15
1787400000000,342.7,342.86,342.7,342.86
1787400900000,343.01,343.01,343.01,343.01
1787401800000,343.01,343.17,342.68,343.17
1787403600000,342.76,342.93,342.65,342.82
1787405400000,342.93,343.21,342.93,343.02
1787411700000,342.79,342.79,342.79,342.79
1787413500000,343.21,343.21,342.45,342.85
1787414400000,342.61,343.04,342.42,342.74
1787415300000,342.89,342.89,342.89,342.89
1787416200000,342.89,342.89,342.89,342.89
1787419800000,342.89,343.01,342.89,343.01
1787420700000,342.66,343.2,342.66,343.2
1787427900000,343.34,343.34,343.34,343.34
1787428800000,343.34,343.34,343.34,343.34
1787429700000,343.34,343.44,343.34,343.44
1787433300000,343.44,343.47,343.44,343.46
1787436900000,343.46,343.46,343.46,343.46
1787445000000,343.44,343.44,343.44,343.44
1787445900000,343.47,343.47,343,343
1787446800000,343.36,343.36,342.98,343
1787448600000,343.36,343.36,343,343
1787450400000,342.97,343.36,342.97,343.24
1787451300000,343.24,343.36,343.24,343.36
1787452200000,343.36,343.36,343.36,343.36
1787453100000,343.36,343.37,343.24,343.24
1787455800000,343.37,343.38,343.24,343.38
1787457600000,343.38,343.39,343.38,343.39
1787459400000,343.39,343.42,343.39,343.42
1787464800000,343.24,343.49,343.24,343.49
1787465700000,343.24,343.24,343.24,343.24
1787473800000,343.24,343.24,343,343
1787474700000,343.49,343.49,343.49,343.49
1787479200000,343.49,343.49,343,343
1787480100000,343.49,343.49,343,343
1787487300000,343.49,343.49,343,343
1787490000000,343,343,343,343
1787490900000,343.49,343.49,343.19,343.34
1787491800000,343.34,343.34,343.34,343.34
1787492700000,343.34,343.34,343.34,343.34
1787493600000,343.39,343.39,343.39,343.39
1787494500000,343.39,343.39,343.39,343.39
1787497200000,343.34,343.39,342.94,342.94
1787498100000,343.13,343.3,343.13,343.3
1787499000000,343.3,343.3,343.3,343.3
1787499900000,343.3,343.43,343.3,343.43
1787500800000,343.43,343.49,343.43,343.49
1787501700000,343.49,343.49,343.49,343.49
1787506200000,343.55,343.55,343.55,343.55
1787509800000,343.49,343.55,343.49,343.55
1787511600000,343.55,343.55,343.49,343.55
1787513400000,343.55,343.79,343.55,343.59
1787514300000,343.59,344.14,343.57,344.07
1787515200000,344.07,344.07,344.07,344.07
1787522400000,343.78,343.78,343.49,343.49
1787523300000,343.49,343.49,343.49,343.49
1787525100000,343.49,343.49,343.49,343.49
1787526000000,343.72,343.72,343.72,343.72
1787527800000,343.84,343.84,343.81,343.84
1787528700000,343.84,347.07,343.84,347.07
1787529600000,346.28,347.51,344.53,346.19
1787530500000,346.19,346.19,344.7,344.7
1787531400000,344.7,344.84,344.54,344.54
1787532300000,344.56,345.11,344.56,345.09
1787533200000,345.1,345.26,344.82,345.13
1787534100000,345.18,345.43,345.01,345.01
1787535000000,345.05,345.13,344.59,344.74
1787535900000,344.62,344.68,343.89,343.94
1787536800000,343.91,344.12,343.78,344.11
1787537700000,344.08,344.21,343.97,344.13
1787538600000,344.16,344.51,344.01,344.51
1787539500000,344.55,344.61,344.34,344.38
1787540400000,344.48,344.48,343.61,343.71
1787541300000,343.72,343.9,343,343.1
1787542200000,343.07,343.25,342.9,343.09
1787543100000,343.06,343.39,343.06,343.3
1787544000000,343.3,343.37,343.11,343.25
1787544900000,343.26,343.42,343.17,343.2
1787545800000,343.19,343.37,343.19,343.34
1787546700000,343.32,343.35,343.17,343.22
1787547600000,343.24,343.49,343.21,343.49
1787548500000,343.45,343.45,343.12,343.25
1787549400000,343.23,343.8,343.11,343.76
1787550300000,343.66,343.82,343.55,343.71
1787551200000,343.72,343.73,342.96,343.16
1787552100000,343.19,343.31,342.73,343.19
1787553000000,343.3,343.31,342.85,342.91
1787553900000,342.91,343.3,342.84,343.11
1787554800000,343.18,343.46,343.06,343.32
1787555700000,343.32,343.34,343,343
1787556600000,343.01,343.53,342.95,342.95
1787557500000,343.08,343.11,342.72,342.72
1787558400000,344.813,344.813,342.199,343.185
1787559300000,343.187,343.385,343.094,343.351
1787560200000,343.16,343.523,343.07,343.07
1787561100000,343.495,343.618,343.483,343.53
1787562000000,343.99,343.99,343.485,343.99
1787562900000,343.592,343.605,343.425,343.425
1787563800000,343.425,343.8,343.425,343.723
1787564700000,343.724,343.959,343.724,343.935
1787565600000,343.935,343.975,343.821,343.865
1787566500000,343.865,343.865,343.621,343.715
1787567400000,343.715,343.804,343.691,343.71
1787568300000,343.61,343.71,343.325,343.61
1787569200000,343.24,343.599,343.195,343.26
1787570100000,343.585,343.798,343.508,343.779
1787571000000,343.82,344.154,343.71,343.82
1787571900000,343.985,344,343.619,343.619
1787572800000,343.618,343.719,343.505,343.705
1787573700000,343.705,344.296,343.705,344.285
1787574600000,344.13,344.273,343.658,343.75
1787575500000,343.671,343.705,343.039,343.104
1787576400000,342.96,343.339,342.895,342.94
1787577300000,342.79,343.484,342.628,342.79
1787578200000,343.61,348.03,342.48,346.17
1787579100000,345.87,348.09,345.76,348.09
1787580000000,347.879,349.02,347.39,348.556
1787580900000,348.62,349.38,348.13,348.71
1787581800000,348.775,349.78,348.28,349.74
1787582700000,349.68,350.31,349.54,349.73
1787583600000,349.688,350.5,348.76,349.911
1787584500000,349.887,351.07,349.64,350.912
1787585400000,350.85,351.55,350.635,351.195
1787586300000,351.19,351.59,350.535,350.86
1787587200000,350.81,351.187,350.59,350.735
1787588100000,350.752,351.2,350.67,351.067
1787589000000,351.06,351.329,350.825,351.04
1787589900000,351.04,351.4,350.82,351.02
1787590800000,351.01,351.19,349.605,349.72
1787591700000,349.711,349.8,349.23,349.279
1787592600000,349.282,349.44,348.96,349
1787593500000,348.994,349.055,348.41,348.493
1787594400000,348.505,349.15,348.43,348.99
1787595300000,349,349.02,348.531,348.93
1787596200000,348.875,349.07,348.155,348.24
1787597100000,348.231,348.54,347.93,348.358
1787598000000,348.35,348.96,348.255,348.54
1787598900000,348.57,349.03,348.195,348.91
1787599800000,348.92,349.26,348.76,349.215
1787600700000,349.212,349.26,347.89,348.087
1787601600000,348.079,348.179,347.59,347.6
1787602500000,347.6,347.875,347.6,347.707
1787603400000,347.57,347.76,347.555,347.57
1787604300000,347.8,348.368,347.638,347.75
1787605200000,348.231,348.249,347.927,348.15
1787606100000,348.15,348.385,348.052,348.295
1787607000000,348.44,348.525,348.255,348.44
1787607900000,348.52,348.549,348.307,348.375
1787608800000,348.375,348.4,348.333,348.396
1787609700000,348.392,348.4,348.291,348.291
1787610600000,348.29,348.29,348.13,348.13
1787611500000,348.13,348.16,348.085,348.1
1787612400000,348.1,348.1,348.055,348.1
1787613300000,348.1,348.139,348.017,348.1
1787614200000,347.99,348.075,347.622,347.99
1787615100000,347.626,348.097,347.575,347.902
1787616000000,348,348,347.51,347.53
1787616900000,347.53,347.71,347.13,347.71
1787617800000,347.81,348.06,347.81,348.06
1787618700000,348.1,348.26,348.1,348.22
1787619600000,348.22,348.27,348.15,348.26
1787620500000,348.2,348.25,347.88,347.92
1787621400000,347.94,348.37,347.88,348.22
1787622300000,348.22,348.22,347.96,347.96
1787623200000,347.97,348.14,347.75,347.91
1787624100000,347.9,348.01,347.73,347.89
1787625000000,347.92,348,347.36,347.65
1787625900000,347.57,347.71,347.51,347.64
1787626800000,347.67,347.89,347.67,347.84
1787627700000,347.86,347.97,347.8,347.91
1787628600000,347.91,347.99,347.84,347.86
1787629500000,347.89,348.1,347.8,348.01
1787630400000,348.03,348.3,348.03,348.28
1787631300000,348.3,348.38,348.29,348.34
1787632200000,348.36,348.5,348.34,348.35
1787633100000,348.46,348.46,348.21,348.32
1787634000000,348.31,348.45,348.02,348.06
1787634900000,348.07,348.07,347.59,347.64
1787635800000,347.65,347.78,347.51,347.55
1787636700000,347.57,347.82,347.56,347.8
1787637600000,347.79,347.91,347.73,347.81
1787638500000,347.81,348.01,347.68,347.93
1787639400000,347.93,348.09,347.82,348.02
1787640300000,348.02,348.09,347.9,347.9
1787641200000,347.99,348.13,347.89,347.89
1787642100000,347.91,348.01,347.6,347.63
1787643000000,347.62,347.8,347.52,347.8
1787643900000,347.76,347.79,347.58,347.65
1787644800000,347.89,347.96,347.717,347.89
1787645700000,347.96,348.814,347.8,348.355
1787646600000,348.355,348.699,348.355,348.46
1787647500000,348.83,349,348.46,349
1787648400000,348.98,349.1,348.88,348.98
1787649300000,348.975,349.11,348.955,348.975
1787650200000,348.975,349.38,348.946,349.38
1787651100000,349.38,349.555,349.336,349.555
1787652000000,349.27,349.555,349.232,349.26
1787652900000,349.42,349.42,349.051,349.131
1787653800000,349.13,349.25,349.121,349.121
1787654700000,349.29,349.385,349.125,349.29
1787655600000,349.15,349.57,348.81,349.55
1787656500000,349.56,350.802,349.214,350
1787657400000,350.02,350.035,349.545,350.02
1787658300000,349.68,349.837,349.42,349.48
1787659200000,350.2,350.438,349.838,350.27
1787660100000,350.38,350.429,349.975,350.41
1787661000000,349.995,350.017,349.675,349.878
1787661900000,349.878,349.878,349.355,349.355
1787662800000,349.23,349.45,349.134,349.25
1787663700000,349.439,349.783,349.192,349.352
1787664600000,349.365,350.1,347.75,349.4
1787665500000,349.38,349.55,347.9,348.24
1787666400000,348.15,348.455,347.31,348.45
1787667300000,348.435,348.63,346.43,346.75
1787668200000,346.751,347.375,346,346.913
1787669100000,346.865,347.2,346.19,346.26
1787670000000,346.22,346.45,345.63,346.23
1787670900000,346.26,346.56,345.845,346.365
1787671800000,346.345,347.025,346.03,346.734
1787672700000,346.736,346.76,346.12,346.554
1787673600000,346.605,346.99,346.46,346.725
1787674500000,346.67,346.95,346.56,346.74
1787675400000,346.69,347.02,346.49,346.515
1787676300000,346.555,347.46,346.39,347.44
1787677200000,347.424,347.623,346.945,347.207
1787678100000,347.17,347.28,346.48,346.57
1787679000000,346.59,346.87,346.525,346.705
1787679900000,346.66,347.335,346.55,347.23
1787680800000,347.245,347.245,345.93,345.936
1787681700000,345.938,346.15,345.62,345.981
1787682600000,346.02,346.215,345.77,346.215
1787683500000,346.18,346.38,345.86,345.93
1787684400000,345.95,346.425,345.94,346.22
1787685300000,346.207,346.575,346.15,346.481
1787686200000,346.483,347.175,346.483,346.99
1787687100000,346.885,347.37,346.295,346.945
1787688000000,346.976,347.218,346.552,346.98
1787688900000,346.976,347.159,346.955,347.127
1787689800000,347.126,347.2,347.085,347.085
1787690700000,347.084,347.35,347.025,347.121
1787691600000,347.119,347.24,347.005,347.135
1787692500000,347.135,347.243,347.065,347.13
1787693400000,347.13,347.13,347.05,347.055
1787694300000,347.08,347.185,347.046,347.08
1787695200000,347.09,347.1,347,347.03
1787696100000,347.09,347.239,347.025,347.09
1787697000000,347.115,347.15,347.09,347.11
1787697900000,347.13,347.164,347.11,347.13
1787698800000,347.135,347.135,347.025,347.06
1787699700000,347.06,347.06,346.804,346.894
1787700600000,346.895,346.895,346.47,346.47
1787701500000,346.47,346.52,346.258,346.347
1787702400000,346.92,346.92,346.2,346.38
1787703300000,346.38,346.66,346.2,346.2
1787704200000,346.22,346.25,345.89,345.99
1787705100000,346.01,346.13,345.59,345.6
1787706000000,345.59,345.86,345.31,345.52
1787706900000,345.34,345.67,345.23,345.35
1787707800000,345.37,345.84,345.35,345.79
1787708700000,345.81,345.91,345.72,345.91
1787709600000,345.95,346.02,345.85,345.9
1787710500000,346,346.13,345.96,346.12
1787711400000,346.14,346.33,346.08,346.32
1787712300000,346.32,346.5,346.32,346.42
1787713200000,346.44,346.49,346.27,346.43
1787714100000,346.44,346.47,346.39,346.41
1787715000000,346.37,346.61,346.3,346.6
1787715900000,346.6,346.86,346.6,346.68
1787716800000,346.67,346.84,346.65,346.72
1787717700000,346.71,346.91,346.7,346.74
1787718600000,346.8,346.86,346.71,346.72
1787719500000,346.7,346.78,346.51,346.78
1787720400000,346.79,346.9,346.74,346.83
1787721300000,346.82,346.95,346.79,346.87
1787722200000,346.9,347,346.84,346.85
1787723100000,346.87,346.88,346.69,346.72
1787724000000,346.75,346.77,346.43,346.57
1787724900000,346.57,346.65,346.47,346.56
1787725800000,346.55,346.84,346.54,346.72
1787726700000,346.83,346.98,346.69,346.77
1787727600000,346.81,346.95,346.72,346.9
1787728500000,346.88,346.96,346.68,346.69
1787729400000,346.72,346.85,346.72,346.76
1787730300000,346.79,346.9,346.76,346.85
1787731200000,346.28,346.816,346.233,346.27
1787732100000,346.319,346.482,346.211,346.482
1787733000000,346.483,346.715,346.37,346.706
1787733900000,346.706,347.064,346.705,347.064
1787734800000,347.066,347.318,346.95,346.975
1787735700000,346.95,346.99,346.695,346.95
1787736600000,346.695,346.909,346.682,346.888
1787737500000,346.67,346.887,346.636,346.69
1787738400000,346.87,347,346.482,346.87
1787739300000,346.477,346.84,346.468,346.63
1787740200000,346.63,346.915,346.526,346.805
1787741100000,346.805,346.97,346.805,346.815
1787742000000,347.03,347.186,346.803,347.03
1787742900000,347.187,347.492,347.187,347.25
1787743800000,347.09,347.27,346.99,346.99
1787744700000,347.06,347.145,346.968,347.074
1787745600000,347.1,347.125,346.84,346.84
1787746500000,346.93,347.065,346.746,346.93
1787747400000,347.16,347.16,346.361,346.42
1787748300000,346.15,346.619,346.085,346.15
1787749200000,346.097,347.86,346.03,347.221
1787750100000,346.6,347.356,346.212,346.81
1787751000000,346.62,346.866,343.09,344.265
1787751900000,344.3,344.78,343.305,343.88
1787752800000,343.88,344.11,341.73,341.73
1787753700000,341.785,342.43,341.56,342.303
1787754600000,342.24,342.742,341.46,342.15
1787755500000,342.12,343.19,342.02,343.06
1787756400000,343.06,343.445,342.92,343.22
1787757300000,343.212,343.245,342.6,342.937
1787758200000,342.922,342.922,341.855,342.215
1787759100000,342.225,342.724,341.42,341.42
1787760000000,341.42,341.73,341.15,341.48
1787760900000,341.47,341.52,340.56,340.61
1787761800000,340.597,340.664,340.195,340.301
1787762700000,340.275,340.94,340.23,340.725
1787763600000,340.63,341.45,340.63,341.23
1787764500000,341.29,341.704,341.245,341.43
1787765400000,341.465,341.795,341.407,341.655
1787766300000,341.57,341.805,341.45,341.535
1787767200000,341.55,341.906,341.39,341.394
1787768100000,341.36,341.756,341.36,341.46
1787769000000,341.435,341.53,341.25,341.48
1787769900000,341.475,341.89,341.47,341.77
1787770800000,341.69,342.025,341.6,341.6
1787771700000,341.611,341.77,341.28,341.319
1787772600000,341.325,342.18,341.29,342.14
1787773500000,342.105,342.71,341.43,342.06
1787774400000,342.03,342.359,341.99,342.03
1787775300000,341.91,342.2,341.688,342.05
1787776200000,341.856,341.996,341.75,341.899
1787777100000,341.899,342.244,341.867,342.241
1787778000000,341.61,342.367,340.79,341.56
1787778900000,341.616,342.293,341.579,341.722
1787779800000,341.1,341.712,340.957,341
1787780700000,341.416,341.913,341.131,341.148
1787781600000,341.09,341.838,340.945,341.6
1787782500000,341.8,342.312,341.651,342.24
1787783400000,342.55,342.699,342.313,342.55
1787784300000,342.59,342.794,342.59,342.75
1787785200000,342.791,342.879,342.72,342.832
1787786100000,342.8,342.85,342.639,342.8
1787787000000,342.782,342.865,342.725,342.826
1787787900000,342.99,343.065,342.721,343.02
1787788800000,342.86,343.29,342.78,342.94
1787789700000,342.96,343.02,342.65,342.68
1787790600000,342.74,342.74,342.1,342.34
1787791500000,342.17,342.31,341.69,341.75
1787792400000,341.72,342,341.49,341.68
1787793300000,341.7,342.01,341.57,342.01
1787794200000,342.1,342.12,341.62,341.62
1787795100000,341.65,341.89,341.55,341.61
1787796000000,341.68,341.85,341.59,341.8
1787796900000,341.87,341.95,341.66,341.66
1787797800000,341.73,342.06,341.73,342.03
1787798700000,342.07,342.23,341.92,341.96
1787799600000,341.96,342.2,341.93,342.07
1787800500000,342.1,342.24,341.97,342
1787801400000,342.01,342.35,342,342.34
1787802300000,342.35,342.38,342.16,342.24
1787803200000,342.24,342.24,341.96,342.16
1787804100000,342.22,342.27,341.99,342.04
1787805000000,342.07,342.15,341.61,341.72
1787805900000,341.77,341.9,341.61,341.85
1787806800000,341.87,341.89,341.34,341.35
1787807700000,341.35,341.54,340.99,341.13
1787808600000,341.03,341.14,340.72,340.8
1787809500000,340.8,340.9,340.44,340.74
1787810400000,340.72,340.85,340.5,340.84
1787811300000,340.86,341,340.59,340.63
1787812200000,340.6,341.02,340.56,340.9
1787813100000,340.91,341.05,340.65,340.79
1787814000000,340.79,341.24,340.7,341.06
1787814900000,341.09,341.24,340.72,341
1787815800000,341.01,341.06,340.77,340.83
1787816700000,340.85,341.1,340.75,340.93
1787817600000,342.939,342.94,340.622,340.815
1787818500000,340.77,340.889,340.681,340.77
1787819400000,340.67,340.895,340.665,340.85
1787820300000,340.815,340.9,340.456,340.529
1787821200000,340.67,340.675,340.345,340.57
1787822100000,340.55,341.005,340.55,341.004
1787823000000,341.04,341.186,340.93,341.05
1787823900000,341.02,341.384,340.976,341.02
1787824800000,341.03,341.213,340.768,341.01
1787825700000,340.779,341.095,340.712,341.049
1787826600000,341.048,341.107,340.868,340.87
1787827500000,340.72,341.315,340.628,341.01
1787828400000,341.13,341.416,340.9,341.29
1787829300000,341.29,341.449,340.781,340.86
1787830200000,340.7,340.772,340.354,340.61
1787831100000,340.44,340.62,340.428,340.43
1787832000000,340.49,340.859,340.461,340.62
1787832900000,340.81,340.869,340.623,340.664
1787833800000,340.44,340.665,340.378,340.44
1787834700000,340.59,340.66,340.266,340.4
1787835600000,340.3,340.606,340.3,340.3
1787836500000,340.33,340.612,339.6,339.89
1787837400000,339.69,341.22,338.53,340.905
1787838300000,340.775,341.63,339.975,340.485
1787839200000,340.495,341,339.76,340.242
1787840100000,340.235,340.49,339.34,340.01
1787841000000,339.99,340.065,339.01,339.44
1787841900000,339.365,341.07,339.35,340.9
1787842800000,340.942,340.942,339.65,340.741
1787843700000,340.733,341.42,340.48,340.619
1787844600000,340.625,340.98,340.26,340.572
1787845500000,340.55,340.94,340.19,340.62
1787846400000,340.54,341.145,340.239,341.135
1787847300000,341.118,341.31,340.86,341.268
1787848200000,341.27,341.68,341.19,341.46
1787849100000,341.52,341.575,340.568,340.865
1787850000000,340.775,341.575,340.65,341.575
1787850900000,341.54,341.6,340.83,341.04
1787851800000,341.031,341.575,340.971,341.288
1787852700000,341.285,341.385,340.485,340.788
1787853600000,340.87,341.389,340.39,340.528
1787854500000,340.515,341.01,340.3,340.51
1787855400000,340.54,340.96,340.508,340.605
1787856300000,340.6,340.99,340.54,340.715
1787857200000,340.747,341.05,340.576,340.801
1787858100000,340.83,340.83,340.385,340.53
1787859000000,340.54,340.815,340.29,340.705
1787859900000,340.61,341.17,340.255,340.6
1787860800000,340.664,340.7,340.427,340.7
1787861700000,340.7,340.75,340.651,340.715
1787862600000,340.715,340.957,340.676,340.73
1787863500000,340.73,340.73,340.65,340.665
1787864400000,340.665,340.8,340.642,340.782
1787865300000,340.782,340.785,340.705,340.736
1787866200000,340.71,340.75,340.706,340.71
1787867100000,340.71,340.801,340.705,340.801
1787868000000,340.803,340.907,340.706,340.715
1787868900000,340.715,340.999,340.715,340.946
1787869800000,340.943,340.945,340.8,340.82
1787870700000,340.82,340.82,340.645,340.77
1787871600000,340.77,340.785,340.62,340.761
1787872500000,340.762,340.765,340.595,340.64
1787873400000,340.65,340.708,340.55,340.65
1787874300000,340.574,340.648,340.414,340.463
1787875200000,340.65,340.99,340.426,340.92
1787876100000,340.97,341,340.77,340.96
1787877000000,340.94,341.01,340.89,340.98
1787877900000,340.97,341.02,340.86,340.99
1787878800000,340.97,341.1,340.89,341.06
1787879700000,341.1,341.21,341.04,341.11
1787880600000,341.09,341.18,340.99,341.05
1787881500000,341.06,341.24,341,341.17
1787882400000,341.19,341.54,341.19,341.52
1787883300000,341.52,341.6,341.37,341.55
1787884200000,341.53,341.53,341.27,341.31
1787885100000,341.32,341.32,341.18,341.22
1787886000000,341.23,341.31,341.2,341.25
1787886900000,341.23,341.33,341.23,341.3
1787887800000,341.29,341.31,341.04,341.15
1787888700000,341.13,341.24,341.08,341.18
1787889600000,341.18,341.2,341.01,341.1
1787890500000,341.1,341.16,341.05,341.13
1787891400000,341.16,341.31,341.07,341.27
1787892300000,341.25,341.28,341.19,341.21
1787893200000,341.24,341.24,341.13,341.17
1787894100000,341.16,341.22,341.14,341.17
1787895000000,341.16,341.24,341.09,341.2
1787895900000,341.17,341.18,341,341.04
1787896800000,341.05,341.1,340.89,341.03
1787897700000,341.04,341.14,341.04,341.1
1787898600000,341.12,341.23,341.09,341.21
1787899500000,341.2,341.51,341.2,341.48
1787900400000,341.48,341.63,341.4,341.6
1787901300000,341.64,341.65,341.52,341.61
1787902200000,341.61,341.64,341.51,341.55
1787903100000,341.54,341.61,341.28,341.28
1787904000000,341.61,342.1,340.426,342.1
1787904900000,342.05,342.13,341.823,341.999
1787905800000,342,342.259,342,342.172
1787906700000,341.94,342.171,341.89,341.94
1787907600000,342.01,342.275,341.915,342.01
1787908500000,342.23,342.275,342.072,342.15
1787909400000,342.15,342.169,342,342.16
1787910300000,342.09,342.173,341.896,342.09
1787911200000,341.89,341.998,341.797,341.89
1787912100000,341.85,342.021,341.691,341.85
1787913000000,341.859,341.87,341.766,341.775
1787913900000,341.775,341.775,341.535,341.607
1787914800000,341.46,341.849,341.341,341.46
1787915700000,341.74,341.825,341.67,341.74
1787916600000,341.757,341.845,341.696,341.696
1787917500000,341.695,341.695,341.456,341.456
1787918400000,341.455,341.674,341.365,341.635
1787919300000,341.73,341.87,341.581,341.87
1787920200000,341.64,341.867,341.523,341.61
1787921100000,341.63,341.82,341.63,341.64
1787922000000,341.64,341.705,341.403,341.451
1787922900000,341.39,341.451,340.383,340.74
1787923800000,340.845,343.27,340.769,343.08
1787924700000,342.99,344.085,342.7,343.79
1787925600000,343.72,344.78,342.79,343.4
1787926500000,343.357,344.266,342.945,343.89
1787927400000,344.01,345.85,343.47,345.85
1787928300000,345.98,348.08,345.565,347.37
1787929200000,347.31,349.1,347.18,347.39
1787930100000,347.387,348.65,346.91,348.406
1787931000000,348.452,348.84,347.23,347.4
1787931900000,347.42,348.285,346.53,346.825
1787932800000,346.84,347.552,346.12,347.54
1787933700000,347.63,347.645,345.51,346.45
1787934600000,346.43,347.117,345.97,346.059
1787935500000,346.062,346.53,345.455,345.476
1787936400000,345.46,346.085,345.01,345.95
1787937300000,346.05,346.585,345.937,346.48
1787938200000,346.489,346.55,345.71,346.379
1787939100000,346.379,346.79,346.24,346.649
1787940000000,346.649,347.12,346.499,346.828
1787940900000,346.82,347.024,346.165,346.18
1787941800000,346.155,346.92,346.155,346.92
1787942700000,346.92,347.14,346.45,346.93
1787943600000,346.959,348.07,346.88,347.574
1787944500000,347.578,347.85,347.334,347.66
1787945400000,347.675,347.865,347.14,347.74
1787946300000,347.71,347.75,346.46,346.72
1787947200000,346.14,346.768,346.052,346.14
1787948100000,346.355,346.355,346.082,346.082
1787949000000,346.08,346.199,346.015,346.171
1787949900000,346.35,346.39,346.156,346.28
1787950800000,346.39,346.4,346.21,346.305
1787951700000,346.305,346.379,346.006,346.107
1787952600000,346.109,346.125,346,346
1787953500000,346.004,346.304,346.004,346.15
1787954400000,346.15,346.178,345.956,346.054
1787955300000,346.054,346.17,345.966,346.17
1787956200000,345.96,346.17,345.556,345.96
1787957100000,345.905,346.03,345.9,345.961
1787958000000,345.96,345.96,345.9,345.91
1787958900000,345.908,345.925,345.592,345.795
1787959800000,345.795,345.85,345.7,345.785
1787960700000,345.82,346.187,345.79,346.09
1787961600000,346.214,346.295,346.214,346.295
1787967000000,346.42,346.42,345.79,345.79
1787968800000,346.21,346.6,346.21,346.29
1787975100000,346.6,346.6,346.53,346.53
1787976000000,346.67,346.67,346.67,346.67
1787981400000,346.65,346.65,346.65,346.65
1787987700000,346.65,346.65,346.53,346.53
1787988600000,346.72,346.77,346.42,346.54
1787990400000,346.8,346.8,346.8,346.8
1787994000000,346.54,346.54,346.54,346.54
1787994900000,346.56,346.56,346.46,346.46
1787996700000,346.77,346.77,346.46,346.46
1788000300000,346.46,346.46,346.46,346.46
1788004800000,346.79,346.79,346.79,346.79
1788010200000,346.86,346.86,346.86,346.86
1788011100000,346.73,346.73,346.73,346.73
1788012000000,346.79,346.79,346.79,346.79
1788013800000,346.89,346.89,346.89,346.89
1788015600000,346.91,346.91,345.99,346.15
1788016500000,346.15,346.15,345.88,345.99
1788017400000,345.99,345.99,345.99,345.99
1788018300000,346.42,346.42,346.42,346.42
1788019200000,346.37,346.4,345.71,345.71
1788020100000,346.56,346.61,346.56,346.61
1788021000000,346.59,346.59,346.59,346.59
1788021900000,346.59,346.59,346.59,346.59
1788024600000,346.86,346.86,345.72,346.62
1788032700000,346.6,346.91,346.45,346.45
1788033600000,346.59,346.59,346.59,346.59
1788035400000,346.48,346.48,346.48,346.48
1788043500000,346.65,346.65,346.65,346.65
1788047100000,346.46,346.49,346.45,346.45
1788053400000,346.91,346.92,346.46,346.47
1788061500000,346.69,346.69,346.69,346.69
1788062400000,346.73,346.73,346.72,346.72
1788067800000,346.46,346.79,345.94,346.79
1788068700000,346.77,346.77,346.77,346.77
1788071400000,346.73,346.73,346.73,346.73
1788078600000,346.46,346.46,345.7,345.7
1788079500000,346.17,346.17,346.17,346.17
1788083100000,346.1,346.1,346.1,346.1
1788087600000,346.08,346.08,346.08,346.08
1788091200000,346.16,346.55,346.06,346.06
1788093000000,346.11,346.29,346.11,346.29
1788096600000,346.27,346.27,346.27,346.27
1788097500000,346.04,346.04,346.04,346.04
1788100200000,346.15,346.21,346.15,346.21
1788102000000,346.29,346.39,346.29,346.38
1788102900000,346.38,346.44,346.21,346.44
1788103800000,346.44,346.44,346.44,346.44
1788104700000,346.45,346.52,346.45,346.52
1788105600000,346.4,346.6,346.4,346.6
1788106500000,346.54,346.54,346.54,346.54
1788111000000,346.55,346.75,346.55,346.75
1788114600000,346.4,346.4,346.4,346.4
1788116400000,346.37,346.39,346.37,346.39
1788119100000,346.39,346.4,346.39,346.4
1788120000000,346.4,346.4,346.4,346.4
1788121800000,346.4,346.4,346.4,346.4
1788128100000,346.29,346.29,346.29,346.29
1788131700000,346.29,346.29,345.17,345.17
1788132600000,345.14,345.14,344.65,344.65
1788133500000,344.63,344.63,344.28,344.28
1788134400000,344.66,345.81,343.77,344.4
1788135300000,344.4,344.69,344.15,344.28
1788136200000,344.25,345.14,344.24,344.93
1788137100000,344.92,344.95,344.59,344.61
1788138000000,344.6,344.68,344.17,344.35
1788138900000,344.34,344.54,344.23,344.27
1788139800000,344.25,344.38,344.02,344.23
1788140700000,344.22,344.53,344.22,344.48
1788141600000,344.55,344.88,344.49,344.78
1788142500000,344.94,344.94,344.39,344.46
1788143400000,344.47,344.58,343.98,344.23
1788144300000,344.26,344.33,344.02,344.33
1788145200000,344.39,344.69,344.37,344.59
1788146100000,344.63,344.68,344.48,344.65
1788147000000,344.66,344.74,344.49,344.56
1788147900000,344.55,344.56,344.28,344.45
1788148800000,344.54,344.54,344.31,344.44
1788149700000,344.42,344.43,344.28,344.38
1788150600000,344.41,344.7,344.35,344.68
1788151500000,344.67,344.95,344.55,344.88
1788152400000,344.87,345.18,344.83,345.18
1788153300000,345.16,345.48,345.11,345.37
1788154200000,345.37,345.6,345.29,345.51
1788155100000,345.5,345.66,345.34,345.63
1788156000000,345.58,345.66,345.21,345.64
1788156900000,345.69,345.81,345.63,345.73
1788157800000,345.68,345.86,345.57,345.76
1788158700000,345.83,345.96,345.75,345.91
1788159600000,345.86,345.87,345.74,345.75
1788160500000,345.74,345.74,345.45,345.53
1788161400000,345.51,345.54,345.37,345.42
1788162300000,345.39,346.349,345.34,345.95
1788163200000,346.349,346.349,344.824,344.851
1788164100000,344.844,344.995,344.736,344.91
1788165000000,344.91,345.1,344.91,344.951
1788165900000,344.951,344.96,344.688,344.762
1788166800000,344.759,344.894,344.716,344.882
1788167700000,344.883,345.03,344.861,344.9
1788168600000,344.9,344.955,344.9,344.917
1788169500000,344.916,345.02,344.906,344.95
1788170400000,344.948,344.948,344.76,344.838
1788171300000,344.84,344.953,344.84,344.937
1788172200000,344.936,344.936,344.7,344.783
1788173100000,344.99,345.005,344.78,344.99
1788174000000,344.5,344.866,344.5,344.5
1788174900000,344.627,344.95,344.593,344.9
1788175800000,344.99,345.038,344.645,345.01
1788176700000,344.712,344.715,344.076,344.085
1788177600000,344.21,344.292,343.836,343.99
1788178500000,343.92,344.265,343.78,343.78
1788179400000,344.084,344.125,343.617,343.693
1788180300000,343.86,344.172,343.695,343.86
1788181200000,344.173,344.519,344.105,344.487
1788182100000,344.5,345.293,343.623,345.22
1788183000000,344.06,344.25,340.49,340.54
1788183900000,340.55,341.44,340.19,340.372
1788184800000,340.32,340.375,337.31,337.485
1788185700000,337.565,338.43,337.165,337.555
1788186600000,337.47,338.332,337.375,338.08
1788187500000,338.075,338.152,337.44,338.065
1788188400000,338.03,338.894,337.756,338.76
1788189300000,338.75,339.08,338.5,338.56
1788190200000,338.62,338.824,337.94,338.55
1788191100000,338.56,338.835,338.09,338.145
1788192000000,338.146,338.62,337.86,338.601
1788192900000,338.599,338.61,337.925,338.308
1788193800000,338.365,338.365,337.89,338
1788194700000,337.935,338.645,337.89,338.42
1788195600000,338.45,338.785,338.16,338.77
1788196500000,338.725,338.92,338.342,338.37
1788197400000,338.355,338.739,338.18,338.7
1788198300000,338.66,338.9,338.34,338.34
1788199200000,338.34,338.71,338.06,338.46
1788200100000,338.51,338.755,338.035,338.035
1788201000000,338.047,338.179,337.75,337.928
1788201900000,337.96,338.405,337.934,338.24
1788202800000,338.195,338.94,338.105,338.8
1788203700000,338.815,338.815,338.32,338.63
1788204600000,338.525,339.19,338.35,339.01
1788205500000,338.99,341.4,338.79,339.17
1788206400000,339.311,339.775,339.303,339.646
1788207300000,339.69,339.769,339.406,339.76
1788208200000,339.82,339.923,339.503,339.87
1788209100000,339.81,339.859,339.74,339.81
1788210000000,339.76,339.97,339.726,339.855
1788210900000,339.88,339.935,339.82,339.88
1788211800000,339.899,339.915,339.838,339.85
1788212700000,339.95,340.256,339.85,339.95
1788213600000,340.02,340.09,339.915,340.08
1788214500000,340.12,340.131,340,340.01
1788215400000,340.033,340.115,340.025,340.091
1788216300000,340.089,340.124,339.96,339.975
1788217200000,339.975,339.975,339.853,339.91
1788218100000,339.91,339.91,339.84,339.873
1788219000000,339.871,339.94,339.86,339.865
1788219900000,339.865,339.865,339.625,339.625
1788220800000,339.38,340.05,339.34,339.41
1788221700000,339.45,339.7,339.36,339.64
1788222600000,339.63,339.77,339.52,339.74
1788223500000,339.71,339.84,339.66,339.72
1788224400000,339.75,339.81,339.57,339.71
1788225300000,339.7,339.7,339.42,339.53
1788226200000,339.55,339.79,339.52,339.71
1788227100000,339.67,339.8,339.5,339.6
1788228000000,339.64,339.78,339.57,339.6
1788228900000,339.65,339.69,339.5,339.6
1788229800000,339.6,339.64,339.35,339.35
1788230700000,339.41,339.5,339.41,339.49
1788231600000,339.49,339.51,339.28,339.45
1788232500000,339.4,339.51,339.36,339.45
1788233400000,339.45,339.5,339.43,339.47
1788234300000,339.47,339.65,339.46,339.61
1788235200000,339.63,339.73,339.61,339.69
1788236100000,339.72,339.74,339.62,339.69
1788237000000,339.7,339.7,339.49,339.49
1788237900000,339.55,339.69,339.47,339.49
1788238800000,339.51,339.56,339.42,339.46
1788239700000,339.46,339.53,339.43,339.5
1788240600000,339.58,339.83,339.52,339.83
1788241500000,339.81,339.81,339.58,339.72
1788242400000,339.75,339.82,339.67,339.82
1788243300000,339.86,339.89,339.79,339.81
1788244200000,339.81,339.9,339.75,339.84
1788245100000,339.86,339.87,339.59,339.65
1788246000000,339.64,339.7,339.37,339.45
1788246900000,339.38,339.4,339.04,339.12
1788247800000,339.2,339.27,338.69,338.92
1788248700000,338.85,338.87,338.5,338.5
1788249600000,339.08,339.625,338.165,338.18
1788250500000,338,338.287,337.41,337.41
1788251400000,337.579,337.87,337.217,337.217
1788252300000,337.28,337.484,337.198,337.28
1788253200000,337.14,337.335,336.922,337.21
1788254100000,336.96,337.018,336.629,336.64
1788255000000,336.81,336.81,336.374,336.49
1788255900000,336.98,336.98,336.566,336.98
1788256800000,336.35,336.78,336.336,336.49
1788257700000,336.78,337.335,336.756,337.31
1788258600000,337.31,337.545,337.274,337.525
1788259500000,337.525,337.535,337.222,337.222
1788260400000,337.221,337.253,336.803,337.202
1788261300000,337.37,337.475,337.175,337.24
1788262200000,337.14,337.37,337.098,337.32
1788263100000,336.9,337.244,336.32,336.32
1788264000000,336.49,336.744,336.08,336.08
1788264900000,336.19,336.508,336.137,336.15
1788265800000,336.11,336.29,335.695,335.81
1788266700000,335.82,335.925,335.784,335.82
1788267600000,335.67,335.821,335.046,335.26
1788268500000,335.21,336.107,335.04,335.36
1788269400000,335.98,336.24,333.1,336.099
1788270300000,335.915,337.05,335.85,336.307
1788271200000,336.39,336.841,335.631,336.485
1788272100000,336.545,337.165,336.38,336.6
1788273000000,336.64,337.13,336.348,336.375
1788273900000,336.45,336.71,335.835,336.355
1788274800000,336.38,336.77,335.645,336.212
1788275700000,336.211,336.601,335.951,336.24
1788276600000,336.225,336.444,335.84,335.9
1788277500000,335.855,336.43,335.82,336.195
1788278400000,336.23,336.53,335.6,335.635
1788279300000,335.63,335.693,335.115,335.385
1788280200000,335.42,335.678,335.27,335.36
1788281100000,335.35,335.65,335.24,335.35
1788282000000,335.26,335.645,335.1,335.525
1788282900000,335.54,335.574,334.97,335.15
1788283800000,335.171,335.61,335.125,335.287
1788284700000,335.28,335.293,334.575,335.07
1788285600000,335.05,335.105,334.408,334.51
1788286500000,334.52,334.82,334.22,334.26
1788287400000,334.29,334.34,333.51,333.51
1788288300000,333.54,334.285,333.49,334.2
1788289200000,334.07,334.67,334.06,334.62
1788290100000,334.64,334.723,334.325,334.4
1788291000000,334.39,334.431,333.95,334.28
1788291900000,334.28,335.1,334.1,335.005
1788292800000,335.054,335.316,335.05,335.055
1788293700000,335.055,335.38,335.055,335.38
1788294600000,335.4,335.495,335.188,335.4
1788295500000,335.284,335.311,335.036,335.15
1788296400000,335.51,339.279,335.128,338.19
1788297300000,337.83,338.344,337.64,338.01
1788298200000,337.98,338.099,337.44,337.44
1788299100000,337.46,337.623,336.984,337.29
1788300000000,337.009,337.055,336.8,336.966
1788300900000,337,337.149,336.95,337
1788301800000,337.108,337.79,337.025,337.301
1788302700000,337.25,337.375,337.25,337.25
1788303600000,337.272,337.272,336.961,337.05
1788304500000,337.051,337.135,336.981,337.094
1788305400000,337.14,337.26,337.076,337.14
1788306300000,337.14,337.21,336.972,337.14
1788307200000,337.34,337.69,336.89,337
1788308100000,337.04,337.57,337.03,337.4
1788309000000,337.35,337.57,337.25,337.37
1788309900000,337.43,337.43,337.06,337.07
1788310800000,337.02,337.1,336.75,336.86
1788311700000,336.77,336.92,336.7,336.84
1788312600000,336.89,336.93,336.58,336.61
1788313500000,336.63,336.72,336.37,336.72
1788314400000,336.72,336.72,336.49,336.64
1788315300000,336.63,336.8,336.6,336.68
1788316200000,336.66,336.7,336.59,336.68
1788317100000,336.7,336.72,336.55,336.58
1788318000000,336.57,336.64,336.46,336.63
1788318900000,336.62,336.82,336.6,336.73
1788319800000,336.71,336.8,336.69,336.71
1788320700000,336.74,336.76,336.69,336.7
1788321600000,336.71,336.72,336.6,336.6
1788322500000,336.63,336.79,336.63,336.67
1788323400000,336.68,336.84,336.67,336.78
1788324300000,336.77,336.87,336.73,336.86
1788325200000,336.84,336.95,336.76,336.88
1788326100000,336.89,337.03,336.89,336.98
1788327000000,336.99,337.07,336.79,336.97
1788327900000,336.97,337.23,336.97,337.22
1788328800000,337.22,337.26,336.71,337.05
1788329700000,336.95,336.96,336.59,336.77
1788330600000,336.75,336.96,336.55,336.91
1788331500000,336.89,336.92,336.85,336.92
1788332400000,336.92,337.3,336.88,337.16
1788333300000,337.19,337.19,336.76,336.88
1788334200000,336.86,336.9,336.74,336.81
1788335100000,336.78,336.8,336.54,336.55
1788336000000,337.072,338.45,336.75,337.772
1788336900000,337.769,337.823,337.397,337.679
1788337800000,337.32,337.892,337.194,337.21
1788338700000,337.21,337.37,336.376,336.8
1788339600000,336.82,336.919,336.48,336.81
1788340500000,336.52,336.674,336.255,336.52
1788341400000,336.564,336.629,335.946,335.946
1788342300000,336.48,336.669,335.831,336.48
1788343200000,336.496,336.61,336.26,336.496
1788344100000,336.507,336.618,336.34,336.52
1788345000000,336.19,336.563,334.262,334.64
1788345900000,334.68,334.778,334.026,334.7
1788346800000,334.36,335.01,333.768,335.01
1788347700000,334.78,335.193,334.575,335.19
1788348600000,335.194,335.635,335.111,335.353
1788349500000,335.96,336.107,335.363,336.01
1788350400000,336.28,336.712,335.856,336.28
1788351300000,336.36,336.57,334.656,334.76
1788352200000,335.15,335.427,334.676,334.94
1788353100000,335.11,335.224,334.653,334.678
1788354000000,334.677,334.989,334.098,334.418
1788354900000,334.419,334.69,333.54,333.93
1788355800000,333.93,335.6888,332.82,334.67
1788356700000,334.59,336.9696,334,336.58
1788357600000,336.54,339.82,335.98,339.38
1788358500000,339.36,340,338.26,338.66
1788359400000,338.6,338.655,337.4,337.79
1788360300000,337.79,337.79,336.52,336.86
1788361200000,336.825,336.9,335.84,336.485
1788362100000,336.51,337.6,336.24,337.485
1788363000000,337.49,337.58,336.53,336.76
1788363900000,336.76,338.54,336.305,338.47
1788364800000,338.435,339.11,338.01,338.605
1788365700000,338.6,338.645,337.45,337.695
1788366600000,337.755,338.13,337.635,337.635
1788367500000,337.725,338.6,337.674,338.01
1788368400000,338.03,338.82,338.028,338.365
1788369300000,338.33,338.53,338.09,338.215
1788370200000,338.265,338.32,337.47,337.64
1788371100000,337.67,338.104,337.351,338.01
1788372000000,337.97,338.03,337.49,337.82
1788372900000,337.865,338.4,337.425,337.875
1788373800000,337.843,338,337.265,337.43
1788374700000,337.41,337.59,337.105,337.48
1788375600000,337.51,338.12,337.31,337.92
1788376500000,338.01,338.16,337.64,337.85
1788377400000,337.83,337.83,336.99,337.29
1788378300000,337.31,337.7,336.99,337.11
1788379200000,337.36,337.55,337.07,337.36
1788380100000,337.297,337.364,337.071,337.083
1788381000000,337.086,337.345,337.086,337.186
1788381900000,337.172,337.526,337.105,337.275
1788382800000,337.49,337.603,337.265,337.5
1788383700000,337.88,337.88,337.504,337.76
1788384600000,337.76,337.804,337.045,337.53
1788385500000,337.3,337.64,336.905,337.51
1788386400000,337.45,337.765,337.309,337.36
1788387300000,337.81,337.92,337.487,337.81
1788388200000,338,338.245,337.92,338
1788389100000,338.075,338.205,338.075,338.1
1788390000000,338.16,338.19,338.1,338.16
1788390900000,338.115,338.165,337.99,338.165
1788391800000,338.19,338.29,338.091,338.25
1788392700000,338.37,338.4,338.194,338.37
1788393600000,338.17,338.7,338.06,338.19
1788394500000,338.19,338.36,337.94,338.13
1788395400000,338.14,338.34,338.04,338.25
1788396300000,338.31,338.52,338.11,338.23
1788397200000,338.24,338.5,338.05,338.41
1788398100000,338.41,338.55,338.1,338.15
1788399000000,338.23,338.51,338.23,338.39
1788399900000,338.31,338.31,337.58,337.58
1788400800000,337.82,338.45,337.67,338.38
1788401700000,338.43,338.49,338.29,338.4
1788402600000,338.43,338.5,338.33,338.43
1788403500000,338.35,338.51,338.34,338.42
1788404400000,338.44,338.67,338.43,338.65
1788405300000,338.65,339.04,338.62,338.89
1788406200000,338.94,339.17,338.93,339.12
1788407100000,339.1,339.2,339.02,339.18
1788408000000,339.23,339.31,339.14,339.21
1788408900000,339.24,339.25,339.12,339.12
1788409800000,339.13,339.13,338.8,338.87
1788410700000,338.89,339.01,338.85,338.9
1788411600000,338.86,338.86,338.41,338.41
1788412500000,338.47,338.49,337.59,337.95
1788413400000,337.95,338.29,337.91,338.02
1788414300000,338.04,338.45,337.98,338.34
1788415200000,338.33,338.59,338.25,338.42
1788416100000,338.39,338.6,338.39,338.54
1788417000000,338.59,338.73,338.49,338.56
1788417900000,338.54,338.54,338.19,338.19
1788418800000,338.2,338.78,338.15,338.57
1788419700000,338.56,338.63,338.29,338.63
1788420600000,338.64,338.87,338.43,338.84
1788421500000,338.84,338.84,338.56,338.59
1788422400000,338.239,339.8,338.239,339.255
1788423300000,339.255,339.764,339.255,339.72
1788424200000,339.72,339.86,339.452,339.485
1788425100000,339.485,339.515,339.29,339.429
1788426000000,339.419,339.824,339.27,339.6
1788426900000,339.6,339.6,339.396,339.417
1788427800000,339.416,339.622,339.24,339.4
1788428700000,339.4,339.409,338.876,338.966
1788429600000,338.966,338.98,338.551,338.552
1788430500000,338.551,338.684,338.288,338.4
1788431400000,338.4,338.46,338.235,338.46
1788432300000,338.46,338.613,338.226,338.447
1788433200000,338.439,338.889,338.31,338.889
1788434100000,338.871,339.35,338.56,339.095
1788435000000,339.117,339.198,338.419,338.419
1788435900000,338.418,338.418,338.045,338.1
1788436800000,338.06,338.378,337.893,338.173
1788437700000,338.174,338.175,337.761,337.79
1788438600000,337.791,338.7,337.791,338.375
1788439500000,338.375,338.95,338.354,338.87
1788440400000,338.87,339.39,336.03,338.505
1788441300000,338.501,340.625,338.41,340.522
1788442200000,340.495,344.6,340.21,343.932
1788443100000,343.937,344.34,342.45,342.93
1788444000000,342.656,342.79,341.45,342.323
1788444900000,342.338,342.9,341.97,342.868
1788445800000,342.88,343.115,341.87,342.788
1788446700000,342.785,342.92,341.1,341.185
1788447600000,341.224,342.65,340.87,342.509
1788448500000,342.535,343.29,342.535,342.768
1788449400000,342.765,342.895,342.31,342.39
1788450300000,342.381,342.859,342.335,342.608
1788451200000,342.604,342.78,341.27,341.341
1788452100000,341.3,341.795,340.825,341.266
1788453000000,341.264,341.83,340.82,341.462
1788453900000,341.451,341.945,341.45,341.783
1788454800000,341.775,342.035,341.693,341.991
1788455700000,341.998,342.34,341.998,342.28
1788456600000,342.284,342.96,342.284,342.7
1788457500000,342.702,342.92,342.41,342.803
1788458400000,342.811,343.11,342.334,342.759
1788459300000,342.76,343.65,342.654,343.546
1788460200000,343.555,343.67,342.59,342.786
1788461100000,342.789,342.855,342.33,342.779
1788462000000,342.79,343.435,342.54,343.268
1788462900000,343.263,343.341,342.39,343.199
1788463800000,343.17,343.546,343.045,343.438
1788464700000,343.4,343.427,342.185,342.36
1788465600000,342.436,342.602,342.205,342.56
1788466500000,342.56,342.56,342.347,342.506
1788467400000,342.505,342.88,342.505,342.88
1788468300000,342.88,342.931,342.56,342.56
1788469200000,342.56,342.81,342.56,342.695
1788470100000,342.693,342.885,342.66,342.885
1788471000000,342.866,342.934,342.662,342.88
1788471900000,342.883,342.94,342.8,342.85
1788472800000,342.85,342.85,342.58,342.775
1788473700000,342.775,342.775,342.63,342.665
1788474600000,342.665,342.725,342.625,342.665
1788475500000,342.665,343.015,342.661,342.86
1788476400000,342.86,343.174,342.831,343.114
1788477300000,343.114,343.148,342.901,342.961
1788478200000,342.961,343.027,342.905,342.98
1788479100000,342.98,343.015,342.915,342.98
1788480000000,342.82,343.04,342.3,342.62
1788480900000,342.6,342.66,342.45,342.66
1788481800000,342.64,342.84,342.56,342.75
1788482700000,342.75,342.88,342.69,342.69
1788483600000,342.69,342.76,342.59,342.69
1788484500000,342.7,342.9,342.68,342.88
1788485400000,342.86,343.15,342.82,343.15
1788486300000,343.14,343.15,342.94,343.12
1788487200000,343.13,343.21,343.09,343.16
1788488100000,343.14,343.36,343.14,343.31
1788489000000,343.31,343.39,343.22,343.29
1788489900000,343.23,343.36,343.23,343.31
1788490800000,343.33,343.47,343.27,343.33
1788491700000,343.43,343.51,343.42,343.45
1788492600000,343.46,343.55,343.38,343.38
1788493500000,343.38,343.43,343.28,343.36
1788494400000,343.42,343.58,343.33,343.58
1788495300000,343.59,343.65,343.41,343.63
1788496200000,343.66,343.71,343.26,343.32
1788497100000,343.32,343.43,343.27,343.43
1788498000000,343.43,343.45,343.32,343.45
1788498900000,343.45,343.65,343.43,343.58
1788499800000,343.55,343.58,343.25,343.34
1788500700000,343.32,343.43,343.21,343.43
1788501600000,343.42,343.58,343.41,343.58
1788502500000,343.53,343.74,343.48,343.65
1788503400000,343.68,343.73,343.42,343.42
1788504300000,343.42,343.48,343.26,343.44
1788505200000,343.44,343.63,343.32,343.62
1788506100000,343.62,343.67,343.45,343.65
1788507000000,343.57,343.69,343.44,343.55
1788507900000,343.51,343.63,343.36,343.36
1788508800000,343.2355,343.9388,342.48,342.9
1788509700000,342.86,343.5888,342.78,343.39
1788510600000,343.5795,343.845,343.2873,343.78
1788511500000,343.74,343.95,343.4,343.95
1788512400000,343.95,343.95,343.32,343.4
1788513300000,343.79,343.81,343.0832,343.31
1788514200000,343.4117,343.4459,343.1372,343.389
1788515100000,343.6,343.8,343.3545,343.6
1788516000000,343.55,343.6,343.236,343.4
1788516900000,343.39,343.5088,343.1895,343.315
1788517800000,343.3242,343.4,343.16,343.33
1788518700000,343.35,343.48,343.09,343.1058
1788519600000,343.14,343.29,342.48,343.06
1788520500000,343.03,343.45,342.9001,343.35
1788521400000,343.25,343.6402,343.1112,343.5
1788522300000,343.49,343.8588,343.475,343.72
1788523200000,343.8,343.8,342.39,342.4955
1788524100000,342.48,342.87,342.28,342.6057
1788525000000,342.61,342.93,340.64,341.4975
1788525900000,341.5,341.7,340.83,341.1666
1788526800000,341.2,341.92,341,341.8
1788527700000,341.7645,342.51,341.3,342.4
1788528600000,342.575,343.53,340.5,341.04
1788529500000,341.055,341.72,339.72,341.54
1788530400000,341.49,341.97,340.64,340.87
1788531300000,340.85,340.925,337.9,337.99
1788532200000,337.96,339.28,337.6603,338.86
1788533100000,338.895,338.98,337.57,337.72
1788534000000,337.73,337.9801,337.235,337.755
1788534900000,337.79,338.01,337.09,337.75
1788535800000,337.745,338.15,337.5,337.73
1788536700000,337.74,338.32,337.39,338.19
1788537600000,338.21,338.4,337.76,338.265
1788538500000,338.245,338.87,338.05,338.63
1788539400000,338.62,338.73,338.4096,338.65
1788540300000,338.65,338.87,338.43,338.55
1788541200000,338.5144,338.9567,338.41,338.6192
1788542100000,338.61,338.88,338.51,338.72
1788543000000,338.72,338.72,338.2001,338.36
1788543900000,338.38,338.6298,338.28,338.56
1788544800000,338.56,338.685,337.75,337.84
1788545700000,337.84,338.5999,337.84,338.44
1788546600000,338.4301,339.06,338.33,338.88
1788547500000,338.9,339.24,338.565,339.17
1788548400000,339.17,339.3499,338.8901,339.29
1788549300000,339.27,339.58,339.06,339.56
1788550200000,339.55,339.6,338.62,338.8
1788551100000,338.8,339.32,338.11,338.46
1788552000000,338.305,338.64,338.226,338.493
1788552900000,338.46,338.76,338.3062,338.6235
1788553800000,338.6527,338.9,338.5,338.8
1788554700000,338.75,338.91,338.5075,338.8828
1788555600000,338.8122,339.33,338.8122,339.3
1788556500000,339.1482,339.24,339,339.0598
1788557400000,339.0574,339.08,338.87,338.94
1788558300000,338.9471,339.15,338.9471,339.0985
1788559200000,339.05,339.11,338.88,338.93
1788560100000,339,339,338.8,338.87
1788561000000,338.92,339,338.803,338.9991
1788561900000,339,339,338.7555,338.8701
1788562800000,338.953,339.07,338.87,338.945
1788563700000,338.95,338.97,338.87,338.95
1788564600000,338.97,338.97,338.7,338.86
1788565500000,338.85,338.95,338.7,338.7937
1788570000000,338.83,338.83,338.83,338.83
1788571800000,338.83,338.83,338.83,338.83
1788573600000,338.92,338.92,338.92,338.92
1788579000000,338.87,338.87,338.87,338.87
1788580800000,338.94,338.94,338.94,338.94
1788583500000,338.79,338.79,338.16,338.16
1788586200000,338.99,339.06,338.99,339.06
1788589800000,338.8,339.03,338.8,339.03
1788591600000,338.93,338.93,338.93,338.93
1788593400000,339.02,339.02,339.02,339.02
1788595200000,338.62,338.62,338.62,338.62
1788596100000,338.51,338.51,338.51,338.51
1788597900000,338.53,338.53,338.5,338.5
1788599700000,338.68,338.68,338.68,338.68
1788600600000,338.74,338.74,338.74,338.74
1788606900000,338.74,338.74,338.74,338.74
1788608700000,338.74,338.77,338.74,338.77
1788611400000,338.77,338.88,338.77,338.88
1788613200000,338.72,338.72,338.72,338.72
1788615000000,338.72,338.72,338.69,338.69
1788618600000,338.71,338.72,338.47,338.6
1788619500000,338.6,338.6,338.6,338.6
1788620400000,338.6,338.6,338.6,338.6
1788621300000,338.6,338.6,338.6,338.6
1788622200000,338.6,338.6,338.6,338.6
1788623100000,338.6,338.6,338.6,338.6
1788624900000,338.6,338.61,338.45,338.55
1788625800000,338.45,338.45,338.44,338.44
1788626700000,338.54,338.55,338.54,338.55
1788627600000,338.54,338.55,338.54,338.55
1788628500000,338.55,338.55,338.39,338.43
1788629400000,338.43,338.55,338.43,338.55
1788630300000,338.55,338.56,338.55,338.56
1788631200000,338.56,338.61,338.56,338.61
1788632100000,338.61,338.61,338.61,338.61
1788633000000,338.64,338.64,338.64,338.64
1788635700000,338.64,338.67,338.64,338.67
1788637500000,338.67,338.67,338.67,338.67
1788638400000,338.67,338.67,338.67,338.67
1788642900000,338.42,338.42,338.41,338.41
1788643800000,338.48,338.49,338.48,338.48
1788649200000,338.48,338.49,338.48,338.48
1788650100000,338.48,338.67,338.48,338.67
1788654600000,338.67,338.67,338.67,338.67
1788655500000,338.67,338.67,338.67,338.67
1788656400000,338.67,338.67,338.67,338.67
1788658200000,338.67,338.67,338.67,338.67
1788665400000,338.67,338.67,338.67,338.67
1788667200000,338.67,338.67,338.67,338.67
1788671700000,338.67,338.67,338.67,338.67
1788672600000,338.67,338.67,338.67,338.67
1788674400000,338.67,338.67,338.67,338.67
1788678000000,338.67,338.69,338.67,338.67
1788678900000,338.69,338.69,338.39,338.44
1788681600000,338.68,338.68,338.68,338.68
1788684300000,338.69,338.69,338.69,338.69
1788685200000,338.69,338.69,338.69,338.69
1788687900000,338.68,338.68,337.99,337.99
1788688800000,338.19,338.19,338.19,338.19
1788691500000,338.19,338.19,337.91,338.12
1788693300000,338.12,338.13,337.92,338.12
1788694200000,338.12,338.12,338.12,338.12
1788696000000,338.12,338.29,338.12,338.29
1788696900000,338.29,338.29,338.29,338.29
1788697800000,338.29,338.29,337.91,337.91
1788699600000,338.25,338.25,338.18,338.18
1788701400000,338.18,338.18,338.18,338.18
1788704100000,338.18,338.18,338.18,338.18
1788705000000,338.18,338.18,338.01,338.18
1788706800000,338.18,338.18,338.18,338.18
1788707700000,338.01,338.03,338.01,338.01
1788708600000,338.01,338.01,338.01,338.01
1788709500000,338.17,338.17,338.17,338.17
1788710400000,338.17,338.17,338.17,338.17
1788714900000,338.02,338.02,338.02,338.02
1788715800000,338.17,338.18,338.17,338.18
1788717600000,338.18,338.18,338.18,338.18
1788719400000,338.02,338.02,338.02,338.02
1788721200000,338.17,338.17,338.17,338.17
1788723000000,338.17,338.18,338.17,338.18
1788723900000,338.17,338.18,338.17,338.18
1788724800000,338.18,338.18,338.18,338.18
1788728400000,338.18,338.18,338.18,338.18
1788732000000,338.18,338.18,338.18,338.18
1788737400000,338.18,338.18,338.11,338.11
1788738300000,338.09,338.25,337.98,337.98
1788742800000,337.93,337.93,336.82,336.82
1788743700000,336.74,336.74,336.2,336.36
1788744600000,336.36,336.52,336.36,336.52
1788745500000,336.52,336.57,336.52,336.57
1788746400000,336.57,336.7,336.57,336.7
1788747300000,336.7,336.82,336.7,336.82
1788749100000,336.82,336.87,336.82,336.87
1788750000000,336.87,336.9,336.87,336.9
1788750900000,336.9,337.15,336.9,337.15
1788751800000,337.15,337.34,337.15,337.34
1788752700000,337.36,337.36,337.36,337.36
1788753600000,337.36,337.36,337.36,337.36
1788755400000,337.36,337.49,337.36,337.49
1788756300000,337.63,337.63,337.63,337.63
1788757200000,337.63,337.63,337.63,337.63
1788758100000,337.63,337.63,337.63,337.63
1788759000000,337.63,337.63,337.63,337.63
1788759900000,337.51,337.51,337.51,337.51
1788760800000,337.51,337.63,337.51,337.63
1788762600000,337.62,337.63,337.62,337.63
1788763500000,337.63,337.8,337.51,337.8
1788768000000,337.8,338.37,337.8,338.37
1788771600000,338.37,338.37,337.58,337.58
1788772500000,337.58,338.37,337.57,338.37
1788773400000,337.97,338.62,337.97,338.62
1788774300000,338.23,338.23,338.23,338.23
1788780600000,338.13,338.16,338.13,338.16
1788783300000,338.23,338.23,337.81,337.82
1788784200000,337.58,337.58,337.58,337.58
1788786000000,337.58,337.58,337.58,337.58
1788786900000,337.58,337.58,337.57,337.57
1788791400000,337.79,337.79,337.79,337.79
1788792300000,337.79,337.79,337.79,337.79
1788793200000,338.04,338.04,337.95,338.04
1788794100000,338.04,338.26,338.04,338.26
1788795000000,338.27,338.27,337.8,337.8
1788795900000,337.86,337.86,337.86,337.86
1788796800000,338.09,338.1,338.09,338.1
1788798600000,338.1,338.1,338.09,338.09
1788799500000,337.93,337.94,337.93,337.94
1788802200000,338.11,338.11,338.11,338.11
1788803100000,338.1,338.24,338.1,338.24
1788804000000,338.23,338.23,337.52,337.52
1788810300000,338.26,338.38,337.91,338.18
1788811200000,338.17,338.17,338.17,338.17
1788816600000,337.68,337.68,337.68,337.68
1788819300000,338.15,338.15,338.15,338.15
1788822000000,337.51,337.51,337.5,337.5
1788825600000,339.06,339.4,337.14,337.32
1788826500000,337.28,337.91,337.11,337.77
1788827400000,337.77,338.24,337.72,338.09
1788828300000,338.09,338.12,337.52,337.59
1788829200000,337.59,337.75,337.4,337.69
1788830100000,337.68,338,337.67,337.89
1788831000000,337.85,338.05,337.4,337.89
1788831900000,337.82,338.37,337.8,338.37
1788832800000,338.38,338.69,338.34,338.69
1788833700000,338.65,338.65,338.4,338.41
1788834600000,338.41,338.58,338.32,338.34
1788835500000,338.33,338.35,337.94,337.98
1788836400000,337.94,338.26,337.9,338.15
1788837300000,338.15,338.24,338.06,338.21
1788838200000,338.21,338.3,337.97,337.98
1788839100000,337.99,338.13,337.81,338.06
1788840000000,338.04,338.28,338,338.23
1788840900000,338.23,338.52,338.17,338.5
1788841800000,338.47,338.73,338.46,338.67
1788842700000,338.67,338.81,338.5,338.5
1788843600000,338.5,338.5,337.84,337.84
1788844500000,337.85,338.18,337.69,337.69
1788845400000,337.7,337.8,337.37,337.4
1788846300000,337.4,337.44,337.19,337.19
1788847200000,337.17,337.27,337.03,337.12
1788848100000,337.12,337.28,337,337.22
1788849000000,337.24,337.26,336.89,336.94
1788849900000,336.94,337.13,336.94,337.06
1788850800000,337.06,337.32,337,337.02
1788851700000,337.03,337.25,337,337.14
1788852600000,337.14,337.14,336.87,337.07
1788853500000,336.95,337.11,336.87,336.87
1788854400000,337.11,338.812,336.5224,336.7885
1788855300000,336.79,336.96,336.52,336.85
1788856200000,336.87,336.9,336.55,336.7869
1788857100000,336.7744,336.85,336.45,336.49
1788858000000,336.49,336.7,336.44,336.6
1788858900000,336.62,336.7,336.55,336.6984
1788859800000,336.7,336.9955,336.61,336.7487
1788860700000,336.75,337.1788,336.7237,337.17
1788861600000,337.17,337.4988,337.11,337.3
1788862500000,337.27,337.5997,336.99,337.1
1788863400000,337.05,337.1,336.8037,336.8439
1788864300000,336.8474,336.8474,336.3,336.3
1788865200000,336.37,336.5,335.72,335.9637
1788866100000,335.9637,336.37,335.82,336.1
1788867000000,336.09,336.23,335.84,336.1424
1788867900000,336.1732,336.65,336.05,336.4487
1788868800000,336.3647,336.45,335.9,335.9992
1788869700000,335.9947,336.31,335.87,336.1527
1788870600000,336.18,336.43,336.08,336.2345
1788871500000,336.15,336.4,336,336.4
1788872400000,336.36,336.45,336.02,336.37
1788873300000,336.4,336.44,335.03,335.44
1788874200000,335.38,336.99,334.74,335.31
1788875100000,335.3,335.37,333.5,333.9109
1788876000000,333.905,334.65,333.22,333.48
1788876900000,333.4689,334.91,333.43,334.63
1788877800000,334.6407,336.37,334.31,336.27
1788878700000,336.27,337.7,336.07,337.112
1788879600000,337.13,337.9599,337.0628,337.76
1788880500000,337.8,338.61,337.4033,338.27
1788881400000,338.27,338.7,338.0803,338.55
1788882300000,338.64,338.78,338.14,338.515
1788883200000,338.49,338.76,337.98,338.14
1788884100000,338.14,338.945,338.115,338.5207
1788885000000,338.53,338.71,338.1602,338.71
1788885900000,338.71,339.28,338.37,338.67
1788886800000,338.67,339.505,338.64,338.82
1788887700000,338.82,339.455,338.502,339.31
1788888600000,339.29,339.665,338.66,338.7
1788889500000,338.725,339.515,338.52,338.76
1788890400000,338.77,338.84,337.93,338.165
1788891300000,338.165,338.26,337.845,338.085
1788892200000,338.1,338.42,337.8148,338.265
1788893100000,338.31,338.46,337.26,337.79
1788894000000,337.7851,338.105,337.115,337.275
1788894900000,337.27,337.76,337,337.69
1788895800000,337.68,338.475,337.32,338.29
1788896700000,338.3,338.645,337.79,338.36
1788897600000,338.46,338.5496,338.0582,338.3398
1788898500000,338.34,338.36,336.5,337.7
1788899400000,337.7,338.16,337.67,338.0999
1788900300000,337.91,338.43,337.9,338.28
1788901200000,338.04,338.71,338.03,338.53
1788902100000,338.505,338.58,338.16,338.5
1788903000000,338.37,339.3143,337.4521,338.4658
1788903900000,338.49,338.49,338.3012,338.395
1788904800000,338.35,338.59,338.2537,338.5
1788905700000,338.5975,338.89,338.5,338.83
1788906600000,338.8461,338.93,338.68,338.9
1788907500000,338.9,339.266,338.79,339.18
1788908400000,339.2339,339.26,338.6872,338.9597
1788909300000,338.88,339.01,338.54,338.7155
1788910200000,338.72,338.7596,338.51,338.6
1788911100000,338.72,338.75,338.33,338.45
1788912000000,338.5,339.26,338.42,338.95
1788912900000,339,339,338.77,338.9
1788913800000,338.92,338.97,338.82,338.97
1788914700000,338.95,339.17,338.95,339.16
1788915600000,339.14,339.21,339,339
1788916500000,339.04,339.22,338.98,339.15
1788917400000,339.14,339.19,339,339.06
1788918300000,339.1,339.23,339.08,339.2
1788919200000,339.2,339.43,339.2,339.25
1788920100000,339.25,339.38,339.18,339.31
1788921000000,339.31,339.38,339.25,339.38
1788921900000,339.31,339.33,339.05,339.15
1788922800000,339.22,339.22,339.04,339.12
1788923700000,339.12,339.3,339.12,339.3
1788924600000,339.3,339.39,339.15,339.18
1788925500000,339.15,339.32,339.06,339.29
1788926400000,339.33,339.36,339.23,339.23
1788927300000,339.21,339.44,339.2,339.44
1788928200000,339.39,339.65,339.38,339.58
1788929100000,339.62,339.69,339.5,339.62
1788930000000,339.66,339.66,339.42,339.55
1788930900000,339.51,339.51,339.2,339.2
1788931800000,339.26,339.35,339.17,339.25
1788932700000,339.23,339.63,339.23,339.63
1788933600000,339.64,339.71,339.47,339.54
1788934500000,339.54,339.57,339.35,339.46
1788935400000,339.48,339.64,339.35,339.61
1788936300000,339.53,339.57,339.31,339.35
1788937200000,339.33,339.61,339.18,339.45
1788938100000,339.39,339.55,339.09,339.53
1788939000000,339.51,339.53,339.17,339.18
1788939900000,339.25,339.25,339,339
1788940800000,339.3515,339.74,338.36,338.68
1788941700000,338.6,338.7155,338.38,338.6788
1788942600000,338.6,338.75,338.3512,338.3512
1788943500000,338.4,338.7588,338.36,338.42
1788944400000,338.4,338.71,338.2135,338.32
1788945300000,338.32,338.4511,338.15,338.163
1788946200000,338.36,338.3988,337.83,337.83
1788947100000,337.7887,338.0888,336,336.13
1788948000000,336.14,336.4688,335.26,335.3
1788948900000,335.46,336.25,334.22,334.67
1788949800000,334.54,335.2888,334.25,335
1788950700000,335,335.36,334.57,334.8
1788951600000,334.775,335.02,333.33,333.6167
1788952500000,333.6,333.66,330.85,332.6505
1788953400000,332.56,332.91,330.98,331.03
1788954300000,331.03,331.37,330.31,330.86
1788955200000,330.93,331.24,329.72,330.05
1788956100000,330.02,331.09,329.95,331
1788957000000,330.92,331.4997,330.74,331.4261
1788957900000,331.43,332,331.35,331.6
1788958800000,331.5981,331.93,330.7,330.79
1788959700000,330.84,331.84,330.29,331.71
1788960600000,331.69,331.85,328.15,329.1501
1788961500000,329.165,329.77,328.47,329.375
1788962400000,329.375,330.5,327.9,330.41
1788963300000,330.405,331.235,329.91,330.88
1788964200000,330.81,330.85,329.5,330.22
1788965100000,330.2001,330.66,329.55,329.62
1788966000000,329.68,329.72,327.985,328.15
1788966900000,328.175,329.46,328.15,329.03
1788967800000,329.06,329.7,328.99,329.35
1788968700000,329.345,330.17,329.33,329.55
1788969600000,329.555,329.74,329,329.4
1788970500000,329.4,329.69,329.13,329.54
1788971400000,329.54,329.7899,329.42,329.69
1788972300000,329.72,330.25,329.59,330.13
1788973200000,330.11,331,330.11,330.94
1788974100000,330.93,331.71,330.91,331.135
1788975000000,331.13,331.56,330.8,330.87
1788975900000,330.86,330.935,330.58,330.64
1788976800000,330.64,330.69,330.15,330.37
1788977700000,330.38,330.6684,330.23,330.465
1788978600000,330.46,330.695,329.87,330.48
1788979500000,330.49,330.56,330.22,330.3599
1788980400000,330.34,330.83,330.2,330.545
1788981300000,330.55,331.56,330.305,331.28
1788982200000,331.2799,331.2799,330.2141,330.705
1788983100000,330.7,330.87,330.12,330.65
1788984000000,330.69,331.06,330.47,330.9
1788984900000,330.85,331.06,330.65,330.92
1788985800000,330.91,331.36,330.85,331.2782
1788986700000,331.2795,331.28,331.06,331.1564
1788987600000,331.17,331.35,330.6842,331.3
1788988500000,331.3,331.3,330.4078,331.2188
1788989400000,331.18,331.26,331.0217,331.159
1788990300000,331.16,331.2,330.942,330.95
1788991200000,330.9892,331.1942,330.85,330.9984
1788992100000,330.9968,331.1,330.95,331
1788993000000,330.999,331.1,330.9203,331.05
1788993900000,331.05,331.1,330.9,330.99
1788994800000,330.9539,330.99,330.9,330.93
1788995700000,330.93,331.1,330.87,331.0075
1788996600000,331.04,331.07,330.8025,330.84
1788997500000,330.85,331,330.81,330.92
1788998400000,330.86,331.35,330.74,331.21
1788999300000,331.25,331.38,331.08,331.29
1789000200000,331.33,331.35,331.15,331.29
1789001100000,331.23,331.25,330.44,330.45
1789002000000,330.45,330.49,330.2,330.33
1789002900000,330.32,330.67,330.27,330.27
1789003800000,330.31,330.53,330.14,330.53
1789004700000,330.53,330.6,330.31,330.5
1789005600000,330.51,330.61,330.33,330.51
1789006500000,330.5,330.58,330.43,330.55
1789007400000,330.51,330.89,330.51,330.89
1789008300000,330.89,330.95,330.76,330.94
1789009200000,330.94,331.11,330.93,331.05
1789010100000,331.05,331.17,331.04,331.08
1789011000000,331.1,331.21,331.03,331.05
1789011900000,331.05,331.16,330.86,330.86
1789012800000,330.95,331.21,330.95,331.12
1789013700000,331.12,331.4,331.09,331.4
1789014600000,331.38,331.43,331.18,331.38
1789015500000,331.41,331.48,331.34,331.36
1789016400000,331.36,331.41,331.21,331.41
1789017300000,331.42,331.44,331.31,331.44
1789018200000,331.45,331.54,331.37,331.54
1789019100000,331.54,331.67,331.4,331.43
1789020000000,331.5,331.69,331.23,331.23
1789020900000,331.26,331.5,331.2,331.49
1789021800000,331.52,331.66,331.48,331.59
1789022700000,331.62,331.64,331.34,331.39
1789023600000,331.38,331.43,331.11,331.29
1789024500000,331.28,331.29,331.13,331.16
1789025400000,331.16,331.35,331,331.29
1789026300000,331.27,331.33,331.2,331.23
1789027200000,331.3,331.8,330.65,331.5475
1789028100000,331.6657,331.7047,331.27,331.4911
1789029000000,331.4,331.5,331.3,331.3464
1789029900000,331.339,331.36,331,331.07
1789030800000,331.2,331.304,331.0037,331.13
1789031700000,331.38,331.4588,331,331.06
1789032600000,331.06,331.07,330.7027,330.8
1789033500000,330.8,330.9953,330.64,330.7
1789034400000,330.68,330.7,330.65,330.6879
1789035300000,330.688,332.6,330.6,331.42
1789036200000,331.42,331.9887,331,331.65
1789037100000,331.66,332,331.5097,331.74
1789038000000,331.67,331.9,331.24,331.344
1789038900000,331.35,331.6,331.3348,331.5
1789039800000,331.5585,332.31,331.5015,331.71
1789040700000,331.71,331.95,330.8,330.9
1789041600000,330.98,331.29,330.01,330.7308
1789042500000,330.7367,330.75,330.055,330.3
1789043400000,330.05,330.65,328.8,329.21
1789044300000,329.29,329.4,328.0603,328.08
1789045200000,328.17,329,328.1,328.6837
1789046100000,328.61,329.25,327.77,328.18
1789047000000,328.01,330.45,327.7465,328.78
1789047900000,328.81,329.36,328.08,328.13
1789048800000,328.14,329.46,328.055,329.18
1789049700000,329.1601,331.2,328.88,330.7511
1789050600000,330.77,331.7,330.6536,330.92
1789051500000,330.89,331.38,330.71,331.175
1789052400000,331.19,331.33,330.41,330.6839
1789053300000,330.68,330.955,329.9,329.985
1789054200000,329.96,330.5194,329.33,330.355
1789055100000,330.35,330.79,329.74,329.9
1789056000000,329.9,330.77,329.8714,330.27
1789056900000,330.21,331.005,330.1401,330.56
1789057800000,330.55,331.32,330.3,331.2001
1789058700000,331.2,332,331.2,331.86
1789059600000,331.87,332.2,330.9792,331.665
1789060500000,331.665,332.39,331.58,331.78
1789061400000,331.78,332.04,331.3,331.975
1789062300000,331.9999,332.17,331.67,331.81
1789063200000,331.78,332.285,331.54,332.12
1789064100000,332.11,332.16,331.72,331.7679
1789065000000,331.76,332.14,331.64,332.015
1789065900000,332.015,332.55,331.645,332.0828
1789066800000,332.03,332.83,331.92,332.67
1789067700000,332.7,332.78,332.19,332.4208
1789068600000,332.43,333.11,332.215,333.11
1789069500000,333.12,333.23,332.47,332.6
1789070400000,332.66,332.75,332.1897,332.394
1789071300000,332.55,332.6565,332.05,332.2199
1789072200000,332.208,332.4,332,332.27
1789073100000,332.3323,332.38,332.11,332.38
1789074000000,332.23,334.0883,331.3902,332.1504
1789074900000,334.0883,334.0883,331.6,331.6108
1789075800000,331.6,331.78,331.2822,331.32
1789076700000,331.33,331.8248,331.32,331.7349
1789077600000,331.56,331.9,331.5182,331.8
1789078500000,331.68,331.88,331.508,331.65
1789079400000,331.76,331.88,331.42,331.71
1789080300000,331.773,331.8,331.5012,331.7814
1789081200000,331.7122,331.85,331.68,331.81
1789082100000,331.81,331.85,331.42,331.62
1789083000000,331.62,331.76,331.5,331.65
1789083900000,331.66,331.7,331,331.1999
1789084800000,331.58,331.87,331,331.76
1789085700000,331.75,331.97,331.56,331.8
1789086600000,331.8,331.93,331.59,331.74
1789087500000,331.83,332.11,331.83,331.97
1789088400000,332.04,332.3,332.02,332.15
1789089300000,332.17,332.23,331.79,331.79
1789090200000,331.79,331.95,331.53,331.58
1789091100000,331.55,331.84,331.49,331.83
1789092000000,331.84,331.95,331.73,331.95
1789092900000,331.94,331.94,331.73,331.86
1789093800000,331.89,331.9,331.56,331.56
1789094700000,331.58,331.79,331.55,331.64
1789095600000,331.63,331.68,331.38,331.47
1789096500000,331.47,331.59,331.28,331.28
1789097400000,331.28,331.39,330.96,331.39
1789098300000,331.35,331.35,331.01,331.15
1789099200000,331.15,331.36,331.04,331.34
1789100100000,331.32,331.52,331.25,331.52
1789101000000,331.43,331.57,331.34,331.48
1789101900000,331.48,331.68,331.38,331.49
1789102800000,331.48,331.66,331.45,331.58
1789103700000,331.6,331.66,331.4,331.44
1789104600000,331.44,331.77,331.43,331.76
1789105500000,331.67,332.24,331.66,332.19
1789106400000,332.15,332.24,331.93,332.24
1789107300000,332.24,332.3,331.96,331.96
1789108200000,331.99,332.27,331.93,332.23
1789109100000,332.27,332.8,332.25,332.8
1789110000000,332.8,333.15,332.8,333.13
1789110900000,333.11,333.33,333.03,333.15
1789111800000,333.12,333.17,333,333.11
1789112700000,333.08,333.1,332.74,332.74
1789113600000,333.01,333.31,331.03,332.9984
1789114500000,333,333.69,332.9752,333.4033
1789115400000,333.3,333.69,333.2162,333.6052
1789116300000,333.68,334.1853,333.6185,334.11
1789117200000,334.17,334.2,333.77,333.92
1789118100000,333.84,333.93,333.68,333.68
1789119000000,333.68,333.9627,333.5078,333.65
1789119900000,333.68,333.97,333.59,333.84
1789120800000,333.82,334.0948,333.6899,333.78
1789121700000,333.77,333.88,333.73,333.85
1789122600000,333.83,334.1969,333.746,334.19
1789123500000,334.19,334.33,334.12,334.19
1789124400000,334.195,334.49,333.87,334.4232
1789125300000,334.36,334.66,334.1648,334.66
1789126200000,334.6515,334.88,334.35,334.4782
1789127100000,334.47,334.65,334.1257,334.3288
1789128000000,334.19,334.36,333.36,333.8244
1789128900000,333.8284,334.39,333.5,334.346
1789129800000,334.39,334.69,332.7,334.385
1789130700000,334.35,335.4,334.21,335.37
1789131600000,335.33,335.63,334.5,334.89
1789132500000,334.88,335.27,334.22,335
1789133400000,335.065,340.72,335.065,338.33
1789134300000,338.365,338.95,337.5401,338.23
1789135200000,338.165,339.42,337.53,338.93
1789136100000,338.95,340.61,338.92,340.055
1789137000000,340.08,340.45,339.32,340
1789137900000,340,340.38,339.48,340.19
1789138800000,340.2,342.32,340.04,342.2501
1789139700000,342.2701,342.97,341.626,342.09
1789140600000,342.04,342.1399,341.28,341.3975
1789141500000,341.3602,341.86,340.93,341.42
1789142400000,341.36,341.8,341.26,341.53
1789143300000,341.53,341.669,340.1271,340.14
1789144200000,340.22,340.6882,340,340.65
1789145100000,340.65,341.06,340.39,340.715
1789146000000,340.74,341.2394,340.66,341.13
1789146900000,341.135,341.41,340.73,340.73
1789147800000,340.725,341.07,340.5,340.555
1789148700000,340.54,340.63,340.15,340.2094
1789149600000,340.21,340.73,339.201,339.47
1789150500000,339.478,339.68,339.11,339.56
1789151400000,339.5601,339.59,339.035,339.065
1789152300000,339.07,339.165,338.66,338.845
1789153200000,338.86,339.185,338.7903,339.07
1789154100000,339.07,339.2995,338.85,339.0899
1789155000000,339.08,339.18,338.56,338.74
1789155900000,338.72,339.195,338.09,338.5
1789156800000,338.42,342.81,338.22,338.41
1789157700000,338.5,342.81,338.07,342.81
1789158600000,342.81,342.81,338.15,338.31
1789159500000,338.31,338.7,338.23,338.56
1789160400000,338.5,338.61,338.35,338.5
1789161300000,338.5,338.5,338.35,338.4
1789162200000,338.35,338.5,338.35,338.4079
1789163100000,338.41,338.65,338.4,338.5
1789164000000,338.5,338.64,338.4,338.4025
1789164900000,338.45,338.5,338.373,338.4
1789165800000,338.3995,338.49,338.3,338.4872
1789166700000,338.49,338.49,338.23,338.23
1789167600000,338.29,338.44,338.17,338.39
1789168500000,338.2294,338.4537,338.18,338.2505
1789169400000,338.25,338.46,338.15,338.3012
1789170300000,338.31,338.44,338.19,338.3675
1789173000000,338.54,338.54,338.54,338.54
1789175700000,338.22,338.22,338.21,338.21
1789176600000,338.55,338.55,338.54,338.55
1789177500000,338.54,338.75,338.15,338.15
1789178400000,338.16,338.16,338.16,338.16
1789180200000,338.68,338.68,338.68,338.68
1789181100000,338.69,338.78,338.18,338.18
1789182000000,338.18,338.82,338.18,338.82
1789183800000,338.76,338.76,338.76,338.76
1789186500000,338.83,338.83,338.83,338.83
1789187400000,338.83,338.92,338.32,338.48
1789188300000,338.81,338.91,338.39,338.39
1789189200000,338.53,338.53,338.53,338.53
1789191000000,338.89,338.91,338.89,338.91
1789194600000,338.87,338.87,338.87,338.87
1789195500000,338.87,338.87,338.87,338.87
1789201800000,338.91,338.92,338.24,338.24
1789202700000,338.28,339.17,338.15,338.15
1789204500000,338.86,338.96,338.16,338.96
1789205400000,338.9,338.99,338.9,338.99
1789206300000,339.01,339.28,339.01,339.28
1789209900000,338.97,338.98,338.79,338.98
1789210800000,338.83,339.07,338.8,338.86
1789211700000,338.96,339.23,338.78,338.79
1789212600000,339.02,339.33,338.78,338.78
1789215300000,338.94,338.94,338.94,338.94
1789217100000,339.11,339.13,339.08,339.09
1789218000000,339.17,339.17,339.08,339.08
1789219800000,338.75,339.18,338.74,339.18
1789221600000,338.81,339.44,338.81,339.32
1789223400000,339.39,339.39,339.39,339.39
1789225200000,339.4,339.4,339.12,339.12
1789226100000,339.12,339.27,339.01,339.01
1789227000000,339.01,339.01,339.01,339.01
1789227900000,339.29,339.29,339.29,339.29
1789228800000,339.29,339.3,339.29,339.3
1789234200000,339.31,339.31,339.31,339.31
1789236000000,339.31,339.39,339.31,339.39
1789236900000,339.44,339.72,339.44,339.72
1789237800000,339.51,339.91,339.51,339.91
1789238700000,339.95,339.95,339.95,339.95
1789239600000,339.99,339.99,339.99,339.99
1789240500000,340.1,340.18,340.1,340.18
1789241400000,340.23,340.36,340.2,340.27
1789242300000,340.37,340.58,340.26,340.58
1789243200000,340.58,340.58,340.58,340.58
1789245900000,340.58,340.62,340.58,340.62
1789246800000,340.66,340.74,340.66,340.74
1789250400000,340.84,341.04,340.79,341.04
1789251300000,341.13,341.13,341.05,341.05
1789252200000,341.17,341.17,341.17,341.17
1789254900000,341.03,341.18,341.03,341.18
1789255800000,340.86,341.06,340.86,341.06
1789256700000,340.86,340.86,340.86,340.86
1789257600000,340.86,340.88,340.7,340.7
1789258500000,340.7,340.7,340.33,340.33
1789260300000,340.2,340.2,340.2,340.2
1789261200000,340.2,340.32,340.13,340.13
1789263000000,340.34,340.34,340.34,340.34
1789263900000,340.37,340.66,340.36,340.66
1789264800000,340.65,341.21,340.65,341.21
1789265700000,341.21,341.32,341.21,341.32
1789268400000,341.23,341.23,341.23,341.23
1789269300000,341.23,341.23,341.21,341.21
1789272900000,341.21,341.21,341.07,341.07
1789273800000,341.07,341.07,340.98,340.98
1789275600000,341.17,341.17,341.17,341.17
1789276500000,341.18,341.18,340.78,340.78
1789277400000,340.78,340.78,340.55,340.74
1789278300000,340.74,340.77,340.54,340.54
1789279200000,340.54,340.54,340.47,340.47
1789280100000,340.54,340.54,340.38,340.38
1789281000000,340.25,340.25,340.24,340.24
1789282800000,340.24,340.24,339.89,339.89
1789283700000,339.89,339.89,339.35,339.35
1789284600000,339.18,339.18,337.25,338.93
1789290000000,338.29,338.29,338.29,338.29
1789290900000,338.28,338.29,337.82,337.82
1789291800000,337.81,337.81,336.9,336.9
1789292700000,336.88,336.88,336.48,336.55
1789293600000,336.83,337.13,336.67,337.13
1789294500000,337.09,337.09,337.09,337.09
1789295400000,337.02,337.02,337.02,337.02
1789297200000,337.09,338.5,337.09,338.49
1789298100000,338.49,338.89,338.49,338.89
1789299000000,338.83,339.08,338.83,339.08
1789299900000,338.36,338.45,338.36,338.45
1789300800000,338.35,338.45,338.34,338.45
1789301700000,338.41,338.41,338.34,338.34
1789303500000,338.32,338.36,338.31,338.31
1789304400000,338.32,338.32,338.32,338.32
1789305300000,338.32,338.32,338.31,338.32
1789306200000,338.34,338.34,337.79,337.79
1789307100000,338.26,338.31,337.89,337.93
1789308000000,338.44,338.44,338.44,338.44
1789308900000,338.38,338.4,336.78,336.78
1789309800000,337.06,337.06,336.65,336.65
1789310700000,336.78,336.93,336.78,336.93
1789311600000,336.93,336.99,336.93,336.99
1789312500000,336.99,337.02,336.99,337.01
1789313400000,336.92,337.02,336.92,337.02
1789315200000,337.02,337.06,337.02,337.06
1789316100000,337.06,337.06,337.06,337.06
1789317000000,337.06,337.06,337.06,337.06
1789318800000,337.06,337.06,337.06,337.06
1789320600000,337.05,337.05,337.05,337.05
1789322400000,337.05,337.05,336.79,336.79
1789326000000,336.96,336.96,336.89,336.89
1789326900000,337.06,337.06,337.06,337.06
1789328700000,337.06,337.06,337.06,337.06
1789329600000,337.06,337.06,337.06,337.06
1789330500000,337.06,337.28,337.06,337.28
1789335900000,337.96,338.28,337.96,338.28
1789336800000,337.2,337.2,336.95,336.95
1789337700000,336.94,336.94,336.94,336.94
1789338600000,337.15,338.05,337.15,338.05
1789339500000,337.88,337.88,337.37,337.37
1789340400000,337.32,337.32,336.6,336.6
1789341300000,336.88,336.96,336.88,336.96
1789342200000,336.96,337.05,336.96,337.05
1789344000000,336.85,337.48,336.06,336.62
1789344900000,336.65,336.73,335.21,335.4
1789345800000,335.4,335.79,334.14,334.58
1789346700000,334.67,335.35,334.63,334.95
1789347600000,334.86,335,334.65,334.66
1789348500000,334.63,334.87,334.45,334.87
1789349400000,334.87,335.31,334.84,335
1789350300000,335.01,336.16,335,335.93
1789351200000,335.93,336.17,335.77,335.99
1789352100000,335.99,336.49,335.9,336.25
1789353000000,336.16,336.32,335.63,335.66
1789353900000,335.81,336.1,335.81,335.94
1789354800000,335.92,336.42,335.8,336
1789355700000,335.93,336,335.65,335.83
1789356600000,335.83,335.88,335.64,335.7
1789357500000,335.7,335.8,335.58,335.64
1789358400000,335.63,335.79,335.53,335.62
1789359300000,335.6,335.88,335.5,335.88
1789360200000,335.82,335.83,335.56,335.68
1789361100000,335.69,336.01,335.6,335.61
1789362000000,335.61,335.71,335.46,335.49
1789362900000,335.5,335.58,335,335.27
1789363800000,335.26,335.43,335,335.33
1789364700000,335.37,336.35,335.37,336.26
1789365600000,336.28,336.73,336.03,336.51
1789366500000,336.48,336.65,336.15,336.43
1789367400000,336.43,336.45,335.98,336.09
1789368300000,335.99,336.22,335.83,336.01
1789369200000,335.99,336.03,335.31,335.7
1789370100000,335.69,335.91,335.27,335.9
1789371000000,335.9,336.08,335.61,335.89
1789371900000,335.88,335.89,335.41,335.54
1789372800000,335.86,336.7662,334.82,336.3
1789373700000,336.3244,336.69,336.01,336.06
1789374600000,336.0492,336.41,335.8287,336.2072
1789375500000,336.28,336.48,335.7035,336.09
1789376400000,336.07,336.1388,334.971,335.5
1789377300000,335.5,335.95,335.2212,335.9411
1789378200000,335.8059,335.95,335.458,335.7158
1789379100000,335.6476,336,335.3703,335.54
1789380000000,335.35,336.24,335.35,336.07
1789380900000,336.07,337.43,335.91,337.34
1789381800000,337.34,340.24,337.24,339.96
1789382700000,339.89,340.21,339.47,339.95
1789383600000,339.94,345.5,339.8,345.46
1789384500000,345.1956,346.53,343.13,343.85
1789385400000,343.82,344.97,342.55,344.84
1789386300000,344.84,345.099,344.3,344.9
1789387200000,344.8199,345.1,344.4,344.41
1789388100000,344.4008,344.87,343.0014,343.3163
1789389000000,343.43,344.11,341.89,341.96
1789389900000,341.9442,343.62,341.49,343.59
1789390800000,343.6,343.75,342.47,342.5
1789391700000,342.5,344.33,342.13,343.07
1789392600000,343.215,345.365,342.28,345.35
1789393500000,345.35,347.28,344.38,346.52
1789394400000,346.565,347.14,344.65,345.15
1789395300000,345.155,345.69,342.75,344.14
1789396200000,344.14,344.294,343.31,344.135
1789397100000,344.135,345.3599,344.045,345.184
1789398000000,345.14,345.76,344.08,345.535
1789398900000,345.56,346.07,344.99,345.45
1789399800000,345.43,345.99,344.698,345.6582
1789400700000,345.68,346.07,345.22,345.305
1789401600000,345.315,346.1199,344.955,345.84
1789402500000,345.85,346.6,345.85,346.08
1789403400000,346.07,347.275,346.06,346.73
1789404300000,346.72,347.87,346.21,347.69
1789405200000,347.6701,347.72,346.71,346.78
1789406100000,346.78,348.16,346.685,348.05
1789407000000,348.03,349.65,348.02,348.8578
1789407900000,348.83,349.88,348.83,349.26
1789408800000,349.23,349.9,348.46,348.63
1789409700000,348.58,349.13,346.66,347.695
1789410600000,347.73,348.57,346.735,346.94
1789411500000,346.9,347.9205,346.69,347.38
1789412400000,347.38,347.59,346.97,347.4
1789413300000,347.335,348.64,346.83,348.585
1789414200000,348.585,348.83,347.95,348.285
1789415100000,348.285,349.585,348.23,349.39
1789416000000,349.42,349.515,347.99,348.4272
1789416900000,348.5,349.39,348.115,348.2077
1789417800000,348.17,348.43,348.07,348.28
1789418700000,348.2936,348.5,348.28,348.4
1789419600000,348.4009,348.695,348.2001,348.2889
1789420500000,348.2139,348.4557,347.74,347.9547
1789421400000,347.96,347.9788,347.75,347.87
1789422300000,347.91,348.08,347.75,347.92
1789423200000,347.99,348.27,347.8,347.84
1789424100000,347.85,347.89,347.41,347.5
1789425000000,347.51,347.57,347.3936,347.43
1789425900000,347.4314,347.5377,347.31,347.4
1789426800000,347.4019,347.4019,346.86,347.2
1789427700000,347.1661,347.51,347.06,347.31
1789428600000,347.427,347.5265,347.0492,347.4686
1789429500000,347.2852,347.4945,347.2245,347.4675
1789430400000,347.26,347.62,346.51,347.16
1789431300000,347.23,347.23,346.95,347.04
1789432200000,347.05,347.24,346.95,347.2
1789433100000,347.2,347.33,347.01,347.2
1789434000000,347.2,348.08,347.08,348.08
1789434900000,348.05,348.08,347.75,347.9
1789435800000,347.88,348.05,347.55,347.94
1789436700000,347.94,348.16,347.75,347.89
1789437600000,347.89,348.11,347.79,347.95
1789438500000,347.95,348.01,347.85,347.88
1789439400000,347.85,347.95,347.73,347.85
1789440300000,347.77,347.88,347.66,347.86
1789441200000,347.85,347.95,347.68,347.95
1789442100000,347.94,348.01,347.68,347.78
1789443000000,347.82,347.9,347.73,347.74
1789443900000,347.8,347.88,347.61,347.68
1789444800000,347.68,347.74,347.35,347.42
1789445700000,347.45,347.58,347.13,347.13
1789446600000,347.11,347.11,346.8,347.06
1789447500000,347.08,347.09,346.67,346.74
1789448400000,346.81,346.92,346.45,346.45
1789449300000,346.45,346.72,346.2,346.72
1789450200000,346.72,347.24,346.65,347.07
1789451100000,347.18,347.42,346.99,346.99
1789452000000,347.12,347.35,346.99,347.35
1789452900000,347.35,347.37,346.99,347
1789453800000,347,347,346.58,346.59
1789454700000,346.59,346.76,346.44,346.59
1789455600000,346.63,346.7,346.13,346.26
1789456500000,346.28,346.3,345.88,346.01
1789457400000,346.15,346.34,346,346.08
1789458300000,345.97,346.02,345.51,345.51
1789459200000,345.96,349.39,344.49,345.1124
1789460100000,345.11,345.5,345,345.2
1789461000000,345.4088,345.5288,345.11,345.2
1789461900000,345.4088,345.4145,345.02,345.293
1789462800000,345.1104,345.571,344.8,344.98
1789463700000,345,345.18,344.2389,345.18
1789464600000,344.9112,345.5,344.9112,345.41
1789465500000,345.32,345.87,345.2251,345.71
1789466400000,345.87,345.99,345.56,345.7
1789467300000,345.58,345.85,345.4025,345.616
1789468200000,345.7,346.03,345.62,345.7
1789469100000,345.61,346.1,345.43,346
1789470000000,346.03,346.44,345.9,346.05
1789470900000,346.03,346.617,345.93,346.6088
1789471800000,346.44,346.59,345.9612,346.1033
1789472700000,346.127,346.2888,345.95,346.18
1789473600000,346.18,346.38,346.0399,346.329
1789474500000,346.36,346.36,345.57,346.1955
1789475400000,346.05,346.89,345.7841,346.7295
1789476300000,346.64,347.4,346,346.6
1789477200000,346.67,346.85,346.33,346.33
1789478100000,346.2779,347.35,346.03,347.17
1789479000000,346.78,348.07,344.71,347.05
1789479900000,347.05,347.41,345.37,345.86
1789480800000,345.83,345.83,344.11,344.7701
1789481700000,344.825,345.13,343.8,344.635
1789482600000,344.64,345.09,344,344.47
1789483500000,344.48,344.75,343.8,343.905
1789484400000,343.99,345.16,343.82,344.34
1789485300000,344.27,344.52,343.5,343.595
1789486200000,343.63,343.785,343.2,343.22
1789487100000,343.225,343.94,342.96,343.71
1789488000000,343.73,344.4,343.585,344.19
1789488900000,344.16,344.79,344.1,344.35
1789489800000,344.34,344.7899,344.05,344.145
1789490700000,344.14,344.2,343.545,343.82
1789491600000,343.81,344.315,343.37,343.41
1789492500000,343.39,343.42,342.7,342.885
1789493400000,342.865,343.455,342.759,343.365
1789494300000,343.37,343.5298,343.03,343.2
1789495200000,343.2338,344.12,343.16,343.9125
1789496100000,343.92,344.43,343.68,343.975
1789497000000,344.06,344.54,343.82,343.97
1789497900000,343.97,344.33,343.72,344.29
1789498800000,344.29,344.33,343.95,344.2
1789499700000,344.18,344.25,343.91,344.06
1789500600000,344.08,344.2,343.73,344.075
1789501500000,344.075,345.2097,344.06,344.98
1789502400000,344.98,345.2688,344.87,345.03
1789503300000,345,345,344.5037,344.6286
1789504200000,344.6235,344.65,344.3,344.6
1789505100000,344.6,344.6,344.31,344.3207
1789506000000,344.32,344.4399,344.0132,344.1
1789506900000,344.1511,344.423,344.1,344.1693
1789507800000,344.18,344.3157,344.09,344.1
1789508700000,344.1251,344.31,344.1,344.24
1789509600000,344.24,344.65,344.11,344.37
1789510500000,344.18,344.42,344,344.07
1789511400000,344.07,344.55,344,344.34
1789512300000,344.24,344.6412,344.024,344.4102
1789513200000,344.4103,344.65,344.2657,344.429
1789514100000,344.43,344.43,344.0237,344.16
1789515000000,344.26,344.5,344,344.5
1789515900000,344.17,344.6,344.05,344.597
1789516800000,344.64,344.73,344.13,344.33
1789517700000,344.37,344.49,344.24,344.33
1789518600000,344.4,344.48,344.31,344.42
1789519500000,344.46,344.69,344.45,344.48
1789520400000,344.49,344.57,344.15,344.57
1789521300000,344.45,344.66,344.42,344.5
1789522200000,344.42,344.52,344.12,344.14
1789523100000,344.21,344.3,343.92,344.01
1789524000000,344.02,344.3,344.02,344.13
1789524900000,344.13,344.37,344.13,344.37
1789525800000,344.37,344.64,344.28,344.49
1789526700000,344.47,344.72,344.44,344.69
1789527600000,344.71,344.93,344.64,344.93
1789528500000,344.94,345.17,344.92,344.95
1789529400000,344.95,344.98,344.79,344.91
1789530300000,344.92,345.05,344.85,344.85
1789531200000,344.83,344.97,344.77,344.87
1789532100000,344.87,344.9,344.66,344.66
1789533000000,344.65,344.73,344.41,344.43
1789533900000,344.42,344.67,344.42,344.48
1789534800000,344.49,344.6,344.33,344.6
1789535700000,344.6,344.67,344.49,344.67
1789536600000,344.65,344.94,344.61,344.94
1789537500000,344.94,344.96,344.58,344.7
1789538400000,344.7,345.05,344.7,345
1789539300000,345,345,344.49,344.5
1789540200000,344.48,344.71,344.46,344.61
1789541100000,344.61,344.76,344.4,344.74
1789542000000,344.81,345.03,344.77,344.89
1789542900000,344.89,345.22,344.87,345.2
1789543800000,345.22,345.5,345.13,345.31
1789544700000,345.33,345.54,345.12,345.13
1789545600000,345.34,345.5662,344.34,345.0646
1789546500000,345.27,345.3422,344.51,344.5786
1789547400000,344.7,344.85,344.6,344.6466
1789548300000,344.6983,344.85,344.6255,344.85
1789549200000,344.76,344.85,344.59,344.59
1789550100000,344.57,344.5757,344.1557,344.1557
1789551000000,344.2475,344.77,344.1477,344.77
1789551900000,344.5212,344.84,344.5212,344.8
1789552800000,344.85,345.22,344.69,345.08
1789553700000,345.0721,345.34,345.0225,345.2
1789554600000,345.29,345.8088,345.2522,345.6475
1789555500000,345.6096,345.6096,345.06,345.46
1789556400000,345.43,345.64,345.3,345.33
1789557300000,345.3,346.08,345,345.6
1789558200000,345.6,345.7388,345.2903,345.49
1789559100000,345.5,345.8159,345.23,345.7
1789560000000,345.5972,346.12,345.55,346
1789560900000,346,346.63,345.78,346.5696
1789561800000,346.58,346.6095,345.7137,345.8562
1789562700000,345.7137,346.04,345.7,345.84
1789563600000,345.84,346.1288,345.3877,346.06
1789564500000,345.88,347.22,345.32,347.18
1789565400000,346.98,348.4,343.75,344.56
1789566300000,344.48,347.25,344.47,346.52
1789567200000,346.515,346.89,344.2,344.535
1789568100000,344.5,345.4894,344.1756,345.031
1789569000000,345.04,346.25,344.7409,345.725
1789569900000,345.725,346.75,345.67,346.72
1789570800000,346.72,347.07,346.2,346.48
1789571700000,346.52,346.75,345.65,346.18
1789572600000,346.14,346.23,345.5,346.055
1789573500000,346.03,346.32,345.61,346.04
1789574400000,346,346.17,345.2814,345.505
1789575300000,345.53,346.07,345.37,345.6
1789576200000,345.6,345.91,345.33,345.835
1789577100000,345.85,345.99,345.34,345.57
1789578000000,345.6,345.71,345.02,345.095
1789578900000,345.08,345.41,344.94,345.21
1789579800000,345.21,345.52,344.86,344.935
1789580700000,344.95,345.17,344.43,345.08
1789581600000,345,346.32,344.73,345.745
1789582500000,345.75,346.68,345.5735,345.81
1789583400000,345.85,346.015,343.82,345.43
1789584300000,345.455,345.7,342.43,342.48
1789585200000,342.44,343.235,341.35,341.57
1789586100000,341.5307,341.94,340.64,341.4
1789587000000,341.38,342.89,341.04,342.63
1789587900000,342.62,344.01,342.58,342.87
1789588800000,342.86,343.48,342.65,343.47
1789589700000,343.42,343.73,342.87,343.23
1789590600000,343.3525,343.57,343.13,343.36
1789591500000,343.07,343.4488,343.05,343.1488
1789592400000,343.13,343.69,343,343.59
1789593300000,343.58,343.687,343.36,343.42
1789594200000,343.53,343.8799,343.38,343.8712
1789595100000,343.7,343.85,343.2801,343.43
1789596000000,343.43,343.756,343.05,343.604
1789596900000,343.7015,344.19,343.6,344
1789597800000,344.0344,344.79,344,344.65
1789598700000,344.71,344.71,344.0095,344.497
1789599600000,344.5,344.86,344.38,344.58
1789600500000,344.43,345.11,344.43,345.11
1789601400000,345.11,345.2,344.6479,345.2
1789602300000,345.19,345.66,345.005,345.3
1789603200000,344.89,345.42,344.63,345
1789604100000,344.92,345.19,344.8,345
1789605000000,345,345.48,345,345.42
1789605900000,345.33,345.41,345.06,345.33
1789606800000,345.26,345.59,345.18,345.4
1789607700000,345.44,345.49,345.17,345.29
1789608600000,345.29,345.49,345.1,345.16
1789609500000,345.26,345.26,344.92,344.97
1789610400000,344.98,345.1,344.96,345.08
1789611300000,345.07,345.17,345.03,345.07
1789612200000,345.1,345.33,345.06,345.33
1789613100000,345.3,345.3,345.05,345.05
1789614000000,345.05,345.22,345,345.08
1789614900000,345.15,345.23,345.02,345.22
1789615800000,345.22,345.59,345.21,345.59
1789616700000,345.6,345.6,345.4,345.58
1789617600000,345.56,345.62,345.56,345.56
1789618500000,345.56,345.64,345.42,345.46
1789619400000,345.46,345.54,345.37,345.4
1789620300000,345.43,345.48,345.36,345.43
1789621200000,345.43,345.43,345.22,345.22
1789622100000,345.24,345.35,345.19,345.25
1789623000000,345.25,345.28,344.88,344.88
1789623900000,344.88,344.95,344.69,344.69
1789624800000,344.68,345.05,344.68,345.05
1789625700000,345.05,345.25,344.93,345.25
1789626600000,345.26,345.66,345.26,345.6
1789627500000,345.59,345.67,345.52,345.67
1789628400000,345.6,346.26,345.58,346.21
1789629300000,346.22,346.78,346.22,346.76
1789630200000,346.75,346.97,346.67,346.96
1789631100000,346.96,346.97,346.75,346.95
1789632000000,346.59,347.57,344.64,347.27
1789632900000,347.24,347.35,346.89,347.22
1789633800000,347.3,347.4851,347.1,347.17
1789634700000,347.17,347.43,347.0312,347.21
1789635600000,347.2073,347.66,347.194,347.4191
1789636500000,347.5699,347.5699,346.78,346.8667
1789637400000,346.895,347.5927,346.895,347.45
1789638300000,347.47,348.0022,347.1003,347.7083
1789639200000,347.86,347.86,347.26,347.39
1789640100000,347.5,347.6088,347.16,347.3306
1789641000000,347.18,347.3,346.61,346.71
1789641900000,346.73,347,346.6,346.78
1789642800000,346.79,347,346,346.1
1789643700000,346.28,346.5188,346,346.25
1789644600000,346.26,346.4888,345.99,346.1437
1789645500000,346.14,346.69,345.8,346.66
1789646400000,346.5,347.2,346.3867,346.94
1789647300000,346.94,347.77,346.8,347.7488
1789648200000,347.66,348.32,347.66,348.2
1789649100000,348.1999,348.47,347.75,348.12
1789650000000,348,348.4832,347.44,347.56
1789650900000,347.53,348.98,347.26,348.71
1789651800000,348.67,349.5,345.156,345.805
1789652700000,345.7909,345.84,343.8857,345.62
1789653600000,345.6125,346.31,344.575,346.14
1789654500000,346.1,347.3,345.32,346.655
1789655400000,346.6558,348.65,346.6123,347.715
1789656300000,347.74,347.854,345.82,346.32
1789657200000,346.425,347.12,345.14,347.04
1789658100000,347,348.0458,346.9717,347.6
1789659000000,347.625,347.91,346.74,346.78
1789659900000,346.785,346.94,344.87,345.38
1789660800000,345.375,345.8,344.76,345.38
1789661700000,345.42,345.87,345.085,345.3
1789662600000,345.3,346.06,344.91,345.865
1789663500000,345.875,346.05,345.15,345.555
1789664400000,345.59,345.96,345.53,345.8
1789665300000,345.77,345.82,344.87,344.93
1789666200000,344.93,345.45,344.79,345.42
1789667100000,345.39,345.55,344.92,345.4562
1789668000000,345.49,345.525,344.92,345.35
1789668900000,345.375,345.9192,345.26,345.785
1789669800000,345.83,346.0011,345.56,346.0011
1789670700000,345.99,346.29,345.76,346
1789671600000,345.99,346.6,345.99,346.37
1789672500000,346.3953,347.01,346.29,346.75
1789673400000,346.74,347.65,346.74,347.63
1789674300000,347.635,347.9,347.14,347.33
1789675200000,347.35,347.41,346.71,346.79
1789676100000,346.9,347.33,346.5,346.6817
1789677000000,346.6817,348.8,346.35,346.35
1789677900000,346.37,348.6428,346.37,346.583
1789678800000,346.58,348.5469,346.5001,346.6103
1789679700000,346.61,347.33,346.35,346.5012
1789680600000,346.52,346.69,346.5,346.6852
1789681500000,346.6,347.0499,346.5535,346.81
1789682400000,346.78,347.062,346.55,346.6869
1789683300000,346.56,346.6965,346.5,346.6504
1789684200000,346.65,346.6657,346.25,346.32
1789685100000,346.36,346.4,346.16,346.4
1789686000000,346.42,346.67,346.34,346.49
1789686900000,346.55,346.55,346.3,346.5
1789687800000,346.5,346.96,346.4915,346.7772
1789688700000,346.672,346.83,346.5,346.5
1789689600000,346.5,346.91,346.5,346.71
1789690500000,346.75,346.92,346.68,346.88
1789691400000,346.83,346.88,346.69,346.83
1789692300000,346.85,346.85,346.65,346.72
1789693200000,346.73,346.76,346.55,346.62
1789694100000,346.62,346.65,346.38,346.41
1789695000000,346.45,346.6,346.32,346.59
1789695900000,346.61,346.69,346.6,346.63
1789696800000,346.69,346.83,346.68,346.83
1789697700000,346.83,346.87,346.74,346.83
1789698600000,346.82,347.09,346.79,347.09
1789699500000,347.06,347.11,346.98,347.01
1789700400000,347.01,348.59,347.01,348.07
1789701300000,348.15,348.47,348.01,348.2
1789702200000,348.21,348.77,348.14,348.7
1789703100000,348.7,351.3,348.7,351.24
1789704000000,351.25,352.55,351.01,352.38
1789704900000,352.38,352.75,351.47,352.62
1789705800000,352.65,352.78,351.92,352.72
1789706700000,352.76,353.91,352.76,353.4
1789707600000,353.4,354.1,353.38,353.47
1789708500000,353.59,353.93,353.43,353.8
1789709400000,353.73,354.7,353.67,354.38
1789710300000,354.36,356,354.31,354.9
1789711200000,354.9,355.2,354.74,354.95
1789712100000,354.99,355.54,354.86,355.11
1789713000000,355.11,355.14,353.59,353.81
1789713900000,353.86,354.38,353.81,354.24
1789714800000,354.24,354.39,354.03,354.03
1789715700000,354.07,354.25,353.99,354.07
1789716600000,354.04,354.28,353.75,353.82
1789717500000,353.8,354.09,353.79,354.01
1789718400000,353.91,355.96,347.33,354.16
1789719300000,353.94,354.38,353.5389,353.6911
1789720200000,353.57,354.5488,353.35,354.5
1789721100000,354.48,355.1,354.48,354.9
1789722000000,354.91,355.55,354.79,354.93
1789722900000,354.93,355.0896,354.5957,354.74
1789723800000,354.66,354.7352,354.43,354.4317
1789724700000,354.4317,354.857,353.9,354.51
1789725600000,354.5488,355.11,354,355.04
1789726500000,355.02,355.55,354.83,355.52
1789727400000,355.47,356.4,355.258,355.84
1789728300000,355.7,356.28,355.7,355.85
1789729200000,355.83,356.89,355.7112,355.83
1789730100000,355.75,355.7696,355.2,355.6
1789731000000,355.62,356.4737,355.26,355.94
1789731900000,355.9422,355.9422,355.1,355.39
1789732800000,355.4,355.6679,354.52,354.79
1789733700000,354.75,354.75,354.02,354.7
1789734600000,354.67,356.2004,354.36,356.2004
1789735500000,356.18,356.34,354.7786,354.7786
1789736400000,354.7895,355.67,354.7,355.58
1789737300000,355.5303,357.88,355.28,356.68
1789738200000,356.92,359.44,355.53,356.435
1789739100000,356.45,357.15,354.62,355.36
1789740000000,355.37,355.71,351.934,351.995
1789740900000,352,352.1,350.0287,350.53
1789741800000,350.56,351.8,349.53,351.005
1789742700000,350.99,351.9601,350.58,351.41
1789743600000,351.44,351.68,349.58,349.58
1789744500000,349.62,351.1,349.48,350.8475
1789745400000,350.835,350.9499,349.5,349.945
1789746300000,349.945,350.09,349.08,349.42
1789747200000,349.4603,350.3,349.08,349.48
1789748100000,349.46,349.94,348.89,349.81
1789749000000,349.8,350.1494,349.32,349.935
1789749900000,349.95,350.14,349.6492,349.81
1789750800000,349.81,349.89,349.36,349.475
1789751700000,349.475,349.69,349.34,349.355
1789752600000,349.32,349.68,349.12,349.55
1789753500000,349.56,350.1,349.49,349.7279
1789754400000,349.75,350.71,349.67,350.62
1789755300000,350.61,350.99,350.4418,350.76
1789756200000,350.75,351.41,350.6901,351.325
1789757100000,351.33,352.09,351.3,351.75
1789758000000,351.74,351.77,350.8701,351.5
1789758900000,351.51,352.14,351.47,351.89
1789759800000,351.91,351.94,351.16,351.32
1789760700000,351.33,351.57,348.45,349.54
1789761600000,349,350.5,349,350.2272
1789762500000,350.26,350.26,349.29,349.98
1789763400000,349.99,350.24,349.88,350.18
1789764300000,350.03,350.69,349.9,350
1789765200000,350.04,350.1999,349.87,349.99
1789766100000,350,350.29,349.97,350.22
1789767000000,350.25,350.6167,350.1,350.4901
1789767900000,350.6199,350.68,350.49,350.58
1789768800000,350.59,350.7167,349.87,350.19
1789769700000,350.3705,350.7751,350.1,350.61
1789770600000,350.61,350.7,350.2201,350.3
1789771500000,350.49,350.495,350.305,350.3698
1789772400000,350.37,350.83,350.31,350.82
1789773300000,350.4515,350.89,350.451,350.6
1789774200000,350.64,350.66,350.402,350.44
1789775100000,350.4425,350.88,350.4,350.83
1789776000000,350.77,350.77,350.68,350.68
1789781400000,350.99,350.99,350.99,350.99
1789782300000,350.65,350.65,350.65,350.65
1789783200000,350.64,350.64,350.57,350.57
1789784100000,350.5,350.5,350.38,350.38
1789785000000,350.31,350.31,350.31,350.31
1789788600000,350.29,350.29,350.29,350.29
1789790400000,350.28,350.28,350.28,350.28
1789795800000,350.99,350.99,350.99,350.99
1789799400000,350.99,350.99,350.99,350.99
1789800300000,350.99,350.99,350.99,350.99
1789801200000,350.99,350.99,350.24,350.24
1789802100000,350.98,350.99,350.22,350.22
1789827300000,350.22,350.99,350.22,350.67
1789828200000,351.02,351.02,351.02,351.02
1789829100000,350.65,350.65,350.65,350.65
1789830000000,351.02,351.03,351.02,351.02
1789830900000,351.02,351.03,351.02,351.03
1789831800000,351.03,351.03,350.64,350.64
1789833600000,351.02,351.03,350.62,350.62
1789835400000,351.02,351.02,351.02,351.02
1789839000000,351.03,351.03,351.03,351.03
1789843500000,351.03,351.03,351.03,351.03
1789844400000,351.03,351.03,351.03,351.03
1789846200000,351.03,351.03,351.03,351.03
1789847100000,351.03,351.03,351.03,351.03
1789848000000,351.03,351.03,351.02,351.02
1789859700000,351.03,351.03,351.03,351.03
1789861500000,351.03,351.05,351.03,351.05
1789863300000,351.04,351.06,351.04,351.04
1789865100000,351.04,352.12,351.04,352.12
1789866000000,352.15,352.21,352.15,352.21
1789867800000,352.24,352.24,352.24,352.24
1789870500000,352.29,352.42,352.29,352.42
1789872300000,352.07,352.23,351.85,351.85
1789874100000,352.06,352.06,351.83,351.83
1789875900000,352.12,352.12,352.12,352.12
1789877700000,351.02,351.02,350.86,350.86
1789878600000,350.86,350.87,350.55,350.58
1789879500000,350.58,350.58,350.13,350.13
1789882200000,350.99,350.99,350.99,350.99
1789885800000,350.14,350.14,350.05,350.05
1789886700000,350.04,350.99,349.93,349.93
1789888500000,349.93,349.93,349.93,349.93
1789892100000,349.93,349.93,349.93,349.93
1789893000000,350.8,351.02,349.74,349.74
1789893900000,350.01,350.01,349.85,349.85
1789894800000,349.79,349.79,349.79,349.79
1789895700000,349.93,349.93,349.71,349.77
1789897500000,349.67,349.89,349.66,349.89
1789898400000,349.83,349.83,349.83,349.83
1789900200000,350,350,350,350
1789902900000,349.65,349.65,349.43,349.53
1789903800000,349.38,349.45,349.37,349.37
1789905600000,349.34,349.37,349.27,349.35
1789906500000,349.3,349.48,349.25,349.48
1789908300000,349.48,349.48,349.48,349.48
1789911000000,349.48,349.48,349.48,349.48
1789914600000,349.48,349.48,349.2,349.2
1789916400000,349.48,349.48,349.48,349.48
1789917300000,349.48,349.48,349.48,349.48
1789918200000,349.48,349.68,349.48,349.68
1789919100000,349.45,349.56,349.44,349.56
1789920900000,349.56,349.56,349.56,349.56
1789921800000,349.56,349.91,349.56,349.91
1789922700000,349.57,349.57,349.57,349.57
1789925400000,349.91,349.91,349.91,349.91
1789926300000,349.81,349.81,349.71,349.71
1789927200000,349.76,349.76,349.66,349.66
1789930800000,349.75,349.75,349.75,349.75
1789931700000,349.85,349.85,349.85,349.85
1789933500000,349.9,349.9,349.9,349.9
1789934400000,349.9,349.9,349.9,349.9
1789940700000,349.91,349.91,349.91,349.91
1789941600000,349.91,349.92,349.91,349.92
1789942500000,349.92,349.94,349.92,349.94
1789943400000,349.94,350.22,349.94,350.22
1789947000000,350.8,350.8,350.8,350.8
1789948800000,350.98,351.25,350.02,350.71
1789949700000,350.71,351.35,350.67,350.83
1789950600000,350.85,351.19,350.85,350.99
1789951500000,350.97,351.2,350.79,351.19
1789952400000,351.16,351.53,350.71,350.95
1789953300000,350.95,351.33,350.82,351.19
1789954200000,351.29,351.49,351.21,351.34
1789955100000,351.3,351.66,351.1,351.6
1789956000000,351.51,351.68,351.48,351.56
1789956900000,351.57,351.59,351.4,351.43
1789957800000,351.42,351.43,351.02,351.27
1789958700000,351.33,351.51,351.26,351.28
1789959600000,351.29,351.77,351.29,351.67
1789960500000,351.72,352,351.54,351.88
1789961400000,351.9,351.93,351.65,351.82
1789962300000,351.8,351.82,351.59,351.59
1789963200000,351.6,351.78,351.54,351.56
1789964100000,351.56,351.7,351.53,351.7
1789965000000,351.66,351.7,351.5,351.53
1789965900000,351.51,351.65,351.45,351.6
1789966800000,351.59,351.63,351.49,351.6
1789967700000,351.55,351.65,351.46,351.55
1789968600000,351.52,351.53,351.32,351.36
1789969500000,351.35,351.36,351.11,351.21
1789970400000,351.28,351.51,351.28,351.46
1789971300000,351.46,351.58,351.44,351.54
1789972200000,351.53,351.84,351.53,351.77
1789973100000,351.78,351.99,351.74,351.88
1789974000000,351.9,352.11,351.8,351.99
1789974900000,351.98,352.05,351.87,351.87
1789975800000,351.87,351.96,351.8,351.85
1789976700000,351.86,352.28,351.86,352.05
1789977600000,351.36,354.05,351.11,353.87
1789978500000,353.85,354.1365,353.57,353.91
1789979400000,353.779,353.8588,353.5003,353.83
1789980300000,353.85,353.91,352.9704,352.9718
1789981200000,353,353.09,352.535,352.7311
1789982100000,352.8,352.97,352.6067,352.69
1789983000000,352.69,353.1207,352.6,353.09
1789983900000,353.02,353.386,352.91,352.97
1789984800000,352.96,353.25,352.815,352.8786
1789985700000,352.87,353,352.75,352.92
1789986600000,352.89,352.89,352.5148,352.8025
1789987500000,352.8,352.8177,352.21,352.4
1789988400000,352.35,352.65,351.15,351.2035
1789989300000,351.23,351.67,350.58,350.72
1789990200000,350.72,351.3499,349.5,350.6808
1789991100000,350.69,351,350.07,350.4886
1789992000000,350.5,350.84,349.73,350.49
1789992900000,350.51,350.8,349.9,350.6807
1789993800000,350.75,351.73,350.75,351.25
1789994700000,351.17,351.2497,350.5,350.7791
1789995600000,350.68,351.09,350.5,350.5
1789996500000,350.513,351.28,349.09,350.51
1789997400000,350.67,355.14,349.1,354.93
1789998300000,354.92,355.14,352.84,353.5475
1789999200000,353.68,356.26,352.43,355.54
1790000100000,355.54,357.58,355.49,356.255
1790001000000,356.21,357.53,355.931,356.075
1790001900000,356.05,356.35,354.83,355.37
1790002800000,355.44,355.44,354.18,354.855
1790003700000,354.855,356.64,354.855,356.345
1790004600000,356.355,356.66,355.8301,356.425
1790005500000,356.47,356.99,356.38,356.96
1790006400000,356.96,356.965,356.08,356.77
1790007300000,356.77,357.0399,356.04,356.435
1790008200000,356.5,356.67,355.5,355.585
1790009100000,355.575,355.66,355,355.5
1790010000000,355.5,356,355.1,355.8791
1790010900000,355.85,356.16,355.39,356
1790011800000,355.995,356.4525,355.74,356.3998
1790012700000,356.4,356.525,355.84,356.145
1790013600000,356.145,356.21,355.07,355.72
1790014500000,355.71,356.49,355.2,355.23
1790015400000,355.27,355.47,354.46,355.0478
1790016300000,355.1,355.61,354.66,354.77
1790017200000,354.81,355.4,354,355.36
1790018100000,355.34,356.22,355.16,356.175
1790019000000,356.175,356.76,356.02,356.04
1790019900000,356.02,356.34,354.715,354.97
1790020800000,355.24,355.79,354.556,355.45
1790021700000,355.34,355.83,354.97,355.79
1790022600000,355.7894,355.79,355.4635,355.51
1790023500000,355.53,355.7699,355.35,355.7699
1790024400000,355.5,355.77,355.33,355.63
1790025300000,355.5868,355.92,355.2622,355.91
