ts_ms,open,high,low,close
1780272000000,634.74,634.99,632.49,633.32
1780272900000,633.31,634.71,632.89,634.17
1780273800000,634.54,635.02,634.13,634.97
1780274700000,634.95,635.49,634.74,635.41
1780275600000,635.4,636.99,635.4,636.09
1780276500000,636.19,637.19,636.15,636.72
1780277400000,636.78,637.51,636.46,637.16
1780278300000,637.29,637.49,636.63,636.63
1780279200000,636.63,637.01,636.59,636.98
1780280100000,636.99,636.99,636.61,636.83
1780281000000,636.66,636.69,635.53,635.85
1780281900000,635.62,636.42,635.61,635.79
1780282800000,635.83,635.96,635.46,635.46
1780283700000,635.49,635.52,635.01,635.39
1780284600000,635.42,635.65,635.1,635.14
1780285500000,635.16,635.31,635.09,635.12
1780286400000,635.12,635.27,634.76,634.93
1780287300000,634.92,635.02,634.72,634.94
1780288200000,634.93,635.3,634.79,635.12
1780289100000,635.19,635.38,635.09,635.2
1780290000000,635.21,635.38,634.88,635.19
1780290900000,635.21,635.26,634.87,634.89
1780291800000,635,635.22,634.8,634.99
1780292700000,634.99,635.32,634.98,635.25
1780293600000,635.29,635.35,635.14,635.14
1780294500000,635.23,635.23,634.81,634.86
1780295400000,634.87,634.99,634.57,634.73
1780296300000,634.76,634.88,634.74,634.76
1780297200000,634.76,634.89,634.51,634.55
1780298100000,634.54,635.2,634.11,634.13
1780299000000,634.16,634.32,633.5,633.78
1780299900000,633.77,633.83,632.88,632.95
1780300800000,633.22,633.84,632.265,633.58
1780301700000,633.41,633.85,633.41,633.41
1780302600000,633.6,633.6,633.065,633.6
1780303500000,633.01,633.065,632.29,632.29
1780304400000,632.875,632.875,632.32,632.4
1780305300000,632.4,632.4,631.226,631.725
1780306200000,631.725,631.725,631.605,631.705
1780307100000,631.81,632,631.695,631.81
1780308000000,631.83,632.325,631.775,631.83
1780308900000,631.912,632.19,631.786,632.19
1780309800000,632.19,632.425,631.805,631.86
1780310700000,631.86,632.05,631.52,632.05
1780311600000,633.86,634.798,632.054,633.86
1780312500000,635.01,635.01,633.679,635.01
1780313400000,634.99,637.22,634.426,637.22
1780314300000,636.33,637.199,636.102,637.01
1780315200000,636.97,637.05,635.32,635.41
1780316100000,635.61,635.61,634.003,635.61
1780317000000,634.9,635.299,634.119,634.9
1780317900000,635.038,635.339,634.127,634.444
1780318800000,634.76,635.104,632.239,633.8
1780319700000,632.01,633.393,627.233,628.01
1780320600000,629.42,635.62,617.35,618.295
1780321500000,618.57,624.67,614.69,616.28
1780322400000,616.01,618.24,613.61,614.22
1780323300000,614.22,616.66,609.93,610.06
1780324200000,609.99,612.41,609.15,612.12
1780325100000,611.83,616.01,611.83,615.21
1780326000000,615,615.181,611.315,613.02
1780326900000,613.05,613.375,612.31,613.37
1780327800000,613.487,614.398,613.32,614.398
1780328700000,614.66,616.48,614.408,616.083
1780329600000,616.094,616.7,612.46,612.855
1780330500000,612.821,612.821,610.42,611.712
1780331400000,611.77,612.3,610.5,611.154
1780332300000,611.11,612.21,610.87,611.523
1780333200000,611.52,612.025,609.71,610.452
1780334100000,610.451,610.451,607.78,609.943
1780335000000,610.38,611.4,606.3,609.637
1780335900000,609.634,610.505,606.45,607.77
1780336800000,607.763,609.37,607.19,608.898
1780337700000,608.902,609.02,607.42,607.509
1780338600000,607.76,607.92,605.76,606.027
1780339500000,606.021,607.105,605.18,605.576
1780340400000,605.555,608.37,605.145,606.627
1780341300000,606.633,606.75,604.87,605.48
1780342200000,605.591,605.93,602.68,604.393
1780343100000,604.395,605.17,599.72,600.386
1780344000000,600.426,601.301,599.849,601.166
1780344900000,601.158,601.21,600.804,600.862
1780345800000,600.86,601.26,600.3,600.664
1780346700000,600.662,601.01,597.459,598.751
1780347600000,598.766,599.509,597.789,599.509
1780348500000,599.52,599.73,598.49,599.515
1780349400000,599.515,600.302,599.113,600.201
1780350300000,600.201,600.9,600.034,600.59
1780351200000,600.59,600.59,598.229,598.949
1780352100000,598.949,599.048,598.346,598.47
1780353000000,598.472,599.192,598.149,598.769
1780353900000,598.765,599.53,598.756,599.53
1780354800000,599.533,599.973,599.533,599.948
1780355700000,599.952,600.3,599.952,600.227
1780356600000,600.222,600.687,600.03,600.687
1780357500000,600.688,600.922,600.487,600.728
1780358400000,600.92,601.1,599.81,600.34
1780359300000,600.04,600.6,599.99,600.3
1780360200000,600.3,600.98,600.29,600.68
1780361100000,600.71,600.74,600.14,600.18
1780362000000,600.2,601.47,600.2,601.41
1780362900000,601.39,601.43,600.79,600.9
1780363800000,601.13,601.44,600.99,601.2
1780364700000,601.27,601.3,600.28,600.72
1780365600000,600.69,600.8,600.01,600.23
1780366500000,600.26,601.3,600.26,601.2
1780367400000,601.2,601.44,600.99,601.27
1780368300000,601.37,601.43,601.09,601.43
1780369200000,601.32,601.62,600.99,601.1
1780370100000,601.09,601.23,600.88,601.13
1780371000000,601.08,601.99,601,601.98
1780371900000,602,602.2,601.8,602.16
1780372800000,602.18,602.23,601.91,601.95
1780373700000,601.99,601.99,601.01,601.32
1780374600000,601.65,601.9,601.07,601.81
1780375500000,601.73,601.91,601.21,601.91
1780376400000,601.89,601.9,601.49,601.9
1780377300000,601.9,602,601.57,601.77
1780378200000,601.78,602.11,601.64,601.71
1780379100000,601.66,601.7,601.26,601.5
1780380000000,601.42,601.84,601.41,601.76
1780380900000,601.79,601.82,601.42,601.56
1780381800000,601.55,601.69,601.01,601.69
1780382700000,601.62,602.33,601.5,602.19
1780383600000,602.24,603.49,602.15,603.33
1780384500000,603.34,604.24,603.28,603.97
1780385400000,604.01,604.01,602.69,603.98
1780386300000,603.99,604.98,603.51,604.01
1780387200000,600.729,605.477,600.729,604.33
1780388100000,604.329,604.601,603.681,603.846
1780389000000,603.872,606.804,603.753,605.475
1780389900000,605.475,606.53,604.501,606.254
1780390800000,606.237,606.295,605.367,606.185
1780391700000,606.185,607.429,606.185,606.779
1780392600000,606.781,607.57,605.82,607.55
1780393500000,607.55,607.62,606.64,606.674
1780394400000,606.644,606.644,605.52,606.222
1780395300000,606.241,606.335,605.525,605.525
1780396200000,605.525,605.595,604.355,605.595
1780397100000,605.595,606.245,604.955,605.245
1780398000000,605.221,606.24,602.722,603.989
1780398900000,603.989,604.15,603.206,603.847
1780399800000,603.846,604.632,603.82,604.08
1780400700000,604.08,604.96,603.851,604.253
1780401600000,604.253,605.5,604.25,604.364
1780402500000,604.362,604.699,603.955,604.249
1780403400000,604.25,604.485,603.75,603.798
1780404300000,603.795,604.033,601.682,601.718
1780405200000,601.723,601.782,600.61,601.35
1780406100000,601.358,604.202,601.25,603.35
1780407000000,602.5,604.51,596.8,599.051
1780407900000,599.092,605.69,598.735,604.956
1780408800000,605.29,605.605,600.515,600.58
1780409700000,600.564,604.19,600.38,603.214
1780410600000,603.216,604.748,602.82,603.658
1780411500000,603.65,607.27,603.49,606.287
1780412400000,606.51,608.83,606.01,607.593
1780413300000,607.591,608.81,606.905,607.508
1780414200000,607.498,608.287,606.567,607.412
1780415100000,607.414,607.914,606.92,607.258
1780416000000,607.239,607.73,605.46,607.53
1780416900000,607.525,607.77,606.395,607.39
1780417800000,607.391,608.265,607.171,607.248
1780418700000,607.237,607.815,606.937,606.975
1780419600000,606.979,607,605.505,606.614
1780420500000,606.606,607.92,606.15,606.388
1780421400000,606.378,606.378,604.611,605.434
1780422300000,605.443,606.26,605.443,605.528
1780423200000,605.517,605.734,604.878,605.093
1780424100000,605.097,605.763,604.697,604.697
1780425000000,604.695,604.875,602.67,603.049
1780425900000,603.05,603.255,601.35,601.85
1780426800000,601.827,602.01,600.63,600.648
1780427700000,600.65,601.149,600.24,600.636
1780428600000,600.73,600.85,599.85,600.303
1780429500000,600.3,600.68,597.275,597.72
1780430400000,597.741,602.146,597.714,600.64
1780431300000,600.617,601.76,600.442,601.365
1780432200000,601.366,601.89,601.157,601.476
1780433100000,601.474,601.8,601.265,601.665
1780434000000,601.665,601.722,600.925,600.925
1780434900000,600.925,601.025,600.8,600.945
1780435800000,600.945,601.529,600.825,601.517
1780436700000,601.519,601.58,601.201,601.35
1780437600000,601.35,601.475,601.051,601.15
1780438500000,601.15,601.87,601.145,601.475
1780439400000,601.475,601.624,601.305,601.305
1780440300000,601.305,601.744,601.247,601.295
1780441200000,601.295,601.295,599.718,599.718
1780442100000,599.715,599.735,598,598.5
1780443000000,598.5,600.375,598.5,600.375
1780443900000,600.375,600.573,599.845,600.151
1780444800000,600.155,600.7,599.66,599.84
1780445700000,599.91,600.41,599.84,600.25
1780446600000,600.49,600.71,600.34,600.68
1780447500000,600.61,601,600.59,600.8
1780448400000,600.78,600.93,600.1,600.12
1780449300000,600.11,600.29,600.06,600.28
1780450200000,600.26,600.52,600.26,600.36
1780451100000,600.49,600.5,600.07,600.2
1780452000000,600.2,601.28,600.18,600.71
1780452900000,600.9,601.1,600.76,600.99
1780453800000,600.98,601.02,600.71,600.83
1780454700000,600.82,601.26,600.56,601.03
1780455600000,601.05,601.05,600.7,600.83
1780456500000,601,601.99,601,601.5
1780457400000,601.34,601.79,601.13,601.28
1780458300000,601.26,601.37,601.04,601.23
1780459200000,601.22,601.5,601.01,601.5
1780460100000,601.4,602,601.4,601.46
1780461000000,601.54,601.79,601.54,601.54
1780461900000,601.42,601.5,600.82,600.82
1780462800000,600.8,600.85,600.57,600.85
1780463700000,600.71,601.31,600.27,600.99
1780464600000,600.98,601.06,600.69,600.84
1780465500000,600.67,600.67,599.84,600.01
1780466400000,600.22,600.22,598.86,598.88
1780467300000,598.99,599.99,598.43,599.89
1780468200000,599.76,600.49,599.53,599.7
1780469100000,599.61,599.71,599.28,599.45
1780470000000,599.44,600.51,599.35,600.32
1780470900000,600.45,600.51,600,600
1780471800000,600,600.33,599.84,599.84
1780472700000,600,600.1,599.91,599.91
1780473600000,600.297,600.894,599.751,600.475
1780474500000,600.475,600.996,600.278,600.505
1780475400000,600.505,600.7,599.8,600.29
1780476300000,600.29,601.3,600.29,600.575
1780477200000,600.575,601.25,600.525,601.25
1780478100000,601.25,601.25,600.67,600.741
1780479000000,600.739,600.739,599.437,599.437
1780479900000,599.422,599.5,598.01,598.364
1780480800000,598.36,599.174,597.895,599.155
1780481700000,599.155,599.283,598.91,599.12
1780482600000,599.12,601.088,599.12,599.65
1780483500000,599.65,599.65,599.381,599.495
1780484400000,599.495,600.22,599.495,599.87
1780485300000,599.87,600.572,599.87,600.572
1780486200000,600.577,602.553,600.577,602.285
1780487100000,602.285,603.453,601.908,602.706
1780488000000,602.705,602.755,601.707,602.195
1780488900000,602.195,602.698,601.22,601.682
1780489800000,601.681,601.749,600.255,600.9
1780490700000,600.9,601.74,600.74,601.5
1780491600000,601.5,602.91,601.178,602.472
1780492500000,602.473,603.714,602.169,603.145
1780493400000,603.111,614.09,600.34,609.487
1780494300000,609.35,613.06,607.01,612.127
1780495200000,612.14,619.25,609.76,616.049
1780496100000,616.119,619.01,615.12,616.206
1780497000000,616.5,619.8,613.987,619.321
1780497900000,619.274,619.81,614.77,617.163
1780498800000,617.12,618.99,614.94,618.602
1780499700000,618.602,618.8,615.352,616.49
1780500600000,616.367,616.56,613.68,614.788
1780501500000,614.792,615.53,613.235,613.31
1780502400000,613.309,614.3,612.63,613.404
1780503300000,613.392,613.57,611.69,613.203
1780504200000,613.202,614.72,612.719,614.665
1780505100000,614.675,619.79,614.675,619.516
1780506000000,619.522,620.24,617.226,617.576
1780506900000,617.554,618.2,615.39,617.841
1780507800000,617.837,618.847,617.222,618.479
1780508700000,618.467,622.758,618.467,622.627
1780509600000,622.52,623.38,620.405,621.679
1780510500000,621.672,623.945,621.19,622.028
1780511400000,622.007,623.735,621.76,622.956
1780512300000,622.965,623.05,621.7,622.694
1780513200000,622.691,622.691,620.457,621.602
1780514100000,621.605,622.82,620.57,621.046
1780515000000,620.965,622.8,620.28,622.667
1780515900000,622.74,624.14,621.55,622.899
1780516800000,622.934,623.044,620.856,621.79
1780517700000,621.79,621.889,621,621.3
1780518600000,621.3,621.3,619.382,619.382
1780519500000,619.361,620.025,618.55,619.56
1780520400000,619.634,620.801,618.945,620.655
1780521300000,620.655,621.36,619.755,620.058
1780522200000,620.06,620.37,617.51,618.499
1780523100000,618.499,619.375,618.399,619.1
1780524000000,619.1,620.38,618.696,619.225
1780524900000,619.23,619.499,617.892,619.499
1780525800000,619.499,620.5,619.204,619.68
1780526700000,619.68,619.68,618.251,618.76
1780527600000,618.76,618.899,618.062,618.44
1780528500000,618.447,619.26,618.304,618.424
1780529400000,618.423,618.8,618.185,618.562
1780530300000,618.576,619.367,618.415,619.205
1780531200000,619.204,621.71,618.72,620.54
1780532100000,620.49,620.71,619.49,620
1780533000000,619.51,621.18,619.51,620.45
1780533900000,620.44,620.99,620.13,620.78
1780534800000,620.59,620.97,620.42,620.8
1780535700000,620.93,620.93,620.03,620.61
1780536600000,620.6,621.49,620.01,620.55
1780537500000,620.6,620.87,620.06,620.44
1780538400000,620.1,620.29,619.01,619.03
1780539300000,619.02,619.99,617.41,619.2
1780540200000,619.02,619.88,618.74,619.7
1780541100000,619.7,619.94,616.52,617.54
1780542000000,617.49,618.48,617.11,617.75
1780542900000,617.66,618.47,617.66,618.37
1780543800000,618.37,618.45,617.42,617.42
1780544700000,617.41,618.41,617.41,617.69
1780545600000,617.69,618.29,617.66,617.95
1780546500000,617.93,619.07,617.58,618.18
1780547400000,618.18,618.49,617.86,618.45
1780548300000,618.47,618.47,617.87,617.92
1780549200000,617.78,617.87,616.42,616.85
1780550100000,616.8,617.01,616.58,616.74
1780551000000,616.69,617,616.25,616.98
1780551900000,616.81,617.19,616.49,616.98
1780552800000,616.98,618.45,616.82,618.45
1780553700000,618.45,618.86,617.97,618.79
1780554600000,618.77,620,618.5,619.98
1780555500000,619.61,620.42,619.61,620.38
1780556400000,620.16,620.78,619.3,619.49
1780557300000,619.32,620.46,619.02,619.92
1780558200000,619.9,620.99,619.9,620.62
1780559100000,620.7,621.02,620.46,620.61
1780560000000,619.377,620.17,618.7,618.7
1780560900000,618.7,618.705,617.9,617.9
1780561800000,617.9,618.155,617.5,617.905
1780562700000,617.905,617.905,616.684,616.685
1780563600000,616.685,619.2,616.685,618.008
1780564500000,618.007,618.396,615.85,616.229
1780565400000,616.23,618.2,616.23,617.524
1780566300000,617.525,618.99,617.525,618.935
1780567200000,618.946,619.2,618.825,618.825
1780568100000,618.825,618.825,616.06,617.07
1780569000000,617.07,617.244,616.157,616.755
1780569900000,616.713,617.375,616.45,617.077
1780570800000,617.106,618.4,617.106,618.2
1780571700000,618.167,618.648,617.801,618.454
1780572600000,618.452,618.452,616.76,617.131
1780573500000,617.133,617.999,616.679,617.466
1780574400000,617.46,618.46,617.068,617.602
1780575300000,617.601,618.886,617.601,618.134
1780576200000,618.133,619.237,617.924,619.183
1780577100000,619.182,620.26,618.755,619.886
1780578000000,619.886,621.158,619.644,620.413
1780578900000,620.415,623.742,618.5,623.742
1780579800000,623.9,637.5,622.53,631.065
1780580700000,631.074,639.06,629.7,638.807
1780581600000,638.61,639.54,631.32,637.505
1780582500000,637.495,640.4,636.33,638.054
1780583400000,638.047,639.27,634.71,638.644
1780584300000,638.295,640.09,637.35,639.812
1780585200000,639.85,640.42,637.79,638.268
1780586100000,638.269,639.725,637.99,638.288
1780587000000,638.505,639.96,635.65,637.1
1780587900000,637.135,638.78,636.04,637.459
1780588800000,637.458,642.32,637.26,638.517
1780589700000,638.515,638.551,632.985,633.639
1780590600000,633.624,633.695,629.83,630.811
1780591500000,630.89,631.314,628.135,628.393
1780592400000,628.34,630.47,627.665,629.128
1780593300000,629.132,630.44,629.11,630.066
1780594200000,630.075,630.22,628.71,629.78
1780595100000,629.715,630.055,628.797,629.108
1780596000000,629.107,629.107,625.99,626.398
1780596900000,626.397,627.2,625.985,626.259
1780597800000,626.256,627.065,625.665,626.808
1780598700000,626.808,626.85,625.558,625.867
1780599600000,625.866,625.882,624.6,625.748
1780600500000,625.772,626.925,624.34,624.478
1780601400000,624.476,624.476,622.99,623.953
1780602300000,623.86,627.61,623.68,627.54
1780603200000,627.413,627.454,625.086,625.894
1780604100000,625.894,626.241,625.175,625.175
1780605000000,625.175,625.675,625.175,625.589
1780605900000,625.589,625.775,625.402,625.775
1780606800000,625.776,626.27,625.68,626.25
1780607700000,626.25,626.82,626.058,626.474
1780608600000,626.487,626.625,626.487,626.525
1780609500000,626.525,626.7,626.525,626.581
1780610400000,626.58,626.742,625.71,625.936
1780611300000,625.935,626.4,625.44,625.44
1780612200000,625.44,625.6,624.7,625.276
1780613100000,625.276,625.276,624.56,624.56
1780614000000,624.56,624.822,624.25,624.3
1780614900000,624.3,624.65,624.25,624.586
1780615800000,624.594,624.814,624.15,624.15
1780616700000,624.15,624.65,624.15,624.174
1780617600000,624.51,625,621.99,622.68
1780618500000,622.62,623.6,622.16,622.38
1780619400000,622.3,622.96,622.3,622.73
1780620300000,622.67,622.97,620.47,620.65
1780621200000,620.56,620.97,618.85,618.85
1780622100000,618.87,618.87,617.76,618.8
1780623000000,618.8,621.6,618.8,620.11
1780623900000,620.16,622.99,620.12,622.36
1780624800000,622.07,623.35,622.07,622.56
1780625700000,622.52,623.23,622.29,622.9
1780626600000,622.75,623.01,622.49,622.52
1780627500000,622.59,622.74,622.48,622.74
1780628400000,622.72,622.95,622.56,622.83
1780629300000,622.8,623.01,622.54,622.65
1780630200000,622.52,622.65,621.52,621.52
1780631100000,621.51,621.51,620.56,621.49
1780632000000,621.16,622.15,621.14,621.52
1780632900000,621.8,622.52,621.72,622.17
1780633800000,622.19,622.4,621.96,622.03
1780634700000,622.22,622.61,622.01,622.58
1780635600000,622.57,622.57,622.11,622.39
1780636500000,622.38,622.51,622.23,622.24
1780637400000,622.26,622.95,622.13,622.51
1780638300000,622.51,622.51,622.2,622.37
1780639200000,622.21,622.86,622.2,622.46
1780640100000,622.53,622.86,622,622.6
1780641000000,622.21,622.75,622.12,622.55
1780641900000,622.63,623.03,622.53,622.98
1780642800000,622.65,623.21,622.64,622.95
1780643700000,622.83,623.87,622.64,623.87
1780644600000,623.79,624.14,623.52,624.02
1780645500000,624.02,624.69,624,624.34
1780646400000,624.175,624.715,623.55,624.641
1780647300000,624.644,625.5,624.5,625.5
1780648200000,625.5,625.5,625,625
1780649100000,625,625.26,625,625.26
1780650000000,625.26,625.755,625.201,625.451
1780650900000,625.451,625.803,624.747,624.747
1780651800000,624.746,624.83,624.345,624.64
1780652700000,624.639,625.243,624.635,624.845
1780653600000,624.845,624.885,624.845,624.885
1780654500000,624.885,625.56,624.885,625.56
1780655400000,625.56,625.56,624.96,624.96
1780656300000,624.96,625.465,624.45,624.45
1780657200000,624.45,625.144,624.401,624.401
1780658100000,624.4,624.69,624.34,624.517
1780659000000,624.51,625.58,624.475,625.58
1780659900000,625.58,625.58,624.675,624.97
1780660800000,624.97,624.97,623.8,623.8
1780661700000,623.8,625,623.8,624.479
1780662600000,624.481,624.485,622.431,623.541
1780663500000,623.541,623.8,622.462,622.495
1780664400000,622.495,622.797,621.367,622.195
1780665300000,622.195,623.549,621.599,623.549
1780666200000,623.422,628.91,622.005,624.563
1780667100000,624.531,625.015,619.34,619.694
1780668000000,619.7,619.98,614.8,618.432
1780668900000,618.43,619.63,616.98,618.538
1780669800000,618.524,618.694,614.79,615.04
1780670700000,615.057,615.81,614.15,615.583
1780671600000,615.562,616.33,613.6,613.828
1780672500000,613.831,614.34,612.8,613.557
1780673400000,613.465,614.12,611.695,611.727
1780674300000,611.735,613.755,611.37,613.031
1780675200000,612.86,613.004,610.417,610.48
1780676100000,610.46,610.926,609.84,609.926
1780677000000,609.924,609.924,608.41,609.173
1780677900000,609.171,609.844,608.3,609.835
1780678800000,609.823,610.421,608.56,608.829
1780679700000,608.83,608.89,607.37,608.74
1780680600000,608.856,609.085,607.99,608.16
1780681500000,608.171,609.19,608.05,608.865
1780682400000,608.854,611.34,592.22,594.29
1780683300000,594.292,596.42,582.96,586.901
1780684200000,586.844,593.76,584.47,591.92
1780685100000,592.249,595.73,591.855,594.81
1780686000000,594.7,596.53,589.73,591.213
1780686900000,591.204,592.31,588.54,591.828
1780687800000,592.305,592.305,589.29,590.88
1780688700000,590.966,594.99,590.43,592.724
1780689600000,592.723,593.014,588.827,589.347
1780690500000,589.351,591.092,588.756,590.551
1780691400000,590.53,590.53,589.434,590.175
1780692300000,590.175,591.744,589.806,590.791
1780693200000,590.791,591.25,590.427,590.799
1780694100000,590.799,592.575,590.799,592.161
1780695000000,592.164,592.26,591.1,591.404
1780695900000,591.408,591.803,591.208,591.347
1780696800000,591.348,591.5,590.725,590.733
1780697700000,590.734,591.51,590.112,590.469
1780698600000,590.467,590.514,589.225,589.225
1780699500000,589.222,590.266,588.795,590.266
1780700400000,590.268,590.293,589.875,590.293
1780701300000,590.294,590.347,589.375,589.704
1780702200000,589.709,589.756,589.012,589.212
1780703100000,589.21,589.626,588.785,589.626
1780704000000,589.631,589.658,589.631,589.658
1780876800000,593.01,594.93,580.01,592.7
1780877700000,592.74,597.02,592.73,596.96
1780878600000,596.98,600.43,596.98,598.11
1780879500000,598.14,598.17,596.61,598
1780880400000,597.67,598.18,597,597.2
1780881300000,597.1,597.29,593.51,593.85
1780882200000,593.81,597.29,593.1,596.26
1780883100000,596.23,596.64,595.5,595.54
1780884000000,595.71,595.89,594.95,595.32
1780884900000,595.41,595.87,594.89,595.43
1780885800000,595.65,596.51,594.76,596.28
1780886700000,596.5,596.7,595.62,595.71
1780887600000,595.78,595.8,595.39,595.64
1780888500000,595.68,595.81,595.28,595.59
1780889400000,595.8,596.5,595.75,596.39
1780890300000,596.43,596.43,594.99,595.78
1780891200000,595.91,596.12,594.88,595.01
1780892100000,595.02,595.7,594.7,594.94
1780893000000,595.19,595.19,593.87,594.45
1780893900000,594.41,594.59,593.84,593.92
1780894800000,593.92,594.42,593.37,593.37
1780895700000,593.48,593.82,593.03,593.25
1780896600000,593.26,593.83,591,591.69
1780897500000,591.61,592.24,590.99,591.61
1780898400000,592,593.5,592,592.21
1780899300000,592.22,594.4,591.73,594.4
1780900200000,594.41,594.9,593.34,594.02
1780901100000,594.02,594.26,593.01,593.5
1780902000000,593.55,595.04,593.41,594.69
1780902900000,594.53,596.29,594.23,596.11
1780903800000,595.96,596.2,595.48,595.62
1780904700000,595.76,596.44,589.659,595.69
1780905600000,590.623,595.615,590.623,594.495
1780906500000,594.495,595.134,594.495,595
1780907400000,595,595,593.177,593.225
1780908300000,593.225,594.6,593.2,593.275
1780909200000,593.275,594.999,593.23,593.525
1780910100000,593.525,594.324,593.451,594.025
1780911000000,594.025,595.099,593.401,595.099
1780911900000,595.1,595.5,594.282,594.282
1780912800000,594.281,594.281,593.916,594.26
1780913700000,594.26,594.26,593.7,593.7
1780914600000,593.7,594.569,593.5,594.25
1780915500000,594.25,594.25,592.99,593.5
1780916400000,593.5,594.266,591.688,594.266
1780917300000,594.305,596.75,594.305,596.75
1780918200000,596.75,597.663,596.361,596.361
1780919100000,596.33,597.093,595.451,596.813
1780920000000,596.794,597.227,595.87,596.461
1780920900000,596.46,597.75,596.13,597.651
1780921800000,597.651,599.329,597.59,599.193
1780922700000,599.233,599.498,597.515,597.58
1780923600000,597.583,598.323,596.849,597.83
1780924500000,597.83,599.19,591.76,591.894
1780925400000,590.56,591.762,579.23,587.093
1780926300000,587.43,589.87,586.68,589.172
1780927200000,588.9,591.44,587.87,590.772
1780928100000,590.787,590.95,587.99,588.382
1780929000000,588.377,588.76,586.775,587.938
1780929900000,587.955,590.66,587.955,590.429
1780930800000,590.43,591.63,590.06,590.185
1780931700000,590.185,590.81,587.694,587.694
1780932600000,587.687,588.83,586.71,588.658
1780933500000,588.709,589.355,587.35,587.477
1780934400000,587.59,588.607,587,587.647
1780935300000,587.652,589.035,587.593,588.134
1780936200000,588.127,588.6,586.97,587.892
1780937100000,587.912,588.33,586.67,586.823
1780938000000,586.811,586.867,584.93,586.079
1780938900000,586.2,588.28,586.081,588.131
1780939800000,588.142,588.771,585.99,586.089
1780940700000,586.085,587.69,585.985,586.858
1780941600000,586.805,588.25,586.65,587.734
1780942500000,587.723,588.59,587.52,588.498
1780943400000,588.489,588.94,587.3,587.458
1780944300000,587.462,588.02,587.45,587.578
1780945200000,587.593,587.654,585.37,585.449
1780946100000,585.442,587.8,585.26,587.686
1780947000000,587.84,588.325,587.155,588.19
1780947900000,588.24,590,584.88,585.26
1780948800000,585.328,585.99,584.71,585.6
1780949700000,585.6,585.6,585.149,585.289
1780950600000,585.291,585.6,585.25,585.596
1780951500000,585.597,586.499,585.55,586.345
1780952400000,586.345,586.62,585.825,585.825
1780953300000,585.825,586.24,585.2,585.647
1780954200000,585.649,586.241,585.649,586.12
1780955100000,586.12,586.295,586.12,586.19
1780956000000,586.191,586.3,585.49,585.5
1780956900000,585.5,586.04,585.498,585.605
1780957800000,585.605,585.802,585.505,585.8
1780958700000,585.8,586.7,585.8,586.37
1780959600000,586.37,586.45,586.142,586.25
1780960500000,586.25,586.595,586.25,586.34
1780961400000,586.34,586.807,586.175,586.689
1780962300000,586.683,586.683,585.791,586.091
1780963200000,587.01,587.01,585.04,585.59
1780964100000,585.63,586.11,585.62,586.1
1780965000000,585.88,586.09,584.83,585.19
1780965900000,585.63,585.83,585.29,585.42
1780966800000,585.8,586,585.34,585.94
1780967700000,585.96,587.7,585.61,587
1780968600000,587.03,587.58,586.95,587.29
1780969500000,587.57,588,587.17,587.49
1780970400000,587.5,587.59,587.22,587.33
1780971300000,587.32,587.59,586.82,587
1780972200000,587.3,587.51,586.96,587.1
1780973100000,587.45,587.82,587.09,587.82
1780974000000,587.41,587.96,587.41,587.7
1780974900000,587.97,587.97,587.45,587.48
1780975800000,587.72,588.36,587.54,588.34
1780976700000,588.22,588.34,588.01,588.11
1780977600000,588.14,588.16,587.63,587.84
1780978500000,587.83,588.01,587.53,587.68
1780979400000,587.64,588.09,587.64,587.91
1780980300000,587.84,588,587.46,587.51
1780981200000,587.5,587.91,587.34,587.55
1780982100000,587.56,587.69,587.11,587.11
1780983000000,587.17,587.68,587.11,587.55
1780983900000,587.31,587.68,587.12,587.41
1780984800000,587.43,587.99,587.14,587.98
1780985700000,587.98,588.43,587.83,587.99
1780986600000,587.81,588.15,587.54,587.87
1780987500000,587.88,587.88,587.23,587.48
1780988400000,587.29,588.26,587.19,588.04
1780989300000,587.72,587.95,587.19,587.19
1780990200000,587.55,587.68,586.99,587.51
1780991100000,587.45,587.76,586.99,586.99
1780992000000,586.091,588.474,586.09,587.949
1780992900000,587.915,588.5,587.71,587.85
1780993800000,587.85,589.5,587.85,589.5
1780994700000,589.5,589.509,588.701,589.175
1780995600000,589.175,589.33,588.875,589.175
1780996500000,589.175,589.451,589.175,589.451
1780997400000,589.48,589.683,589.375,589.375
1780998300000,589.375,590.85,589.375,589.975
1780999200000,589.975,590.058,589.02,589.02
1781000100000,589.02,589.805,589.02,589.805
1781001000000,589.826,596.168,589.826,593.187
1781001900000,593.276,593.84,591.965,592.845
1781002800000,592.845,593.39,592.2,592.494
1781003700000,592.488,592.554,591.716,592.05
1781004600000,592.048,593.322,592.035,593.239
1781005500000,593.233,593.708,592.629,592.66
1781006400000,592.66,592.66,591.676,591.702
1781007300000,591.701,592.243,591.101,591.555
1781008200000,591.555,592.88,591.555,591.997
1781009100000,591.998,591.999,590.893,591.612
1781010000000,591.618,591.65,589.912,590.582
1781010900000,590.589,591.649,590.33,591.649
1781011800000,591.691,596,587.99,595.79
1781012700000,595.449,597.52,593.26,596.067
1781013600000,595.95,597.25,594.35,594.468
1781014500000,594.451,596.22,592.345,594.387
1781015400000,594.51,596.66,593.82,594.383
1781016300000,594.381,594.57,590.375,593.258
1781017200000,593.36,594.99,592.625,593.308
1781018100000,593.308,593.315,588.14,588.456
1781019000000,588.7,589.71,587.6,588.715
1781019900000,588.739,590.214,587.27,587.433
1781020800000,587.428,588.195,585.58,587.023
1781021700000,587.038,587.156,583.508,586.16
1781022600000,586.155,587.62,581.19,582.504
1781023500000,582.521,584.25,581.455,583.883
1781024400000,583.903,585.4,583.7,584.863
1781025300000,584.875,587.06,584.55,586.71
1781026200000,586.712,589.79,586.68,589.262
1781027100000,589.262,589.673,587.74,588.712
1781028000000,588.665,590.7,587.935,588.552
1781028900000,588.548,589.92,587.67,589.562
1781029800000,589.567,590.71,589.135,589.203
1781030700000,589.211,591.32,589.211,591.013
1781031600000,591.004,591.422,589.62,589.758
1781032500000,589.92,589.92,587.87,588.321
1781033400000,588.32,588.5,586.075,586.282
1781034300000,586.26,587.49,584.56,584.896
1781035200000,584.896,586.183,584.817,585.32
1781036100000,585.32,586.41,585.32,586.027
1781037000000,586.026,587.6,585.6,587.405
1781037900000,587.396,589.512,586.739,589.119
1781038800000,589.099,589.099,587.25,587.7
1781039700000,587.7,587.799,585.883,586.263
1781040600000,586.199,586.395,585.88,586.339
1781041500000,586.339,587.097,586.13,586.5
1781042400000,586.5,586.976,586.23,586.531
1781043300000,586.527,587.055,586.346,586.505
1781044200000,586.505,586.858,585.969,586.429
1781045100000,586.428,587.875,586.371,587.044
1781046000000,587.038,587.634,586.396,586.51
1781046900000,586.51,586.783,586.282,586.36
1781047800000,586.36,586.985,585.761,586.24
1781048700000,586.24,587.799,586.24,587.25
1781049600000,587.97,588.79,587.04,587.04
1781050500000,587.47,587.98,587.05,587.27
1781051400000,587.41,587.5,585.7,585.7
1781052300000,585.79,587.85,585.79,587.6
1781053200000,587.61,587.83,586.97,587.48
1781054100000,587.43,587.87,587.12,587.34
1781055000000,587.3,587.51,586.5,587
1781055900000,586.66,587.06,586.29,586.76
1781056800000,586.68,586.68,585.78,586.03
1781057700000,586.03,586.27,585.39,585.98
1781058600000,586.21,586.65,585.71,585.96
1781059500000,586.36,586.75,585.6,585.67
1781060400000,585.78,586.74,585.65,586.03
1781061300000,586.02,586.43,585.7,586.12
1781062200000,586.12,586.5,585.41,585.5
1781063100000,585.46,585.79,585.16,585.49
1781064000000,585.49,585.49,584.17,584.17
1781064900000,584.69,586.13,584.17,585.69
1781065800000,585.6,585.7,584.43,584.45
1781066700000,584.45,585.55,584.24,585.2
1781067600000,585.2,585.44,584.54,584.73
1781068500000,584.81,585.01,583.63,585.01
1781069400000,585.02,585.77,584.48,584.87
1781070300000,584.89,585.72,584.6,585.01
1781071200000,585.4,585.98,585.02,585.3
1781072100000,585.49,585.49,584.75,585.43
1781073000000,585.14,585.46,584.99,585.07
1781073900000,585.07,585.51,584.47,584.64
1781074800000,584.8,585.4,584.46,585.06
1781075700000,585.32,585.32,584.94,585.07
1781076600000,585.25,585.37,584.74,584.74
1781077500000,584.94,585.09,584.61,584.99
1781078400000,586.955,586.955,584.142,584.142
1781079300000,584.141,584.83,583.5,583.5
1781080200000,583.5,583.5,582.016,582.016
1781081100000,582.014,582.38,581.181,581.181
1781082000000,581.18,582.313,581.18,581.915
1781082900000,581.915,581.915,580.845,581.915
1781083800000,581.915,582.415,581.59,581.59
1781084700000,581.59,581.705,580.851,580.851
1781085600000,580.85,581.93,580.85,581.8
1781086500000,581.8,582.005,581.625,582.005
1781087400000,582.005,582.28,581.78,582.28
1781088300000,582.28,583.129,581.915,583.129
1781089200000,583.129,583.129,580.5,581.584
1781090100000,581.603,582.593,579.383,579.824
1781091000000,579.77,579.77,578.12,578.927
1781091900000,578.927,580.598,578.601,579.451
1781092800000,579.446,581.093,579.446,580.678
1781093700000,580.649,581.9,579.969,581.864
1781094600000,581.854,583.319,580.756,583.045
1781095500000,583.038,583.996,582.11,582.258
1781096400000,582.257,582.3,580.895,581.313
1781097300000,581.346,582.25,580.162,580.795
1781098200000,580.98,591.117,579.57,591.117
1781099100000,591.12,591.3,587.32,587.567
1781100000000,587.606,589.87,584.595,585.485
1781100900000,585.498,586.236,583.06,583.499
1781101800000,583.516,583.62,582.04,582.187
1781102700000,582.177,582.305,578.36,578.99
1781103600000,579.002,580.74,575.05,576.493
1781104500000,576.4,578.66,575.49,577.875
1781105400000,577.866,579.9,576.906,579.723
1781106300000,579.696,580.057,576.325,579.657
1781107200000,579.643,579.747,577.815,577.849
1781108100000,577.856,578.1,576.66,577.093
1781109000000,577.095,578.165,576.4,577.32
1781109900000,577.299,578.138,576.25,577.494
1781110800000,577.497,578.02,575.52,575.587
1781111700000,575.604,576.352,575.25,576.08
1781112600000,576.077,576.135,574,574.21
1781113500000,574.213,575.86,573.93,575.293
1781114400000,575.304,576.99,575.304,575.904
1781115300000,575.99,576.351,575.09,575.534
1781116200000,575.541,575.549,573.29,573.571
1781117100000,573.573,573.67,572.4,572.477
1781118000000,572.475,573.16,571.92,572.189
1781118900000,572.196,573.065,570.62,570.983
1781119800000,570.925,573.635,570.8,573.367
1781120700000,573.371,573.4,570.7,571.061
1781121600000,571.058,571.095,569.81,570.551
1781122500000,570.538,570.94,570.311,570.815
1781123400000,570.815,572.322,570.69,571.2
1781124300000,571.2,571.864,570.625,571.864
1781125200000,571.866,571.875,570.426,570.426
1781126100000,570.426,571.075,570.426,570.58
1781127000000,570.58,570.8,570.45,570.45
1781127900000,570.45,570.624,570.354,570.555
1781128800000,570.555,570.714,568.55,569.354
1781129700000,569.359,569.375,568.349,569.177
1781130600000,569.178,569.398,568.555,568.555
1781131500000,568.555,568.698,567.827,567.827
1781132400000,567.822,568.305,567.202,567.202
1781133300000,567.196,568.441,567.054,568.295
1781134200000,568.295,569.492,568.258,569.27
1781135100000,569.27,569.334,568.229,568.25
1781136000000,569.05,569.9,568.42,569.3
1781136900000,569.63,571.56,569.63,570.68
1781137800000,570.67,570.86,570.17,570.85
1781138700000,570.52,572.49,570.52,572.1
1781139600000,572.21,573.93,572.19,573.69
1781140500000,573.61,574,573.02,573.81
1781141400000,573.81,573.96,572.76,573.19
1781142300000,573.1,573.33,572.5,572.69
1781143200000,572.96,573.49,572.51,572.51
1781144100000,572.72,572.85,571.71,572.46
1781145000000,572.39,572.46,571.58,571.58
1781145900000,571.59,572.49,571.15,572.31
1781146800000,572.61,573.01,572.14,572.14
1781147700000,572.49,572.55,571.73,572.39
1781148600000,572.39,573.3,572.38,572.93
1781149500000,572.96,574.5,572.84,574.49
1781150400000,574.44,574.79,573.84,573.86
1781151300000,574.1,574.37,573.62,573.69
1781152200000,573.7,574.64,573.7,574.64
1781153100000,574.64,574.79,573.91,574.1
1781154000000,574.31,574.42,573.51,573.71
1781154900000,573.81,573.9,573.52,573.62
1781155800000,573.77,574.26,573.62,574.14
1781156700000,573.96,574.46,573.63,574.46
1781157600000,574.11,574.4,572.44,573.07
1781158500000,573.79,573.85,573.11,573.58
1781159400000,573.51,574.44,573.28,574.03
1781160300000,574.07,574.46,573.84,574.46
1781161200000,574.46,574.99,574.06,574.23
1781162100000,574.47,575.26,574.39,575.01
1781163000000,575.25,575.25,574.93,575.07
1781163900000,575.19,575.19,574.12,574.22
1781164800000,569.373,576.625,569.373,575.945
1781165700000,575.983,576.275,575.295,575.875
1781166600000,575.937,576.4,575.937,576.15
1781167500000,576.15,576.15,575.76,575.76
1781168400000,575.76,576.381,575.76,576.381
1781169300000,576.384,576.4,575.85,575.85
1781170200000,575.85,575.85,575.15,575.406
1781171100000,575.405,575.405,575.405,575.405
1781172000000,575.385,575.385,574.25,574.522
1781172900000,574.521,574.9,570.219,572.305
1781173800000,572.305,573.745,572.305,572.545
1781174700000,572.545,573.255,572.545,573.255
1781175600000,573.205,573.509,571.733,572.202
1781176500000,572.183,573.136,571.871,572.69
1781177400000,572.69,573.276,572.063,572.751
1781178300000,572.75,572.75,572.1,572.178
1781179200000,572.177,572.466,571.673,572.466
1781180100000,572.468,572.477,569.99,570.899
1781181000000,570.899,570.991,568.52,569.989
1781181900000,569.991,571.514,569.601,570.699
1781182800000,570.749,571.063,569.417,569.686
1781183700000,569.689,570.3,565.927,565.927
1781184600000,565.245,567.425,561.06,562.293
1781185500000,562.235,566.2,561.87,563.627
1781186400000,563.34,565.08,559.79,560.038
1781187300000,560.042,562.41,558.25,560.863
1781188200000,560.883,563.745,559.13,560.879
1781189100000,560.877,561.418,557.78,558.299
1781190000000,558.295,561.38,557.03,560.693
1781190900000,560.615,562.57,560.57,560.886
1781191800000,560.874,562.387,560.415,560.743
1781192700000,560.74,561.47,559.63,560.915
1781193600000,560.914,564.168,560.69,564.145
1781194500000,564,564.728,563.34,563.591
1781195400000,563.59,565.07,562.77,563.254
1781196300000,563.259,563.48,560.25,560.599
1781197200000,560.579,561.01,557.93,560.376
1781198100000,562.85,566,562.65,566
1781199000000,565.503,568.99,565.15,568.428
1781199900000,568.427,568.86,566.6,568.536
1781200800000,568.54,568.8,565.39,566.593
1781201700000,566.594,568.546,566.365,567.088
1781202600000,567.095,567.686,566.24,567.355
1781203500000,567.374,568.32,567.152,567.309
1781204400000,567.31,568.82,567.105,568.175
1781205300000,568.186,569.945,568.115,569.717
1781206200000,569.8,572.11,569.68,570.429
1781207100000,568.77,568.77,568.16,568.4
1781208000000,568.441,569.702,568.024,569.424
1781208900000,569.445,569.773,569.252,569.45
1781209800000,569.45,569.85,569.355,569.65
1781210700000,569.65,571.4,569.65,571.37
1781211600000,571.375,571.765,571.194,571.64
1781212500000,571.64,572.125,571.45,571.45
1781213400000,571.45,571.725,571.151,571.151
1781214300000,571.151,571.798,571.15,571.798
1781215200000,571.798,572.642,571.372,572.533
1781216100000,572.531,572.531,572.238,572.32
1781217000000,572.32,572.87,572.32,572.87
1781217900000,572.892,572.926,572.595,572.805
1781218800000,572.805,572.844,572.447,572.764
1781219700000,572.766,572.836,572.131,572.455
1781220600000,572.455,572.999,572.255,572.57
1781221500000,572.568,572.873,572.555,572.835
1781222400000,572.836,573.67,571.35,572.71
1781223300000,572.71,573.42,572.66,573.03
1781224200000,573.1,573.86,572.78,572.78
1781225100000,573.12,573.47,572.64,572.72
1781226000000,573.01,573.01,571.55,572.04
1781226900000,572.39,572.67,571.01,571.29
1781227800000,571.3,571.86,570.75,571.17
1781228700000,571.17,572.6,571.17,572.6
1781229600000,572.61,572.83,572.02,572.41
1781230500000,572.57,572.57,571.6,571.62
1781231400000,571.63,572.8,571.52,572.8
1781232300000,572.8,572.99,572.4,572.89
1781233200000,572.75,572.85,571.62,571.85
1781234100000,571.79,572.26,571.55,572.2
1781235000000,572,572.51,571.99,572.2
1781235900000,572.46,572.46,571.66,571.76
1781236800000,571.76,572.13,571.19,571.2
1781237700000,571.57,572.26,571.42,572.11
1781238600000,572.37,572.38,571.75,571.75
1781239500000,572.08,572.59,571.9,571.97
1781240400000,572.2,572.2,571.17,571.24
1781241300000,571.81,571.85,571.24,571.31
1781242200000,571.83,571.84,570.55,571.5
1781243100000,570.84,570.84,568.92,569.77
1781244000000,569.9,571.24,569.59,570.99
1781244900000,571.06,571.06,570.08,570.21
1781245800000,570.21,570.23,569.18,569.51
1781246700000,569.81,569.82,568.68,569.5
1781247600000,569.56,569.56,567.73,567.73
1781248500000,567.74,568.84,567.73,568.49
1781249400000,568.75,569.89,568.54,569.87
1781250300000,569.87,571.24,569.6,570.6
1781251200000,572.49,572.729,570.75,572
1781252100000,571.999,574.735,571.995,573.993
1781253000000,573.994,574.121,572.99,573.349
1781253900000,573.348,574,572.5,574
1781254800000,574,574.5,574,574.5
1781255700000,574.5,576.617,574.5,576.617
1781256600000,576.618,577.48,576.396,576.64
1781257500000,576.64,577.529,576.254,576.621
1781258400000,576.621,576.621,575.55,575.568
1781259300000,575.582,575.942,574.99,575.296
1781260200000,575.295,575.5,575,575.5
1781261100000,575.5,575.965,574.221,574.221
1781262000000,574.01,574.789,573.487,574.256
1781262900000,574.259,574.91,574.191,574.459
1781263800000,574.457,574.99,574.003,574.775
1781264700000,574.775,575.845,574.775,575.446
1781265600000,575.447,575.45,573.49,573.503
1781266500000,573.502,574.89,573.449,574.169
1781267400000,574.162,574.224,572.99,573.015
1781268300000,573.012,573.625,571.691,573.019
1781269200000,573.016,573.498,571.176,573.333
1781270100000,573.334,573.582,572.189,573.151
1781271000000,573.41,575.94,566.05,566.24
1781271900000,566.43,566.687,560.985,564.025
1781272800000,564.012,565.5,563.39,563.918
1781273700000,563.922,566.042,563.49,565.916
1781274600000,565.923,568.215,563.25,563.425
1781275500000,563.4,570.9,563.1,570.59
1781276400000,570.577,571.78,569.86,571.682
1781277300000,571.671,574.595,571.205,572.015
1781278200000,572.014,572.19,569.86,571.129
1781279100000,571.134,572.14,568.85,569.186
1781280000000,569.215,571.776,568.105,571.188
1781280900000,571.178,572.26,570.36,571.566
1781281800000,571.553,571.553,570.215,570.416
1781282700000,570.439,570.932,569.63,570.308
1781283600000,570.303,572.71,568.358,568.722
1781284500000,568.79,569.51,567.36,567.762
1781285400000,567.74,567.74,565.875,566.121
1781286300000,566.122,566.84,565.695,566.462
1781287200000,566.46,567.046,565.585,566.136
1781288100000,566.135,566.56,564.91,565.461
1781289000000,565.462,567.36,565.4,567.272
1781289900000,567.23,567.35,565.863,566.085
1781290800000,566.071,567.312,565.85,566.2
1781291700000,566.22,567.52,565.76,566.757
1781292600000,566.751,566.751,564.025,564.349
1781293500000,564.335,567.84,563.01,566.935
1781294400000,567.044,567.935,566.538,567.6
1781295300000,567.6,567.763,567.488,567.566
1781296200000,567.553,567.794,567.403,567.48
1781297100000,567.48,567.506,567.182,567.19
1781298000000,567.19,568,567.125,567.63
1781298900000,567.63,567.774,567.557,567.691
1781299800000,567.692,567.704,567.287,567.605
1781300700000,567.605,567.7,567.466,567.535
1781301600000,567.535,567.63,567.525,567.6
1781302500000,567.6,567.675,567.6,567.635
1781303400000,567.635,567.745,567.635,567.745
1781304300000,567.745,568.36,567.745,568.36
1781305200000,568.36,568.425,568.101,568.425
1781306100000,568.425,568.705,568.262,568.325
1781307000000,568.325,568.608,568.2,568.608
1781307900000,568.609,569.25,568.52,569.25
1781453700000,568.96,568.96,568.82,568.82
1781454600000,568.82,568.82,568.82,568.82
1781481600000,572,576,570.68,574.19
1781482500000,574.22,576.2,573.76,576
1781483400000,575.87,576.02,575.75,575.82
1781484300000,575.81,576.09,575.54,576.08
1781485200000,576.01,576.71,575.85,576.5
1781486100000,576.49,576.72,576.19,576.48
1781487000000,576.4,577.07,576.09,576.91
1781487900000,577.06,577.18,576.79,576.99
1781488800000,577,577.51,576.85,577.47
1781489700000,577.44,577.75,577.16,577.6
1781490600000,577.74,578.19,577.62,577.9
1781491500000,577.91,578.17,577.62,578.17
1781492400000,578.15,578.29,577.75,578.29
1781493300000,578.29,578.78,578.05,578.45
1781494200000,578.45,578.86,578.15,578.26
1781495100000,578.51,578.51,577.2,577.2
1781496000000,577.65,577.98,577.15,577.17
1781496900000,577.2,577.88,577.2,577.4
1781497800000,577.24,577.79,577.21,577.5
1781498700000,577.5,577.64,577.36,577.58
1781499600000,577.66,577.94,577.5,577.65
1781500500000,577.67,577.74,577.15,577.26
1781501400000,577.38,577.46,576.72,577.4
1781502300000,577.42,577.5,576.74,577.25
1781503200000,577.54,577.54,577.02,577.21
1781504100000,577.17,577.29,576.29,577.15
1781505000000,576.87,577.65,576.87,577.5
1781505900000,577.58,578.65,577.34,577.51
1781506800000,577.42,579,576.98,578.56
1781507700000,578.47,579.24,578.16,579.15
1781508600000,579.19,579.39,578.72,579.03
1781509500000,579.02,579.5,578.55,578.96
1781510400000,570.966,581.01,570.966,579.965
1781511300000,579.965,580.425,579.5,580.425
1781512200000,580.425,580.595,580.01,580.575
1781513100000,580.575,580.725,579.562,579.562
1781514000000,579.556,579.556,579.133,579.45
1781514900000,579.45,579.45,578.95,578.95
1781515800000,578.95,578.95,577.886,578.045
1781516700000,578.045,578.045,577.51,577.885
1781517600000,577.885,578.95,577.885,578.95
1781518500000,578.95,578.968,578.01,578.968
1781519400000,578.969,578.969,574.75,574.933
1781520300000,574.931,576.87,574.93,576.777
1781521200000,576.78,577.299,573.671,573.976
1781522100000,574.021,575.771,574.021,575.049
1781523000000,575.069,575.47,572.99,573.512
1781523900000,573.508,574.4,573.495,574.219
1781524800000,574.216,574.792,574.202,574.513
1781525700000,574.518,574.894,573.028,573.917
1781526600000,573.904,575.214,573.252,575.147
1781527500000,575.148,576.66,575.12,576.5
1781528400000,576.5,576.902,575.439,576.902
1781529300000,576.91,580.171,576.456,579.861
1781530200000,579.89,591.51,579.65,589.369
1781531100000,588.83,592.25,586.79,591.854
1781532000000,591.87,593.65,591.77,592.525
1781532900000,592.507,592.507,588.66,590.699
1781533800000,590.703,593.28,590.16,592.718
1781534700000,593,594.6,592.763,594.229
1781535600000,594.234,596.325,593.425,595.657
1781536500000,595.657,597.57,594.99,596.705
1781537400000,596.705,599.265,596.385,599.205
1781538300000,599.203,600.58,599.203,599.815
1781539200000,599.821,600.29,599.45,599.957
1781540100000,599.965,601.21,598.68,598.876
1781541000000,598.875,598.97,596.37,596.788
1781541900000,596.72,597.55,596,597.023
1781542800000,597.028,597.3,595.645,596.069
1781543700000,596.07,596.75,594.85,594.948
1781544600000,594.937,596.656,594.34,595.823
1781545500000,595.819,596.02,595.06,595.201
1781546400000,595.206,595.406,594.488,595.28
1781547300000,595.32,596.07,594.885,595.552
1781548200000,595.556,595.56,594.1,594.605
1781549100000,594.608,595.01,594.37,594.625
1781550000000,594.628,594.74,592.95,593.035
1781550900000,593.041,593.377,591.235,591.242
1781551800000,591.27,592.6,590.74,592.255
1781552700000,592.242,593.845,591.165,593.49
1781553600000,593.34,594.593,593.191,593.217
1781554500000,593.206,593.28,592.8,592.8
1781555400000,592.8,593.259,592.8,593.225
1781556300000,593.225,593.259,593.1,593.1
1781557200000,593.1,593.755,593.1,593.325
1781558100000,593.325,593.325,593.015,593.015
1781559000000,593.015,593.409,592.855,593.32
1781559900000,593.32,593.4,593.32,593.391
1781560800000,593.391,593.4,591.955,592.004
1781561700000,592.045,592.805,591.8,591.833
1781562600000,591.828,592.201,591.501,592
1781563500000,592,592.85,592,592.7
1781564400000,592.7,592.746,591.542,592.024
1781565300000,592.025,592.231,591.65,592.231
1781566200000,592.234,592.25,591.9,591.9
1781567100000,591.9,592.76,591.48,592.75
1781568000000,593,593.1,591.61,592.86
1781568900000,592.84,593.75,592.63,593.35
1781569800000,593.47,593.73,593.01,593.43
1781570700000,593.25,593.43,592.68,593.29
1781571600000,593.27,593.49,592.19,592.27
1781572500000,592.43,592.8,592.33,592.75
1781573400000,592.6,592.99,592.47,592.98
1781574300000,592.84,593.3,592.84,593.09
1781575200000,593.12,593.51,593.02,593.04
1781576100000,593.35,593.51,593.05,593.06
1781577000000,593.44,593.65,593.18,593.46
1781577900000,593.49,593.51,593.12,593.24
1781578800000,593.27,593.5,593.21,593.3
1781579700000,593.48,593.58,593.47,593.47
1781580600000,593.5,593.81,593.42,593.46
1781581500000,593.5,593.57,593.31,593.51
1781582400000,593.6,593.68,593.26,593.35
1781583300000,593.17,593.21,592.85,592.87
1781584200000,592.87,593.19,592.8,592.8
1781585100000,592.77,593,592.34,593
1781586000000,592.77,593.6,592.77,593.6
1781586900000,593.61,593.83,593.45,593.5
1781587800000,593.58,593.58,593.02,593.22
1781588700000,593.19,593.46,593.19,593.38
1781589600000,593.39,593.61,593.08,593.61
1781590500000,593.7,594.06,593.7,594
1781591400000,594.02,594.02,593.69,593.72
1781592300000,593.71,594.1,593.44,593.91
1781593200000,593.86,594.48,593.86,594.01
1781594100000,594.14,594.32,594.01,594.32
1781595000000,594.43,594.68,594.19,594.32
1781595900000,594.32,594.65,593.92,593.94
1781596800000,592.75,595.75,592.75,595.75
1781597700000,595.637,595.637,594.715,594.715
1781598600000,594.715,594.81,593.281,593.534
1781599500000,593.535,593.535,593.206,593.435
1781600400000,593.435,594.35,593.435,593.693
1781601300000,593.661,593.661,592.9,593.065
1781602200000,593.065,593.295,592.66,592.66
1781603100000,592.66,592.665,592.66,592.665
1781604000000,592.665,592.76,592.605,592.665
1781604900000,592.665,592.665,591.76,591.82
1781605800000,591.818,592.415,591.805,592.415
1781606700000,592.415,592.935,592.165,592.935
1781607600000,592.935,593.199,592,592
1781608500000,592,592.197,591.245,592.197
1781609400000,592.199,593.355,591.5,593.331
1781610300000,593.329,594.89,593.326,593.786
1781611200000,593.79,594.772,593.754,593.754
1781612100000,593.753,594.213,593.5,593.625
1781613000000,593.625,593.799,593.047,593.393
1781613900000,593.394,593.399,592.009,592.502
1781614800000,592.501,592.748,591.51,591.963
1781615700000,591.955,593.859,591.424,593.523
1781616600000,593.65,601.79,593.31,600.234
1781617500000,600.195,605.82,600,603.05
1781618400000,602.961,605.41,599.34,599.524
1781619300000,599.57,599.81,593.44,593.587
1781620200000,593.579,593.76,592,592.654
1781621100000,592.655,597.41,592.49,595.874
1781622000000,595.877,598.27,595.877,597.423
1781622900000,597.64,598.65,596.76,596.922
1781623800000,596.916,597.022,594.66,595.097
1781624700000,595.107,596.24,594.46,595.259
1781625600000,595.249,595.905,594.69,595.885
1781626500000,595.887,596.77,595.549,596.49
1781627400000,596.48,597.641,596.14,596.995
1781628300000,596.991,597.641,595.88,597.228
1781629200000,597.231,597.711,596.32,596.426
1781630100000,596.431,596.66,595.985,596.25
1781631000000,596.255,596.6,595.17,595.307
1781631900000,595.304,596.127,595.12,595.903
1781632800000,595.904,597.097,595.904,597.097
1781633700000,597.102,598.71,596.805,598.169
1781634600000,598.179,599.71,598.179,599.155
1781635500000,599.144,600.36,598.96,599.733
1781636400000,599.737,599.915,598.385,599.725
1781637300000,599.732,599.875,598.18,598.858
1781638200000,598.95,599.27,597.03,597.281
1781639100000,600.95,601.04,599.48,600.17
1781640000000,600.208,600.225,598.529,598.625
1781640900000,598.663,599.874,598.663,599.686
1781641800000,599.624,599.624,598.45,598.46
1781642700000,598.46,598.844,598.2,598.529
1781643600000,598.566,598.93,598.25,598.25
1781644500000,598.25,598.755,597.9,598.5
1781645400000,598.567,599.016,597.75,598.248
1781646300000,598.249,599.15,598,598.987
1781647200000,598.989,599.397,598.86,599.029
1781648100000,599.029,599.299,598.877,599.072
1781649000000,599.073,599.4,598.669,598.864
1781649900000,598.865,598.865,597.86,598.375
1781650800000,598.443,598.78,598.025,598.025
1781651700000,598.046,598.375,597.97,597.97
1781652600000,597.97,598.2,597.6,597.965
1781653500000,597.965,597.965,597.016,597.912
1781654400000,597.914,598.9,597.66,597.99
1781655300000,598.12,598.38,597.65,597.88
1781656200000,597.87,598.5,597.74,598.11
1781657100000,597.89,598.46,597.89,598.45
1781658000000,598.44,599.35,598.33,599.35
1781658900000,599.3,599.38,598.98,599.36
1781659800000,599.35,599.36,599.03,599.2
1781660700000,599.22,599.6,599.2,599.4
1781661600000,599.68,599.88,599.27,599.88
1781662500000,599.78,600.16,599.74,599.92
1781663400000,599.8,600.1,599.8,600.1
1781664300000,599.91,600.06,599.8,599.96
1781665200000,599.94,600.26,599.94,600.2
1781666100000,599.99,600.22,599.81,600.14
1781667000000,600.15,600.41,599.91,600.39
1781667900000,600.36,601.01,600.36,600.74
1781668800000,600.49,600.76,600.23,600.48
1781669700000,600.55,600.68,600.26,600.51
1781670600000,600.59,600.73,600.51,600.64
1781671500000,600.64,601,600.64,600.99
1781672400000,600.81,601.22,600.8,601.02
1781673300000,601.02,601.19,600.99,601.01
1781674200000,601.01,601.33,600.34,600.34
1781675100000,600.52,600.85,600.25,600.26
1781676000000,600.46,600.7,600.33,600.42
1781676900000,600.8,600.8,600.22,600.26
1781677800000,600.3,600.66,600.01,600.4
1781678700000,600.4,600.89,600.38,600.51
1781679600000,600.66,601.14,600.5,600.9
1781680500000,600.9,601.24,600.21,600.23
1781681400000,600.52,600.53,600.23,600.35
1781682300000,600.5,600.82,600.31,600.46
1781683200000,598.345,600.5,598.345,599.03
1781684100000,599.033,599.245,598.975,599.05
1781685000000,599.05,599.05,597.695,598.008
1781685900000,598.009,598.01,597.695,597.695
1781686800000,597.695,598.595,597.571,597.702
1781687700000,597.701,598.01,597.695,598.01
1781688600000,598.01,598.01,597.15,597.273
1781689500000,597.274,597.59,596.511,597.09
1781690400000,597.09,597.09,596.881,596.881
1781691300000,596.88,597.478,596.88,597.09
1781692200000,597.09,597.16,596.48,597.16
1781693100000,597.16,597.178,596.786,596.786
1781694000000,596.785,597.599,596.781,597.59
1781694900000,597.59,597.79,596.711,596.711
1781695800000,596.709,597.389,596.4,596.884
1781696700000,596.922,597.14,596.101,596.698
1781697600000,596.699,597.274,596.4,597.132
1781698500000,597.144,597.205,595.712,595.975
1781699400000,595.971,596.399,595.284,595.502
1781700300000,595.503,595.784,595.201,595.6
1781701200000,595.6,595.999,595.503,595.594
1781702100000,595.578,597.436,591.51,591.925
1781703000000,592.67,593.63,585.75,586.51
1781703900000,586.276,587.75,584.76,585.23
1781704800000,585,586.645,583.995,586.34
1781705700000,586.434,587.24,584.77,585.178
1781706600000,585.188,585.64,582.21,582.78
1781707500000,582.78,583.35,580.99,582.101
1781708400000,582.109,582.35,579.67,581.099
1781709300000,581.106,581.745,580.3,580.627
1781710200000,580.623,581.34,580.28,580.726
1781711100000,580.737,581.33,580.14,580.553
1781712000000,580.577,581.06,579.78,580.53
1781712900000,580.36,581.37,580.085,580.289
1781713800000,580.291,580.561,578.13,578.321
1781714700000,578.455,578.7,577.48,578.398
1781715600000,578.373,578.522,576.97,577.976
1781716500000,577.938,579.5,577.555,579.414
1781717400000,579.426,580.77,579.205,579.771
1781718300000,579.767,580.751,579.316,580.49
1781719200000,580.344,580.49,574.88,576.822
1781720100000,576.785,578.16,574.7,575.867
1781721000000,575.91,575.91,572.915,575.507
1781721900000,575.495,575.65,572.405,572.704
1781722800000,572.704,573.82,570.44,572.12
1781723700000,572.195,572.87,569.7,569.85
1781724600000,569.845,570.82,568.58,568.651
1781725500000,568.615,570.295,566.52,567.11
1781726400000,567.116,568.808,567.009,568.307
1781727300000,568.329,570.664,568.318,570.207
1781728200000,570.206,570.948,569.95,570.374
1781729100000,570.374,571.242,570.3,570.729
1781730000000,570.732,571.217,570.474,570.955
1781730900000,570.955,572.51,570.604,572.094
1781731800000,572.091,573.621,571.826,572.95
1781732700000,572.95,574.245,572.89,573.6
1781733600000,573.591,573.758,572.631,572.901
1781734500000,572.901,574.24,572.875,573.622
1781735400000,573.627,574.25,573.302,573.724
1781736300000,573.72,574.11,573.616,573.95
1781737200000,573.95,574.28,573.301,574.28
1781738100000,574.28,574.53,574.215,574.391
1781739000000,574.39,574.39,574,574.08
1781739900000,574.08,574.543,574.08,574.539
1781740800000,574.538,576.46,574.537,576.07
1781741700000,576.02,576.48,575.81,576.01
1781742600000,576.03,576.6,576.02,576.54
1781743500000,576.61,576.69,575.99,576.13
1781744400000,576.09,576.25,575.87,576.19
1781745300000,576.18,576.73,576.05,576.68
1781746200000,576.6,576.71,576.31,576.71
1781747100000,576.51,576.62,576.15,576.47
1781748000000,576.47,576.89,576.4,576.81
1781748900000,576.84,576.84,576.42,576.48
1781749800000,576.52,576.69,576.21,576.61
1781750700000,576.61,576.77,576.32,576.36
1781751600000,576.48,576.63,576.26,576.31
1781752500000,576.34,576.6,576.26,576.49
1781753400000,576.49,576.59,575.67,575.8
1781754300000,575.79,575.98,575.66,575.7
1781755200000,575.7,575.91,574.9,575
1781756100000,575.01,575.31,574.61,575.01
1781757000000,575.02,575.02,573.56,573.62
1781757900000,573.79,574.44,573.26,574.41
1781758800000,574.39,574.77,574,574.01
1781759700000,574.02,574.3,573.79,573.79
1781760600000,573.99,575.27,573.99,575.07
1781761500000,575.05,575.19,574.74,574.74
1781762400000,574.53,575,574.4,574.95
1781763300000,574.99,574.99,574.3,574.64
1781764200000,574.81,574.81,574.19,574.4
1781765100000,574.51,575.31,574.51,575.28
1781766000000,575.27,575.45,574.89,574.89
1781766900000,575.02,575.31,575,575.12
1781767800000,575.11,575.21,575.09,575.21
1781768700000,575.25,575.55,575.02,575.19
1781769600000,574.536,576.45,574.535,576.45
1781770500000,576.45,576.607,574.916,575.567
1781771400000,575.566,575.967,575.32,575.895
1781772300000,575.908,575.934,574.45,574.45
1781773200000,574.45,574.45,572.9,574
1781774100000,574,574.7,574,574.06
1781775000000,574.06,574.284,573.5,574.284
1781775900000,574.284,575.235,574.262,575.235
1781776800000,575.235,575.718,574.993,575.718
1781777700000,575.72,576.543,575.72,575.9
1781778600000,575.9,575.9,574.745,574.801
1781779500000,574.792,574.792,572.62,573.185
1781780400000,573.185,573.637,570.003,570.98
1781781300000,570.983,571.275,568.734,569.183
1781782200000,569.207,570.616,568.817,569.85
1781783100000,569.825,570.78,569.408,570.78
1781784000000,570.78,572.206,570.775,571.723
1781784900000,571.736,572.95,571.736,572.254
1781785800000,572.253,572.45,571.409,572.397
1781786700000,572.398,573.603,572.075,573.255
1781787600000,573.263,575.672,572.4,574.856
1781788500000,574.863,575.79,573.778,574.631
1781789400000,573.24,576.48,563.55,563.732
1781790300000,563.66,567.32,563.105,565.379
1781791200000,565.442,572.81,565.442,570.628
1781792100000,570.625,573.17,569.78,569.947
1781793000000,569.96,571.94,569.49,569.925
1781793900000,569.924,572.33,569.04,571.684
1781794800000,571.705,573.315,570.77,571.593
1781795700000,571.599,573.35,570.97,572.991
1781796600000,573.021,574.17,572.64,573.84
1781797500000,573.828,578.59,573.44,577.057
1781798400000,576.86,577.255,574.475,575.652
1781799300000,575.681,576.88,575.165,576.069
1781800200000,576.063,577.895,575.72,576.857
1781801100000,576.868,577.57,576.74,577.244
1781802000000,577.272,578.561,576.965,577.374
1781802900000,577.384,578.33,577.36,577.845
1781803800000,577.854,578.89,576.22,576.955
1781804700000,577.142,577.366,576.14,576.418
1781805600000,576.4,576.4,574.62,574.801
1781806500000,574.784,574.784,573.38,573.557
1781807400000,573.559,575.72,573.187,575.609
1781808300000,575.78,576.51,575.622,576.256
1781809200000,576.259,576.29,573.76,574.055
1781810100000,574.056,575.255,573.08,574.735
1781811000000,574.75,574.845,573.345,574.817
1781811900000,578.15,578.26,577.09,577.28
1781812800000,577.37,578.202,576.01,576.229
1781813700000,576.207,577.689,575.855,577.549
1781814600000,577.549,577.799,577.302,577.6
1781815500000,577.6,577.65,577.2,577.498
1781816400000,577.499,577.975,577.479,577.77
1781817300000,577.77,577.805,577.475,577.6
1781818200000,577.6,577.6,577.49,577.495
1781819100000,577.495,577.515,577.331,577.451
1781820000000,577.451,577.451,576.1,576.59
1781820900000,576.59,576.59,575.65,575.75
1781821800000,575.75,575.75,573.76,574.375
1781822700000,574.375,575.486,574.29,574.548
1781823600000,574.581,575.993,574.581,575.993
1781824500000,575.994,576,575.11,575.25
1781825400000,575.25,575.7,575.048,575.293
1781826300000,575.292,575.474,574.458,574.639
1781827200000,576.06,576.06,576.06,576.06
1781855100000,576.06,576.06,576.06,576.06
1781869500000,576.09,576.09,574.2,576.09
1781870400000,576.1,576.11,574.65,574.65
1781874000000,575.77,576.34,574.34,574.99
1781878500000,576.4,576.4,576.4,576.4
1781884800000,576.4,576.4,575.43,575.43
1781887500000,575.42,575.42,574.37,574.37
1781928900000,574.37,576.82,574.3,574.38
1781937900000,576.11,576.11,575.14,575.14
1781938800000,575.65,575.65,575.13,575.13
1781950500000,575.55,576.89,574.2,574.2
1781955900000,576.89,576.97,576.89,576.97
1781956800000,576.52,576.52,573.37,573.37
1781970300000,577.04,577.15,576.4,576.4
1781975700000,577.08,577.08,576.47,576.47
1781983800000,577.15,577.37,576.3,576.47
1781988300000,577.31,577.31,576.87,576.87
1782000900000,576.56,576.56,576.56,576.56
1782007200000,576.56,576.56,576.2,576.2
1782029700000,576,577.42,573.37,573.37
1782035100000,576.15,576.15,574.25,574.25
1782058500000,574.25,574.25,574.25,574.25
1782062100000,574.76,574.76,574.25,574.25
1782064800000,574.77,576.27,573.99,573.99
1782065700000,573.99,575.63,573.83,573.83
1782067500000,574.65,575.76,573.71,573.71
1782084600000,574.49,575.81,573.65,573.65
1782086400000,574.36,575.22,570,573.3
1782087300000,573.6,573.6,572.79,573.19
1782088200000,573.2,573.43,572.92,573.03
1782089100000,573.04,573.87,573,573.71
1782090000000,573.84,574.63,573.56,574
1782090900000,574.02,574.32,573.89,574.07
1782091800000,573.8,574,573.69,573.91
1782092700000,573.91,573.92,573.32,573.34
1782093600000,573.36,573.47,573.04,573.16
1782094500000,573.03,573.45,572.86,573.26
1782095400000,573.26,573.26,572.76,572.87
1782096300000,572.87,573.35,572.8,572.96
1782097200000,573.14,573.17,572.88,572.88
1782098100000,572.98,573.18,572.81,573.12
1782099000000,573.19,573.28,573.01,573.01
1782099900000,573.19,573.4,572.8,572.99
1782100800000,572.8,572.98,572.34,572.98
1782101700000,572.69,572.98,572.57,572.62
1782102600000,572.64,572.9,572.33,572.36
1782103500000,572.65,573.46,572.6,573.46
1782104400000,573.41,573.99,573.04,573.98
1782105300000,573.92,574.18,573.81,574.13
1782106200000,574.18,574.49,573.94,574.49
1782107100000,574.36,574.44,574.2,574.33
1782108000000,574.22,574.67,574.12,574.51
1782108900000,574.66,575.72,574.53,575.72
1782109800000,575.4,575.4,575,575
1782110700000,575.25,575.75,575.25,575.47
1782111600000,575.49,576.39,575.48,576.17
1782112500000,576.37,576.67,576.01,576.34
1782113400000,576.11,576.35,575.42,575.42
1782114300000,575.42,575.99,575.21,575.21
1782115200000,574.639,577.13,572.002,575.535
1782116100000,575.535,575.535,575.02,575.02
1782117000000,575.02,576.22,575.02,576.22
1782117900000,576.22,576.22,575.45,575.45
1782118800000,575.45,575.45,575.08,575.45
1782119700000,575.45,575.45,574.79,574.795
1782120600000,574.795,575.29,574.725,575.29
1782121500000,575.29,575.29,575.02,575.02
1782122400000,575.02,575.19,574.565,575.187
1782123300000,575.189,575.19,574.74,575.19
1782124200000,575.19,575.19,573.34,573.465
1782125100000,573.47,573.84,572.681,573.295
1782126000000,573.29,573.5,572.25,572.708
1782126900000,572.713,572.74,571.345,571.744
1782127800000,571.72,572.94,571.6,572.75
1782128700000,572.75,573.8,572.625,573.318
1782129600000,573.315,573.6,573.315,573.549
1782130500000,573.543,574.8,573.515,574.8
1782131400000,574.8,574.887,573.76,574.054
1782132300000,573.8,573.8,573.8,573.8
1782133200000,574.16,574.16,573.806,573.806
1782134100000,573.805,573.82,571.716,571.8
1782135000000,572.015,573.6,567.405,573.533
1782135900000,573.61,575.71,572.78,574.995
1782136800000,574.93,575.435,571.68,572.442
1782137700000,572.436,572.436,567.065,567.703
1782138600000,567.693,568.565,566.15,567.38
1782139500000,567.379,567.715,561.53,562.609
1782140400000,562.75,563.763,560.95,561.072
1782141300000,561.069,561.805,560.05,560.56
1782142200000,560.458,563.784,559.83,563.672
1782143100000,563.675,564.56,561.68,562.688
1782144000000,562.705,563.025,561.52,562.335
1782144900000,562.344,562.7,560.745,560.891
1782145800000,560.884,561.61,560.45,561.518
1782146700000,561.529,562.53,561.31,562.125
1782147600000,562.118,562.95,561.87,562.908
1782148500000,562.909,563.71,562.51,562.556
1782149400000,562.555,562.56,561.398,562.172
1782150300000,562.23,564.53,562.183,563.949
1782151200000,563.948,565.185,563.49,565.074
1782152100000,565.074,566.1,564.965,565.544
1782153000000,565.541,566.05,565.385,565.683
1782153900000,565.68,565.86,565.04,565.072
1782154800000,565.07,565.937,564.84,565.557
1782155700000,565.563,565.98,562.71,564.65
1782156600000,564.69,565.41,564.115,564.339
1782157500000,563.83,564.11,563.51,563.7
1782158400000,563.96,564.428,563.5,563.5
1782159300000,563.5,563.702,562.559,562.691
1782160200000,562.702,562.858,561.925,562.225
1782161100000,562.225,562.807,562.173,562.202
1782162000000,562.202,563.16,562.201,563.038
1782162900000,563.033,563.489,562.964,563.15
1782163800000,563.15,563.35,563.1,563.3
1782164700000,563.3,563.4,563.3,563.4
1782165600000,563.4,563.765,563.4,563.555
1782166500000,563.558,563.721,563.26,563.26
1782167400000,563.26,563.349,562.2,562.305
1782168300000,562.305,562.75,562.201,562.535
1782169200000,562.535,563.241,562.36,562.36
1782170100000,562.4,562.581,562.09,562.475
1782171000000,562.475,562.844,562.475,562.745
1782171900000,562.745,563.01,562.545,562.606
1782172800000,562.98,563.28,562.71,563.06
1782173700000,563.11,563.28,562.29,562.31
1782174600000,562.49,563.89,562.36,563.85
1782175500000,563.85,564.5,563.6,563.85
1782176400000,563.98,564.59,563.76,564.45
1782177300000,564.01,564.27,563.5,564.01
1782178200000,564.01,564.14,563.01,563.03
1782179100000,563.03,563.61,562.4,563.58
1782180000000,563.48,564.26,562.91,563.78
1782180900000,563.78,563.9,563.05,563.84
1782181800000,563.84,563.99,563.51,563.99
1782182700000,564.25,564.83,564,564.51
1782183600000,564.82,564.97,563.55,564.01
1782184500000,563.79,566.18,563.63,566.18
1782185400000,566.09,566.86,565.43,565.88
1782186300000,565.83,566.04,565.23,565.6
1782187200000,565.57,565.57,564.41,564.41
1782188100000,564.12,564.29,563.86,564.29
1782189000000,564.03,564.29,563.23,563.23
1782189900000,563.26,563.26,562.01,562.24
1782190800000,562.24,563,561.11,561.11
1782191700000,561.11,561.49,560.4,560.63
1782192600000,561.1,561.62,560.59,561.62
1782193500000,561.38,562.34,561.13,561.59
1782194400000,561.5,562.86,561.21,562.23
1782195300000,561.91,562.05,560.7,560.7
1782196200000,560.7,561,560.03,560.33
1782197100000,560.21,560.93,560.13,560.13
1782198000000,560.31,561.15,560,560.41
1782198900000,560.41,561.02,560,560.39
1782199800000,560.02,561.01,559.99,560.29
1782200700000,560.56,560.72,559.01,559.25
1782201600000,562.606,562.606,558.884,560.3
1782202500000,560.3,561.55,559.25,559.513
1782203400000,559.507,560.845,559.481,560.845
1782204300000,560.845,560.845,558.505,559.5
1782205200000,559.5,560.5,558.01,558.765
1782206100000,558.765,559.059,557.53,558.897
1782207000000,558.899,559.01,558.087,559.01
1782207900000,559.01,559.5,559.01,559.462
1782208800000,559.468,559.5,559.468,559.5
1782209700000,559.5,561.031,559.5,560.495
1782210600000,560.495,560.495,559.355,559.355
1782211500000,559.355,560,559.355,559.999
1782212400000,560.049,560.387,559.63,560.196
1782213300000,560.196,560.522,559.474,559.474
1782214200000,559.473,560.261,559.452,559.934
1782215100000,559.932,560.653,559.6,559.602
1782216000000,559.601,560.261,559.197,559.3
1782216900000,559.3,559.3,558.193,558.872
1782217800000,558.918,559.117,557.845,558.729
1782218700000,558.73,559.67,558.386,559.15
1782219600000,559.15,563.342,558.764,562.176
1782220500000,562.175,562.383,558.651,561.651
1782221400000,561.692,569.95,561.325,568.882
1782222300000,568.842,572.19,567,571.723
1782223200000,571.721,571.81,568.835,569.916
1782224100000,569.921,570.23,567.58,568.573
1782225000000,568.595,568.98,567.475,568.255
1782225900000,568.267,568.44,565.395,565.556
1782226800000,565.572,565.585,564,565.515
1782227700000,565.545,565.92,562.05,563.28
1782228600000,563.279,563.61,562.32,562.819
1782229500000,562.837,564.526,562.49,564.105
1782230400000,564.22,564.61,563.02,563.436
1782231300000,563.447,564.31,563.21,563.906
1782232200000,563.906,568.84,563.576,565.1
1782233100000,565.117,567.085,564.86,566.323
1782234000000,566.321,566.45,564.01,565.146
1782234900000,565.153,565.92,564.16,565.713
1782235800000,565.716,567.68,565.16,566.233
1782236700000,566.217,566.327,564.609,564.823
1782237600000,564.808,564.875,563.16,563.883
1782238500000,563.887,564.221,562.405,562.582
1782239400000,562.586,563.41,561.68,562.043
1782240300000,562.044,562.97,561.99,562.824
1782241200000,562.818,564.48,562.59,563.557
1782242100000,563.551,564.05,562.69,562.765
1782243000000,562.769,563.85,562.1,563.425
1782243900000,563.5,563.77,562.28,562.664
1782244800000,562.536,563.483,562.43,562.85
1782245700000,562.85,563.315,562.674,563.291
1782246600000,563.303,563.42,562.576,562.576
1782247500000,562.576,563.106,562.5,563.002
1782248400000,562.996,563.347,562.662,563
1782249300000,563,563.225,562.746,562.747
1782250200000,562.747,563.12,562.156,563.049
1782251100000,563.049,563.065,562.5,562.98
1782252000000,562.98,562.98,562.22,562.483
1782252900000,562.482,562.965,561.3,561.456
1782253800000,561.455,561.835,560.996,561.181
1782254700000,561.176,561.6,560.86,561.6
1782255600000,561.6,562.11,560.93,560.966
1782256500000,560.965,561.65,560.87,561.65
1782257400000,561.65,561.65,560.855,560.895
1782258300000,560.912,562.8,560.912,562.056
1782259200000,562.044,563,561.32,562.38
1782260100000,562.73,562.89,562,562.2
1782261000000,562.5,563,562.19,562.43
1782261900000,563.19,563.19,562.43,562.99
1782262800000,562.71,562.71,562.19,562.61
1782263700000,562.53,562.7,562.18,562.43
1782264600000,562.68,562.74,562.06,562.36
1782265500000,562.32,562.49,562.03,562.33
1782266400000,562.48,562.52,562.17,562.44
1782267300000,562.29,562.33,561.99,562.13
1782268200000,562.22,562.22,561.65,561.77
1782269100000,561.97,561.97,561.31,561.31
1782270000000,561.33,562.32,561.3,562.1
1782270900000,562.1,562.46,561.97,562.32
1782271800000,562.47,562.54,562.25,562.45
1782272700000,562.35,562.69,562.22,562.54
1782273600000,562.54,562.62,562.12,562.13
1782274500000,562.12,562.24,562.01,562.09
1782275400000,562.18,562.81,562.15,562.7
1782276300000,562.88,563.34,562.83,563.02
1782277200000,562.84,563.3,562.83,562.86
1782278100000,563.2,563.31,562.7,563.16
1782279000000,563.32,563.9,563.19,563.19
1782279900000,563.16,563.42,562.99,563.3
1782280800000,563.05,563.44,562.99,563.21
1782281700000,563.17,563.17,562.23,562.23
1782282600000,562.34,563.13,562.33,563.08
1782283500000,563.01,563.01,562.2,562.54
1782284400000,562.53,562.92,562.19,562.64
1782285300000,562.65,563.03,562.59,562.95
1782286200000,562.72,563,562.31,562.85
1782287100000,562.87,562.99,561.82,561.85
1782288000000,562.215,563.177,562.126,562.497
1782288900000,562.496,562.496,561.4,561.705
1782289800000,561.705,562.21,561.705,562.21
1782290700000,562.21,562.22,561.837,562.22
1782291600000,562.22,562.33,562.22,562.22
1782292500000,562.22,562.22,562.21,562.21
1782293400000,562.21,562.21,561.69,562.21
1782294300000,562.21,562.21,561.96,561.965
1782295200000,561.965,562.015,561.505,562.015
1782296100000,562.007,562.02,561.968,562.02
1782297000000,562.02,562.02,561.695,562.02
1782297900000,562.02,562.02,561.87,562.02
1782298800000,562.01,563.386,561.608,562.804
1782299700000,562.805,562.805,561.995,562.76
1782300600000,562.76,563.477,562.595,563.07
1782301500000,563.07,564,563.07,563.55
1782302400000,563.55,563.648,563.01,563.4
1782303300000,563.4,563.525,562.608,563.395
1782304200000,563.395,563.395,562.347,562.722
1782305100000,562.723,562.8,561.78,561.82
1782306000000,561.82,562.24,561,561.36
1782306900000,561.36,562.409,560.449,562.165
1782307800000,562.171,568.92,557.47,563.763
1782308700000,563.732,564.43,561.36,562.562
1782309600000,562.4,562.535,560.57,561.261
1782310500000,561.284,563.89,560.61,562.858
1782311400000,562.862,564.48,559.88,563.119
1782312300000,563.115,566.22,562.85,566.179
1782313200000,566.188,567.13,564.915,566.425
1782314100000,566.4,567.99,565.145,566.456
1782315000000,566.458,566.69,563.33,563.408
1782315900000,563.412,564.12,562.5,562.977
1782316800000,562.98,564.075,562.5,563.444
1782317700000,563.446,564.431,563.27,563.511
1782318600000,563.517,563.54,560.2,560.591
1782319500000,560.595,561.117,558.98,559.031
1782320400000,559.028,560.033,558.49,558.715
1782321300000,558.717,558.81,555.59,556.907
1782322200000,556.908,557.36,555.85,556.38
1782323100000,556.31,557.118,556.12,556.273
1782324000000,556.273,558.33,556.27,558.17
1782324900000,558.136,560.55,557.705,559.973
1782325800000,559.971,560.97,559.1,559.38
1782326700000,559.6,559.6,557.82,558.037
1782327600000,558.084,559.233,556.65,558.689
1782328500000,558.635,559.41,557.61,557.649
1782329400000,557.649,557.97,557.04,557.155
1782330300000,557.75,558.05,557.56,557.76
1782331200000,557.815,559.444,556.626,557.395
1782332100000,557.396,558.159,557.074,557.799
1782333000000,557.801,558.58,557.333,557.676
1782333900000,557.682,558.89,557.565,558.304
1782334800000,558.303,558.439,557.581,557.705
1782335700000,557.705,560.501,557.705,560.099
1782336600000,560.082,560.3,559.32,559.849
1782337500000,559.878,560.199,559.271,559.8
1782338400000,559.8,560.4,559.202,559.802
1782339300000,559.81,559.875,558.002,558.972
1782340200000,558.977,559.255,558.003,558.55
1782341100000,558.55,559.621,558.423,559.429
1782342000000,559.429,559.703,558.091,558.2
1782342900000,558.2,558.633,557.71,558.5
1782343800000,558.5,559,558.325,558.697
1782344700000,558.698,558.698,557.749,558.47
1782345600000,559.01,559.56,557.99,558.15
1782346500000,558.08,559.36,558.02,559.26
1782347400000,559.28,559.28,558.52,558.63
1782348300000,558.56,559.24,558.48,559
1782349200000,559,559.26,558.51,558.61
1782350100000,558.61,558.88,558.51,558.7
1782351000000,558.7,558.87,558.53,558.54
1782351900000,558.6,558.9,558.53,558.55
1782352800000,558.56,558.89,558.53,558.75
1782353700000,558.7,558.81,558.53,558.71
1782354600000,558.74,558.74,558.49,558.57
1782355500000,558.57,558.74,558.5,558.64
1782356400000,558.64,558.9,558.54,558.54
1782357300000,558.55,558.99,558.46,558.81
1782358200000,558.87,559,558.62,558.77
1782359100000,558.89,558.89,558.55,558.64
1782360000000,558.77,558.94,558.41,558.51
1782360900000,558.51,558.51,557.8,557.85
1782361800000,557.86,558.12,557.51,557.99
1782362700000,558.14,558.38,557.82,558
1782363600000,558.17,558.59,558,558.4
1782364500000,558.44,558.68,558.2,558.36
1782365400000,558.4,558.41,557.62,557.62
1782366300000,557.74,557.9,557,557.44
1782367200000,557.34,557.46,557.02,557.4
1782368100000,557.36,557.44,556.28,556.4
1782369000000,556.56,556.59,556,556.11
1782369900000,556.14,556.58,556.06,556.46
1782370800000,556.43,556.71,556.21,556.51
1782371700000,556.53,556.7,556.23,556.53
1782372600000,556.62,556.63,556.22,556.49
1782373500000,556.39,556.99,556.39,556.81
1782374400000,558.31,558.31,557.115,557.497
1782375300000,557.499,557.5,556.42,557.05
1782376200000,556.42,557.05,556.42,556.995
1782377100000,556.995,556.995,556.125,556.379
1782378000000,556.38,557.105,556.38,557.105
1782378900000,557.105,557.105,556.54,556.55
1782379800000,556.55,556.55,556.47,556.495
1782380700000,556.495,557.215,556.495,557
1782381600000,557,557,556.85,556.95
1782382500000,556.95,557.245,556.735,557.245
1782383400000,557.245,557.245,556.5,556.5
1782384300000,556.5,556.75,556.5,556.75
1782385200000,556.75,557.087,556.456,556.74
1782386100000,556.74,556.74,556.05,556.18
1782387000000,556.176,556.555,556.112,556.547
1782387900000,556.548,556.7,555.25,555.25
1782388800000,555.25,556.438,555.25,555.825
1782389700000,555.825,556.28,555.617,556.002
1782390600000,556.001,556.623,554.11,554.45
1782391500000,554.45,554.979,554.338,554.661
1782392400000,554.662,555.808,554.41,554.715
1782393300000,554.715,555.659,554.703,555.566
1782394200000,554.99,555.563,540.195,544.145
1782395100000,544.18,548.8,543,547.611
1782396000000,547.66,551.635,546.88,551.281
1782396900000,551.283,553.661,549.974,553.644
1782397800000,553.651,555.55,553.13,554.172
1782398700000,554.176,556.3,552.55,552.744
1782399600000,552.95,553.345,549.21,550.415
1782400500000,550.37,553,549.67,552.824
1782401400000,552.85,554.655,550.74,551.855
1782402300000,551.855,551.895,549.51,549.85
1782403200000,549.94,549.99,548.1,548.336
1782404100000,548.353,548.823,546.99,547.395
1782405000000,547.386,547.386,545.66,546.949
1782405900000,546.962,547.33,545.935,546.665
1782406800000,546.672,546.93,544.29,545.7
1782407700000,545.72,546.188,543.76,544.447
1782408600000,544.446,544.713,543.385,543.547
1782409500000,543.544,545.55,543.01,545.264
1782410400000,545.284,545.63,543.375,545.457
1782411300000,545.453,548.435,545.12,548.393
1782412200000,548.403,548.45,545.915,546.291
1782413100000,546.294,547.28,545.47,546.623
1782414000000,546.7,546.74,545.57,546.175
1782414900000,546.12,546.74,545.635,545.848
1782415800000,545.829,546.58,544.4,544.41
1782416700000,544.4,545.315,542.4,542.746
1782417600000,542.758,547.99,542.758,543.615
1782418500000,543.621,544.994,542.99,544.758
1782419400000,544.765,545.075,544.221,544.221
1782420300000,544.22,544.225,543.125,543.691
1782421200000,543.687,544.441,543.54,543.688
1782422100000,543.678,544.399,543.63,544.053
1782423000000,544.049,544.9,543.75,544.9
1782423900000,544.9,544.9,544.15,544.625
1782424800000,544.625,545.569,543.475,544.02
1782425700000,544.025,544.498,543.352,543.784
1782426600000,543.812,545.099,543.775,543.775
1782427500000,543.775,544.325,543.775,544.074
1782428400000,544.075,545.718,544.075,545.715
1782429300000,545.712,547.549,545.102,547.122
1782430200000,547.117,547.117,544.681,545.494
1782431100000,545.499,545.499,544.375,545
1782432000000,544.81,545.55,544.24,544.69
1782432900000,545.06,545.5,544.52,545.5
1782433800000,545.31,545.37,544.75,545.26
1782434700000,545.02,545.49,544.03,544.03
1782435600000,544.16,544.62,543.34,544.14
1782436500000,543.96,545,543.59,543.97
1782437400000,543.9,543.9,542,542.25
1782438300000,542.23,542.88,541.62,541.62
1782439200000,541.95,542.53,541.73,542.3
1782440100000,542.35,542.76,541.7,542
1782441000000,541.79,542.01,540.7,541.07
1782441900000,541.06,541.06,539.84,539.94
1782442800000,540.08,540.21,539.06,539.9
1782443700000,539.62,540.45,539.39,540
1782444600000,540,540,538.51,539.6
1782445500000,539.6,541,539.58,540.9
1782446400000,541,541.37,540.55,541.37
1782447300000,541.07,541.61,540.55,540.78
1782448200000,540.82,540.99,540,540.14
1782449100000,540.11,540.4,539.86,540.02
1782450000000,540.04,540.38,539.84,540.37
1782450900000,540.38,541.31,540.38,541.31
1782451800000,541.37,541.51,540.68,540.7
1782452700000,540.67,540.92,538.98,539.51
1782453600000,539.67,540.3,539.27,540.26
1782454500000,540.19,541.78,540.07,541.78
1782455400000,541.59,543.87,541.39,543.44
1782456300000,543.38,544.81,543.12,544.43
1782457200000,544.76,545.01,543.54,544.99
1782458100000,544.99,545.8,544.65,545.13
1782459000000,545.14,546.13,545.11,546.09
1782459900000,545.93,546.92,545.26,546.92
1782460800000,545.179,546.056,545.018,545.5
1782461700000,545.5,545.625,544.72,545.625
1782462600000,545.625,545.625,544.5,544.5
1782463500000,544.5,544.5,543.735,543.84
1782464400000,544.03,544.03,543.8,544.03
1782465300000,543.84,543.86,543.44,543.44
1782466200000,543.44,544.195,543.44,543.935
1782467100000,543.935,544,543.935,544
1782468000000,544,544,543.6,543.87
1782468900000,543.87,544.125,543.77,544.06
1782469800000,544.06,544.115,544.06,544.06
1782470700000,544.06,544.799,544.06,544.588
1782471600000,544.59,545.45,544.198,545.134
1782472500000,545.135,545.14,544.61,544.71
1782473400000,544.51,544.775,544.424,544.51
1782474300000,544.45,544.869,544.292,544.45
1782475200000,544.93,546.461,544.495,546
1782476100000,546.04,546.47,545,545.5
1782477000000,545.5,545.699,545.103,545.699
1782477900000,545.3,545.7,544.553,545.01
1782478800000,544.62,545.186,544.556,544.62
1782479700000,545,545.91,541.9,542.85
1782480600000,543.255,545.64,540.62,544.48
1782481500000,544.1,544.358,542.04,542.35
1782482400000,542.555,549.64,542.467,549.34
1782483300000,549.355,551.8,549.204,550.89
1782484200000,550.874,552.37,550.48,551.569
1782485100000,551.5,553.515,551.175,552.34
1782486000000,552.47,554.29,552.21,553.78
1782486900000,553.66,555.71,553.06,555.65
1782487800000,555.855,556.63,555.16,556.37
1782488700000,556.5,556.635,554.94,555.91
1782489600000,555.95,556.827,554.495,555.56
1782490500000,555.73,556.685,554.48,554.48
1782491400000,554.5,556.145,553.15,553.2
1782492300000,553.272,554.51,553.07,553.416
1782493200000,553.413,554.57,553.075,553.523
1782494100000,553.495,554.89,553.075,554.695
1782495000000,554.755,555.24,553.385,554.36
1782495900000,554.25,555.3,554.25,554.885
1782496800000,554.95,555.89,554.917,555.64
1782497700000,555.795,555.795,553.474,553.51
1782498600000,553.46,553.78,550.87,552.15
1782499500000,551.94,552.104,549.845,550.195
1782500400000,550.24,550.82,549.94,550.255
1782501300000,550.29,550.93,549.99,550.188
1782502200000,550.11,550.89,549.03,549.08
1782503100000,549.06,552,549.02,550.05
1782504000000,548.8,550.088,547.99,548
1782504900000,550.02,550.197,549.238,549.99
1782505800000,549.78,549.95,548.9,549.85
1782506700000,549.57,549.939,549.203,549.57
1782507600000,550.5,550.822,549.697,550.5
1782508500000,550.72,551.3,550.003,550.72
1782509400000,550.5,551.35,550.5,550.851
1782510300000,550.85,551.1,550.346,550.35
1782511200000,550.35,550.42,550.339,550.345
1782512100000,550.345,550.505,550.345,550.485
1782513000000,550.485,551.495,550.485,551.39
1782513900000,551.74,551.74,551.38,551.74
1782514800000,551.54,551.712,551.35,551.35
1782515700000,551.35,551.522,551.178,551.178
1782516600000,551,551.385,550.85,550.9
1782517500000,550.91,551.499,550.9,551.391
1782518400000,551.397,551.422,551.397,551.422
1782567000000,551.56,551.56,549.85,549.85
1782632700000,550.79,551.84,549.85,549.85
1782638100000,551.5,553.2,551.5,551.55
1782643500000,551.55,551.55,549.83,549.83
1782651600000,549.82,549.82,549.82,549.82
1782665100000,550.88,551.55,549.82,549.82
1782691200000,552.37,555,552.02,552.96
1782692100000,552.92,553,551.55,552
1782693000000,551.99,553.02,551.57,553.02
1782693900000,553.13,554.44,551.97,553.76
1782694800000,553.79,554.1,553.16,553.79
1782695700000,553.73,554.01,553.15,553.66
1782696600000,553.61,554.7,553.49,554.69
1782697500000,554.8,555.01,554.14,554.57
1782698400000,554.39,554.62,552.89,552.89
1782699300000,553.01,554.59,553.01,554.46
1782700200000,554.4,554.94,554.19,554.94
1782701100000,554.51,556,554.51,556
1782702000000,556.01,558.84,555.91,557.3
1782702900000,557,557.5,556.9,557.5
1782703800000,557.5,557.5,556.1,556.62
1782704700000,556.62,558.82,556.61,558.44
1782705600000,558.71,558.71,557.02,557.59
1782706500000,557.48,558.1,557.09,557.94
1782707400000,557.88,558,557,557.01
1782708300000,557.05,558.88,556.99,558.33
1782709200000,558.04,559.79,557.64,559.79
1782710100000,559.76,559.76,558.72,559.01
1782711000000,559.01,559.49,557.72,558
1782711900000,557.99,558.42,557.3,557.91
1782712800000,557.29,557.76,555.29,556.11
1782713700000,556,556.49,555.48,555.84
1782714600000,555.85,556.46,555.34,555.58
1782715500000,556.06,556.15,555.73,556.13
1782716400000,555.7,556.09,555.34,555.55
1782717300000,555.91,556.22,555.57,555.99
1782718200000,556.13,556.2,555.57,555.63
1782719100000,555.66,556.69,555.62,556.05
1782720000000,556.31,556.914,552.299,556.31
1782720900000,556.385,557.055,556.295,556.515
1782721800000,556.515,556.515,556.51,556.51
1782722700000,556.51,556.729,556.51,556.515
1782723600000,556.538,556.915,556.515,556.915
1782724500000,556.915,557.77,556.915,557.659
1782725400000,557.29,557.99,557.16,557.29
1782726300000,557.505,558.139,557.475,557.475
1782727200000,557.475,558.265,557.475,558.265
1782728100000,558.265,558.265,558.265,558.265
1782729000000,558.265,558.265,557.555,557.74
1782729900000,557.74,558.29,557.74,558.14
1782730800000,558.55,558.885,557.972,558.55
1782731700000,558.6,559.25,558.5,559.249
1782732600000,559.51,560.247,559.25,559.28
1782733500000,560.018,561.8,559.931,561.8
1782734400000,560.89,561.805,560.762,560.99
1782735300000,561.08,561.691,560.815,561.08
1782736200000,561.25,561.337,560.01,560.01
1782737100000,560.36,560.495,559.21,559.45
1782738000000,559.42,560.496,559.42,559.75
1782738900000,559.69,560.36,557.7,559.69
1782739800000,561,567.99,557.99,564.985
1782740700000,565.12,570.88,564.877,566.64
1782741600000,566.72,567.93,564.59,565.65
1782742500000,565.485,569.43,565.415,567.655
1782743400000,567.464,569.3,566.04,567.927
1782744300000,567.55,567.91,564.96,565.39
1782745200000,565.478,565.778,562.595,563.67
1782746100000,563.67,567.06,563.13,566.669
1782747000000,566.82,566.885,565.03,565.499
1782747900000,565.497,565.95,564.31,564.788
1782748800000,564.84,565.595,563.49,563.7
1782749700000,563.73,564.64,563.44,564.45
1782750600000,564.5,564.61,563.16,564.235
1782751500000,564.205,565.82,564.16,564.92
1782752400000,565.14,565.8,564.65,565.37
1782753300000,565.44,565.562,564.33,564.55
1782754200000,564.695,566.13,564.09,565.97
1782755100000,565.7,566.096,564.99,565.355
1782756000000,565.334,565.895,565.16,565.4
1782756900000,565.43,565.537,564.654,565.07
1782757800000,565.26,566.592,565.156,566.09
1782758700000,565.99,566.12,564.48,565.535
1782759600000,565.545,566.022,565.179,565.76
1782760500000,565.905,566.01,563.99,564.06
1782761400000,564.1,566.617,563.87,566.39
1782762300000,566.51,567.26,562.1,562.34
1782763200000,561.99,562.903,560.62,560.62
1782764100000,562.3,564.323,562.255,563.819
1782765000000,563.819,563.849,562.431,563.4
1782765900000,563.4,563.8,562.537,562.716
1782766800000,562.721,563.993,562.721,563.595
1782767700000,563.595,563.999,563.295,563.372
1782768600000,563.368,563.5,563.05,563.05
1782769500000,563.19,563.6,563.067,563.19
1782770400000,563.6,563.779,563.4,563.779
1782771300000,563.78,563.82,563.101,563.354
1782772200000,563.354,563.499,562.801,563.15
1782773100000,563.15,563.5,562.8,563.225
1782774000000,563.225,563.549,563.104,563.45
1782774900000,563.45,563.625,562.823,563.225
1782775800000,563.275,563.625,562.8,563.402
1782776700000,563.4,563.724,563.035,563.724
1782777600000,563.02,563.739,562.75,563.45
1782778500000,563.49,563.65,562,562
1782779400000,562.07,562.52,561.89,561.89
1782780300000,561.62,562.59,561.6,562.37
1782781200000,562.51,562.51,561.96,562.02
1782782100000,562.04,563.38,561.97,563.38
1782783000000,563.24,563.37,562.82,563.37
1782783900000,563.01,563.38,562.98,563.38
1782784800000,563.23,563.37,562.76,562.76
1782785700000,562.76,563.35,562.61,563.32
1782786600000,563.05,563.39,562.61,562.76
1782787500000,562.62,562.65,562.56,562.62
1782788400000,562.5,562.83,562.5,562.71
1782789300000,562.98,562.99,562.44,562.66
1782790200000,562.8,563.58,562.8,563.44
1782791100000,563.36,563.81,563.09,563.11
1782792000000,563.11,563.82,563.11,563.67
1782792900000,563.65,564,563.34,563.87
1782793800000,563.68,564.44,563.67,564.29
1782794700000,564.28,564.3,563.81,563.9
1782795600000,564.04,564.45,563.66,563.97
1782796500000,564.37,564.4,563.56,563.76
1782797400000,563.71,564.02,563.01,564.02
1782798300000,564,564.18,563.46,563.96
1782799200000,563.91,563.96,563.42,563.82
1782800100000,563.85,563.85,563.42,563.66
1782801000000,563.57,563.57,563.05,563.49
1782801900000,563.3,563.55,563.26,563.54
1782802800000,563.6,564.02,563.58,564.02
1782803700000,564,564,563.55,563.55
1782804600000,563.62,563.78,563.57,563.7
1782805500000,563.49,563.739,562.67,563.49
1782806400000,563.739,563.74,562.75,562.75
1782807300000,562.75,563.355,562.25,563.355
1782808200000,563.355,563.355,563.185,563.185
1782809100000,563.185,563.185,562.86,562.976
1782810000000,562.974,563.355,562.835,563.049
1782810900000,563.049,563.05,562.82,562.82
1782811800000,562.82,562.846,562.605,562.785
1782812700000,562.781,562.835,562.767,562.835
1782813600000,562.835,563.308,562.835,563.308
1782814500000,563.311,563.87,563.311,563.87
1782815400000,563.87,563.87,563.87,563.87
1782816300000,563.87,564.018,563.85,564.018
1782817200000,564.019,564.644,564.019,564.46
1782818100000,564.46,564.985,563.772,563.976
1782819000000,563.976,564.498,563,563
1782819900000,563,563.49,562.201,562.517
1782820800000,562.521,562.8,561.544,562.46
1782821700000,561,563.089,559.503,561
1782822600000,559.929,561.3,559.505,561.299
1782823500000,561,561.3,559.623,560.5
1782824400000,559.98,561.115,559.98,560.775
1782825300000,560.74,562.941,560.249,562.52
1782826200000,560.51,561.545,554.925,557.2
1782827100000,557.12,557.98,555.34,556.3
1782828000000,556.29,557.15,554.265,554.925
1782828900000,555.01,556.7,554.906,556.43
1782829800000,556.3,557.46,553.66,554.67
1782830700000,554.62,554.75,551.56,552.36
1782831600000,552.38,554.8,552.26,554.8
1782832500000,554.8,556.555,554.46,555.99
1782833400000,556.12,557.1,555.13,556.12
1782834300000,556.275,557.37,555.99,557.22
1782835200000,557.29,557.49,555.99,556.325
1782836100000,555.885,556.304,555.31,556.105
1782837000000,556,558.12,555.99,557.88
1782837900000,557.855,559.02,557.563,559
1782838800000,559.08,559.452,558.21,558.21
1782839700000,558.58,560.245,558.382,559.06
1782840600000,559.03,560.49,558.92,559.77
1782841500000,559.96,560.352,559.63,559.965
1782842400000,559.865,560.9,559.675,560.41
1782843300000,560.58,561.7,560.5,560.72
1782844200000,560.73,560.77,559.4,559.48
1782845100000,559.37,561.24,558.985,560.665
1782846000000,560.635,561.085,560.5,560.72
1782846900000,560.635,561.7,560.55,561.5
1782847800000,561.42,562.23,561.41,562.11
1782848700000,562.165,565.535,560.49,563.11
1782849600000,564.01,564.018,562.155,564.01
1782850500000,562.816,563.345,562.424,563.29
1782851400000,563.29,563.29,562.772,562.835
1782852300000,562.79,562.889,562.248,562.59
1782853200000,562.498,562.65,562.2,562.25
1782854100000,562.25,562.51,562.005,562.51
1782855000000,562.51,562.8,562.51,562.695
1782855900000,562.695,562.8,562.685,562.727
1782856800000,562.719,562.8,562.4,562.4
1782857700000,562.4,562.649,562.271,562.525
1782858600000,562.525,562.565,562.2,562.49
1782859500000,562.49,562.49,561.251,561.251
1782860400000,561.25,562.397,561.214,562.305
1782861300000,562.305,562.33,562.201,562.201
1782862200000,562.2,562.427,561.626,561.626
1782863100000,561.625,562.024,561.132,561.705
1782864000000,562.03,562.24,561.29,562.24
1782864900000,562.32,562.66,562.03,562.55
1782865800000,562.54,562.81,562.2,562.81
1782866700000,562.61,563.67,562.4,562.96
1782867600000,563.02,563.06,561.99,562.24
1782868500000,562.46,562.49,562.01,562.45
1782869400000,562.45,562.6,562.24,562.24
1782870300000,562.34,562.34,561.85,562.11
1782871200000,561.85,562.52,561.84,562.34
1782872100000,562.3,562.55,561.86,562.08
1782873000000,562.36,563.28,562.36,563.28
1782873900000,563.13,563.43,562.99,563.43
1782874800000,563.41,563.41,563.25,563.41
1782875700000,563.31,563.46,563.06,563.45
1782876600000,563.1,563.59,563.01,563.46
1782877500000,563.27,563.56,563.22,563.35
1782878400000,563.36,563.38,563.08,563.26
1782879300000,563.4,563.44,563.23,563.35
1782880200000,563.35,563.54,563.1,563.51
1782881100000,563.54,563.7,563.37,563.37
1782882000000,563.21,563.61,563.13,563.54
1782882900000,563.53,563.53,563.22,563.26
1782883800000,563.24,563.49,563.02,563.35
1782884700000,563.28,563.35,563.15,563.3
1782885600000,563.15,563.16,562.6,562.67
1782886500000,562.57,562.77,562.11,562.31
1782887400000,562.33,563.13,562.31,563.13
1782888300000,563.01,563.15,562.17,562.3
1782889200000,562.23,562.4,561,561.02
1782890100000,561.06,561.45,560.42,561.45
1782891000000,561.43,561.52,560.97,561.49
1782891900000,561.22,561.71,560.87,560.9
1782892800000,561.705,563.435,561.531,563.19
1782893700000,563.223,563.39,562.55,563.055
1782894600000,563.055,563.855,562.55,563.495
1782895500000,563.444,563.444,562.995,562.995
1782896400000,562.995,563.12,562.995,563.12
1782897300000,563.12,563.12,562.961,563.12
1782898200000,563.12,563.12,563.12,563.12
1782899100000,563.12,563.525,563.12,563.525
1782900000000,563.525,565.135,563.525,564.525
1782900900000,564.525,565.27,564.426,565.27
1782901800000,565.27,566.621,565.02,565.02
1782902700000,565.02,565.365,565.02,565.361
1782903600000,565.99,566.603,564.907,565.99
1782904500000,567.95,567.95,565.903,567.5
1782905400000,567.43,567.43,566.816,567.25
1782906300000,567.25,567.297,566.701,566.985
1782907200000,566.986,567.39,566.55,566.976
1782908100000,567.51,567.877,566.75,567.51
1782909000000,569.14,612,567.133,602.99
1782909900000,603.5,603.656,593.25,597.54
1782910800000,595.06,606.51,594.916,606.51
1782911700000,606.98,612.01,601.286,611.17
1782912600000,606.945,610.35,595.235,602.31
1782913500000,602.048,606.5,597.01,606.5
1782914400000,606.47,616.92,606.03,610.795
1782915300000,610.71,614.28,610.42,612.54
1782916200000,612.64,623.9,611.81,623.105
1782917100000,623.05,625.05,619.37,622.78
1782918000000,622.83,628.29,622.51,625.685
1782918900000,626.2,627.69,621.2,627.69
1782919800000,627.595,627.7,618.44,618.63
1782920700000,618.78,620.14,615.79,617.83
1782921600000,617.775,620.97,617.405,618.627
1782922500000,618.98,619.54,616.775,618.15
1782923400000,618.535,620.32,617.945,618.77
1782924300000,618.88,619.603,615.65,616.83
1782925200000,617.085,619.35,616.888,618.14
1782926100000,618.34,619.45,617.645,617.83
1782927000000,617.985,619.21,617.07,619.125
1782927900000,619.15,622.79,619.106,621.435
1782928800000,621.45,621.79,618.12,618.225
1782929700000,618,621.99,617.855,621.29
1782930600000,621.35,621.42,618.405,618.405
1782931500000,618.33,621.03,618.095,618.64
1782932400000,618.565,619.045,615.12,617.22
1782933300000,617.39,617.74,614.52,615
1782934200000,614.89,616.95,614.69,616.37
1782935100000,616.7,616.925,611.44,612.965
1782936000000,612,614.698,611.44,612.87
1782936900000,614.26,614.696,613.19,613.4
1782937800000,613.75,614.32,613.315,613.5
1782938700000,613.515,613.515,613.2,613.515
1782939600000,613.215,613.339,612.48,613.339
1782940500000,613.4,613.418,612.351,613.39
1782941400000,613.2,613.37,612.55,613.2
1782942300000,613.215,613.37,612.526,613.215
1782943200000,612.905,614.1,612.811,613.9
1782944100000,613.46,613.75,612.925,613.65
1782945000000,613.1,613.65,612.895,613.49
1782945900000,613.01,613.75,612.675,613.01
1782946800000,613.299,613.3,612.809,612.809
1782947700000,612.807,613.099,612.666,612.75
1782948600000,612.51,612.75,612.396,612.51
1782949500000,611.79,612.575,611.466,611.79
1782950400000,612.14,612.53,609.74,609.89
1782951300000,609.89,612.03,609.74,611.97
1782952200000,611.88,611.88,610.59,610.59
1782953100000,610.59,612.23,610.45,612.18
1782954000000,612.21,613.31,610.61,610.89
1782954900000,610.89,610.89,606.55,607
1782955800000,607.11,609.23,606.49,608.31
1782956700000,608.13,608.13,606.5,607.02
1782957600000,607.02,609.69,607.02,609.35
1782958500000,609.36,610.04,609.05,609.43
1782959400000,609.13,610.01,609.08,609.87
1782960300000,609.74,610.31,609.74,610
1782961200000,610.08,610.23,609.85,609.87
1782962100000,610.1,610.1,609.31,609.7
1782963000000,609.7,610.51,609.69,610.29
1782963900000,610.18,610.31,609.25,609.86
1782964800000,609.87,610,609.26,609.39
1782965700000,609.4,609.48,608.9,609.01
1782966600000,609,609.39,607.44,608.16
1782967500000,607.78,609.09,607.59,609.09
1782968400000,609.37,610,608.54,609.98
1782969300000,610,612.24,610,612.1
1782970200000,612.02,612.03,610,610
1782971100000,610.01,610.52,609.9,610.25
1782972000000,609.99,610.54,609.48,609.79
1782972900000,609.73,610.65,608.99,610.16
1782973800000,610.29,611.55,610.28,611.05
1782974700000,610.79,611.36,610.21,611.18
1782975600000,610.91,610.91,609.01,609.32
1782976500000,609.29,609.92,608.23,608.98
1782977400000,608.97,609.04,608.61,608.71
1782978300000,608.7,609.03,608.69,608.8
1782979200000,611.634,611.634,608.196,608.925
1782980100000,614.54,614.797,608.925,614.54
1782981000000,615.34,616.36,611.913,615.34
1782981900000,612.9,612.9,611.495,611.495
1782982800000,611.495,611.495,610.145,611.475
1782983700000,611.475,612.65,611.175,612.65
1782984600000,612.65,613.455,612.041,613.045
1782985500000,613.045,613.045,611.775,612.275
1782986400000,612.275,612.727,611.585,612.275
1782987300000,612.275,614,612.275,613.968
1782988200000,613.973,615.405,613.408,614.798
1782989100000,614.796,615.378,613.901,614.44
1782990000000,615.02,615.281,613.513,614.11
1782990900000,614.258,614.845,613.847,614.792
1782991800000,614.79,615.402,614.4,615
1782992700000,613.6,614.454,610.253,612.55
1782993600000,611.1,611.846,605.901,605.901
1782994500000,604.99,606.377,603.5,603.87
1782995400000,604.41,606.263,603.56,605.01
1782996300000,606.01,608.23,605.5,606.49
1782997200000,607.725,609.055,606.664,607.75
1782998100000,607.49,608.88,602.379,608.12
1782999000000,607.91,610.01,595.41,595.61
1782999900000,595.62,595.79,591.39,592.22
1783000800000,592.17,594.16,590.44,591.45
1783001700000,591.345,592.21,588.825,590.928
1783002600000,591.01,592.785,588.26,588.94
1783003500000,588.72,591.64,588.72,590.05
1783004400000,589.93,590.58,585.91,588.25
1783005300000,588.52,588.75,586.67,587.83
1783006200000,587.87,589.95,587.5,587.845
1783007100000,587.835,587.99,586.69,587.35
1783008000000,587.18,587.472,584.41,585.34
1783008900000,585.4,587.27,584.49,587.085
1783009800000,587.19,587.42,585.405,586.3
1783010700000,586.339,586.495,584.57,584.736
1783011600000,584.88,586.092,584.32,585.66
1783012500000,585.65,585.921,584.5,584.95
1783013400000,585.005,585.415,583.77,584.36
1783014300000,584.33,585.01,583.92,584.53
1783015200000,584.38,586.73,584.145,586.47
1783016100000,586.625,586.8,585.11,586.32
1783017000000,586.3,586.56,585.45,585.45
1783017900000,585.45,586.34,580.45,584.84
1783018800000,585.05,587.59,583.2,586.494
1783019700000,586.27,586.63,585.49,586.25
1783020600000,586.2,586.655,583.83,583.83
1783021500000,583.9,585.72,582.625,582.75
1783022400000,582.85,583.513,580.51,580.51
1783023300000,582.44,583.202,581.779,582.44
1783024200000,582.759,583.121,582.604,582.831
1783025100000,582.83,583.569,582.8,583.569
1783026000000,583.576,583.728,583.326,583.645
1783026900000,583.644,584.224,583.601,584.15
1783027800000,584,584.15,582.707,583.01
1783028700000,582.706,583.615,582.705,583.375
1783029600000,583.375,583.99,582.835,583.045
1783030500000,583.99,584.994,583.047,584.75
1783031400000,584.444,584.9,583.897,584.625
1783032300000,584.625,585.45,583.835,584.684
1783033200000,584.695,585.49,584.695,584.9
1783034100000,584.89,585.3,584.643,584.85
1783035000000,584.633,584.633,584.242,584.242
1783035900000,584.184,585.249,583.901,584.735
1783036800000,584.738,584.748,584.738,584.748
1783067400000,585.43,585.43,585.43,585.43
1783072800000,585.42,585.42,585.42,585.42
1783079100000,585.42,585.42,585.42,585.42
1783081800000,585.47,585.47,584.88,584.88
1783083600000,584.63,584.63,584.4,584.4
1783086300000,584.64,584.64,584.64,584.64
1783089000000,584.85,585.51,584.85,585.51
1783093500000,584.08,584.08,584.08,584.08
1783095300000,584.52,585.05,584.52,585.05
1783117800000,585.05,585.47,583.85,583.85
1783170000000,584.64,584.64,584.64,584.64
1783175400000,585.02,585.2,585.02,585.2
1783215900000,584.6,584.6,584.6,584.6
1783219500000,584.92,585.33,584.92,585.33
1783242900000,585.65,585.65,584.54,585.62
1783256400000,585.25,585.25,585.22,585.22
1783261800000,585.66,585.66,585.66,585.66
1783266300000,585.7,585.7,585.15,585.15
1783269000000,585.73,585.73,585.25,585.25
1783272600000,585.73,585.98,585.73,585.98
1783294200000,586.03,586.46,586.03,586.46
1783295100000,586.74,588.56,586.74,588.56
1783296000000,588.24,593.52,586,587.94
1783296900000,587.76,588.65,587.43,588.12
1783297800000,588.01,589.2,587.75,588.52
1783298700000,588.5,588.8,587.94,588.52
1783299600000,588.51,588.6,587.9,588
1783300500000,587.97,588.01,586.59,586.72
1783301400000,586.71,588.18,586.54,587.77
1783302300000,587.59,587.8,587.21,587.59
1783303200000,587.53,587.79,587.04,587.1
1783304100000,587.54,587.64,587.2,587.59
1783305000000,587.37,587.81,587.12,587.22
1783305900000,587.14,587.19,586.8,586.95
1783306800000,586.98,587.19,586.47,587.19
1783307700000,587.02,587.58,586.91,587.28
1783308600000,587.27,587.79,586.51,586.54
1783309500000,586.61,586.87,586.28,586.87
1783310400000,586.76,587.39,586.46,587.1
1783311300000,587.24,588.01,586.99,587.85
1783312200000,587.85,588.25,587.79,588.24
1783313100000,588.23,588.23,587.12,587.69
1783314000000,587.84,587.84,587.33,587.69
1783314900000,587.66,588,587.54,587.87
1783315800000,587.98,588.24,587.55,587.8
1783316700000,587.91,588.24,587.82,588.24
1783317600000,588.19,588.61,587.91,588.59
1783318500000,588.41,589.21,588.36,589.01
1783319400000,588.8,589.35,588.66,589.16
1783320300000,589.17,589.17,588.29,589.01
1783321200000,588.98,591.31,588.41,591.31
1783322100000,591.53,592.51,591.39,591.99
1783323000000,591.89,592.95,591.81,592.6
1783323900000,592.5,592.5,590.04,591.24
1783324800000,584.749,592.478,584.749,592.478
1783325700000,592.481,592.5,591.218,592.498
1783326600000,594.01,594.01,592.5,594.01
1783327500000,593.72,594.19,593.185,593.49
1783328400000,593.185,593.272,592.395,592.395
1783329300000,592.395,593.529,592.212,592.895
1783330200000,592.79,592.95,592.235,592.79
1783331100000,592.8,594.407,592.52,593.75
1783332000000,594.25,594.25,592.975,593.5
1783332900000,593.45,593.45,592.504,592.824
1783333800000,593.17,593.435,592.825,593.17
1783334700000,592.23,592.955,591.345,592.22
1783335600000,590.49,591.5,590.109,590.99
1783336500000,591.01,591.597,590.654,591.01
1783337400000,591.99,591.99,590.207,590.52
1783338300000,590.991,591.29,590.403,590.75
1783339200000,590.75,593.01,590.75,592.371
1783340100000,591.4,592.362,590.521,590.99
1783341000000,592.01,592.01,590.61,590.79
1783341900000,591.33,591.75,590.636,591.56
1783342800000,591.01,591.772,590.694,591.7
1783343700000,591,596.36,590.576,596.36
1783344600000,594,597.31,584.385,586.59
1783345500000,586.67,588.84,582.1,582.53
1783346400000,582.585,588,581.93,587.24
1783347300000,587.49,588.57,585.75,587.439
1783348200000,587.43,588.49,586.54,587.19
1783349100000,587.16,589.92,587,588.64
1783350000000,588.5,590.636,588.21,589.95
1783350900000,590,591.885,589.62,591.71
1783351800000,591.741,592.44,590.897,592.324
1783352700000,592.26,592.81,591.91,592.72
1783353600000,592.82,593.04,591.93,592.775
1783354500000,592.77,598.16,592.28,592.42
1783355400000,592.68,593.01,591.915,591.985
1783356300000,591.83,592.68,591.727,592.17
1783357200000,592.3,594.44,592.132,594.44
1783358100000,594.49,595.055,594.297,594.62
1783359000000,594.7,594.7,593.365,594.27
1783359900000,594.3,594.44,592.58,593.881
1783360800000,593.97,596.83,593.75,596.13
1783361700000,596.43,601.825,596.18,600.015
1783362600000,600.09,602.44,599.973,600.29
1783363500000,600.4,600.825,599.165,599.96
1783364400000,599.97,601.38,599.867,600.35
1783365300000,600.41,600.496,599.24,600.39
1783366200000,600.41,603.03,600.4,602.63
1783367100000,602.795,603.5,599.72,600.41
1783368000000,600.388,603.217,599.657,600.952
1783368900000,600,601.258,599.93,600
1783369800000,600.143,600.275,599.915,600
1783370700000,599.99,600.5,599.99,599.99
1783371600000,599.99,600.145,599.935,599.99
1783372500000,600,600.25,599.99,599.99
1783373400000,599.99,599.99,599.835,599.835
1783374300000,599.835,599.835,599.7,599.83
1783375200000,599.83,599.86,599.507,599.507
1783376100000,599.506,600.01,599.5,600.005
1783377000000,600.8,601.499,600.005,600.765
1783377900000,600.53,601.48,600.313,600.53
1783378800000,600.596,601.24,600.562,600.703
1783379700000,600.702,601.2,600.7,601.2
1783380600000,601.2,601.354,600.307,600.405
1783381500000,600.45,600.45,599.7,600.45
1783382400000,600.61,601.47,600.18,600.88
1783383300000,600.58,601.77,600.58,601.48
1783384200000,601.4,601.48,600.72,600.72
1783385100000,600.75,600.93,600.51,600.53
1783386000000,600.54,600.77,600.27,600.75
1783386900000,600.6,600.75,599.07,599.33
1783387800000,599.47,599.47,597.71,598.49
1783388700000,598.5,599.62,598.5,599.47
1783389600000,599.19,599.47,599.09,599.43
1783390500000,599.28,599.89,599.12,599.14
1783391400000,599.29,599.54,598.91,599.5
1783392300000,599.52,600.51,599.51,600.46
1783393200000,600.23,600.85,600.23,600.51
1783394100000,600.37,600.4,599.06,599.06
1783395000000,599.05,599.6,598.9,598.9
1783395900000,598.85,598.97,598.29,598.61
1783396800000,598.79,599.01,598.35,598.69
1783397700000,598.5,598.62,598.03,598.5
1783398600000,598.49,599.31,598.28,598.48
1783399500000,598.29,599.01,598.21,598.43
1783400400000,598.42,598.93,598.28,598.37
1783401300000,598.03,599.16,597.14,598.9
1783402200000,599.07,599.39,598.5,598.8
1783403100000,598.91,600.19,598.77,600.02
1783404000000,600.01,600.2,599.02,599.09
1783404900000,599.59,600.05,599.37,599.79
1783405800000,599.82,600.21,599.46,599.75
1783406700000,599.83,600.99,599.73,600.56
1783407600000,600.17,600.73,600.11,600.68
1783408500000,600.87,600.94,600.7,600.92
1783409400000,600.83,601.06,600.79,600.84
1783410300000,600.81,601.15,600.57,600.96
1783411200000,601.15,603.18,600.407,601.15
1783412100000,603.01,603.441,602.623,603.16
1783413000000,603.35,603.35,602.82,602.82
1783413900000,602.82,602.82,602.82,602.82
1783414800000,602.82,602.82,602.82,602.82
1783415700000,604.11,604.873,602.82,604.11
1783416600000,604.874,607.261,604.874,605.74
1783417500000,605.762,607.575,605.42,607.37
1783418400000,606.8,607.385,606.8,606.8
1783419300000,605.55,607.305,604.565,605.55
1783420200000,604.56,605.94,604.46,604.56
1783421100000,605.94,605.999,604.286,605.725
1783422000000,605.64,607,604.631,606.51
1783422900000,606.48,606.57,606.001,606.48
1783423800000,606.534,607.278,605.897,606.566
1783424700000,606.564,606.564,600.635,600.927
1783425600000,600.45,603.578,600.45,600.45
1783426500000,602.5,603.505,601.513,602.5
1783427400000,602.49,602.7,601.815,602.49
1783428300000,602.49,603.148,602.307,602.49
1783429200000,603.115,603.475,601.701,602.771
1783430100000,602.767,607.401,602.702,607.401
1783431000000,608.12,613.37,604.39,613.36
1783431900000,612.658,612.658,612.658,612.658
1783432800000,612.99,613.54,611.14,612.33
1783433700000,612.18,615.92,608.855,610.85
1783434600000,610.73,611.78,607.315,609.5
1783435500000,609.46,610.25,604.865,605.05
1783436400000,605.536,606.72,604.12,604.324
1783437300000,604.14,606.9,604.14,606.18
1783438200000,606.63,606.765,604.93,605.4
1783439100000,605.98,606.477,604.475,605.36
1783440000000,605.065,606.044,603.81,604.93
1783440900000,605.35,606.55,604.994,605.94
1783441800000,606.43,609.349,606.153,607.64
1783442700000,607.63,609.15,607.22,607.48
1783443600000,607.24,607.69,604.814,605.65
1783444500000,605.699,607.881,604.81,607.611
1783445400000,607.46,608.209,607.32,607.695
1783446300000,607.835,609.855,607.67,609.6
1783447200000,610.01,619.905,609.651,618.51
1783448100000,618.82,625.16,617.61,622.47
1783449000000,622.557,623.21,618.37,619.343
1783449900000,619.17,620.335,617.251,619.72
1783450800000,619.85,621.26,619.12,619.27
1783451700000,619.25,619.49,616,616.33
1783452600000,616.495,617.62,614.22,614.485
1783453500000,614.22,618.45,614.22,615.4
1783454400000,614.5,615.809,614,614.81
1783455300000,614.491,614.87,614.104,614.15
1783456200000,614.15,614.97,614.15,614.919
1783457100000,614.92,615.636,614.841,615.346
1783458000000,615.347,615.79,615.057,615.75
1783458900000,616.01,616.044,615.495,615.5
1783459800000,615.495,615.7,615.495,615.501
1783460700000,615.501,615.615,615.475,615.615
1783461600000,615.615,615.615,614.805,615.074
1783462500000,615.071,615.455,615.041,615.115
1783463400000,615.54,615.54,615.039,615.54
1783464300000,615.74,615.75,615.277,615.74
1783465200000,615.75,616.059,615.562,615.994
1783466100000,616.97,617.289,616.012,617.01
1783467000000,617.285,617.725,617.243,617.695
1783467900000,617.99,618.491,616.5,617.99
1783468800000,616.29,617.92,616.17,616.17
1783469700000,616.4,617.87,612.17,612.99
1783470600000,612.98,613.05,608.69,608.69
1783471500000,608.99,612.31,607.64,607.8
1783472400000,607.97,610.12,607.96,610.06
1783473300000,610.04,610.76,609.74,610.42
1783474200000,610.42,612.49,610.42,612.33
1783475100000,612.39,613.25,611.6,612.63
1783476000000,612.42,612.48,611.01,611.67
1783476900000,611.32,613.01,611.3,612.6
1783477800000,612.6,613.35,612.45,613.34
1783478700000,613.34,614.51,613.14,613.99
1783479600000,613.71,614.29,613.71,614.01
1783480500000,614.03,614.32,613.81,614.03
1783481400000,614.01,614.49,613.51,613.75
1783482300000,614.12,614.39,613.27,613.6
1783483200000,613.72,613.73,613.11,613.11
1783484100000,613.44,613.62,613.06,613.49
1783485000000,613.49,614.13,613.15,614.13
1783485900000,614.12,614.12,613.56,613.97
1783486800000,613.95,614.22,613.83,614.19
1783487700000,614.34,614.37,613.59,613.93
1783488600000,614.01,614.01,613.49,613.88
1783489500000,613.62,613.96,613.4,613.69
1783490400000,613.69,613.71,613.46,613.48
1783491300000,613.59,614.01,613.48,613.99
1783492200000,613.91,614.26,613.66,614.11
1783493100000,614.01,615.58,613.94,615.2
1783494000000,615.09,615.12,614.57,614.89
1783494900000,614.93,615.6,614.81,615.34
1783495800000,615.36,617.23,615.36,616.67
1783496700000,616.66,617.76,616.62,617.45
1783497600000,616.624,618.249,615.9,617.914
1783498500000,614.01,617.913,611.116,614.01
1783499400000,610.02,611.725,604.538,610.02
1783500300000,607.51,610.245,605.85,608.7
1783501200000,607.12,607.125,603.326,607.12
1783502100000,603.312,604.195,601.501,604.195
1783503000000,604.161,605.62,603.99,604.45
1783503900000,604.45,605.45,604.445,605.45
1783504800000,603.02,605.45,602.295,603.02
1783505700000,603.03,606.058,603.03,603.03
1783506600000,606.05,606.875,604.573,605.755
1783507500000,605.755,605.755,604.975,605.445
1783508400000,605.99,606.88,605.23,605.5
1783509300000,605.01,605.74,604.31,604.31
1783510200000,605.99,607.5,604.72,604.75
1783511100000,606.79,608.893,604.817,608.5
1783512000000,607.895,612.519,607.111,609.061
1783512900000,609.07,609.829,608.45,609.602
1783513800000,609.36,610.2,608.703,609.36
1783514700000,610,611.295,608.692,609.25
1783515600000,609.35,609.749,608.519,608.57
1783516500000,609.103,614.389,608.626,614.322
1783517400000,615.31,615.84,601.99,602.88
1783518300000,602.51,604.09,600.84,602.21
1783519200000,602.377,606.75,601.99,604.14
1783520100000,604.18,606.1,603.49,604.99
1783521000000,604.39,604.97,600.25,601.41
1783521900000,601.47,602.78,601.14,601.36
1783522800000,601.545,603.535,600.91,602.84
1783523700000,603.05,603.504,601.66,602.15
1783524600000,602.1,604.48,601.12,603.625
1783525500000,603.545,604.359,603.17,603.855
1783526400000,603.92,605.38,603.22,604.3
1783527300000,604.432,605.14,603.967,604.294
1783528200000,604.28,604.99,602.54,604.31
1783529100000,604.31,605.35,603.88,604.195
1783530000000,603.99,604.733,603.49,604.3
1783530900000,604.62,605.54,604.365,605.375
1783531800000,605.376,606.65,605.19,605.446
1783532700000,605.36,605.449,604.52,605.045
1783533600000,605.08,605.93,604.895,605.93
1783534500000,605.895,606.255,604.88,605.08
1783535400000,605.02,606.96,604.651,606.165
1783536300000,606.116,607.25,606.107,606.935
1783537200000,607.06,607.72,601.26,601.55
1783538100000,601.44,601.455,598.07,599.8
1783539000000,599.51,602.15,598.63,601.73
1783539900000,601.59,604.69,600.587,603.115
1783540800000,602.71,606.11,602.541,606.07
1783541700000,603.5,603.75,603.138,603.653
1783542600000,603.72,603.72,602.601,603.72
1783543500000,603,603.9,603,603.656
1783544400000,602.94,603.9,602.346,602.71
1783545300000,602.21,602.875,602.21,602.21
1783546200000,602.946,603.48,602.946,603.48
1783547100000,603.48,603.76,603.101,603.12
1783548000000,603.117,603.9,603.117,603.435
1783548900000,603.435,603.6,603.17,603.37
1783549800000,603.37,603.94,603.37,603.6
1783550700000,603.6,603.6,603.425,603.425
1783551600000,603.36,603.67,603.253,603.36
1783552500000,603.67,603.67,603,603.129
1783553400000,603.34,603.875,603.002,603.34
1783554300000,603.81,604.044,603.316,603.81
1783555200000,603.71,604.13,603.12,603.48
1783556100000,603.22,603.49,603.09,603.49
1783557000000,603.11,603.62,603.11,603.23
1783557900000,603.22,603.9,603.19,603.46
1783558800000,603.88,603.9,603.5,603.81
1783559700000,603.81,603.81,603.31,603.69
1783560600000,603.43,603.46,603.1,603.21
1783561500000,603.22,603.46,602.99,602.99
1783562400000,603,603.44,602.54,603.28
1783563300000,603.47,603.95,603.37,603.37
1783564200000,603.22,603.28,602.99,603.13
1783565100000,602.99,603.2,602.52,602.92
1783566000000,602.85,603.52,602.5,603.16
1783566900000,602.57,603.55,602.57,603.11
1783567800000,603.56,603.94,603.56,603.65
1783568700000,603.68,604,603.65,603.93
1783569600000,603.92,604.19,603.82,604.03
1783570500000,604.02,604.18,603.6,603.6
1783571400000,603.76,604.46,603.75,604.31
1783572300000,604.46,604.68,604.21,604.59
1783573200000,604.51,605,604.48,604.99
1783574100000,604.99,605.08,604.49,604.49
1783575000000,604.51,604.78,603.99,604.23
1783575900000,604.56,605.42,604.56,605.19
1783576800000,605.48,605.73,604.49,604.64
1783577700000,604.62,605.41,604.5,604.8
1783578600000,604.89,605.38,604.46,605.06
1783579500000,604.67,605.03,604.65,604.98
1783580400000,604.98,605.24,604.66,604.99
1783581300000,604.99,605.39,604.67,604.67
1783582200000,604.68,604.68,603.79,604.1
1783583100000,604.56,604.67,603.81,603.91
1783584000000,603.857,604.64,602.5,602.65
1783584900000,601.87,602.75,601.87,601.89
1783585800000,602.028,602.028,599.37,599.37
1783586700000,599.37,599.495,599.287,599.37
1783587600000,599.37,601.25,599.37,601.25
1783588500000,604,607.41,601.25,604.75
1783589400000,606.86,607.675,604.899,606.86
1783590300000,605.75,606.113,605,606.113
1783591200000,606.115,607.125,606.115,606.555
1783592100000,606.555,606.555,604.993,605.555
1783593000000,605.555,605.555,604.335,604.335
1783593900000,604.335,604.335,603.8,604.085
1783594800000,604.104,604.265,602.51,603.35
1783595700000,603.35,610.09,590.41,595.002
1783596600000,594.51,596.28,585.06,589
1783597500000,586.31,589.6,586.247,587.8
1783598400000,585,587.845,580.99,580.99
1783599300000,580.89,582.251,578.01,580.8
1783600200000,581.01,584.204,580.769,583.23
1783601100000,583.01,584.5,580.01,581.24
1783602000000,581.81,582.117,579.49,580.39
1783602900000,581.21,584.51,580.579,582.99
1783603800000,584.005,589,577.1,586.399
1783604700000,586.08,592.01,584.86,590.425
1783605600000,590.455,600.525,590.292,592.49
1783606500000,592.545,595.23,591.225,594.21
1783607400000,594.395,595.61,591.59,592.45
1783608300000,592.608,599.95,592.345,599.748
1783609200000,599.44,604,599.356,602.55
1783610100000,602.73,604.37,602.14,604.37
1783611000000,604.475,606.85,603.96,606.39
1783611900000,606.505,608.57,605.23,608.02
1783612800000,608.49,612.58,608,610.28
1783613700000,610.4,616.3,610.05,614.06
1783614600000,614.21,615.58,612.79,613.245
1783615500000,613.58,615.06,612.89,612.96
1783616400000,613.007,613.195,611.32,611.738
1783617300000,611.62,613.663,611.62,612.59
1783618200000,612.6,613.194,611.16,611.36
1783619100000,611.58,612.368,610.61,611.3
1783620000000,611.28,616.47,611.15,615.8
1783620900000,615.775,616.788,613.936,615.875
1783621800000,615.88,616.79,615.296,616.47
1783622700000,616.46,616.5,614.465,615.75
1783623600000,615.74,619.24,615.53,618.295
1783624500000,618.247,624.64,618.06,624.199
1783625400000,624.34,629.48,624.202,627.66
1783626300000,627.49,633.26,626.9,631.48
1783627200000,630.92,631.329,629.342,629.52
1783628100000,629.389,629.675,628.275,628.436
1783629000000,628.446,628.8,627.287,627.905
1783629900000,627.01,628.05,626.644,627.11
1783630800000,626.6,627.149,626.297,626.6
1783631700000,627.01,627.03,626.202,627.01
1783632600000,627.41,627.655,626.868,627.45
1783633500000,628.24,628.352,627.2,628.24
1783634400000,628.26,630.901,627.508,630.8
1783635300000,630.51,631.806,629.16,631.1
1783636200000,631.5,634.335,630.9,634.01
1783637100000,633.505,634.662,632.178,633.055
1783638000000,633.05,634.564,632.903,634.5
1783638900000,634.98,638,633.929,637.59
1783639800000,637.06,639.169,636.476,638.59
1783640700000,638.97,642.151,638.422,641.1
1783641600000,637.06,642.67,637.06,642.42
1783642500000,642.27,643.18,637.51,639.75
1783643400000,639.84,639.97,639.38,639.58
1783644300000,639.86,642.95,639.54,642.95
1783645200000,642.69,642.69,641,642.39
1783646100000,642.38,643.59,640.7,641.4
1783647000000,641.24,642.9,640.78,641.22
1783647900000,641.1,641.91,640.02,641.57
1783648800000,641.7,645.31,641.49,643.59
1783649700000,643.99,645.29,642.49,642.76
1783650600000,642.76,643.81,642.22,642.95
1783651500000,642.91,645.31,642.53,645.01
1783652400000,644.55,645.15,643.53,644.31
1783653300000,644.25,644.26,642.63,642.63
1783654200000,642.72,642.99,641.36,641.74
1783655100000,641.95,641.99,639.75,640
1783656000000,640,640.14,639.61,640.14
1783656900000,639.98,640.25,638.72,639.44
1783657800000,639.39,640.15,639.01,639.9
1783658700000,639.96,640.31,639.2,639.21
1783659600000,639.29,639.42,638.29,639.28
1783660500000,639.29,639.98,639.05,639.79
1783661400000,639.55,640.16,639.13,640.01
1783662300000,640,640.5,639.66,639.98
1783663200000,639.97,640.15,638.51,638.58
1783664100000,638.59,638.77,636.1,636.51
1783665000000,636.83,637.51,636.81,637.36
1783665900000,637.41,638,637.37,637.94
1783666800000,637.76,637.94,636.09,636.75
1783667700000,636.38,637.42,636.37,636.58
1783668600000,636.58,636.98,636.57,636.87
1783669500000,636.89,636.98,636.42,636.91
1783670400000,638.985,639.999,636.868,639.999
1783671300000,640.008,642.66,640.008,641.329
1783672200000,641.328,643.615,641.325,642.567
1783673100000,644.01,644.31,641.9,644.01
1783674000000,642.91,644.222,642.012,642.9
1783674900000,643.355,644.362,643.355,644.219
1783675800000,644.227,644.49,643.865,643.865
1783676700000,642.79,644.04,641.709,643.5
1783677600000,643.23,644.595,642.343,644.146
1783678500000,644.99,645,643.645,645
1783679400000,644.655,650.627,644.655,649.7
1783680300000,648.24,649.749,647.627,647.98
1783681200000,648.99,657.766,647.746,657.31
1783682100000,654.99,656.01,653.51,653.51
1783683000000,653.91,655.836,652.5,654.99
1783683900000,654.718,654.816,652,652.736
1783684800000,652.02,653.19,648.83,648.96
1783685700000,649.48,654.256,649.291,653.51
1783686600000,653.04,655.724,652.657,655
1783687500000,654.16,658.01,654,656.65
1783688400000,656.855,659.472,656.333,657.364
1783689300000,657.51,663.42,654.14,659.96
1783690200000,660.325,677.08,658.51,664.955
1783691100000,665,675.385,663.83,672.93
1783692000000,672.99,677.85,666.39,666.41
1783692900000,666.804,668.73,662.14,667.259
1783693800000,667.46,670.29,662.69,668.21
1783694700000,668.27,673.53,667.26,669.665
1783695600000,669.99,671.78,667.27,671.2
1783696500000,671.31,675.14,671.13,674.705
1783697400000,674.795,675.43,669.68,669.82
1783698300000,669.7,673.29,669.68,669.89
1783699200000,669.99,671.83,667.235,669.32
1783700100000,669.58,669.97,666.4,668.61
1783701000000,668.87,669.842,667.133,667.8
1783701900000,667.47,669.23,667.3,668.335
1783702800000,668.315,668.496,663.09,664.275
1783703700000,664.23,665.185,662.7,663.04
1783704600000,663.12,665.1,662,663.1
1783705500000,663.28,665.76,662.45,665.44
1783706400000,665.39,670.71,665.37,670.015
1783707300000,670,670.48,667.795,668.88
1783708200000,668.72,670.2,667.55,669.46
1783709100000,669.32,670.6,668.36,668.86
1783710000000,669,670.61,668.52,670.035
1783710900000,669.903,669.961,666.01,666.159
1783711800000,666,666.74,663.99,665.42
1783712700000,665.23,671.2,664.465,669.24
1783713600000,668.28,669.648,667.471,668.99
1783714500000,668.96,669.85,668.527,669.465
1783715400000,669.56,670.01,668.562,669.22
1783716300000,669.19,669.251,668.7,669.19
1783717200000,668.972,668.975,667.67,667.67
1783718100000,667.78,667.964,667.424,667.78
1783719000000,667.635,667.995,667.6,667.995
1783719900000,667.995,668.26,667.995,668.26
1783720800000,668.26,668.37,667.735,667.75
1783721700000,667.729,667.849,667.596,667.666
1783722600000,667.669,668.085,667.669,668.06
1783723500000,668.06,668.125,667.75,667.864
1783724400000,667.866,668.675,667.866,668.5
1783725300000,668.5,668.819,668.44,668.819
1783726200000,668.7,668.825,668.1,668.4
1783727100000,668.475,668.475,668.07,668.07
1783728900000,668.06,668.06,668.06,668.06
1783737900000,668.65,668.66,668.65,668.66
1783741500000,668.78,668.78,668.21,668.21
1783750500000,668.21,668.21,667.87,667.87
1783763100000,668.82,668.82,667.93,667.93
1783764000000,668.82,668.82,668.82,668.82
1783767600000,668.87,669.48,668.87,669.48
1783768500000,669.64,669.64,669.64,669.64
1783770300000,669.73,669.73,669.73,669.73
1783771200000,669.79,669.79,669.79,669.79
1783772100000,670.12,670.12,670.12,670.12
1783774800000,669.58,669.58,669.58,669.58
1783780200000,670.12,670.12,670.12,670.12
1783783800000,670.31,670.31,669.49,669.49
1783785600000,670.42,670.42,670.42,670.42
1783787400000,670.43,670.43,670.43,670.43
1783790100000,670.01,670.29,668.66,668.66
1783797300000,670.31,670.31,670.31,670.31
1783798200000,670.31,670.31,668.66,670.31
1783830600000,670.31,670.31,669.84,669.84
1783837800000,669.51,669.51,668.41,668.41
1783844100000,668.43,668.43,668.43,668.43
1783866600000,670.17,670.17,670.17,670.17
1783900800000,668.99,669.2,664,668.07
1783901700000,668.07,668.19,665.92,666.07
1783902600000,665.99,666.65,665.12,666.36
1783903500000,666.34,666.61,665.06,665.06
1783904400000,665.04,665.26,663.5,663.99
1783905300000,664,664.47,661.16,662.93
1783906200000,662.95,666.84,662.95,665.47
1783907100000,665.44,665.99,664.9,665.6
1783908000000,665.65,665.65,664.07,664.65
1783908900000,664.76,665.19,664.36,664.55
1783909800000,664.62,664.62,663.16,663.47
1783910700000,663.55,663.82,663,663.07
1783911600000,663.09,663.3,660.27,661.2
1783912500000,661.36,662.43,659.37,661.87
1783913400000,661.33,661.47,659.35,660.49
1783914300000,660.5,660.61,659.2,660.01
1783915200000,660.02,660.02,657.24,658.89
1783916100000,658.9,663.99,658.9,663.41
1783917000000,663.09,663.92,658.3,659.01
1783917900000,659.29,659.99,656.77,659.59
1783918800000,659.24,663.37,658.87,661.68
1783919700000,661.99,661.99,658.99,660
1783920600000,659.5,661.09,658.6,660.07
1783921500000,660.04,661.21,659.35,660
1783922400000,660,660,657.79,657.99
1783923300000,658,659.34,657.21,658.89
1783924200000,659.71,661.05,658.94,661.05
1783925100000,660.93,661.5,660.14,661.5
1783926000000,661.5,662.99,660.49,662.82
1783926900000,662.82,662.88,661.5,662.31
1783927800000,662.4,662.59,661.71,662.09
1783928700000,662.1,662.2,661.07,661.5
1783929600000,664,666.742,660.338,665.49
1783930500000,665.86,667.968,664.99,665.86
1783931400000,666.01,666.475,664.975,666.01
1783932300000,665.73,666.52,664.624,665.69
1783933200000,665.665,666.722,665.585,666.235
1783934100000,666.404,668.67,666.404,668.67
1783935000000,671.41,671.41,668.292,671.41
1783935900000,668.37,670.065,668.37,668.37
1783936800000,669.75,669.75,667.25,668
1783937700000,668,668.83,667.185,667.26
1783938600000,667.258,667.258,666.15,666.15
1783939500000,666.15,668.365,666.15,668.365
1783940400000,668.318,668.318,666.25,666.484
1783941300000,664.92,666.75,664.78,664.92
1783942200000,664.775,665.078,663.305,663.428
1783943100000,663.51,664.624,662.679,663.51
1783944000000,664.48,664.962,662.338,664.72
1783944900000,664.65,664.775,663.647,664.65
1783945800000,663.55,663.899,662.258,662.52
1783946700000,664,665.008,663.518,664
1783947600000,664.36,664.786,662.568,664.05
1783948500000,662.34,663.581,660.569,661.51
1783949400000,661.52,676.61,659.99,674.235
1783950300000,674.305,674.6,659.4,664.21
1783951200000,664.02,664.61,660,660.23
1783952100000,660.29,660.6,654.3,657
1783953000000,657.25,659.01,656.35,658.09
1783953900000,658.02,663.95,657.635,661.355
1783954800000,661.36,664.49,658.63,658.92
1783955700000,659.055,660.39,658.24,659.37
1783956600000,659.37,663.826,659.292,661.235
1783957500000,661.332,661.332,659.47,660.237
1783958400000,660.268,661.12,659.49,660.365
1783959300000,660.77,661,659.12,660.515
1783960200000,660.515,663.25,659.554,663.22
1783961100000,663.4,664.41,658.57,658.57
1783962000000,658.49,660.88,657.81,659.68
1783962900000,659.66,662.93,659.66,661.11
1783963800000,661.18,661.74,659.53,661.15
1783964700000,661.01,661.97,659.865,660.53
1783965600000,660.56,661.75,659.7,661.41
1783966500000,661.322,663.01,660.14,662.853
1783967400000,662.96,663.55,660.11,661.885
1783968300000,661.88,662.09,660.28,662.01
1783969200000,661.92,662.64,660.64,660.89
1783970100000,660.63,660.814,658.39,658.75
1783971000000,658.71,659,657.175,658.09
1783971900000,658.09,658.635,654.88,656.855
1783972800000,656.2,657.295,656.101,656.49
1783973700000,656.226,656.673,656.107,656.356
1783974600000,656.58,656.9,656.355,656.58
1783975500000,656.9,657,656.401,656.71
1783976400000,656.71,656.892,656.65,656.747
1783977300000,656.746,656.845,656.496,656.579
1783978200000,656.39,656.697,656.39,656.39
1783979100000,656.4,656.579,656.146,656.365
1783980000000,656.29,656.538,656.102,656.29
1783980900000,656.415,656.415,656.101,656.321
1783981800000,656.32,656.909,656.215,656.89
1783982700000,656.89,656.89,656.145,656.145
1783983600000,656.145,656.365,656.106,656.365
1783984500000,656.365,656.399,656.2,656.2
1783985400000,656.2,656.2,654.488,654.496
1783986300000,654.04,655.499,654.04,654.04
1783987200000,656.05,656.72,653.45,655.16
1783988100000,655.62,655.68,654.43,654.44
1783989000000,654.45,655.63,654.17,654.38
1783989900000,654.39,656.66,654.39,656.51
1783990800000,656.27,657.6,656.27,657
1783991700000,656.97,657.46,656.79,656.95
1783992600000,656.85,656.85,655.35,655.65
1783993500000,655.65,655.96,654.65,655.09
1783994400000,654.83,655.94,654.83,655.02
1783995300000,655.49,655.49,654.58,655.41
1783996200000,655.45,656.05,654.95,655.85
1783997100000,655.52,656.13,655.3,655.43
1783998000000,655.41,655.95,655.17,655.95
1783998900000,655.44,655.93,654.07,654.65
1783999800000,654.39,654.5,653.94,654.5
1784000700000,654.48,655.17,654.48,654.72
1784001600000,654.9,655.26,654.73,655.01
1784002500000,655.02,655.39,654.83,655.2
1784003400000,655.09,656.22,655,656.01
1784004300000,655.77,657.19,655.77,657.19
1784005200000,656.8,657.44,655.75,657.01
1784006100000,657.05,657.05,656.01,656.77
1784007000000,656.87,657.7,656.73,656.73
1784007900000,656.67,656.88,655.41,656.21
1784008800000,656.08,656.54,655.55,656.42
1784009700000,656.55,656.85,655.91,656.51
1784010600000,656.64,657.04,656.16,656.48
1784011500000,656.16,656.16,655.58,655.58
1784012400000,655.57,656.39,655.45,656.02
1784013300000,656.01,656.01,653.99,654.5
1784014200000,654.56,654.56,652.24,652.41
1784015100000,652.4,654.03,652.4,654.03
1784016000000,651.13,655.31,650.746,651.87
1784016900000,651.68,653.887,651.68,653.35
1784017800000,653.35,653.35,650.82,650.835
1784018700000,650.835,650.835,650.835,650.835
1784019600000,650.835,652.174,650.835,652.16
1784020500000,651.71,652.16,651.375,651.71
1784021400000,651.69,651.69,651.515,651.69
1784022300000,651.596,651.62,651.47,651.62
1784023200000,651.62,652.095,651.62,652.001
1784024100000,652,652,651.639,651.639
1784025000000,651.637,651.805,651.625,651.805
1784025900000,651.805,652.125,651.805,652.125
1784026800000,650,652.789,648.91,649.2
1784027700000,649.94,650.706,648.613,649.94
1784028600000,649,649.4,648,648
1784029500000,649.31,649.633,647.99,647.99
1784030400000,648.87,648.996,647.311,648
1784031300000,646.99,648.01,645.53,648.01
1784032200000,649.92,653.31,647.669,649.74
1784033100000,647.46,649.71,647.235,647.46
1784034000000,648.77,649.198,646.509,648.77
1784034900000,646.54,651.785,646.213,651.01
1784035800000,652.015,660.76,649.22,658.15
1784036700000,659.07,662.57,658.453,661.04
1784037600000,660.84,662.26,655.715,657.41
1784038500000,657.9,660.86,656.21,657.79
1784039400000,657.88,664.05,657.73,661.65
1784040300000,661.32,662.995,660.3,662.475
1784041200000,662.3,663.66,660.18,662.57
1784042100000,662.5,662.762,660.22,660.36
1784043000000,660.57,660.732,656.17,656.84
1784043900000,657.08,658,655.71,656.675
1784044800000,656.43,656.98,655.19,656.76
1784045700000,657.01,659.13,656.51,658.22
1784046600000,658.725,665.01,658.473,663.28
1784047500000,663.59,666.31,663.16,664
1784048400000,664.37,664.55,661.706,661.81
1784049300000,661.74,664.047,661.13,663.24
1784050200000,663.16,664.65,663.16,664.17
1784051100000,664.05,664.302,661.01,661.41
1784052000000,661.46,662.025,660.08,661.6
1784052900000,661.6,663.43,659.72,661.2
1784053800000,661.26,661.795,659.08,659.855
1784054700000,659.78,659.881,658.23,658.7
1784055600000,658.79,659.84,658.487,659.595
1784056500000,659.58,662.71,657.66,660.3
1784057400000,660.25,660.397,658.35,658.66
1784058300000,658.63,661.48,657.8,661.05
1784059200000,661.087,661.125,660.001,660.435
1784060100000,660.16,660.599,659.7,660.07
1784061000000,660.2,660.5,659.631,660.2
1784061900000,659.38,660,659,659.38
1784062800000,659.754,659.754,658.002,658.75
1784063700000,658.75,660.3,658.75,660.3
1784064600000,660.3,660.3,659.201,659.245
1784065500000,659.245,659.795,659.1,659.17
1784066400000,659.158,659.588,658.775,659.55
1784067300000,659.55,659.7,659.3,659.3
1784068200000,659.3,659.8,659.3,659.691
1784069100000,659.692,659.709,659.1,659.544
1784070000000,659.545,659.545,659.4,659.505
1784070900000,660.05,661.625,659.505,660.05
1784071800000,660.9,661.693,660.209,660.519
1784072700000,660.516,662.399,660.5,661.275
1784073600000,661.75,681.4,661.102,662.68
1784074500000,662.53,662.65,661.25,661.25
1784075400000,661.35,661.88,659.17,660.05
1784076300000,659.95,660.97,659.95,660.61
1784077200000,660.89,660.97,660.11,660.13
1784078100000,660.51,661.27,660.43,661.15
1784079000000,661.01,661.01,660.3,660.45
1784079900000,660.29,661.45,660.29,661.44
1784080800000,661.45,661.68,661.07,661.14
1784081700000,661.21,661.54,660.83,661.54
1784082600000,661,661.52,661,661.52
1784083500000,661.22,661.51,661.16,661.2
1784084400000,661.29,661.51,660.7,661.22
1784085300000,661.2,661.42,661.05,661.18
1784086200000,661.24,661.49,661.07,661.13
1784087100000,661.07,661.5,661.04,661.07
1784088000000,661.06,661.29,661.01,661.19
1784088900000,661.3,661.48,661,661.1
1784089800000,661.02,661.43,660.99,661.23
1784090700000,661.02,661.21,661,661.02
1784091600000,661.2,661.5,660.46,660.5
1784092500000,660.49,661.3,660.37,661.03
1784093400000,661.32,661.42,661,661.09
1784094300000,661.1,661.29,660.67,660.97
1784095200000,661.14,661.22,660.55,660.72
1784096100000,660.64,660.76,659.91,660.46
1784097000000,660.73,660.74,660.46,660.74
1784097900000,660.55,660.75,660.18,660.75
1784098800000,660.16,660.68,659.93,660.17
1784099700000,660.01,660.11,658.63,658.78
1784100600000,659,659.57,658.99,659.38
1784101500000,659.24,659.95,659.17,659.51
1784102400000,659.1,660.891,658.688,659.1
1784103300000,659.99,660.818,658.415,660.01
1784104200000,660.68,660.9,660.275,660.68
1784105100000,660.69,660.9,660,660.69
1784106000000,660,660.215,660,660.215
1784106900000,660.33,660.33,660.215,660.33
1784107800000,660.215,660.55,659.885,660.55
1784108700000,660.55,661.1,660.55,661.1
1784109600000,661.31,661.345,661.1,661.31
1784110500000,661.345,662.064,661.345,661.465
1784111400000,661.465,661.465,661.465,661.465
1784112300000,661.465,661.94,660.87,661.646
1784113200000,661.645,662.7,661.645,662.495
1784114100000,663.05,663.35,662.157,663.05
1784115000000,662.4,663.18,662.355,662.679
1784115900000,662.674,662.7,662.2,662.2
1784116800000,662.2,662.7,662.2,662.7
1784117700000,662.7,662.73,662.401,662.614
1784118600000,663.5,665.409,662.614,663.5
1784119500000,665.56,665.807,664.893,665.56
1784120400000,665.99,666.373,665.4,665.89
1784121300000,665.9,666.17,663.101,664.35
1784122200000,664.875,664.875,657.15,658.39
1784123100000,658.65,661.19,656.825,659.52
1784124000000,659.61,671.4,659.61,667.68
1784124900000,667.78,672.01,667.57,671.374
1784125800000,671.386,676.35,671.255,673.003
1784126700000,673.015,673.1,669.29,671.285
1784127600000,671.315,684.99,670.88,681.22
1784128500000,681.04,682.34,677.31,678.5
1784129400000,678.787,679.07,676.47,676.809
1784130300000,677.09,683.9,676.794,683.7
1784131200000,683.68,685.14,680.105,683.74
1784132100000,683.62,686.08,683.03,683.32
1784133000000,683.54,683.81,678.3,678.575
1784133900000,678.97,679.62,674.42,675.711
1784134800000,675.995,676.33,674.61,674.76
1784135700000,674.93,675.501,673.58,674.8
1784136600000,674.915,675.65,673.54,674.68
1784137500000,675.135,677.025,674.76,676.83
1784138400000,676.822,677.23,674.69,677.001
1784139300000,677.23,678.088,676.72,677.4
1784140200000,677.525,677.525,674.69,675.01
1784141100000,674.975,676.58,673.51,676.25
1784142000000,676.175,678.33,675.986,677.44
1784142900000,677.644,677.99,676.16,676.336
1784143800000,676.23,679.45,675.64,679.45
1784144700000,679.33,682,678.44,681.23
1784145600000,681.26,681.494,680.306,681.24
1784146500000,680.27,681.165,680.26,680.26
1784147400000,681.11,681.11,680.7,681.11
1784148300000,680.955,680.955,645.491,679.8
1784149200000,679.99,680.5,679.79,679.96
1784150100000,680.204,680.59,680.036,680.036
1784151000000,680.042,680.05,679.441,679.555
1784151900000,679.555,679.777,679.481,679.725
1784152800000,679.725,680.61,679.701,680.45
1784153700000,680.45,680.45,679.63,679.99
1784154600000,679.99,679.99,679.545,679.835
1784155500000,679.835,680.65,679.795,680.35
1784156400000,680.35,680.846,680.35,680.75
1784157300000,680.75,680.841,680.255,680.66
1784158200000,680.66,680.757,680.535,680.66
1784159100000,679.82,680.684,679.546,679.82
1784160000000,679.9,680.93,679.69,680.93
1784160900000,680.89,680.89,680.2,680.52
1784161800000,680.52,680.93,679.99,680.02
1784162700000,680.01,680.68,679.89,679.91
1784163600000,679.88,680,679.43,679.73
1784164500000,679.58,679.73,678.5,679.44
1784165400000,679.37,679.94,679.21,679.33
1784166300000,679.18,680.18,679.01,679.31
1784167200000,679.29,679.58,679.02,679.12
1784168100000,679.21,680.63,679.21,680.63
1784169000000,680.65,680.92,680.4,680.69
1784169900000,680.78,681.01,680.21,680.65
1784170800000,680.95,681.25,680.8,681.06
1784171700000,681.12,681.12,680.42,680.9
1784172600000,680.89,680.98,680.51,680.87
1784173500000,680.6,680.86,680.52,680.8
1784174400000,680.87,681.49,680.74,681.24
1784175300000,681.41,681.41,680.7,680.97
1784176200000,680.97,681.01,679.63,680.1
1784177100000,680.1,680.8,680.1,680.37
1784178000000,680.73,680.84,680.39,680.84
1784178900000,680.81,681.13,680.4,680.4
1784179800000,680.77,680.77,679.5,679.72
1784180700000,679.97,680.1,679.71,679.87
1784181600000,680,681.1,679.79,680.45
1784182500000,680.5,680.7,679.59,679.86
1784183400000,679.67,679.88,678.99,679.45
1784184300000,679.46,680.61,679.46,680.36
1784185200000,680.37,680.71,679.96,680.08
1784186100000,679.97,680.29,679.74,680.21
1784187000000,680.18,680.22,679.47,679.47
1784187900000,679.55,680.08,679.37,680.02
1784188800000,679.742,682.75,679.141,681.933
1784189700000,682.42,682.49,680.35,682.42
1784190600000,684.01,684.01,682.49,684.01
1784191500000,683.97,686.055,683.97,686.055
1784192400000,687.12,688.4,686.117,687.12
1784193300000,688.19,688.548,687.15,687.15
1784194200000,688.15,689.64,687.375,687.578
1784195100000,686,687.563,682.5,685.74
1784196000000,682.5,685.5,681.504,681.7
1784196900000,681.79,682.35,681.081,681.79
1784197800000,682.026,683.815,682.026,683.53
1784198700000,683.09,683.53,682.114,683.09
1784199600000,682.581,684.598,682.557,683.645
1784200500000,683.79,683.84,682.703,683.48
1784201400000,682.773,683.545,682.667,683.4
1784202300000,682.07,683.7,681.87,681.87
1784203200000,681.85,683.095,680.137,680.97
1784204100000,680.385,681.349,679.207,679.207
1784205000000,679.21,679.81,678,678.49
1784205900000,678.86,680.7,678.515,680
1784206800000,681.04,682.25,680.1,681.34
1784207700000,682.09,682.5,676.593,681.01
1784208600000,677.285,680.5,667.01,667.01
1784209500000,667.04,672.41,664.99,671.035
1784210400000,671.06,672.756,670.06,671.49
1784211300000,671.41,677.54,671.378,676.62
1784212200000,676.66,680.71,676.5,678.845
1784213100000,678.827,681.75,677.44,680.282
1784214000000,680.45,680.67,677,677.48
1784214900000,677.24,677.53,674.76,675.095
1784215800000,675.24,677.01,675.091,676.03
1784216700000,676.16,677.627,674.42,674.59
1784217600000,674.51,674.609,670.62,671
1784218500000,670.82,671.19,668.53,669.96
1784219400000,670.37,670.61,668.01,668.44
1784220300000,668.59,671.9,668.443,670.17
1784221200000,670.297,670.304,668.41,668.718
1784222100000,668.675,670.395,668.63,669.59
1784223000000,669.725,670.13,667.66,668.62
1784223900000,668.43,670.13,668.23,668.72
1784224800000,668.43,674.08,666.8,669.915
1784225700000,669.915,670.33,667.16,667.865
1784226600000,668.31,669.25,667.49,667.595
1784227500000,667.285,669.03,667.18,668.22
1784228400000,668.085,668.408,664.67,664.71
1784229300000,664.75,664.94,662.145,662.89
1784230200000,662.86,664.06,662,662.221
1784231100000,661.66,664.6,660.28,664.17
1784232000000,664.416,664.8,663.3,664.716
1784232900000,664.701,665.18,664.505,664.53
1784233800000,664.56,665.056,663.03,664.02
1784234700000,663.209,663.7,662.65,663.626
1784235600000,663.625,663.875,662.692,662.775
1784236500000,662.775,663.75,662.075,663.25
1784237400000,663.8,664.93,663.25,663.8
1784238300000,664.93,665.249,664.75,665.249
1784239200000,665.25,666.883,665.25,665.54
1784240100000,665.534,666.371,665.266,665.702
1784241000000,665.701,666.047,665.082,665.9
1784241900000,665.9,665.9,665.15,665.215
1784242800000,665.211,666.074,664.816,665.934
1784243700000,665.932,666.062,664.653,665.096
1784244600000,664.75,666.411,664.726,664.75
1784245500000,665.703,666.671,665.251,666.671
1784246400000,665.55,666.679,663.28,663.71
1784247300000,663.71,664.36,663.49,664
1784248200000,664.32,665.14,663.98,664.34
1784249100000,664.36,665.04,663.96,665.04
1784250000000,664.5,664.76,662.93,662.93
1784250900000,663.14,663.82,662.93,663.1
1784251800000,663.36,663.37,662.18,662.8
1784252700000,662.68,662.68,660.54,660.68
1784253600000,660.7,661.07,658.98,659.05
1784254500000,659.37,659.37,654.71,655
1784255400000,655.02,657.94,652.99,657.22
1784256300000,657.79,658.03,655.49,656.57
1784257200000,657,658.75,656.61,658.75
1784258100000,658.5,660,658.02,660
1784259000000,660.01,660.01,658.9,659.45
1784259900000,659.22,659.22,658.13,658.3
1784260800000,658.21,658.21,656.7,656.88
1784261700000,657.01,657.38,652.38,652.38
1784262600000,652.75,652.75,650.91,651.98
1784263500000,651.15,652.94,651.15,651.86
1784264400000,652.31,656.18,651.99,654.73
1784265300000,655.02,655.41,653.99,654.28
1784266200000,654.42,656.28,653.92,655.01
1784267100000,654.42,655.63,653.2,655.63
1784268000000,655.12,656.64,655.1,656.12
1784268900000,656.11,656.84,656.02,656.72
1784269800000,656.25,656.83,655.1,655.49
1784270700000,655.1,655.41,654.1,654.88
1784271600000,654.73,655.95,654.3,654.57
1784272500000,655.01,655.3,653.17,653.99
1784273400000,654.3,655.3,654.01,655.02
1784274300000,654.62,655.8,654.61,655.26
1784275200000,655.12,666.679,652.81,653.07
1784276100000,651.11,653.59,651.11,651.11
1784277000000,652.65,652.65,651.495,651.5
1784277900000,651.5,653.463,651.5,653.255
1784278800000,653.255,653.255,653.255,653.255
1784279700000,651.97,654.33,651.97,653.21
1784280600000,654.33,654.33,652.008,652.008
1784281500000,652.007,653.2,651.96,652.6
1784282400000,652.6,653.28,652.6,652.995
1784283300000,652.49,653.599,652.49,652.52
1784284200000,653.039,653.891,652.687,653.85
1784285100000,653.89,654.265,653.28,653.89
1784286000000,654.99,656.177,653.601,654.09
1784286900000,654.51,654.671,653.521,654.51
1784287800000,653.01,654.6,652.68,653.01
1784288700000,652.694,654.587,651.64,654.587
1784289600000,654.589,654.72,652.472,652.69
1784290500000,650.55,653.654,650.523,650.55
1784291400000,650.71,652.725,650.71,650.71
1784292300000,652.574,652.75,649.575,649.66
1784293200000,649.646,649.646,646.228,646.616
1784294100000,646.02,649.04,644.99,648
1784295000000,647.7,649.08,638.97,639.99
1784295900000,639.8,643.15,636.62,642.17
1784296800000,642.281,642.281,634.01,636.315
1784297700000,636.321,637.67,632.02,634.325
1784298600000,634.4,636.158,632.73,634.46
1784299500000,634.24,634.675,626.27,626.67
1784300400000,626.9,629.2,626.19,628.5
1784301300000,628.35,630.55,627.875,629.91
1784302200000,629.749,631.76,628.31,630.467
1784303100000,630.53,632.79,629.31,632.73
1784304000000,632.805,633.77,630.36,633.77
1784304900000,633.645,648.54,633.43,643.53
1784305800000,643.17,647.21,638.455,644.7
1784306700000,644.94,650.4,644.82,649.585
1784307600000,649.84,651.96,648.58,648.9
1784308500000,649,652.08,647.01,651.81
1784309400000,651.89,651.95,646.99,647.15
1784310300000,647.06,649.59,645.88,649.52
1784311200000,649.465,649.98,645.91,647.06
1784312100000,647.085,647.82,646.13,647.02
1784313000000,646.99,648.195,646,646.29
1784313900000,646.39,648.28,645.49,646.08
1784314800000,645.81,646.04,641.69,641.791
1784315700000,641.735,644.13,641.185,643.877
1784316600000,643.95,644.562,642.01,642.62
1784317500000,642.58,648,642.5,646.02
1784318400000,645.984,646.005,643.235,643.52
1784319300000,643.15,643.75,642.311,643.15
1784320200000,644.2,644.875,642.62,644.2
1784321100000,644.875,645.375,644.001,644.001
1784322000000,644,644.927,643.775,644.761
1784322900000,644.763,644.9,644.39,644.9
1784323800000,644.91,645.123,644.9,644.91
1784324700000,645.075,645.273,644.875,644.875
1784325600000,644.85,644.929,644.452,644.9
1784326500000,644.654,645.222,644.654,645.205
1784327400000,645.03,645.204,644.69,645.03
1784328300000,644.62,645.2,643.266,644.01
1784329200000,643.03,644.25,640.25,642.51
1784330100000,640.01,640.375,640.01,640.11
1784331000000,640.235,640.382,639.553,639.617
1784331900000,639.606,640.16,639.558,640.16
1784343600000,640.25,640.25,639.96,639.96
1784376000000,640.31,640.31,640.31,640.31
1784379600000,639.96,639.96,639.96,639.96
1784392200000,639.78,639.78,639.78,639.78
1784394000000,639.78,639.78,639.78,639.78
1784415600000,640.51,640.76,640.51,640.76
1784427300000,640.34,640.34,639.66,639.66
1784436300000,639.63,639.63,639.63,639.63
1784446200000,639.99,639.99,639.99,639.99
1784466000000,640.09,640.09,640.09,640.09
1784476800000,640.14,640.16,639.54,639.54
1784490300000,639.97,640.86,639.97,640.86
1784491200000,639.83,639.83,639.83,639.83
1784493900000,640.18,640.37,639.74,639.74
1784503800000,640.07,640.3,640.07,640.3
1784505600000,640.5,650.04,640,644.77
1784506500000,644.9,644.97,642.79,642.79
1784507400000,642.8,643.37,641.52,643.26
1784508300000,643.27,643.27,642.5,642.95
1784509200000,643.06,643.79,643,643.2
1784510100000,643.18,643.69,643.16,643.43
1784511000000,643.29,643.57,642.7,642.7
1784511900000,642.72,643.04,641.77,642.53
1784512800000,642.75,643.63,642.75,643
1784513700000,643.05,643.05,642.51,642.92
1784514600000,642.98,644.03,642.85,643.21
1784515500000,643.51,643.86,643.37,643.6
1784516400000,643.61,644.05,642.87,643.01
1784517300000,643.43,643.46,642.56,642.99
1784518200000,643.39,643.98,643.39,643.61
1784519100000,643.55,644.52,643.31,644.01
1784520000000,644.13,644.52,643.99,644.01
1784520900000,644.05,644.05,643.51,644.03
1784521800000,644.26,644.76,644.12,644.5
1784522700000,644.46,644.49,643.61,643.99
1784523600000,643.99,643.99,642.94,642.94
1784524500000,643.4,643.44,642.93,642.96
1784525400000,642.93,643.18,642.7,642.91
1784526300000,643.11,643.11,642.32,642.32
1784527200000,642.69,642.69,642.49,642.49
1784528100000,642.33,642.96,642.33,642.93
1784529000000,642.6,642.94,642.05,642.49
1784529900000,642.5,642.94,642,642
1784530800000,642.36,642.84,642.13,642.35
1784531700000,642.35,643.99,642.31,643.75
1784532600000,643.94,645.24,643.94,644.47
1784533500000,644.55,644.91,644.1,644.45
1784534400000,640.834,645.56,640.834,644.646
1784535300000,644.64,645.031,642.852,642.852
1784536200000,642.83,643.375,642.69,643.375
1784537100000,643.375,643.375,643.375,643.375
1784538000000,643.375,643.375,643.375,643.375
1784538900000,643.09,643.585,643.09,643.09
1784539800000,643.585,645.235,643.515,644.015
1784540700000,644.015,644.015,643.616,644.015
1784541600000,643.89,643.89,643,643.75
1784542500000,643.75,643.75,643.75,643.75
1784543400000,643.75,643.75,642.8,642.8
1784544300000,642.8,644,642.8,643.549
1784545200000,643.41,644,642.517,643.41
1784546100000,643.82,644.987,643.8,644.103
1784547000000,644.99,648.971,644.101,644.99
1784547900000,647.46,648.595,646.67,647.5
1784548800000,647.5,648.475,646.276,647.5
1784549700000,646.466,647.389,646.284,647.389
1784550600000,647.391,647.4,646.527,647.193
1784551500000,647.203,647.42,646.5,646.547
1784552400000,646.546,647.733,646.246,646.74
1784553300000,645.23,646.845,644.466,646.39
1784554200000,646.44,646.58,638.865,644.55
1784555100000,644.63,645.6,636.39,637.61
1784556000000,637.615,642.815,636.42,642.68
1784556900000,642.755,645.34,641.38,642.02
1784557800000,642.2,644.62,641.938,643.015
1784558700000,642.41,646.01,641.99,645.285
1784559600000,645.04,647.675,644.5,647.64
1784560500000,647.582,648.97,646.668,647.888
1784561400000,647.83,649.63,647.685,648.1
1784562300000,648.125,648.805,646.82,646.985
1784563200000,646.98,648.48,646.87,647.765
1784564100000,647.79,652.003,647.22,651.855
1784565000000,652.45,653.22,650.89,651.59
1784565900000,651.71,652.521,651.245,651.77
1784566800000,651.9,651.91,650,650.11
1784567700000,649.9,650.204,648.39,649.7
1784568600000,649.832,650.065,647.65,648.803
1784569500000,648.73,648.925,647.508,648.115
1784570400000,648.31,649.25,648.06,648.795
1784571300000,648.805,649.645,647.598,648.365
1784572200000,648.17,648.88,645.85,646.29
1784573100000,646.116,648.317,646.06,648.317
1784574000000,648.55,649.66,648.291,649.45
1784574900000,648.69,649.09,647.85,648.67
1784575800000,649.02,651,648.708,650.43
1784576700000,650.41,650.49,645.29,645.79
1784577600000,645.77,646.927,645.532,645.77
1784578500000,645.5,646.163,644.099,645.18
1784579400000,645.095,645.725,645,645.602
1784580300000,645.601,645.76,645.465,645.695
1784581200000,645.695,645.74,645.34,645.37
1784582100000,645.35,645.653,645.303,645.35
1784583000000,645.458,645.549,645.14,645.357
1784583900000,645.365,645.605,645.355,645.405
1784584800000,645.01,645.398,642.9,645.01
1784585700000,643.49,644.095,643.06,643.06
1784586600000,643.059,643.652,642.373,642.96
1784587500000,642.99,643.49,642.71,642.99
1784588400000,643.66,644.224,642.9,643.66
1784589300000,643.8,645.18,643.8,643.885
1784590200000,643.83,644.243,643.452,643.83
1784591100000,643.03,644.57,642.701,643.03
1784592000000,644.33,644.33,642.7,642.87
1784592900000,643.01,644.91,642.73,644.91
1784593800000,644.86,645.86,644.86,645.46
1784594700000,645.84,645.84,645.45,645.45
1784595600000,645.48,646.12,645.11,645.96
1784596500000,646.17,646.24,645.78,646.24
1784597400000,646.12,646.16,645.19,645.2
1784598300000,645.21,645.93,645.21,645.66
1784599200000,646,646.24,645.01,645.01
1784600100000,645.01,645.27,645.01,645.13
1784601000000,645.32,646.88,645.32,646
1784601900000,646,646.3,645.48,645.79
1784602800000,646.06,646.59,645.99,645.99
1784603700000,646.06,646.24,645.92,645.99
1784604600000,646,646.74,645.8,646.44
1784605500000,646.04,646.34,645.8,646.03
1784606400000,645.94,646.98,645.87,646.61
1784607300000,646.98,646.98,646.05,646.3
1784608200000,646.32,646.36,646.07,646.22
1784609100000,646.25,646.45,646.08,646.08
1784610000000,646.11,647.82,646.06,646.43
1784610900000,646.41,647.46,646.41,646.73
1784611800000,646.74,647.29,646.72,647.04
1784612700000,647.04,647.99,647.04,647.84
1784613600000,647.93,649.92,647.93,649.35
1784614500000,649.35,649.37,648.1,648.11
1784615400000,648.1,650.01,648.09,649.99
1784616300000,649.97,650.46,649.94,650.23
1784617200000,650.48,650.62,649.3,650.01
1784618100000,649.98,650.18,649.09,649.14
1784619000000,649.17,649.4,648.24,649.02
1784619900000,649.01,649.11,648.01,648.08
1784620800000,643.85,649.44,643.85,647.5
1784621700000,647.5,648.94,647.415,647.415
1784622600000,647.43,647.43,647.415,647.43
1784623500000,647.415,648.785,647.415,648.785
1784624400000,648.785,648.785,647.5,647.5
1784625300000,647.5,647.815,646.555,647.305
1784626200000,647.305,647.88,647.305,647.88
1784627100000,648.47,649.324,647.88,648.47
1784628000000,649.075,649.075,647.874,648.759
1784628900000,648.76,649.305,648.051,648.29
1784629800000,648.312,649.79,647.913,649.79
1784630700000,649.79,649.79,649,649
1784631600000,648.63,649.373,647.168,647.75
1784632500000,647.829,647.829,646.8,647.196
1784633400000,647.15,647.7,646.541,646.74
1784634300000,646,646.86,645.9,646
1784635200000,646.69,650.49,645.999,650.49
1784636100000,650.36,650.399,648.284,649.3
1784637000000,649.3,649.75,648.501,649
1784637900000,650.9,652.191,649,650.9
1784638800000,650.27,651.6,650.24,650.24
1784639700000,650.5,654.109,649.431,653.722
1784640600000,653.734,655.435,643.53,648.942
1784641500000,649.38,651,647.12,648.37
1784642400000,648.36,649.745,645.48,646.73
1784643300000,646.18,648.04,644.92,646.79
1784644200000,646.79,647.75,646.08,646.235
1784645100000,646.285,649.51,646.266,647.532
1784646000000,647.465,648.34,645.72,647.53
1784646900000,647.81,648.09,646.865,647.87
1784647800000,647.705,648.87,647.66,648.3
1784648700000,648.34,648.78,647.44,647.445
1784649600000,647.355,647.95,646.55,647.21
1784650500000,646.88,647.64,646.11,647.455
1784651400000,647.33,648.62,646.78,647.92
1784652300000,648.05,650.65,647.76,648.04
1784653200000,648.048,648.515,645.405,646.462
1784654100000,646.46,646.84,645.527,646.64
1784655000000,646.6,648.675,644.84,648.09
1784655900000,648.09,648.2,646.62,647.47
1784656800000,647.25,647.59,646.371,646.775
1784657700000,646.79,647.6,646.706,647.49
1784658600000,647.7,647.75,646.335,647.51
1784659500000,647.515,647.761,646.68,646.97
1784660400000,647.08,648.68,646.535,648.23
1784661300000,648.19,650,647.9,649.52
1784662200000,649.49,649.77,644.81,648.32
1784663100000,648.33,648.35,643.38,643.45
1784664000000,640.55,643.951,639.679,642.01
1784664900000,642.459,642.665,642.15,642.454
1784665800000,642.448,642.593,642.005,642.416
1784666700000,642.376,642.544,641.868,642.294
1784667600000,642.295,642.619,642.001,642.489
1784668500000,642.48,642.952,642.05,642.3
1784669400000,642.242,642.964,641.947,642.5
1784670300000,642.5,642.894,642.156,642.66
1784671200000,642.05,642.633,642.05,642.05
1784672100000,641.49,642.232,641.426,641.49
1784673000000,641.484,641.723,640.81,641.399
1784673900000,641.4,641.4,640.513,640.911
1784674800000,641,641.364,640.6,640.6
1784675700000,641,641.7,640.711,641
1784676600000,641.26,641.484,640.711,641.224
1784677500000,641.225,641.75,640.769,641.497
1784678400000,641.11,641.7,640.69,640.99
1784679300000,640.95,641.26,640.42,641.09
1784680200000,640.99,641.26,640.27,641.26
1784681100000,641.28,641.62,640.98,641.5
1784682000000,641.62,641.62,641.03,641.35
1784682900000,641.53,641.57,640.99,641.03
1784683800000,641.03,642,640.68,642
1784684700000,641.9,642.22,641.9,642.22
1784685600000,642.12,642.12,641.54,641.99
1784686500000,642.15,642.5,642.01,642.5
1784687400000,642.47,643.61,642.1,643.61
1784688300000,643.53,643.61,642.37,642.37
1784689200000,642.49,642.61,641.79,642.03
1784690100000,642.37,642.64,642,642.4
1784691000000,642.45,642.59,642.13,642.13
1784691900000,642.44,642.44,641.85,641.93
1784692800000,641.96,643.01,641.96,642.8
1784693700000,642.95,643,642.72,642.72
1784694600000,642.72,642.72,642.55,642.67
1784695500000,642.87,642.88,642.69,642.73
1784696400000,642.73,642.91,642.55,642.89
1784697300000,642.89,642.89,642.51,642.83
1784698200000,642.77,643.32,642.63,643.09
1784699100000,642.93,642.93,642.81,642.87
1784700000000,643.17,643.71,642.89,643.21
1784700900000,642.94,643.2,642.11,642.14
1784701800000,642.1,642.14,641.01,641.65
1784702700000,641.55,641.93,641.49,641.92
1784703600000,641.88,642.13,641.23,641.38
1784704500000,641.84,641.98,641.54,641.98
1784705400000,641.96,641.99,641.06,641.19
1784706300000,641.29,642.29,641.29,642.29
1784707200000,641.496,642.705,641.496,641.95
1784708100000,641.95,642.5,641.375,641.739
1784709000000,641.729,643.175,641.687,642.9
1784709900000,642.9,643.515,642.9,643.515
1784710800000,643.515,644.129,643.515,643.65
1784711700000,643.65,643.65,643.65,643.65
1784712600000,643.598,643.65,643.34,643.65
1784713500000,643.65,643.954,643.65,643.875
1784714400000,643.875,643.9,643.669,643.9
1784715300000,643.9,644.02,643.895,644.016
1784716200000,644.015,644.06,643.98,643.98
1784717100000,645.3,645.494,643.9,645.3
1784718000000,645.075,645.075,642.078,642.9
1784718900000,643.09,643.279,642.846,643.09
1784719800000,643.81,644.748,642.845,644.44
1784720700000,643.84,646.253,643.84,644.99
1784721600000,645.25,645.676,644.49,645.676
1784722500000,645.677,645.68,644.75,645.398
1784723400000,645.399,645.89,644.575,645.51
1784724300000,645.78,645.819,643.55,644.59
1784725200000,645.01,645.708,643.523,645.01
1784726100000,645.388,647.308,645.388,646.798
1784727000000,647.02,647.02,632.76,634.98
1784727900000,634.93,636.31,630.4,633.165
1784728800000,633.22,636.46,632.2,632.2
1784729700000,632.12,632.585,628.2,629.56
1784730600000,629.6,631.56,628.99,629.64
1784731500000,629.43,630.51,628.97,629.72
1784732400000,629.69,629.85,627.85,628.1
1784733300000,628.095,629.76,627.94,629.76
1784734200000,629.514,630.51,628.595,630.025
1784735100000,630.27,630.801,628.63,628.95
1784736000000,628.91,630.32,628.27,630.025
1784736900000,629.92,630.005,628.9,629.16
1784737800000,629.25,629.314,628.24,629.09
1784738700000,629.16,630.178,629.13,630.15
1784739600000,630.2,630.7,629.11,630.265
1784740500000,630.2,630.44,628.18,628.235
1784741400000,628.2,628.24,627.06,627.205
1784742300000,627.195,627.547,625.11,625.414
1784743200000,625.52,626.78,625.205,626.14
1784744100000,625.99,626.83,625.66,626.73
1784745000000,626.6,626.733,625.56,625.72
1784745900000,625.8,626.64,625.555,626.25
1784746800000,626.455,627.915,625.982,626.845
1784747700000,626.83,627.5,626.11,627.13
1784748600000,627.01,627.21,625.235,626.45
1784749500000,626.36,628.85,624,627.14
1784750400000,627.218,628.852,624.524,626.585
1784751300000,626.737,627.571,624.305,624.538
1784752200000,624.5,624.75,623.508,623.85
1784753100000,623.55,624.124,621.943,622.09
1784754000000,618.51,622.133,617.787,619.79
1784754900000,618.29,620.05,617.488,617.99
1784755800000,618.49,619.21,617.389,618.57
1784756700000,617.99,619.755,617.64,619.01
1784757600000,620.36,620.424,618.421,620.36
1784758500000,619.26,619.52,618.951,619.26
1784759400000,619.22,619.83,618.595,618.813
1784760300000,618.815,620.7,618.815,620.362
1784761200000,620.385,620.699,620.101,620.495
1784762100000,619,620.631,618.655,619
1784763000000,619.39,619.452,618.915,618.915
1784763900000,618.911,619.8,618.89,619.748
1784764800000,620.49,621.97,619.41,620.72
1784765700000,620.53,621.95,620.5,621.66
1784766600000,621.6,621.8,621.13,621.78
1784767500000,621.67,622.18,621.55,621.85
1784768400000,621.85,622.13,621.18,621.85
1784769300000,621.5,621.51,620.57,621.4
1784770200000,621.37,621.4,620.66,621.25
1784771100000,621.21,621.76,621.1,621.21
1784772000000,621.31,621.51,621.01,621.21
1784772900000,621.21,621.38,620.84,620.98
1784773800000,620.97,621.24,620.78,620.78
1784774700000,621,621.34,620.78,621.01
1784775600000,621.11,621.13,620.44,620.74
1784776500000,620.72,620.78,620.38,620.76
1784777400000,620.89,620.89,620.49,620.75
1784778300000,620.89,621.3,620.75,621.15
1784779200000,621.01,621.01,620.19,620.65
1784780100000,620.65,621.14,620.41,620.74
1784781000000,620.92,621.12,620.43,620.5
1784781900000,620.5,620.5,620.01,620.09
1784782800000,620.05,620.47,619.98,620.29
1784783700000,620.49,621.09,620.39,621.08
1784784600000,621.08,621.09,620.5,620.85
1784785500000,620.86,620.86,620.29,620.46
1784786400000,620.5,620.89,620.47,620.88
1784787300000,620.88,621,620.53,620.53
1784788200000,620.58,621.16,620.13,620.13
1784789100000,620.13,620.49,619.64,619.7
1784790000000,619.83,619.87,617.68,617.95
1784790900000,618.35,619.01,618.19,618.69
1784791800000,618.72,618.72,617.27,617.41
1784792700000,617.72,620.02,617.25,619.8
1784793600000,619.746,619.897,617.05,617.05
1784794500000,617.05,618.25,617.02,617.5
1784795400000,618.08,618.09,617.5,618.09
1784796300000,617.735,617.735,617.5,617.5
1784797200000,617.95,618.15,617.5,617.95
1784798100000,617.57,617.825,617.25,617.57
1784799000000,617.65,617.65,616.971,616.971
1784799900000,616.97,617.135,616.222,616.385
1784800800000,616.73,616.899,616.385,616.73
1784801700000,616.65,617.25,616.65,617.25
1784802600000,617.25,623.432,617.25,620.38
1784803500000,620.38,620.38,618.745,619.53
1784804400000,618.55,619.636,617.75,618.36
1784805300000,618.37,618.901,616.804,617
1784806200000,616.09,618.18,616.015,616.16
1784807100000,616,616.124,612.99,612.99
1784808000000,612.66,616.064,612.088,614.5
1784808900000,615.2,615.791,612.573,613.16
1784809800000,612.81,613.348,611.189,611.5
1784810700000,612.85,612.898,610.596,611.97
1784811600000,611.25,611.933,609.39,609.39
1784812500000,609.66,610.798,608.408,609.75
1784813400000,608.41,614.66,605.39,612.802
1784814300000,613.08,614.11,609,610.55
1784815200000,610.75,610.892,606.24,606.78
1784816100000,606.715,607.83,604.35,607.83
1784817000000,607.72,607.84,604.226,605.69
1784817900000,605.477,605.509,602.055,602.388
1784818800000,602.14,602.79,598.23,600.66
1784819700000,600.68,601.77,598.86,599.07
1784820600000,599.08,599.32,597.26,597.575
1784821500000,597.58,602.31,597.31,601.87
1784822400000,601.413,602.63,601.16,602.503
1784823300000,602.75,604.75,602.489,604.26
1784824200000,604.37,605.71,601.46,603.29
1784825100000,603.04,606.235,602.485,605.43
1784826000000,605.365,607.17,604.86,606.37
1784826900000,606.5,607.12,605.48,605.84
1784827800000,605.925,606.998,604.155,606.91
1784828700000,607.23,607.795,606.27,606.47
1784829600000,606.24,606.93,605.29,606.41
1784830500000,606.443,606.73,605.42,606.084
1784831400000,606.02,606.245,605.12,606.245
1784832300000,606.38,607.61,606.14,606.56
1784833200000,606.56,606.796,604.86,605.74
1784834100000,605.76,608.08,605.679,607.42
1784835000000,607.382,607.46,604.32,604.545
1784835900000,604.28,607.66,603.04,605.905
1784836800000,606.03,606.945,604.501,604.855
1784837700000,605.21,606.489,604.848,605.59
1784838600000,606.39,607.395,606.2,606.64
1784839500000,606.631,606.951,605.698,605.875
1784840400000,606.09,606.575,605.875,606.09
1784841300000,606.05,606.559,605.775,606.05
1784842200000,606,606.194,605.455,606.194
1784843100000,606.202,606.566,605.675,606.25
1784844000000,605.93,606.452,605.731,606
1784844900000,606.256,606.899,606.25,606.825
1784845800000,606.825,607.394,606.705,606.795
1784846700000,606.795,607.341,606.65,607.341
1784847600000,607.342,607.729,606.821,606.861
1784848500000,606.859,607.42,606.85,607.272
1784849400000,607.276,607.355,606.5,607.01
1784850300000,607.01,607.198,606.385,607.198
1784851200000,606.98,607.99,606.58,607
1784852100000,606.58,607.05,606.27,607.04
1784853000000,607.13,607.48,606.66,607.06
1784853900000,607.47,607.81,606.97,607
1784854800000,607.39,607.9,606.12,606.92
1784855700000,606.8,606.8,606.16,606.74
1784856600000,606.76,607.01,606.66,606.72
1784857500000,606.48,606.71,606.04,606.36
1784858400000,606.43,606.47,606,606.01
1784859300000,605.99,606.37,605.77,606.01
1784860200000,606.01,606.05,605.01,606.05
1784861100000,606.2,606.3,605.7,606.13
1784862000000,606.12,606.59,605.98,606.05
1784862900000,606.21,606.58,605.77,605.98
1784863800000,606.05,606.14,605.72,605.72
1784864700000,605.95,607.6,605.66,606.47
1784865600000,606.53,607.51,606.19,607.07
1784866500000,606.88,607.23,606.32,607.23
1784867400000,607.08,607.08,606.51,606.51
1784868300000,606.65,607.9,606.52,607.25
1784869200000,607.16,607.49,606.62,607.08
1784870100000,607.02,607.4,606.61,607.37
1784871000000,606.95,607.17,606.77,607.1
1784871900000,607.02,607.02,606.4,606.4
1784872800000,606.72,607.15,606.16,606.42
1784873700000,606.29,606.87,606.29,606.58
1784874600000,606.82,606.99,606.17,606.17
1784875500000,606.3,606.6,605.88,606.35
1784876400000,606.45,607.61,606.45,607.5
1784877300000,607.5,608,607.47,607.93
1784878200000,607.96,608.12,607.61,607.73
1784879100000,607.99,607.99,607.1,607.11
1784880000000,607.199,608.155,606.839,607.945
1784880900000,609.2,609.51,607.945,609.2
1784881800000,609.505,610.974,609.505,610.406
1784882700000,610.405,610.405,609.38,609.726
1784883600000,609.731,609.755,609.731,609.755
1784884500000,609.43,609.949,609.305,609.43
1784885400000,609.755,610.25,609.755,610.25
1784886300000,610.25,610.25,609.47,609.875
1784887200000,609.875,610.295,609.756,610.15
1784888100000,610.15,610.15,603.815,605
1784889000000,602.1,605.185,600.001,602.43
1784889900000,602,602.416,601.63,602.416
1784890800000,602.419,603.363,601.888,602.704
1784891700000,602.696,604.135,602.141,604.135
1784892600000,603.95,605.21,603.542,604.98
1784893500000,604.853,605.604,604.395,605.604
1784894400000,605.597,605.904,604.355,605.904
1784895300000,605.915,606.304,604.871,605.608
1784896200000,604.91,606.266,604.65,604.99
1784897100000,602.41,604.758,602.381,602.41
1784898000000,603.69,604.516,602.528,603.69
1784898900000,603.715,605.665,602.265,605.324
1784899800000,604.79,607.17,602.475,603.46
1784900700000,603.45,604.515,601.63,602.74
1784901600000,601.845,604.49,601.303,602.63
1784902500000,602.525,606.33,600.75,605
1784903400000,605.11,606.64,604.105,604.49
1784904300000,604.51,606.81,604.001,606.81
1784905200000,606.88,608.06,605.5,607.73
1784906100000,607.13,609.231,606.67,608.92
1784907000000,609.15,609.91,607.866,607.95
1784907900000,608.08,608.35,604.79,605.57
1784908800000,605.6,605.89,603.1,603.56
1784909700000,603.575,604.2,603.05,603.21
1784910600000,603.06,603.842,601.44,601.87
1784911500000,602.115,602.39,600.19,600.58
1784912400000,600.68,604.74,600.68,602.915
1784913300000,603.115,603.215,602.22,602.855
1784914200000,602.99,603.693,599.13,601.39
1784915100000,601.395,602.033,601.054,601.825
1784916000000,601.7,602.37,601.17,602.06
1784916900000,602.065,602.85,601.47,601.565
1784917800000,601.4,601.703,599.37,599.775
1784918700000,599.75,600.49,599.235,599.98
1784919600000,599.8,601.22,599.77,600.63
1784920500000,600.669,601.246,599.9,600.038
1784921400000,600.043,601.18,598.81,599.283
1784922300000,599.23,599.266,594.59,595.17
1784923200000,595.02,596.829,595.02,595.02
1784924100000,596.14,596.56,595.557,596.14
1784925000000,595.845,596.1,595.236,595.75
1784925900000,595.752,595.925,595.265,595.3
1784926800000,595.19,595.642,595.178,595.19
1784927700000,595.46,595.545,595.151,595.48
1784928600000,595.48,596.459,595.245,595.49
1784929500000,596.225,596.245,595.5,595.505
1784930400000,595.505,595.809,595.183,595.219
1784931300000,594.99,595.224,594.99,594.99
1784932200000,595,595.144,594.58,595
1784933100000,594.602,594.945,594.28,594.73
1784934000000,594.83,594.874,594.684,594.83
1784934900000,594.75,594.795,594.741,594.75
1784935800000,594.79,594.79,594.305,594.52
1784936700000,594.52,594.636,594.15,594.15
1784958300000,595.03,595.03,595.03,595.03
1784961000000,595.03,595.03,595.03,595.03
1784961900000,595.03,595.03,595.03,595.03
1784984400000,594.73,594.73,594.73,594.73
1784995200000,595.07,595.07,595.07,595.07
1784997000000,595.08,595.08,595.08,595.08
1785004200000,595.09,595.09,595.09,595.09
1785009600000,595.13,595.13,595.13,595.13
1785013200000,595.06,595.06,595.06,595.06
1785038400000,595.95,595.95,595.95,595.95
1785045600000,595.95,596.52,595.95,596.52
1785047400000,597.48,597.48,597.48,597.48
1785049200000,596.85,597.62,596.67,596.67
1785089700000,597.71,597.71,597.71,597.71
1785096900000,597.6,597.6,596.45,596.45
1785108600000,597.75,597.75,597.75,597.75
1785109500000,597.75,599.21,597.75,599.21
1785110400000,600,606.9,597.21,600.5
1785111300000,600.55,600.79,599.55,600.52
1785112200000,600.82,601.21,600,600.04
1785113100000,600.04,600.8,599.8,599.8
1785114000000,599.53,600.12,599.07,599.78
1785114900000,599.47,600,599.37,599.72
1785115800000,599.41,600.62,599.38,600.26
1785116700000,600.27,600.63,600.1,600.41
1785117600000,600.2,600.83,600.17,600.64
1785118500000,600.46,600.9,600.41,600.87
1785119400000,600.75,601.01,600.53,600.99
1785120300000,600.99,601.54,600.91,601.29
1785121200000,601.32,601.41,600.86,601.3
1785122100000,601.47,601.65,601.3,601.38
1785123000000,601.41,601.64,600.58,601.48
1785123900000,601.29,601.29,600.4,600.59
1785124800000,600.58,600.91,600.47,600.91
1785125700000,600.6,601.3,600.6,601.27
1785126600000,601.27,602.51,601,602.51
1785127500000,602.49,602.96,602.16,602.17
1785128400000,602.15,602.32,601.89,601.9
1785129300000,601.9,601.93,601.61,601.61
1785130200000,601.93,602.71,601.62,602.63
1785131100000,602.22,603.36,602.09,603.19
1785132000000,603.18,604,603.18,603.99
1785132900000,603.84,604.04,603.59,603.82
1785133800000,603.69,604.18,603.69,603.77
1785134700000,603.74,603.83,603.13,603.13
1785135600000,603.14,603.3,602.54,603.29
1785136500000,603.39,603.4,602.81,602.93
1785137400000,602.86,603.21,602.36,602.89
1785138300000,602.49,602.98,601.84,601.87
1785139200000,604,604,595.446,604
1785140100000,603.54,605.025,603.54,605.015
1785141000000,605.015,605.085,605.015,605.085
1785141900000,605.085,605.375,605.085,605.085
1785142800000,605.088,605.105,604.74,604.97
1785143700000,604.97,605.054,604.85,604.85
1785144600000,604.85,605.58,604.85,605.58
1785145500000,605.49,605.85,605.381,605.85
1785146400000,605.379,606,605.375,605.475
1785147300000,605.475,605.475,604.68,605
1785148200000,606.99,607.2,605,607.02
1785149100000,607.2,607.2,606.051,606.3
1785150000000,606.302,606.5,605.386,605.79
1785150900000,605.51,605.949,604.806,605.44
1785151800000,605.1,605.471,604.399,604.99
1785152700000,605.11,605.253,604.619,604.79
1785153600000,604.819,605.375,604.45,604.454
1785154500000,604.99,605.655,604.44,605.51
1785155400000,605.46,606.434,604.99,605.46
1785156300000,606.51,606.51,606.136,606.51
1785157200000,605.99,606.309,605.707,605.74
1785158100000,605.92,607.684,604.19,607.3
1785159000000,607.52,610.845,600.73,603.585
1785159900000,603.68,608.52,603.519,606.08
1785160800000,605.21,609.52,604.71,609.23
1785161700000,609.36,609.36,605.18,605.21
1785162600000,605.605,605.655,600.425,600.856
1785163500000,600.98,603.01,598.99,603
1785164400000,602.81,606.8,602.42,605.8
1785165300000,605.82,607,604.774,605.46
1785166200000,605.499,605.57,602.46,602.762
1785167100000,602.766,602.97,601,601.055
1785168000000,601.12,601.7,597.81,597.91
1785168900000,597.885,599.94,597.475,599.14
1785169800000,599.05,600.285,597.855,598.21
1785170700000,598.106,598.688,597.02,597.52
1785171600000,597.58,597.86,596.368,597.86
1785172500000,597.9,597.9,596.5,597.12
1785173400000,596.95,597.328,594.911,595.1
1785174300000,595.15,595.99,594.5,594.83
1785175200000,594.9,595.24,593.64,595.167
1785176100000,594.97,595.169,594.12,594.81
1785177000000,594.845,595.793,593.85,595.775
1785177900000,595.91,597.974,595.57,596.765
1785178800000,596.815,596.905,595.68,595.94
1785179700000,595.77,596.11,595.45,595.83
1785180600000,595.62,596.415,594.11,594.28
1785181500000,594.2,594.76,593.15,593.76
1785182400000,594.32,595.159,593.8,594.32
1785183300000,595.107,595.613,594.845,595.345
1785184200000,595.343,595.8,595.143,595.8
1785185100000,595.58,595.899,595.5,595.5
1785186000000,595.56,595.787,595.22,595.49
1785186900000,595.22,595.719,595.075,595.414
1785187800000,595.419,595.915,595.365,595.769
1785188700000,595.765,596.959,595.751,596.375
1785189600000,596.375,596.749,595.751,596.097
1785190500000,596.039,596.039,595.127,595.127
1785191400000,595.17,595.544,595.126,595.15
1785192300000,595.422,595.509,594.99,595.225
1785193200000,595,595.497,594.533,595
1785194100000,594.759,595.646,594.756,595.646
1785195000000,595.04,595.772,594.881,595.04
1785195900000,594.51,595.499,594.284,594.51
1785196800000,595.243,595.74,594.29,594.54
1785197700000,594.9,595.01,594.53,594.96
1785198600000,595.48,595.5,594.03,595.42
1785199500000,595.01,595.01,593.87,594.09
1785200400000,594.16,594.24,593.12,593.61
1785201300000,593.62,594.51,592.61,594.5
1785202200000,594.51,594.99,594.01,594.72
1785203100000,594.36,594.74,593.65,593.84
1785204000000,593.99,594.35,593.49,593.68
1785204900000,593.65,594.49,593.65,594.19
1785205800000,593.91,593.91,593.13,593.5
1785206700000,593.69,594.31,593.52,594.15
1785207600000,594.09,594.18,593.58,594.17
1785208500000,594.18,595.01,594.03,594.03
1785209400000,594.06,595,594.01,594.94
1785210300000,594.96,595.22,594.4,594.89
1785211200000,594.77,594.83,593.99,593.99
1785212100000,593.98,594.15,593.88,594.15
1785213000000,594.23,594.66,593.74,593.74
1785213900000,594.29,594.64,593.7,593.88
1785214800000,593.91,594.28,593.77,594.06
1785215700000,594.06,594.06,592.92,593.47
1785216600000,593.78,593.78,593.39,593.42
1785217500000,593.74,594.06,593.02,593.5
1785218400000,593.49,594.05,593.09,594.04
1785219300000,594.04,594.72,594,594.65
1785220200000,594.65,595.21,594.45,595.08
1785221100000,595.18,595.23,594.69,595.23
1785222000000,595.32,596.29,595.31,596.29
1785222900000,596.29,596.62,596.03,596.03
1785223800000,596.21,596.53,596.03,596.43
1785224700000,595.81,596.37,595.81,595.96
1785225600000,597.58,597.58,595.244,597.58
1785226500000,596.405,596.565,596.405,596.565
1785227400000,596.565,596.91,596.35,596.91
1785228300000,596.74,596.91,596.74,596.74
1785229200000,596.96,597.21,596.685,596.96
1785230100000,596.735,597,596.735,597
1785231000000,597.26,597.625,597,597.26
1785231900000,596.45,597.001,596.28,596.28
1785232800000,596.11,597.097,595.505,596.1
1785233700000,597.01,597.01,596.002,596.41
1785234600000,596.41,596.41,595.3,595.3
1785235500000,595.3,595.3,595.3,595.3
1785236400000,595.71,597.303,595.3,595.71
1785237300000,597.46,598.365,596.752,597.46
1785238200000,597.51,597.769,596.561,597.14
1785239100000,597.52,598.385,596.401,597.73
1785240000000,598.21,598.73,597.437,598.21
1785240900000,598.19,598.911,597.815,598.38
1785241800000,598.88,599.76,598.526,599.76
1785242700000,599.89,600.382,599.31,599.88
1785243600000,600.03,600.35,598.21,599.74
1785244500000,598.65,599.062,595.599,596.95
1785245400000,595.89,600.91,594.2,595.64
1785246300000,595.47,595.53,591.39,593.36
1785247200000,593.085,594.74,591.51,591.844
1785248100000,592.05,595.01,591.859,594.57
1785249000000,594.58,594.58,590,593.2
1785249900000,593.1,593.62,589.46,589.62
1785250800000,589.49,591.545,587.04,591.375
1785251700000,591.315,594.74,591.315,593.92
1785252600000,593.99,594.67,593.3,594.01
1785253500000,593.967,595.44,593.584,595.229
1785254400000,595.51,597.118,595.01,596.94
1785255300000,596.94,597.91,596.346,596.41
1785256200000,596.355,596.99,595.07,595.15
1785257100000,595.233,595.73,593.86,594.416
1785258000000,594.29,594.466,592.305,593.01
1785258900000,593.01,594.615,592.82,593.56
1785259800000,593.58,594.98,593.47,593.69
1785260700000,593.81,594.66,592.54,594.46
1785261600000,594.53,594.99,593.18,593.72
1785262500000,593.77,595.1,593.375,594.47
1785263400000,594.56,594.56,591.97,593.66
1785264300000,593.65,594.555,593.65,594.47
1785265200000,594.49,595.33,593.448,593.56
1785266100000,593.51,594.21,593.15,593.41
1785267000000,593.31,593.76,592.89,593.59
1785267900000,593.57,594.45,592.91,593.215
1785268800000,593.38,595.005,593.29,594.651
1785269700000,594.68,594.92,594.312,594.68
1785270600000,594.63,594.905,593.448,594.63
1785271500000,594.62,594.847,594.219,594.62
1785272400000,594.401,594.875,594.25,594.875
1785273300000,594.875,594.956,594.664,594.737
1785274200000,594.31,594.733,594.2,594.32
1785275100000,594.252,594.545,594.182,594.4
1785276000000,594.465,594.787,594.275,594.275
1785276900000,594.255,594.255,593.377,593.646
1785277800000,593.651,593.87,593.101,593.101
1785278700000,593.39,595.225,593.1,594.8
1785279600000,593.99,594.941,593.276,593.99
1785280500000,594.5,595.116,593.904,594.66
1785281400000,594.79,595.493,594.259,594.79
1785282300000,595.494,597.25,595.452,597.106
1785283200000,597.22,598.02,596.72,597.99
1785284100000,597.52,597.83,596.74,597.76
1785285000000,597.51,597.89,596.99,596.99
1785285900000,597.01,597.01,596.37,596.51
1785286800000,596.53,596.69,595.49,595.49
1785287700000,595.2,596.57,595.03,596.46
1785288600000,596.16,596.36,595.67,596.01
1785289500000,595.69,596,594.11,594.11
1785290400000,594.14,595.7,594,595.46
1785291300000,595.44,595.58,594.55,595.27
1785292200000,595.25,596.01,595.23,595.55
1785293100000,595.51,595.71,594.71,595.2
1785294000000,595.38,595.65,594.72,594.99
1785294900000,595.06,595.34,594.7,594.79
1785295800000,594.83,594.98,593.91,594.62
1785296700000,594.24,594.75,593.99,594.58
1785297600000,594.58,594.9,594.15,594.69
1785298500000,594.58,594.99,593.97,594.5
1785299400000,594.49,595.01,594.01,594.5
1785300300000,594.52,595.49,594.09,595.29
1785301200000,595.45,596.93,595.45,595.97
1785302100000,595.92,596.16,595.56,595.91
1785303000000,595.72,596.15,595.53,596.13
1785303900000,596.11,596.31,595.49,595.65
1785304800000,596.06,596.08,594.85,595.32
1785305700000,595.01,595.51,594.99,595.41
1785306600000,595.4,597.11,595.39,597.11
1785307500000,596.93,597.09,596.54,596.91
1785308400000,596.93,598.41,596.7,598.41
1785309300000,598.19,598.41,597.63,598.39
1785310200000,598.41,598.85,598.23,598.69
1785311100000,598.67,598.82,598.06,598.32
1785312000000,597.109,598.492,597.109,597.769
1785312900000,597.77,597.77,597.38,597.38
1785313800000,597.38,597.5,596.6,597.5
1785314700000,597.6,597.6,597.5,597.6
1785315600000,597.5,597.5,595.255,595.255
1785316500000,595.255,595.845,595.255,595.845
1785317400000,595.845,597,595.205,595.205
1785318300000,595.216,595.515,595.1,595.449
1785319200000,595.45,597.1,595.446,597.1
1785320100000,597.1,597.1,595.975,595.975
1785321000000,595.975,596.38,595.753,595.85
1785321900000,595.852,597.84,595.852,597.095
1785322800000,597.095,597.721,595.39,596.086
1785323700000,595.69,596.406,595.44,596.26
1785324600000,595.472,596.39,595.35,595.403
1785325500000,594.99,596.099,594.822,595.3
1785326400000,596.099,596.099,593.955,594.297
1785327300000,593.66,595.009,593.501,593.66
1785328200000,593.75,595.549,593.7,595.359
1785329100000,595.18,595.358,594.231,595.18
1785330000000,593.01,594.573,592.99,593.07
1785330900000,593.31,595.041,593.195,593.86
1785331800000,593.425,594.52,589.54,590.66
1785332700000,590.96,592.077,587.323,589.42
1785333600000,589.72,591.375,587.34,588.33
1785334500000,588.46,590.815,586.55,587.682
1785335400000,588.5,591.01,587.817,589.68
1785336300000,589.84,590.892,588,588.96
1785337200000,588.925,592.62,588.17,592.04
1785338100000,592.109,592.87,590.58,591.526
1785339000000,591.528,592.409,588.95,589.54
1785339900000,589.58,589.58,585.42,586.76
1785340800000,586.78,587.305,585.34,585.765
1785341700000,585.66,591.08,585.41,590.89
1785342600000,590.887,592.55,589.947,592.55
1785343500000,592.464,593.289,592.07,593.06
1785344400000,592.82,594.01,592.56,593.79
1785345300000,593.81,595.33,592.983,593.07
1785346200000,592.87,593.62,592.09,593.305
1785347100000,593.36,593.8,592.7,593.147
1785348000000,593.141,598.1,593.141,595.465
1785348900000,595.555,595.89,592.73,593.55
1785349800000,593.49,596.22,593.49,596.22
1785350700000,596.1,599.89,595,597.93
1785351600000,597.784,598.01,593.84,595.375
1785352500000,595.37,595.77,588.2,589.11
1785353400000,589.17,590.025,584.4,584.51
1785354300000,584.81,587.4,582.39,587.4
1785355200000,584.8,586.767,533.22,561.99
1785356100000,559.99,562.01,544.99,550.85
1785357000000,550.14,551.99,542.35,550.01
1785357900000,551,553.337,536.05,536.07
1785358800000,537.44,540.243,520.05,523.76
1785359700000,523.01,530.99,518.64,528.07
1785360600000,529.01,531.29,526.456,528.07
1785361500000,528,530.75,526.805,528.11
1785362400000,530.51,538.395,527.501,535.04
1785363300000,534.6,537.449,533.584,537.01
1785364200000,537.79,543.778,536.915,543.01
1785365100000,542.51,543.61,540.555,540.8
1785366000000,541.5,547.247,541.237,546.69
1785366900000,546,549.477,545.568,549.26
1785367800000,548.89,549.821,545.121,546.1
1785368700000,545.77,545.865,542.11,542.11
1785369600000,542.99,549.29,541.997,548
1785370500000,547.99,548.54,546.46,548.54
1785371400000,548.63,549.23,545.5,545.6
1785372300000,545.6,546.66,544.45,546.37
1785373200000,546.51,548.07,545.93,546.48
1785374100000,546.48,547.72,546.04,546.23
1785375000000,546.2,547.34,545.8,546
1785375900000,545.98,546.65,544.59,544.93
1785376800000,544.83,544.85,542.51,543.28
1785377700000,543.02,543.94,542.8,543.26
1785378600000,543.19,545.01,543.02,545
1785379500000,545,545.41,543.39,543.86
1785380400000,543.85,544.85,542.94,543.69
1785381300000,543.62,543.99,543,543.96
1785382200000,543.79,544.76,543,544.29
1785383100000,544.3,545.51,544,544.54
1785384000000,544.52,545.66,543.43,543.68
1785384900000,543.69,543.81,541.97,543.79
1785385800000,543.79,543.81,542.29,542.85
1785386700000,542.38,542.88,540.99,541.39
1785387600000,541.4,541.53,540.41,541.13
1785388500000,541.19,541.99,541,541.29
1785389400000,541.58,542,541.14,541.6
1785390300000,541.71,542.01,540.88,541.31
1785391200000,541.06,542.37,540.81,541.96
1785392100000,541.5,542.08,541.34,541.86
1785393000000,541.96,542.01,541.03,541.28
1785393900000,541.28,542,540.55,541.29
1785394800000,541.69,542.43,540.2,540.87
1785395700000,540.69,540.98,537,538.49
1785396600000,538.41,538.44,536.22,538.14
1785397500000,538.14,538.42,536.18,536.51
1785398400000,537.53,541.996,534.509,537.89
1785399300000,535.16,536.454,534.777,535.87
1785400200000,533.69,535.71,531.736,532
1785401100000,531.85,533.386,530.959,531.42
1785402000000,533.02,533.563,531.911,533.02
1785402900000,534.41,536.345,532.383,534.41
1785403800000,536.345,537.823,534.607,534.95
1785404700000,534.77,535.513,534,534.77
1785405600000,534.465,534.554,530.75,531.252
1785406500000,530.3,533.725,530.3,530.3
1785407400000,533.62,535.35,532.283,533.82
1785408300000,535.01,536.539,533.74,536.25
1785409200000,535.9,543.31,532.99,538.49
1785410100000,537.08,537.27,534.37,535.35
1785411000000,535.88,535.88,530.13,530.25
1785411900000,530.39,532.066,528.99,528.99
1785412800000,528.01,529.296,525.909,527.68
1785413700000,528.163,528.681,526.54,527.111
1785414600000,527.113,529.5,523.99,528.799
1785415500000,528.71,529.19,525.99,527.42
1785416400000,526.91,535.614,526,533.83
1785417300000,532.9,533.866,525.986,527.48
1785418200000,526.04,536.51,524.48,531.72
1785419100000,531.666,537.385,530.24,532.17
1785420000000,532.133,534.79,527.49,533.955
1785420900000,533.95,534.131,528.67,531.39
1785421800000,531.3,533.61,529.775,532.61
1785422700000,532.58,535.92,531.05,533.89
1785423600000,534.06,538.82,533.52,537.295
1785424500000,537.275,537.97,532.13,532.834
1785425400000,532.965,533.585,532.24,533.03
1785426300000,533.04,534.72,532.11,532.11
1785427200000,532.07,536.905,531.76,534.395
1785428100000,534.29,534.54,531.355,531.555
1785429000000,531.475,531.835,529.79,530.65
1785429900000,530.48,531.44,529.79,530.745
1785430800000,530.75,533,530.49,531.81
1785431700000,531.64,533.18,530.57,532.765
1785432600000,532.698,534.94,531.57,532.04
1785433500000,532.046,533.38,531.96,532.739
1785434400000,532.905,533.29,531.65,533.095
1785435300000,533.07,534.08,532.6,533
1785436200000,533.005,534.76,532.88,534.08
1785437100000,533.98,534.84,532.1,534.52
1785438000000,534.54,535.8,532.005,535.62
1785438900000,535.65,535.98,533.69,534.495
1785439800000,534.55,535.28,533.22,535.26
1785440700000,535.085,539.88,534.83,538.705
1785441600000,538.891,542.484,538.352,542.484
1785442500000,542.89,543.162,541.233,542.87
1785443400000,542.01,542.471,541.174,542.4
1785444300000,541.81,542.105,541.072,541.49
1785445200000,540.79,541.071,539.511,539.91
1785446100000,539.734,540.61,539.376,540.341
1785447000000,540.3,540.649,540.25,540.3
1785447900000,541.11,541.698,540.375,541.11
1785448800000,541.01,541.9,541.01,541.67
1785449700000,541.79,541.981,541.295,541.67
1785450600000,541.63,541.965,541.3,541.929
1785451500000,541.93,542.779,541.916,542.779
1785452400000,543.28,544.25,542.781,543.28
1785453300000,543.81,544.242,542.863,542.99
1785454200000,543.16,543.57,542.84,543.16
1785455100000,543.63,543.749,542.519,543
1785456000000,543.12,543.9,542.07,543.89
1785456900000,543.85,544.23,543.18,544
1785457800000,543.95,544.36,543.8,544.34
1785458700000,544.37,546.36,544,546
1785459600000,546.11,546.46,545.55,545.96
1785460500000,545.99,546.8,545.81,546.29
1785461400000,546.38,546.38,545.18,545.92
1785462300000,545.82,546.14,545.19,546.14
1785463200000,546,546.41,545.52,545.75
1785464100000,545.94,545.94,544.73,545.03
1785465000000,544.82,545.78,544.82,545.58
1785465900000,545.58,546.01,545.58,546.01
1785466800000,546.09,546.62,545.41,545.73
1785467700000,545.86,546.29,545.36,545.6
1785468600000,545.6,546.01,545.49,545.91
1785469500000,545.98,546.01,545.65,545.87
1785470400000,545.76,546.24,545.34,546.24
1785471300000,546.24,546.45,545.76,546.19
1785472200000,546.22,546.39,546,546.39
1785473100000,546.4,546.46,545.76,546.22
1785474000000,546.27,546.27,545.8,546.06
1785474900000,546.07,547.17,546,547.01
1785475800000,547.17,547.19,546.55,546.79
1785476700000,546.81,547,545.96,546.39
1785477600000,546.59,548.2,546.33,548
1785478500000,548.11,550.4,547.99,550.4
1785479400000,550.15,550.39,547.65,547.91
1785480300000,547.85,548.79,547.49,547.98
1785481200000,547.91,549.26,547.6,549.24
1785482100000,549.08,549.47,548.22,549.44
1785483000000,549.3,549.48,548.86,549.02
1785483900000,549.2,549.22,548.48,548.69
1785484800000,549.18,556.67,542.625,553.41
1785485700000,554.18,555.032,552.655,553.75
1785486600000,552.07,553.704,552.025,552.07
1785487500000,551.97,552.705,551.329,551.97
1785488400000,552.701,552.707,551.344,551.5
1785489300000,551.5,551.905,550.019,550.019
1785490200000,549.92,550.467,549.157,549.92
1785491100000,548.58,549.915,546.999,547.47
1785492000000,548.18,549.02,547.58,548.18
1785492900000,549.52,549.52,548.5,549.52
1785493800000,548.33,549.197,547.965,548.33
1785494700000,547.93,548.23,546.625,547.74
1785495600000,545.05,546.932,545.001,546.43
1785496500000,546.35,546.641,545.657,546.35
1785497400000,546.19,547.36,543.6,543.82
1785498300000,543.9,544.349,542.752,542.8
1785499200000,543.99,544.35,543.163,543.29
1785500100000,543.95,544.914,543.659,544.17
1785501000000,544.66,545.45,544.28,544.69
1785501900000,544,545.249,543.259,544.95
1785502800000,546.67,546.67,544.75,545.44
1785503700000,545.41,549.186,543.623,544.96
1785504600000,543.33,557.94,542.885,548.63
1785505500000,548.76,549.4,545.685,546.7
1785506400000,546.375,547.585,542.84,545.97
1785507300000,546.11,550.68,546.086,547.33
1785508200000,547.39,549.72,543.99,548.82
1785509100000,548.98,552.41,548.35,551.08
1785510000000,551,553.045,546.96,547.42
1785510900000,547.49,547.72,540.72,540.91
1785511800000,540.96,546.38,540.26,545.92
1785512700000,545.744,546.77,544.71,545.827
1785513600000,545.91,547.76,545.49,547.64
1785514500000,547.59,549.5,547.28,549.24
1785515400000,549.56,552.06,549,549.815
1785516300000,549.815,550.095,548.649,548.79
1785517200000,548.78,549.79,546.79,547.13
1785518100000,547.12,549.613,546.49,549.25
1785519000000,549.34,549.93,547.99,549.02
1785519900000,549.025,549.825,548.555,548.725
1785520800000,548.89,549.89,547.52,549.01
1785521700000,548.98,551.54,548.905,550.225
1785522600000,549.99,550.61,549.2,549.835
1785523500000,549.875,551.83,549.875,550.73
1785524400000,551.009,553.285,550.615,553.221
1785525300000,553.217,553.74,552.06,552.59
1785526200000,552.5,554.61,551.39,552.26
1785527100000,552.19,558.26,551.1,556.6
1785528000000,556.537,556.839,555.601,556.427
1785528900000,556.43,557.746,556.197,556.44
1785529800000,557.41,558.344,557.31,557.41
1785530700000,555.5,557.9,555.19,555.19
1785531600000,555.339,555.674,555.228,555.245
1785532500000,555.29,555.349,554.42,555.29
1785533400000,554.752,554.999,554.631,554.85
1785534300000,555.29,555.3,554.85,555.3
1785535200000,555.156,555.175,555.085,555.12
1785536100000,555.12,555.17,554.95,554.95
1785537000000,554.95,555.199,554.85,555.14
1785537900000,555.22,555.562,555.01,555.01
1785538800000,555.61,555.64,555.395,555.61
1785539700000,555.59,555.716,555.452,555.59
1785540600000,555.01,555.7,554.746,555
1785541500000,554.738,554.882,553.402,553.515
1785545100000,554.89,554.89,554.14,554.53
1785550500000,554.89,554.89,553.38,553.38
1785553200000,553.38,553.38,552.24,552.24
1785556800000,554.89,554.89,554.01,554.01
1785557700000,553.33,554.96,553.33,553.33
1785558600000,553.86,555.04,553.03,553.13
1785559500000,555.07,555.07,553.3,553.51
1785560400000,553.3,555.13,553.3,554.59
1785561300000,553.3,555.4,553.3,553.31
1785562200000,554,555.5,553.31,555.26
1785563100000,553.3,555.62,553.3,554.41
1785564000000,553.3,555.94,553.3,555.62
1785564900000,554.2,555.98,553.3,554.35
1785565800000,553.5,556.1,553.3,555.5
1785566700000,554.35,556.18,553.3,556.18
1785567600000,553.3,553.3,553.3,553.3
1785568500000,556.18,556.18,553.29,553.29
1785569400000,554.2,554.3,553.29,553.29
1785572100000,556.31,556.31,553.33,553.33
1785573000000,553.26,553.33,553.26,553.33
1785573900000,553.26,553.26,553.26,553.26
1785576600000,556.2,556.36,553.26,555.28
1785577500000,555.22,556.8,553.44,555
1785578400000,556.5,556.8,553.26,553.88
1785579300000,555.2,556.81,553.03,556.81
1785580200000,555,556.89,553.11,554.8
1785581100000,554.3,556.97,553.11,555.3
1785582000000,554.6,557.04,553.03,553.05
1785582900000,553.08,557.37,553.05,557.37
1785583800000,556.57,557.58,553.05,554.99
1785584700000,553.05,557.75,553.05,553.33
1785585600000,557.79,557.88,553.28,554.52
1785586500000,557.37,558.02,554.04,555.48
1785587400000,554.2,558.12,553.05,556.92
1785588300000,553.05,558.15,553.05,555.07
1785589200000,553.05,558.37,553.05,557.39
1785590100000,553.52,558.37,553.41,553.41
1785591000000,553.29,558.44,553.05,556.4
1785591900000,557.95,558.47,553.51,555.09
1785592800000,553.48,557.97,553.48,557.97
1785593700000,553.76,558.4,553.06,553.06
1785594600000,553.06,556.87,553.05,556.87
1785595500000,553.45,557.18,553.45,555.08
1785596400000,555.42,555.9,553.34,555.9
1785597300000,553.34,556.5,553.34,556.5
1785598200000,553.34,558.52,553.03,553.03
1785599100000,553.21,553.21,551.65,552.55
1785600000000,553.1,553.27,551.31,551.31
1785600900000,551.4,553.27,550.6,553.27
1785601800000,550.75,553.63,549.27,549.99
1785602700000,553.63,553.63,549.23,553.63
1785603600000,553.52,553.52,553.52,553.52
1785604500000,549.21,553.83,549.21,553.83
1785605400000,553.83,553.83,549.17,549.78
1785607200000,549.1,549.99,549.1,549.99
1785609000000,553.83,553.83,553.83,553.83
1785609900000,553.83,553.83,553.83,553.83
1785610800000,549.07,549.73,549.07,549.73
1785617100000,549.7,549.7,549.7,549.7
1785618000000,549.69,549.69,548.47,548.94
1785618900000,549.69,549.69,548.24,548.66
1785622500000,549.69,549.69,549.69,549.69
1785625200000,552.84,553,549.69,549.69
1785630600000,553,553,548.23,548.54
1785631500000,553,553,548.23,548.84
1785634200000,553,553,553,553
1785636000000,553,553,552,552
1785636900000,553.14,553.14,553.14,553.14
1785637800000,549,549,549,549
1785638700000,553.14,553.14,548.1,548.1
1785640500000,553.14,554.24,553.14,554.24
1785641400000,555.16,555.16,555,555
1785645000000,555,555,555,555
1785646800000,555.37,555.37,555,555
1785648600000,555.39,555.46,555,555
1785650400000,555,555,555,555
1785652200000,555.47,555.47,555.47,555.47
1785654000000,555.62,555.62,555.62,555.62
1785654900000,555.65,556.31,555.43,556.31
1785655800000,556.36,557.45,555.51,555.99
1785656700000,557.48,558.75,555.51,558.75
1785657600000,558.8,558.89,558.2,558.7
1785658500000,558.89,559.06,558.02,558.52
1785659400000,555.51,555.53,555.05,555.05
1785663000000,555.26,555.26,555,555
1785664800000,559.09,559.09,555,555
1785672000000,559.08,559.08,554.73,554.73
1785672900000,554.95,554.95,553.4,554.26
1785673800000,554.11,554.11,553.48,553.68
1785674700000,553.68,553.68,553.68,553.68
1785675600000,553.26,553.26,553.26,553.26
1785677400000,553.85,554.66,552.96,553.49
1785681000000,554.66,554.66,554.66,554.66
1785681900000,554.66,554.84,552.75,554.84
1785682800000,552.91,554.91,552.63,554.91
1785683700000,554.82,554.91,552.63,554.19
1785684600000,552.63,554.91,552.63,554.91
1785685500000,554.83,554.93,552.63,554.93
1785686400000,554.93,556.68,552.63,556.68
1785687300000,556.79,557.04,556.79,557.04
1785688200000,557.04,557.95,557.04,557.44
1785689100000,557.98,558.14,557.32,557.32
1785690000000,558.26,558.26,557.76,557.76
1785690900000,558.32,558.38,557.64,557.64
1785691800000,558.45,558.63,557.79,558.31
1785692700000,558.63,558.65,556.71,557.81
1785693600000,558.65,558.87,556.71,558.67
1785694500000,558.67,558.67,557.8,557.8
1785695400000,557.6,558.87,556.71,558.23
1785696300000,558.87,559.25,558.2,558.61
1785697200000,559.25,559.27,558.47,559.27
1785698100000,558.85,559.31,558.6,559.31
1785699000000,558.93,559.4,558.65,558.85
1785699900000,559.4,559.41,558.85,558.85
1785700800000,559.41,559.41,559.41,559.41
1785703500000,559.29,559.51,555.9,555.9
1785709800000,555.88,555.88,555.71,555.71
1785711600000,555.71,555.71,555.71,555.71
1785713400000,559.45,559.53,558.61,559.51
1785714300000,559.51,559.53,556.12,559.51
1785715200000,559.99,562.39,556.63,562.05
1785716100000,562.07,563.35,561.28,562.18
1785717000000,562.31,564.4,562.31,564.38
1785717900000,564.37,564.68,563.34,563.94
1785718800000,563.81,563.81,562.32,562.91
1785719700000,562.71,563.13,561.77,563.13
1785720600000,563.12,563.89,562.67,563.53
1785721500000,563.55,563.67,563.08,563.47
1785722400000,563.45,564.51,563.29,564.35
1785723300000,564.28,565,564.11,564.53
1785724200000,564.54,565.26,564.54,565.25
1785725100000,565.12,566.8,564.99,565.95
1785726000000,565.92,566,565.26,565.92
1785726900000,566,566.01,564.63,564.99
1785727800000,564.99,564.99,564.43,564.8
1785728700000,564.87,566.01,564.29,565.56
1785729600000,565.39,565.39,563.99,564.01
1785730500000,564.16,564.79,564,564.78
1785731400000,564.79,564.84,564,564.25
1785732300000,564.31,564.59,563.64,563.64
1785733200000,563.65,564.16,563.38,563.5
1785734100000,563.52,563.91,563,563.89
1785735000000,563.68,563.97,563.27,563.78
1785735900000,563.58,564.52,563.58,564.52
1785736800000,564.59,566.78,564.03,565.9
1785737700000,566.11,566.12,561.99,563.69
1785738600000,563.68,564.9,563.35,563.54
1785739500000,563.73,564.26,563.55,563.99
1785740400000,563.79,565.37,563.77,565.37
1785741300000,565.05,565.23,564.53,564.97
1785742200000,564.8,565.85,564.6,565
1785743100000,564.99,565.25,564.7,565.11
1785744000000,553.515,564.934,553.515,563.17
1785744900000,563.17,563.667,562.615,563.495
1785745800000,563.66,563.915,563.075,563.66
1785746700000,563.865,563.865,562.987,563.265
1785747600000,563.68,564.168,563.265,563.68
1785748500000,563.78,563.78,562.5,562.5
1785749400000,562.82,562.82,562.2,562.39
1785750300000,562.81,563.309,562.365,563.21
1785751200000,563.29,563.72,562.905,563.29
1785752100000,563.72,565.261,563.205,565.261
1785753000000,565.59,565.59,564.045,565.43
1785753900000,563.72,564.365,563.2,563.72
1785754800000,563.49,564.14,562.239,564
1785755700000,565.01,566.293,563.908,565.01
1785756600000,565.295,566.274,565.11,566.274
1785757500000,566.4,567.121,565.652,566.21
1785758400000,566.29,568.061,565.9,567.9
1785759300000,568.66,568.739,566.848,567.4
1785760200000,567.4,568.439,567.358,568.04
1785761100000,568.01,568.125,566.663,566.717
1785762000000,566.9,566.95,565.6,565.74
1785762900000,565.81,566.61,560.49,560.51
1785763800000,562.4,581.85,559.505,580.03
1785764700000,580.035,593.66,579.967,590.47
1785765600000,590.245,594.58,588.32,592.81
1785766500000,592.59,592.855,586.59,586.825
1785767400000,586.97,588.63,582.73,588.07
1785768300000,587.81,588.82,586.33,588.56
1785769200000,588.88,592.87,588.349,592.347
1785770100000,592.348,594.78,591.42,594.198
1785771000000,594.2,594.89,592.91,593.33
1785771900000,593.41,594.775,592.5,592.55
1785772800000,592.85,593.66,591.57,593.06
1785773700000,593.06,596.77,592.75,595.55
1785774600000,595.675,597.48,595.325,595.82
1785775500000,595.645,595.8,593.1,593.31
1785776400000,593.23,593.67,590.81,593.45
1785777300000,593.64,594.36,592.265,593.8
1785778200000,593.839,593.84,590.76,590.979
1785779100000,591.07,591.153,589.9,590.305
1785780000000,590.22,590.88,589.205,589.755
1785780900000,589.695,591.75,589.075,590.6
1785781800000,590.51,593.49,589.735,593.39
1785782700000,593.76,594.05,592.91,593.47
1785783600000,593.49,594.21,592.65,592.65
1785784500000,592.72,593.64,592.3,593.64
1785785400000,593.555,594.16,593.027,593.3
1785786300000,593.266,593.266,589.84,590.14
1785787200000,590.226,590.816,589.553,589.553
1785788100000,589.49,589.597,588.651,589.51
1785789000000,589.01,589.511,588.995,589.01
1785789900000,589.354,589.65,589.142,589.196
1785790800000,589.24,589.997,589.191,589.8
1785791700000,589.906,590.543,589.905,590.05
1785792600000,590.05,590.05,589.22,589.251
1785793500000,589.251,589.54,589.151,589.208
1785794400000,589.36,589.803,589.209,589.52
1785795300000,589.456,589.745,589.379,589.651
1785796200000,589.74,589.78,589.552,589.74
1785797100000,589.49,589.61,589.31,589.49
1785798000000,589.31,589.84,589.31,589.475
1785798900000,589.476,590.175,589.356,589.85
1785799800000,589.85,590.062,589.602,589.687
1785800700000,589.15,589.93,589.15,589.15
1785801600000,589.71,590.25,589.02,590.01
1785802500000,590.01,590.01,589.13,589.66
1785803400000,589.61,589.85,588.7,589.85
1785804300000,589.86,590.01,589.22,589.7
1785805200000,589.63,590.01,589.06,589.89
1785806100000,589.6,590.5,589.6,590.5
1785807000000,590.57,591.15,590.39,590.99
1785807900000,590.7,591.25,588.23,589.71
1785808800000,589.86,589.96,589.06,589.39
1785809700000,589.52,589.92,589.37,589.91
1785810600000,589.97,590.45,589.9,590.13
1785811500000,590.33,590.33,590.15,590.24
1785812400000,590.24,590.51,589.99,589.99
1785813300000,590.17,590.32,589.91,590.31
1785814200000,590.49,591.58,589.97,590.63
1785815100000,590.63,591.31,590.63,591.31
1785816000000,591.3,591.46,590.86,590.91
1785816900000,591.23,591.62,590.93,591.5
1785817800000,591.48,591.6,591.06,591.35
1785818700000,591.35,591.55,591,591.48
1785819600000,591.3,591.61,591.3,591.39
1785820500000,591.41,591.78,591.33,591.71
1785821400000,591.81,592.82,591.81,592.49
1785822300000,592.5,592.93,591.69,591.88
1785823200000,591.98,592.7,591.79,592.49
1785824100000,592.49,592.51,591.85,591.91
1785825000000,592.15,592.35,591.26,591.32
1785825900000,591.33,592.01,591.01,591.28
1785826800000,591.5,591.52,589.31,589.62
1785827700000,589.59,589.75,588.89,589.17
1785828600000,588.9,589.01,588.52,588.62
1785829500000,588.67,589.16,588.59,588.61
1785830400000,589.31,589.66,585.5,587.11
1785831300000,587.355,587.355,585.255,586.55
1785832200000,586.55,586.755,586.005,586.755
1785833100000,586.61,586.755,586.25,586.61
1785834000000,586.35,586.65,586,586.35
1785834900000,586.472,586.5,585.382,585.805
1785835800000,585.805,586.4,585.524,586.4
1785836700000,586.16,586.692,585.955,586.16
1785837600000,586.44,586.515,585.5,586.44
1785838500000,583.99,585.5,582.985,583.69
1785839400000,584.06,584.06,582.35,582.535
1785840300000,582.5,583.295,582.432,582.5
1785841200000,580.11,583.245,580.11,581.61
1785842100000,579.99,581.05,579.068,579.99
1785843000000,580.09,581.02,578.88,580.02
1785843900000,578.87,580.391,575.555,577
1785844800000,578,578.603,577.121,577.49
1785845700000,578.51,581.492,578.112,580.99
1785846600000,580.62,581.25,579.928,580.06
1785847500000,580.325,580.7,579.2,579.2
1785848400000,581.16,581.383,578.893,580.01
1785849300000,581.15,584.932,579.904,579.99
1785850200000,581.635,586.24,580,584.3
1785851100000,584.26,585.82,582.23,585.14
1785852000000,585.13,585.69,582.6,583.517
1785852900000,583.43,584.86,581.47,583.62
1785853800000,583.69,584.62,581.765,582.77
1785854700000,582.93,583.18,581.33,581.49
1785855600000,581.7,582.495,581.11,581.31
1785856500000,581.292,584,581.292,583.27
1785857400000,583.255,583.98,582.15,582.22
1785858300000,582.4,584.31,582.285,583.9
1785859200000,583.7,584.21,582.66,582.84
1785860100000,582.811,582.94,581.45,581.515
1785861000000,581.516,582.043,578.31,578.971
1785861900000,579.01,581.305,578.995,580.8
1785862800000,580.74,587.58,580.74,585.94
1785863700000,585.955,588.81,585.295,588.365
1785864600000,588.3,589.49,587.91,589.364
1785865500000,589.377,589.56,587.74,587.766
1785866400000,587.61,588.618,587.09,588.51
1785867300000,588.54,589.62,588.497,589.13
1785868200000,589.215,589.741,588.32,588.49
1785869100000,588.425,588.96,588.1,588.432
1785870000000,588.428,589.76,588.22,589.593
1785870900000,589.555,591.01,589.34,590.45
1785871800000,590.53,592.71,590.41,592.42
1785872700000,592.46,592.522,587.65,587.725
1785873600000,587.805,588.056,585.99,586.521
1785874500000,586.521,589.034,586.229,588.567
1785875400000,588.15,590.35,588.15,589.99
1785876300000,589.29,589.954,588.005,588.76
1785877200000,588.376,588.449,586.796,587.709
1785878100000,587.712,588.264,587.635,587.805
1785879000000,587.801,587.975,586.743,587.706
1785879900000,587.04,588.175,587.04,588.01
1785880800000,588.146,589.66,588.108,589.024
1785881700000,588.98,590,588.84,590
1785882600000,589.137,589.724,588.859,588.941
1785883500000,588.6,589.086,588.454,588.6
1785884400000,589.055,589.747,588.44,589.247
1785885300000,589.25,589.31,588.534,588.813
1785886200000,588.85,589.121,588.506,588.85
1785887100000,589.053,589.741,588.586,589.669
1785888000000,589.59,589.73,588.01,588.96
1785888900000,589.02,589.63,588.8,589.63
1785889800000,589.5,590.65,589.2,589.3
1785890700000,589.3,590.07,589.05,590.07
1785891600000,590,590.05,589.26,589.74
1785892500000,589.72,589.88,589.51,589.78
1785893400000,589.79,590.06,589.63,589.99
1785894300000,590.01,590.43,590.01,590.38
1785895200000,590.36,590.56,590,590.37
1785896100000,590.52,590.65,590.36,590.56
1785897000000,590.41,590.7,590.4,590.59
1785897900000,590.82,591.41,590.82,591.04
1785898800000,591.05,591.4,590.99,591.38
1785899700000,591.3,592.49,591.3,591.96
1785900600000,591.69,592,591.2,591.2
1785901500000,591.28,591.57,591.03,591.42
1785902400000,591.55,591.59,591.01,591.01
1785903300000,591.01,591.27,590.86,590.87
1785904200000,590.78,590.85,589.99,589.99
1785905100000,590.16,590.79,590.16,590.63
1785906000000,590.63,590.89,590.28,590.89
1785906900000,590.89,590.98,590.63,590.65
1785907800000,590.65,590.99,590.44,590.7
1785908700000,590.7,591.54,590.64,591.38
1785909600000,591.2,591.6,591.02,591.6
1785910500000,591.6,591.66,591.01,591.05
1785911400000,591.41,591.46,591,591.02
1785912300000,591.02,591.13,590.71,590.92
1785913200000,590.93,591.64,590.93,591.46
1785914100000,591.46,591.52,590.84,590.86
1785915000000,590.84,591.29,590.72,590.92
1785915900000,590.89,590.99,590.78,590.9
1785916800000,589.99,591.47,589.621,589.99
1785917700000,589.706,590.3,589.25,590.035
1785918600000,590.035,591.195,589.541,591.195
1785919500000,591.195,591.195,590.336,590.375
1785920400000,590.375,590.449,589.605,590.449
1785921300000,590.45,590.45,589.985,590.075
1785922200000,590.075,591.014,589.677,590.947
1785923100000,590.946,591.38,590.685,591.38
1785924000000,591.28,591.61,591.28,591.61
1785924900000,591.38,592.4,591.229,592.4
1785925800000,592.4,593.633,592.4,593.51
1785926700000,597.33,597.729,593.395,595.49
1785927600000,596.89,597.51,594.551,595.22
1785928500000,595.5,596.179,594.809,595.51
1785929400000,595.796,596.898,595.114,595.541
1785930300000,596.99,597.281,595.433,596.99
1785931200000,598,599.88,597.25,599.51
1785932100000,599.06,601.433,599.06,601.01
1785933000000,599.15,600.252,598.15,599.09
1785933900000,598.324,599.01,598.129,598.192
1785934800000,598.189,603.353,598.094,603.16
1785935700000,602.61,603.416,599.578,601.46
1785936600000,600.445,601,591.77,595.97
1785937500000,596.15,599.4,594.23,594.485
1785938400000,594.12,596.34,592.74,594.695
1785939300000,591.906,591.906,591.904,591.904
1785940200000,591.845,593.01,591.36,592.08
1785941100000,592.06,592.77,590.04,590.99
1785942000000,591.03,592.45,589.34,589.89
1785942900000,589.795,589.98,585.99,586.04
1785943800000,586.084,587.26,584.75,584.857
1785944700000,584.85,585.08,581.99,582
1785945600000,581.95,582.98,580.21,581.84
1785946500000,581.59,585.16,581.59,583.05
1785947400000,583.1,583.38,581.13,583.38
1785948300000,583.273,585.48,582.805,585.052
1785949200000,585.064,585.09,584.06,584.508
1785950100000,584.435,585.07,583.335,583.82
1785951000000,583.91,584.14,582.69,583.26
1785951900000,583.18,584.03,582.57,583.37
1785952800000,583.45,584.155,583.339,583.83
1785953700000,583.82,583.82,582.79,582.88
1785954600000,582.82,583.88,582.577,583.555
1785955500000,583.58,583.883,582.44,582.44
1785956400000,582,583.72,580.28,583.37
1785957300000,583.39,588.75,583.36,588.635
1785958200000,588.451,588.625,586.535,586.945
1785959100000,586.84,590.15,586.84,588.82
1785960000000,589.5,591.561,588.256,590.09
1785960900000,589.562,589.962,589,589.312
1785961800000,589.54,589.69,588.09,588.09
1785962700000,589.656,590.793,589.278,589.278
1785963600000,589.269,589.849,588.713,589.206
1785964500000,589.208,589.84,589.115,589.839
1785965400000,589.69,590.41,589.571,590.41
1785966300000,590.31,590.71,590.157,590.584
1785967200000,590.98,592.181,590.584,591.89
1785968100000,590.46,591.339,590.4,590.4
1785969000000,590.905,591.598,590.419,591.004
1785969900000,591.66,591.767,591.002,591.66
1785970800000,591.02,591.925,591.02,591.02
1785971700000,591.35,592.079,591.09,592.079
1785972600000,592.099,592.2,591.16,591.299
1785973500000,591,591.372,590.701,591
1785974400000,590.49,591.54,590.49,591.01
1785975300000,591,591.09,590.23,590.23
1785976200000,590.25,591,589.45,590.18
1785977100000,590.2,590.35,589.89,590.31
1785978000000,590.32,590.33,589.43,589.51
1785978900000,589.5,590.01,588.91,589.74
1785979800000,589.74,590.26,589.51,589.72
1785980700000,590.05,590.5,589.69,589.7
1785981600000,590.27,590.7,590.27,590.31
1785982500000,590.38,590.61,590.12,590.23
1785983400000,590.03,590.7,590.03,590.7
1785984300000,590.7,590.96,590.3,590.32
1785985200000,590.32,590.43,590.11,590.2
1785986100000,590.2,590.31,589.85,589.86
1785987000000,589.88,590.4,589.85,590.36
1785987900000,590.46,590.8,590.22,590.64
1785988800000,590.6,591.19,590.31,590.98
1785989700000,590.93,591.41,590.93,591.26
1785990600000,591.15,591.38,590.66,590.99
1785991500000,591.01,591.43,590.74,591.42
1785992400000,591.36,591.65,591.26,591.49
1785993300000,591.68,592,591.57,591.91
1785994200000,591.86,591.89,591.52,591.69
1785995100000,591.89,591.89,591.23,591.28
1785996000000,591.43,591.87,590.75,590.98
1785996900000,590.73,591.13,590.65,591.01
1785997800000,591.24,591.29,590.65,590.95
1785998700000,590.79,591.14,590.65,591.14
1785999600000,591.01,591.25,590.01,590.7
1786000500000,590.75,591.11,590.38,590.49
1786001400000,590.34,590.81,588.31,588.41
1786002300000,588.43,589.52,588.31,588.97
1786003200000,587.63,590.876,587,587.63
1786004100000,589.77,589.77,588.5,589.77
1786005000000,589,590.5,589,590.05
1786005900000,590.05,590.05,590.05,590.05
1786006800000,590.05,590.5,590.05,590.2
1786007700000,590.2,591.45,590.2,590.95
1786008600000,590.95,591.5,590.95,591.5
1786009500000,591.5,592.5,591.5,592.45
1786010400000,592.45,592.45,591.975,592.16
1786011300000,593,593.46,592.16,593
1786012200000,594,595.939,593.46,594.66
1786013100000,592.18,594.5,592.01,592.98
1786014000000,593.473,593.958,592.048,592.048
1786014900000,592.41,592.593,591.609,592.1
1786015800000,591.38,593.32,591.38,592
1786016700000,593.27,593.498,591.259,592.01
1786017600000,591.33,591.656,589.05,590.21
1786018500000,589.26,592,589.11,592
1786019400000,592.45,592.918,590.516,592.56
1786020300000,590.8,592.6,590.135,590.62
1786021200000,590.01,590.882,589.575,590.01
1786022100000,590.017,591.789,585.593,586.319
1786023000000,586.335,594.56,586.335,589.46
1786023900000,589.68,595.27,589.273,593.45
1786024800000,593.655,593.655,588.55,588.97
1786025700000,588.9,590.85,588.19,589.81
1786026600000,589.701,594.01,589.701,590.798
1786027500000,590.773,593.761,589.335,592.828
1786028400000,592.83,592.861,589.72,589.83
1786029300000,589.715,590.03,588.79,589.59
1786030200000,589.724,589.79,588.944,589.54
1786031100000,589.686,589.686,587.46,588.027
1786032000000,588.034,589.14,587.435,589.14
1786032900000,589.13,589.91,588.8,589.255
1786033800000,589.49,590.565,588.37,588.9
1786034700000,588.82,590.03,588.202,589.909
1786035600000,589.899,591.16,588.743,588.91
1786036500000,588.907,589.49,587.92,588.092
1786037400000,587.97,588.71,587.245,588.57
1786038300000,588.575,589.66,588.507,589.43
1786039200000,589.442,589.805,588.173,588.482
1786040100000,588.482,590.31,588.06,590.21
1786041000000,590.105,591.38,589.265,589.575
1786041900000,589.66,590.21,589.35,589.68
1786042800000,589.644,591.04,589.57,590.52
1786043700000,590.574,590.61,589.165,589.245
1786044600000,589.246,590.01,587.385,587.665
1786045500000,587.7,590.08,587.43,589.995
1786046400000,590.62,591.193,589.658,590.62
1786047300000,590.56,590.757,589.185,589.41
1786048200000,589.78,590.073,588.006,588.01
1786049100000,588.357,588.553,587.881,588.08
1786050000000,588.08,588.569,588.08,588.167
1786050900000,587.99,588.416,587.415,587.99
1786051800000,588.332,588.629,588.031,588.629
1786052700000,588.63,588.756,588.422,588.631
1786053600000,588.63,589.469,588.471,589.217
1786054500000,589.21,589.345,588.487,589.21
1786055400000,588.653,588.806,588.361,588.696
1786056300000,588.705,588.995,588.705,588.77
1786057200000,589.01,589.542,588.787,589.01
1786058100000,589.325,589.537,589.109,589.37
1786059000000,589.3,589.682,589.141,589.3
1786059900000,589.331,589.5,589.189,589.189
1786060800000,590.37,590.37,588.61,588.79
1786061700000,588.78,589.2,588.15,589.2
1786062600000,588.9,589.57,588.88,589.5
1786063500000,589.27,589.66,589.2,589.49
1786064400000,589.51,589.65,588.83,588.83
1786065300000,588.63,588.89,588.47,588.89
1786066200000,588.93,589.5,588.82,588.99
1786067100000,589.38,590,589.21,589.86
1786068000000,589.77,589.79,589.56,589.71
1786068900000,589.69,589.72,589.33,589.33
1786069800000,589.17,589.17,586.7,587.01
1786070700000,587.01,587.48,586.3,586.35
1786071600000,586.35,586.94,586.23,586.37
1786072500000,586.35,586.4,585.79,585.99
1786073400000,585.96,586.44,585.74,585.98
1786074300000,585.89,586.01,585.6,586.01
1786075200000,586.01,586.01,585.74,586
1786076100000,586.01,588.16,585.99,588
1786077000000,587.87,588.14,585.99,587.48
1786077900000,587.48,587.55,586.3,586.3
1786078800000,586.22,586.99,586.16,586.9
1786079700000,586.96,587.58,586.8,587.58
1786080600000,587.61,587.76,587.26,587.39
1786081500000,587.39,587.77,587.01,587.42
1786082400000,587.43,587.64,587.33,587.64
1786083300000,587.78,587.99,587.68,587.83
1786084200000,587.98,587.99,587.56,587.63
1786085100000,587.7,587.96,587.62,587.94
1786086000000,587.97,588.61,587.89,588.61
1786086900000,588.37,588.59,587.93,588.14
1786087800000,588.16,589.3,588.16,588.96
1786088700000,588.8,588.97,588.29,588.57
1786089600000,587.88,589.186,587.5,587.62
1786090500000,586.49,587.5,586.086,586.49
1786091400000,586.87,587.465,586.085,586.87
1786092300000,587.24,587.24,586.999,587.24
1786093200000,587.33,587.5,587.089,587.33
1786094100000,587.23,587.23,586.208,587.2
1786095000000,586.425,586.75,586.425,586.65
1786095900000,586.65,587.2,586.65,586.962
1786096800000,587.019,587.865,587.019,587.865
1786097700000,587.52,587.928,587.305,587.52
1786098600000,587.425,588.014,587.425,588.014
1786099500000,588.34,588.585,587.75,588.34
1786100400000,588.99,589.2,587.75,588.99
1786101300000,588.88,590.253,588.625,590.22
1786102200000,589.41,590.098,589.213,589.41
1786103100000,589.299,589.38,588.299,588.656
1786104000000,588.657,588.921,588.03,588.346
1786104900000,588.28,588.749,588.185,588.27
1786105800000,588.409,589.799,588.409,589.221
1786106700000,589.19,589.945,588.701,589.73
1786107600000,590.39,590.527,588.481,590.39
1786108500000,588.48,588.48,585.115,585.609
1786109400000,585.75,596.88,585.607,589.314
1786110300000,589.27,591.925,589.07,589.34
1786111200000,589.26,591.87,588.5,589.92
1786112100000,589.88,594.155,589.692,592.82
1786113000000,593.01,597.65,592.53,597
1786113900000,596.941,598.641,595.99,598.443
1786114800000,598.46,598.64,596.535,597.35
1786115700000,597.51,597.895,595.74,596.48
1786116600000,596.56,596.79,594.89,596.275
1786117500000,596.33,596.34,594.609,594.86
1786118400000,594.636,594.85,593.87,594.517
1786119300000,594.521,595.15,592.693,593.147
1786120200000,593.21,594.16,592.712,594.16
1786121100000,594.2,594.505,592.44,592.44
1786122000000,592.758,592.77,591.34,591.598
1786122900000,591.621,591.92,590.88,591.715
1786123800000,591.71,592.38,591.42,592.189
1786124700000,592.1,592.562,592.033,592.54
1786125600000,592.47,592.656,591.695,591.83
1786126500000,591.95,592.297,591.655,592.29
1786127400000,592.279,592.286,590.89,590.89
1786128300000,590.911,591.56,590.199,591.273
1786129200000,591.4,593.175,591.06,593.08
1786130100000,593.28,593.51,592.27,592.565
1786131000000,592.52,592.86,591.753,592.786
1786131900000,592.798,595.535,591.83,591.933
1786132800000,591.932,592.416,591.684,592.416
1786133700000,592.434,592.881,592.175,592.881
1786134600000,592.884,592.884,592.38,592.635
1786135500000,592.648,592.766,592.476,592.525
1786136400000,592.525,592.564,592.273,592.35
1786137300000,592.35,592.395,592.23,592.23
1786138200000,592.238,592.54,592.238,592.43
1786139100000,592.43,592.43,592.185,592.223
1786140000000,592.224,592.259,592.159,592.175
1786140900000,592.175,592.225,592.175,592.225
1786141800000,592.225,592.698,592.225,592.534
1786142700000,592.529,592.74,592.431,592.501
1786143600000,592.49,592.585,592.18,592.581
1786144500000,592.581,592.581,591.862,592.097
1786145400000,592.098,592.56,591.965,592.532
1786146300000,592.537,592.656,591.505,591.674
1786147200000,592.62,592.62,592.48,592.48
1786152600000,592.67,593.1,592.64,593.1
1786167900000,592.91,592.91,592.91,592.91
1786170600000,593.15,593.15,593.15,593.15
1786177800000,593.15,593.15,593.15,593.15
1786178700000,593.25,593.38,593.25,593.38
1786188600000,593.14,593.14,593.14,593.14
1786194000000,593.14,593.14,593.14,593.14
1786195800000,593.14,593.14,593.14,593.14
1786208400000,593.41,593.41,593.14,593.14
1786210200000,593.46,593.46,593.46,593.46
1786213800000,593.46,593.46,593.46,593.46
1786217400000,593.46,593.46,593.46,593.46
1786219200000,593.06,593.06,593.06,593.06
1786239900000,593.46,594.6,593.46,594.6
1786248900000,594.35,594.35,594.35,594.35
1786257000000,594.74,594.74,594.74,594.74
1786281300000,594.74,594.74,594.74,594.74
1786283100000,594.74,594.74,594.74,594.74
1786293000000,594.78,594.78,594.78,594.78
1786295700000,594.78,594.78,594.78,594.78
1786296600000,595.03,595.3,595.03,595.3
1786297500000,595.3,596.58,595.3,596.46
1786300200000,596.61,596.88,596.61,596.88
1786305600000,596.47,596.47,596.37,596.37
1786313700000,596.26,596.26,595,595
1786318200000,595.07,595.07,595.07,595.07
1786320000000,593.01,594.28,592.11,594.28
1786320900000,594.59,594.6,592.63,592.84
1786321800000,592.92,593.39,592.15,592.3
1786322700000,592.32,592.8,592.32,592.44
1786323600000,592.41,593.33,592.41,593.33
1786324500000,593.42,594.02,593.42,593.53
1786325400000,593.53,593.53,592.99,593.28
1786326300000,593.3,593.86,593.3,593.59
1786327200000,593.49,594.01,593.18,593.66
1786328100000,593.93,593.97,593.51,593.51
1786329000000,593.57,594.27,593.4,593.82
1786329900000,593.92,594.35,593.48,593.86
1786330800000,593.86,593.94,593.72,593.73
1786331700000,593.84,593.92,593.46,593.47
1786332600000,593.48,593.61,593.41,593.61
1786333500000,593.51,593.6,593.25,593.32
1786334400000,593.32,593.83,593.27,593.81
1786335300000,593.85,593.9,593.63,593.9
1786336200000,593.9,593.93,593.61,593.62
1786337100000,593.79,593.79,593.39,593.4
1786338000000,593.56,593.96,593.56,593.94
1786338900000,593.96,594.1,593.67,593.78
1786339800000,593.95,594.17,593.88,593.88
1786340700000,593.8,594.24,593.77,594.23
1786341600000,594.23,594.61,593.99,594.61
1786342500000,594.44,594.44,593.77,593.77
1786343400000,593.93,594.12,593.7,593.9
1786344300000,593.91,594.13,593.45,593.45
1786345200000,593.39,593.78,593.3,593.7
1786346100000,593.67,593.82,593.59,593.59
1786347000000,593.76,593.84,593.52,593.71
1786347900000,593.7,593.8,593.48,593.48
1786348800000,591.674,593.746,591.674,593.55
1786349700000,593.559,594.04,593.559,593.665
1786350600000,594.09,594.66,593.605,594.09
1786351500000,594.664,594.685,593.71,593.899
1786352400000,594.01,594.175,593.9,594.01
1786353300000,594.175,594.65,594.083,594.525
1786354200000,594.523,594.523,593.993,594.007
1786355100000,594.004,594.209,593.889,594.209
1786356000000,595.3,598.489,594.599,595.325
1786356900000,594.21,595.325,593.5,594.21
1786357800000,594.65,594.65,592.55,593.03
1786358700000,594.98,595.981,593.03,594.98
1786359600000,596.69,603.93,595.027,603.93
1786360500000,602.01,609.901,601.399,607.447
1786361400000,607.01,609,606,606.51
1786362300000,605.31,606.705,601.99,601.99
1786363200000,601.99,605.342,601.805,604.78
1786364100000,604.41,605.314,603.895,604.98
1786365000000,605,605.079,602.902,603.35
1786365900000,603.2,604.039,602.71,603.2
1786366800000,603.65,603.892,601.901,602.66
1786367700000,603.1,604.306,598,598
1786368600000,598.843,603.75,595.5,596.89
1786369500000,596.99,597.89,593.85,597.06
1786370400000,596.99,599.32,595.2,598.7
1786371300000,599.13,603.74,596.86,603.59
1786372200000,603.527,607.87,602.74,607.87
1786373100000,607.498,608.16,602.46,602.999
1786374000000,602.91,603,600.23,600.37
1786374900000,600.05,600.338,598.37,599.255
1786375800000,599.245,600.01,598.5,599.82
1786376700000,599.929,600.25,599.34,599.715
1786377600000,599.701,600.29,598.63,599.533
1786378500000,599.28,599.673,596.7,597.38
1786379400000,597.39,597.46,592.665,593.065
1786380300000,592.991,594.06,592.4,593.973
1786381200000,593.964,594.03,592.563,593.649
1786382100000,593.71,594.625,593.434,594.625
1786383000000,594.67,594.81,593.725,593.88
1786383900000,593.71,594.046,592.78,593.7
1786384800000,593.673,593.84,592.89,593.536
1786385700000,593.555,593.711,592.7,592.82
1786386600000,592.79,594.36,592.71,594.19
1786387500000,594.195,595.12,593.989,594.87
1786388400000,594.79,595.15,593.103,593.13
1786389300000,593.197,593.298,592.1,592.262
1786390200000,592.268,594.01,592.25,593.939
1786391100000,593.91,595.23,593.3,595.09
1786392000000,594.884,595.341,594.225,594.605
1786392900000,594.11,594.613,594.056,594.11
1786393800000,593.64,594.335,593.423,593.64
1786394700000,593.988,594.068,593.285,593.574
1786395600000,594.01,594.179,593.575,594
1786396500000,594.088,594.335,593.758,594.121
1786397400000,594.138,594.357,594.043,594.22
1786398300000,594.22,594.349,593.875,593.965
1786399200000,594.06,594.677,593.965,594.5
1786400100000,594.279,594.464,593.803,593.963
1786401000000,593.969,594.103,593.747,593.88
1786401900000,593.88,594.064,593.776,594.055
1786402800000,594.055,594.055,593.735,593.759
1786403700000,593.7,594.103,593.7,593.7
1786404600000,593.73,593.992,593.66,593.73
1786405500000,593.97,594.168,593.605,593.97
1786406400000,594.5,595.48,594.07,594.71
1786407300000,594.95,595.02,594.58,594.6
1786408200000,594.77,595.91,594.77,595.91
1786409100000,595.81,596.01,595.26,595.47
1786410000000,595.37,596.2,595.37,596
1786410900000,596.12,596.64,596.02,596.02
1786411800000,596.02,596.34,595.75,596.34
1786412700000,596.28,596.3,595.79,595.79
1786413600000,595.86,595.95,595.72,595.81
1786414500000,595.91,595.96,595.66,595.72
1786415400000,595.76,595.93,595.74,595.77
1786416300000,595.77,595.87,595.49,595.56
1786417200000,595.54,595.88,595.45,595.75
1786418100000,595.65,595.85,595.52,595.76
1786419000000,595.8,595.94,595.66,595.88
1786419900000,595.84,595.95,595.75,595.79
1786420800000,595.87,595.96,595.8,595.95
1786421700000,595.95,595.98,595.74,595.78
1786422600000,595.78,596.24,595.76,595.78
1786423500000,595.9,596.07,595.78,595.99
1786424400000,596.02,596.39,596.02,596.39
1786425300000,596.24,596.24,595.75,595.96
1786426200000,595.85,595.94,595.3,595.89
1786427100000,595.73,595.81,595.2,595.44
1786428000000,595.32,595.44,595.12,595.32
1786428900000,595.41,595.41,594.59,594.61
1786429800000,594.67,594.93,594.4,594.79
1786430700000,594.74,594.75,594.32,594.49
1786431600000,594.69,594.84,594.4,594.8
1786432500000,594.76,594.85,594.53,594.81
1786433400000,594.82,595.18,594.62,594.62
1786434300000,594.77,595.02,594.39,595.02
1786435200000,594.07,595.155,593.69,594.07
1786436100000,593.69,594.52,593.35,594.49
1786437000000,595.24,595.79,594.49,595.24
1786437900000,595.73,595.89,595.67,595.73
1786438800000,595.6,595.67,595.001,595.6
1786439700000,595.5,596.1,595.5,596
1786440600000,595.98,596.34,595.98,596.34
1786441500000,596.68,597.234,596.178,596.95
1786442400000,596.75,596.99,596.521,596.99
1786443300000,597.13,597.303,596.664,597.13
1786444200000,597.125,597.125,596.65,597.004
1786445100000,597.004,597.08,596.752,597.075
1786446000000,597.075,598.005,596.94,597.465
1786446900000,597.446,597.634,596.661,596.839
1786447800000,596.839,596.869,595.551,595.685
1786448700000,596.13,596.9,595.7,596.9
1786449600000,596.67,597.249,596.39,597.06
1786450500000,597.16,597.47,595.417,595.8
1786451400000,595.445,596.746,595.206,596.177
1786452300000,596.11,596.574,595.76,596.09
1786453200000,596.33,596.96,595.805,596.42
1786454100000,596.34,599,595.604,598.71
1786455000000,596.4,599.45,593.405,595.305
1786455900000,595.45,603.27,594.11,602.68
1786456800000,602.68,610.05,602.68,609.465
1786457700000,609.55,612.31,608.445,609.13
1786458600000,608.974,610.16,608.47,608.7
1786459500000,608.64,611.39,608.64,609.61
1786460400000,609.56,610.7,606.369,606.5
1786461300000,606.58,610.92,606.46,609.505
1786462200000,609.54,609.625,605.36,606.02
1786463100000,605.901,606.044,604.88,605.449
1786464000000,605.58,606.752,605.01,605.61
1786464900000,605.59,605.79,603.978,604.42
1786465800000,604.54,604.722,603.441,603.63
1786466700000,603.703,604.365,603.13,603.887
1786467600000,603.884,603.895,602.99,603.129
1786468500000,603.04,604.445,603.035,604.445
1786469400000,604.575,605.718,604.343,605.36
1786470300000,605.395,605.407,604.173,604.32
1786471200000,604.305,604.885,602.89,604.554
1786472100000,604.553,604.67,602.52,602.66
1786473000000,602.69,603.192,602.605,602.96
1786473900000,603.015,603.6,602.69,602.88
1786474800000,602.76,602.879,601.58,602.05
1786475700000,602.128,602.133,600.455,601.404
1786476600000,601.48,602.59,600.384,600.763
1786477500000,600.905,600.905,598.535,599.12
1786478400000,599.39,599.997,598.835,599.39
1786479300000,599.32,599.491,598.67,599
1786480200000,599.2,600.462,599.2,600.181
1786481100000,600.184,600.7,599.851,600.095
1786482000000,599.24,600.095,599.181,599.7
1786482900000,599.59,599.806,599.469,599.59
1786483800000,599.65,599.65,599.121,599.308
1786484700000,599.19,600.01,599.16,600.01
1786485600000,599.799,599.91,599.621,599.781
1786486500000,599.78,599.841,599.572,599.674
1786487400000,599.675,599.899,599.626,599.789
1786488300000,599.79,600.196,599.721,599.807
1786489200000,599.806,600.02,599.792,599.959
1786490100000,599.958,600.12,599.815,599.945
1786491000000,599.87,599.945,599.631,599.67
1786491900000,599.665,599.858,599.622,599.748
1786492800000,600.03,600.32,599.49,599.74
1786493700000,599.85,600.34,599.85,600.04
1786494600000,600.04,600.04,599.8,599.93
1786495500000,599.96,600.12,599.96,600.11
1786496400000,600.16,600.2,600,600.02
1786497300000,600.01,600.01,599.5,599.85
1786498200000,599.84,600.1,599.73,600.08
1786499100000,600.12,600.24,599.5,599.52
1786500000000,599.53,599.81,599.33,599.33
1786500900000,599.62,599.95,599.62,599.93
1786501800000,599.94,600.18,599.14,599.44
1786502700000,599.47,599.58,599.25,599.58
1786503600000,599.58,599.6,599.15,599.29
1786504500000,599.3,599.71,599.04,599.46
1786505400000,599.34,599.44,598.99,599.01
1786506300000,599.06,599.28,598.98,599.09
1786507200000,599.08,599.15,598.5,598.59
1786508100000,599.03,599.2,598.99,599.14
1786509000000,599.11,599.46,599.11,599.35
1786509900000,599.35,599.67,599.35,599.67
1786510800000,599.64,599.71,599.17,599.3
1786511700000,599.48,599.52,599.36,599.5
1786512600000,599.62,599.74,599.59,599.66
1786513500000,599.53,599.59,599.3,599.49
1786514400000,599.48,599.71,599.45,599.62
1786515300000,599.5,599.7,599.47,599.68
1786516200000,599.63,599.8,599.5,599.8
1786517100000,599.79,600.01,599.65,599.98
1786518000000,599.98,600.06,599.52,599.62
1786518900000,599.64,600.06,599.19,599.24
1786519800000,599.37,599.77,599.14,599.26
1786520700000,599.36,599.41,599.3,599.4
1786521600000,599.706,599.793,598.5,599.437
1786522500000,599.448,599.5,598.001,598.005
1786523400000,599.34,599.5,597.792,599.34
1786524300000,598.75,601,598.75,601
1786525200000,601,601.197,600.25,600.93
1786526100000,600.942,601.575,600.5,601.5
1786527000000,601.512,601.805,601.316,601.505
1786527900000,601.505,602.555,601.505,602.555
1786528800000,602.43,603.18,602.43,602.94
1786529700000,603.18,603.51,602.855,603.51
1786530600000,603.59,603.854,603.006,603.59
1786531500000,603.714,603.75,602.166,602.79
1786532400000,602.04,602.79,601.023,601.69
1786533300000,601.73,602.01,601.263,601.5
1786534200000,601.261,601.563,600.825,601.002
1786535100000,601.014,601.135,600.385,600.403
1786536000000,600.64,601.137,599.711,601.08
1786536900000,601.44,601.844,600.899,601.44
1786537800000,600.37,602.4,599.752,601.99
1786538700000,601.751,602.25,600.198,600.421
1786539600000,600.43,601.427,599.657,601.427
1786540500000,601.68,601.743,599.542,600.01
1786541400000,601.505,604.29,594.49,595.01
1786542300000,595.27,595.44,589.28,590.23
1786543200000,590.21,590.78,587.01,587.74
1786544100000,587.742,588.4,586.18,587.624
1786545000000,587.636,587.82,584.755,586.109
1786545900000,586.15,586.15,584.1,585.835
1786546800000,585.71,586.615,585.02,585.79
1786547700000,585.75,586.22,583.54,584.31
1786548600000,584.185,584.24,581.68,582.771
1786549500000,582.764,583.07,581.21,581.349
1786550400000,581.37,582.395,580.79,582.01
1786551300000,581.93,582.56,581.53,582.18
1786552200000,582.146,582.94,581.105,582.683
1786553100000,582.686,582.87,581.69,582.13
1786554000000,582.122,582.55,581.715,581.973
1786554900000,582.075,582.23,581.27,581.6
1786555800000,581.54,581.95,578.27,578.76
1786556700000,578.66,579.24,578.28,578.735
1786557600000,578.728,581.3,578.615,580.839
1786558500000,580.842,581.305,579.98,581.251
1786559400000,581.35,583.63,581.254,583.14
1786560300000,583.4,583.615,579.5,579.87
1786561200000,579.91,580.21,579.04,579.783
1786562100000,579.794,581.11,579.72,580.545
1786563000000,580.551,581.696,580.09,581.593
1786563900000,581.815,582.15,578.56,579
1786564800000,578.61,579.305,578.284,578.81
1786565700000,578.593,578.673,577.599,578.275
1786566600000,578.39,578.724,578.278,578.47
1786567500000,578.506,578.794,578.428,578.794
1786568400000,578.9,579.976,578.64,579.94
1786569300000,579.75,580.014,579.303,579.55
1786570200000,579.51,579.705,579.163,579.19
1786571100000,579.39,579.435,579.145,579.39
1786572000000,579.417,579.55,579.02,579.02
1786572900000,578.86,579.27,578.757,578.78
1786573800000,579,579.236,578.781,579.16
1786574700000,579.237,579.56,579.134,579.446
1786575600000,579.446,579.525,579.053,579.099
1786576500000,579.13,579.149,578.925,579.01
1786577400000,578.925,578.975,578.819,578.949
1786578300000,578.73,578.95,578.504,578.52
1786579200000,579.38,579.5,578.32,579.25
1786580100000,579.09,579.59,578.79,578.99
1786581000000,579.05,579.2,578.86,578.98
1786581900000,579,579.09,578.43,578.61
1786582800000,578.6,578.6,577.99,578.29
1786583700000,578.29,578.85,578.29,578.31
1786584600000,578.47,579.14,578.4,578.88
1786585500000,578.81,579.42,578.8,579.42
1786586400000,579.36,579.6,579.32,579.53
1786587300000,579.49,579.6,579.01,579.02
1786588200000,579.01,579.4,578.59,579.3
1786589100000,579.21,579.82,579.15,579.26
1786590000000,579.23,579.71,579.14,579.59
1786590900000,579.43,579.69,579.42,579.6
1786591800000,579.6,579.7,579.23,579.37
1786592700000,579.42,579.71,579.13,579.65
1786593600000,579.7,579.7,579.13,579.13
1786594500000,579.12,579.33,578.99,579.32
1786595400000,579.49,579.71,579.15,579.25
1786596300000,579.29,579.68,579.29,579.34
1786597200000,579.34,579.79,579.34,579.62
1786598100000,579.74,579.92,579.71,579.88
1786599000000,579.9,579.92,579.58,579.74
1786599900000,579.59,579.7,579.09,579.14
1786600800000,579.08,579.65,579.01,579.65
1786601700000,579.57,579.7,579.33,579.4
1786602600000,579.38,579.61,579.09,579.1
1786603500000,579.1,579.27,579.04,579.24
1786604400000,579.63,579.68,579.22,579.47
1786605300000,579.45,579.94,579.3,579.69
1786606200000,579.81,580.27,579.6,580.15
1786607100000,580.18,580.44,580.02,580.27
1786608000000,580.56,582.051,578.84,580.56
1786608900000,582.06,582.515,581.767,582.42
1786609800000,582.42,582.491,581.899,582.15
1786610700000,582.15,582.15,581.9,581.9
1786611600000,581.9,581.9,581.4,581.505
1786612500000,581.57,582.17,581.4,581.57
1786613400000,581.52,581.85,581.341,581.52
1786614300000,581.5,582.098,581.5,582.098
1786615200000,582.102,582.125,581.565,581.905
1786616100000,581.98,582.415,581.905,581.98
1786617000000,582.365,582.365,581.693,581.917
1786617900000,581.918,581.92,581.68,581.78
1786618800000,581.78,581.81,580.961,581.097
1786619700000,580.92,581.149,580.705,580.8
1786620600000,581.36,581.37,580.881,581.25
1786621500000,581.085,581.304,580.689,580.847
1786622400000,580.47,580.895,580.432,580.47
1786623300000,580.449,580.595,579.95,580.251
1786624200000,580.19,580.713,580.003,580.19
1786625100000,580.42,580.813,580.128,580.73
1786626000000,580.94,581.695,580.795,580.94
1786626900000,581.392,581.978,580.175,580.207
1786627800000,580.289,589.61,579.72,588.143
1786628700000,587.77,589.69,584.9,588.39
1786629600000,588.565,589.695,588.15,589.275
1786630500000,589.025,590.46,587.37,587.805
1786631400000,587.834,590.76,587.834,589.605
1786632300000,589.599,590.8,588.48,590.559
1786633200000,590.71,591.01,588.25,588.76
1786634100000,588.785,588.897,585.7,586.14
1786635000000,585.9,586.84,585.659,585.97
1786635900000,585.886,586.63,584.87,586.414
1786636800000,586.413,587.233,585.64,586.778
1786637700000,586.82,587.05,586.01,587
1786638600000,587.09,588.44,586.867,588.24
1786639500000,588.15,588.734,587.6,587.79
1786640400000,587.865,589.23,587.82,588.866
1786641300000,588.86,589.02,587.86,588.564
1786642200000,588.49,588.75,587.795,588.625
1786643100000,588.69,589.49,588.221,588.41
1786644000000,588.39,590.21,588.035,590.07
1786644900000,590.05,590.155,589.204,589.66
1786645800000,589.677,590.99,589.26,590.653
1786646700000,590.64,593.26,590.35,592.75
1786647600000,592.725,595.297,592.09,594.24
1786648500000,594.35,595.5,593.675,595.225
1786649400000,595.231,595.52,593.685,594.575
1786650300000,594.578,595.825,594.08,594.85
1786651200000,594.64,594.98,593.87,594.19
1786652100000,593.79,594.53,592.835,593.09
1786653000000,593.151,593.486,592.418,592.714
1786653900000,592.689,593.218,592.609,592.915
1786654800000,592.919,593.021,592.808,592.818
1786655700000,592.817,593.391,592.747,593.215
1786656600000,593.231,593.351,592.762,592.899
1786657500000,592.82,592.931,592.686,592.82
1786658400000,592.75,592.899,592.642,592.725
1786659300000,592.725,592.749,592.19,592.551
1786660200000,592.552,592.675,592.273,592.485
1786661100000,593.01,593.299,592.43,593.01
1786662000000,593.63,594.444,593.3,594.21
1786662900000,593.77,594.649,593.266,593.77
1786663800000,593.407,593.883,593.169,593.703
1786664700000,593.6,593.98,593.295,593.98
1786665600000,594.03,594.6,593.75,593.89
1786666500000,593.81,593.96,593.45,593.96
1786667400000,593.86,594.31,593.75,594
1786668300000,594.13,594.29,593.9,594.27
1786669200000,594.26,594.39,593.2,593.2
1786670100000,593.19,593.85,593.19,593.82
1786671000000,593.77,593.83,593.51,593.82
1786671900000,593.79,594.01,593.79,593.85
1786672800000,594,594.01,593.88,593.96
1786673700000,593.92,593.92,593.68,593.89
1786674600000,593.81,593.84,593.69,593.75
1786675500000,593.74,593.82,593.42,593.5
1786676400000,593.59,593.75,593.5,593.67
1786677300000,593.67,593.83,593.57,593.75
1786678200000,593.64,594.09,593.64,594.09
1786679100000,594.09,594.14,593.99,594.11
1786680000000,594.05,594.21,593.88,594.08
1786680900000,594.21,594.32,593.94,594.11
1786681800000,594.02,594.14,593.73,594.01
1786682700000,593.94,594,593.73,593.73
1786683600000,593.71,593.87,593.63,593.65
1786684500000,593.65,594.14,593.53,594.14
1786685400000,594.11,594.51,593.97,594.29
1786686300000,594.25,594.69,594.13,594.33
1786687200000,594.01,594.13,593.79,594.01
1786688100000,593.85,593.96,593.8,593.96
1786689000000,593.98,594.06,593.93,594.02
1786689900000,593.98,594.15,593.79,594
1786690800000,593.84,594.53,593.84,594.02
1786691700000,594.11,594.99,594.11,594.59
1786692600000,594.56,594.85,594.5,594.85
1786693500000,594.8,595.21,594.72,595.05
1786694400000,594.98,595.5,593.944,595.3
1786695300000,594.92,595.16,594.75,594.99
1786696200000,594.901,595.245,594.901,595.184
1786697100000,594.86,595.161,594.45,594.85
1786698000000,594.45,594.975,594.435,594.975
1786698900000,594.83,594.975,594.451,594.83
1786699800000,594.25,594.975,594.25,594.25
1786700700000,593.81,594.975,593.781,593.81
1786701600000,594,594.235,593.786,593.87
1786702500000,593.92,594.226,593.792,593.88
1786703400000,593.99,594.3,593.975,594.3
1786704300000,594.225,594.39,594,594.225
1786705200000,594.18,594.37,593.453,593.8
1786706100000,593.58,594.412,593.032,593.71
1786707000000,593.98,594.645,593.73,594.58
1786707900000,594.8,595.749,594.363,595.65
1786708800000,595.658,595.875,594.469,594.686
1786709700000,595.15,595.5,594.404,595.01
1786710600000,596,596.201,594.847,595.79
1786711500000,595.94,596.63,595.719,596.46
1786712400000,596.35,596.79,594.872,595.17
1786713300000,594.858,596.695,594.29,596.456
1786714200000,596.99,601.78,595.43,595.59
1786715100000,595.585,598.63,595.34,597.96
1786716000000,597.965,599.53,597.595,597.83
1786716900000,597.902,599.9,595.82,595.876
1786717800000,595.872,596.85,594.19,594.442
1786718700000,594.48,595.425,593.1,593.195
1786719600000,593.21,594.27,592.58,593.47
1786720500000,593.365,594.335,591.98,592.99
1786721400000,592.995,594.84,592.89,594.76
1786722300000,594.895,595.07,594.16,594.524
1786723200000,594.655,594.695,592.91,593.835
1786724100000,593.82,593.843,591.71,592.24
1786725000000,592.4,592.493,591.51,591.955
1786725900000,591.86,591.96,590.81,591.743
1786726800000,591.741,592.515,591.18,591.856
1786727700000,591.785,591.921,591.185,591.31
1786728600000,591.34,591.415,590.739,590.86
1786729500000,591.14,591.602,590.722,591.51
1786730400000,591.511,591.827,591.19,591.622
1786731300000,591.629,592.01,591.21,591.563
1786732200000,591.685,591.804,590.98,591.56
1786733100000,591.565,592.09,591.32,591.78
1786734000000,591.765,591.856,590.96,591.28
1786734900000,591.294,591.585,590.647,591.279
1786735800000,591.279,591.707,590.14,590.931
1786736700000,590.97,591.13,589.33,589.75
1786737600000,589.844,590.178,589.375,589.375
1786738500000,589.375,590.085,589.25,589.68
1786739400000,590.21,590.402,589.64,589.88
1786740300000,589.95,590.092,589.885,589.975
1786741200000,589.975,590.367,589.626,589.92
1786742100000,589.92,590.025,589.823,589.89
1786743000000,589.89,590.425,589.89,590.375
1786743900000,590.375,590.55,590.135,590.283
1786744800000,590.282,590.32,590.075,590.095
1786745700000,590.095,590.151,589.961,590.12
1786746600000,590.12,590.309,589.98,590.309
1786747500000,590.31,590.374,590.125,590.238
1786748400000,590.239,590.245,590.15,590.189
1786749300000,590.189,590.649,590.14,590.482
1786750200000,590.481,590.586,590.124,590.375
1786751100000,590.375,590.434,590.155,590.256
1786762800000,590.96,590.96,590.96,590.96
1786770900000,590.81,590.81,590.54,590.54
1786775400000,590.99,590.99,590.99,590.99
1786798800000,590.39,590.39,589.02,589.02
1786799700000,589.14,589.14,589.14,589.14
1786800600000,589.6,590.15,589.6,590.15
1786807800000,588.98,588.98,588.98,588.98
1786811400000,589.37,589.52,588.94,588.94
1786815000000,589.18,589.52,589.18,589.52
1786818600000,589.83,590.49,589.83,590.49
1786823100000,588.94,588.94,588.94,588.94
1786838400000,589.61,589.61,589.61,589.61
1786839300000,589.83,589.83,589.83,589.83
1786854600000,588.91,588.91,588.91,588.91
1786855500000,589.04,589.06,589.04,589.06
1786859100000,589.06,589.06,589.06,589.06
1786860900000,589.59,589.61,589.59,589.61
1786861800000,590.19,590.24,590.19,590.24
1786868100000,588.85,589.26,588.7,588.7
1786869900000,589.87,589.87,589.87,589.87
1786870800000,589.87,590.26,589.24,590.26
1786883400000,588.7,588.7,588.7,588.7
1786886100000,590.33,590.41,588.96,589.74
1786887000000,590.33,590.33,589.07,590.07
1786895100000,590.33,590.75,590.33,590.75
1786896000000,591.19,591.19,590.95,591.19
1786896900000,591.25,591.36,591.25,591.36
1786901400000,591.45,591.48,591.45,591.48
1786905000000,591.49,591.49,591.49,591.49
1786923000000,591.49,591.49,591.49,591.49
1786924800000,591.73,591.73,589.78,590.62
1786925700000,590.63,591.28,590.4,591.1
1786926600000,591.26,591.26,590.29,590.3
1786927500000,590.3,590.78,590.06,590.78
1786928400000,590.88,590.97,590.06,590.19
1786929300000,590.29,590.51,590.06,590.37
1786930200000,590.36,590.38,589.73,589.79
1786931100000,589.85,589.98,589.77,589.78
1786932000000,589.81,590.21,589.49,590.05
1786932900000,590.05,590.2,589.8,589.87
1786933800000,589.88,590.14,589.66,589.88
1786934700000,589.88,590.14,589.75,590.01
1786935600000,590.08,590.36,590.03,590.03
1786936500000,590.18,590.18,589.96,589.99
1786937400000,590.02,590.35,589.96,590.33
1786938300000,590.33,590.33,590.05,590.09
1786939200000,590.06,590.2,590.05,590.08
1786940100000,590.11,590.37,590.11,590.32
1786941000000,590.2,590.21,590.03,590.03
1786941900000,590.02,590.07,590,590.02
1786942800000,590.07,590.37,590.02,590.22
1786943700000,590.28,590.37,589.71,589.87
1786944600000,589.87,590.18,589.84,590.16
1786945500000,590.16,590.34,590.06,590.18
1786946400000,590.24,590.48,590.15,590.48
1786947300000,590.45,590.99,590.21,590.74
1786948200000,590.74,591.46,590.67,591.05
1786949100000,591.04,591.09,590.63,590.72
1786950000000,590.81,590.94,590.07,590.09
1786950900000,590.08,590.43,589.9,590.35
1786951800000,590.34,590.83,590.34,590.78
1786952700000,590.71,590.99,590.5,590.99
1786953600000,590.7,590.75,589.696,590.68
1786954500000,590,590.3,589.95,590
1786955400000,590.2,590.2,589.75,589.75
1786956300000,589.56,589.75,589.201,589.5
1786957200000,589.5,589.5,588.5,589
1786958100000,588.76,589.085,588.507,588.76
1786959000000,589,589,589,589
1786959900000,589,589.004,589,589
1786960800000,589.04,589.391,588.552,588.61
1786961700000,588.68,589.15,588.502,588.68
1786962600000,589.15,589.15,588.65,589.15
1786963500000,588.81,589.15,588.65,588.8
1786964400000,588.77,588.859,588.067,588.35
1786965300000,588.51,589.36,588.485,589.1
1786966200000,589.109,589.541,588.726,588.952
1786967100000,588.98,589.308,588.616,588.8
1786968000000,588.63,589.24,588.33,588.33
1786968900000,588.05,588.39,586.454,586.89
1786969800000,587,587.346,586.649,587
1786970700000,586.913,587.264,586.644,586.66
1786971600000,586.73,588.266,586.663,587.64
1786972500000,588.36,589.95,587.351,589.93
1786973400000,589.79,589.962,578.2,580.61
1786974300000,580.6,581.51,579.5,580.07
1786975200000,580.22,580.54,578.41,580.268
1786976100000,580.425,580.735,577.75,578.09
1786977000000,578.03,578.114,574.99,575
1786977900000,574.85,575.055,573.36,574.12
1786978800000,574.206,574.285,572.87,573.712
1786979700000,573.65,575.06,573.59,574.98
1786980600000,575.07,575.07,573.14,574.23
1786981500000,574.185,574.484,572.81,573.79
1786982400000,573.817,573.822,570.99,571.764
1786983300000,571.758,571.843,569.155,569.599
1786984200000,569.6,569.78,566.843,567.158
1786985100000,566.99,568.94,566.74,568.79
1786986000000,568.785,568.874,566.38,567.4
1786986900000,567.464,567.55,566.205,566.451
1786987800000,566.448,566.86,565.1,565.829
1786988700000,565.89,565.9,564.76,565.49
1786989600000,565.865,566.8,565.55,566.25
1786990500000,566.165,567.78,566.11,567.19
1786991400000,567.171,567.79,566.876,567.516
1786992300000,567.504,567.787,567,567.261
1786993200000,567.215,569.36,566.85,569.19
1786994100000,569.115,569.95,569.07,569.26
1786995000000,569.28,569.58,567.725,568.14
1786995900000,568.085,569.59,567.79,568.901
1786996800000,569.11,569.422,568.387,569.14
1786997700000,569.293,569.608,569.261,569.552
1786998600000,569.6,569.697,569.002,569.1
1786999500000,568.97,569.2,568.79,568.97
1787000400000,569.09,569.125,568.756,568.796
1787001300000,568.797,569.376,568.797,569.085
1787002200000,569.01,569.26,569.01,569.01
1787003100000,568.99,569.149,568.99,568.99
1787004000000,568.84,569.005,568.707,568.9
1787004900000,568.69,568.925,568.518,568.69
1787005800000,568.689,568.767,568.25,568.4
1787006700000,568.4,568.4,568.175,568.175
1787007600000,568.25,568.401,568.149,568.25
1787008500000,568.29,568.36,568.191,568.29
1787009400000,568.2,568.499,568.163,568.211
1787010300000,568.31,568.5,568.161,568.31
1787011200000,568.44,568.7,567.82,567.99
1787012100000,567.96,568.23,567.85,568
1787013000000,567.98,568.25,567.86,567.9
1787013900000,568.02,568.12,567.66,567.66
1787014800000,567.67,567.75,567.34,567.54
1787015700000,567.56,567.98,567.56,567.7
1787016600000,567.69,567.75,567.26,567.31
1787017500000,567.26,567.31,566.5,567.03
1787018400000,567.11,567.26,566.62,566.71
1787019300000,566.71,566.71,565.85,566.01
1787020200000,565.94,566.51,565.65,565.72
1787021100000,565.84,565.88,565.25,565.62
1787022000000,565.62,565.87,565.58,565.86
1787022900000,565.85,565.99,565.37,565.89
1787023800000,565.66,565.94,565.16,565.94
1787024700000,565.98,566.46,565.98,566.41
1787025600000,566.2,566.36,566.02,566.19
1787026500000,566.26,566.53,565.82,566.53
1787027400000,566.53,566.58,565.62,565.85
1787028300000,565.89,566.21,565.89,566.09
1787029200000,566.11,566.12,565.6,565.81
1787030100000,565.66,566.01,565.66,565.76
1787031000000,565.76,565.91,565.1,565.37
1787031900000,565.36,565.68,565.27,565.28
1787032800000,565.24,565.91,564.84,565.5
1787033700000,565.48,565.71,564.99,565.56
1787034600000,565.5,565.87,565.47,565.69
1787035500000,565.9,566.22,565.54,566.21
1787036400000,566.16,566.3,565.85,566.06
1787037300000,566.08,566.24,565.63,565.99
1787038200000,565.97,565.97,564.99,565.5
1787039100000,565.34,565.69,565.09,565.12
1787040000000,567.72,567.72,563.319,564.384
1787040900000,564.88,565.35,564.387,564.88
1787041800000,565.12,565.35,564.8,564.86
1787042700000,565.1,565.258,564.931,565.1
1787043600000,565.33,565.4,564.73,565.33
1787044500000,565.055,565.055,564.728,564.995
1787045400000,564.995,564.995,564.258,564.5
1787046300000,564.487,564.487,563.665,563.665
1787047200000,563.98,564.298,563.665,563.98
1787048100000,564.1,564.895,563.86,564.1
1787049000000,564.5,565.255,564.5,565.03
1787049900000,565.03,565.308,564.5,564.5
1787050800000,564.99,565.29,564.064,565.24
1787051700000,564.86,565.307,564.252,564.28
1787052600000,564.257,564.26,563.126,563.301
1787053500000,563.5,563.652,562.55,562.55
1787054400000,562.74,562.891,561.69,561.88
1787055300000,562.49,562.87,562.006,562.49
1787056200000,562.15,562.44,561.191,561.52
1787057100000,561.481,562.194,561.404,561.68
1787058000000,562.13,562.28,560.497,560.99
1787058900000,560.76,561.248,555.5,558
1787059800000,557.3,560.44,547.11,548.67
1787060700000,548.59,549.83,546.71,547.795
1787061600000,547.844,548.51,546.82,547.685
1787062500000,547.725,549.66,546.69,547.92
1787063400000,547.61,549.41,545.575,546.98
1787064300000,547.03,550.14,546.99,550.03
1787065200000,549.851,553.49,549.851,552.45
1787066100000,552.286,553.19,551.79,552.279
1787067000000,552.276,555,551.37,553.381
1787067900000,553.405,555.67,552.975,554.68
1787068800000,554.715,555.275,553.79,553.88
1787069700000,553.846,554.05,551.69,551.83
1787070600000,552.047,552.18,550.24,550.858
1787071500000,550.856,551.805,550.3,550.523
1787072400000,550.36,551.285,550.32,550.75
1787073300000,550.82,550.93,548.308,548.955
1787074200000,548.934,549.1,546.42,546.634
1787075100000,546.637,548.25,546.637,547.285
1787076000000,547.242,549.305,546.79,548.974
1787076900000,548.96,549.237,547.18,547.2
1787077800000,547.22,547.39,546.18,546.31
1787078700000,546.315,546.315,545.045,545.239
1787079600000,545.25,545.639,543.925,544.854
1787080500000,544.866,545.51,544.27,545.214
1787081400000,545.315,546.26,544.36,545.43
1787082300000,545.451,545.635,543.28,543.684
1787083200000,543.703,544.78,543.703,544.546
1787084100000,544.547,544.81,544.407,544.701
1787085000000,544.702,545.493,544.605,545.3
1787085900000,545.41,545.41,545.026,545.4
1787086800000,545.317,545.317,544.65,544.89
1787087700000,544.89,545.23,544.88,545.175
1787088600000,545.175,545.18,544.65,544.65
1787089500000,544.65,545.091,544.646,544.977
1787090400000,545.54,545.691,544.978,545.54
1787091300000,545.425,546.072,545.393,545.393
1787092200000,545.15,545.39,544.824,544.95
1787093100000,544.91,544.979,544.85,544.871
1787094000000,544.74,544.934,544.625,544.8
1787094900000,544.9,544.979,544.6,544.89
1787095800000,544.49,544.669,543.851,544.33
1787096700000,544.55,544.701,544.125,544.55
1787097600000,544.41,544.85,543.66,543.88
1787098500000,543.8,544.76,543.51,544.7
1787099400000,544.82,545.49,544.82,545.25
1787100300000,545.29,545.3,544.56,545
1787101200000,545,545.66,544.59,545.51
1787102100000,545.54,545.71,544.97,545.08
1787103000000,545.08,545.4,544.88,544.88
1787103900000,544.98,545.86,544.8,545.67
1787104800000,545.83,545.88,545.21,545.29
1787105700000,545.29,545.65,545.04,545.5
1787106600000,545.49,545.57,545.29,545.4
1787107500000,545.42,545.82,545.38,545.54
1787108400000,545.67,546.01,545.66,545.89
1787109300000,545.91,546.12,545.7,545.94
1787110200000,545.74,546.08,545.69,545.89
1787111100000,545.77,546.1,545.75,545.88
1787112000000,545.89,545.96,545.81,545.84
1787112900000,545.83,546.21,545.83,546.14
1787113800000,546.16,546.19,545.62,545.72
1787114700000,545.73,545.9,545.44,545.6
1787115600000,545.75,545.95,545.2,545.33
1787116500000,545.21,545.5,545.05,545.5
1787117400000,545.7,545.71,544.8,545.01
1787118300000,545.16,545.16,544.36,544.43
1787119200000,544.43,544.48,543.46,543.56
1787120100000,543.68,544.48,543.68,544.37
1787121000000,544.28,544.33,543.7,543.78
1787121900000,544.01,544.03,543.5,543.82
1787122800000,543.85,543.87,542.35,543.18
1787123700000,543.36,543.38,542.69,543.25
1787124600000,543.39,544,543.18,543.74
1787125500000,543.78,543.93,543,543.29
1787126400000,543.66,544.661,542.533,543.82
1787127300000,543.735,545.639,543.71,545.639
1787128200000,545.64,546.289,545.495,546.289
1787129100000,545.02,546.29,545.02,545.02
1787130000000,545.13,545.99,545.1,545.1
1787130900000,545.1,545.702,545.1,545.235
1787131800000,545.235,545.475,545.2,545.475
1787132700000,544.28,545.475,543.99,543.99
1787133600000,544.619,545.19,544.045,544.335
1787134500000,544.335,545.31,544.335,545.245
1787135400000,545.245,545.374,544.745,544.745
1787136300000,544.745,544.745,544.335,544.621
1787137200000,544.15,544.576,543.855,544.33
1787138100000,544.311,544.32,543.867,544.25
1787139000000,544.56,544.56,543.322,543.9
1787139900000,543.319,543.76,542.625,543.156
1787140800000,543.158,543.289,542.277,542.595
1787141700000,542.5,542.625,541.355,541.69
1787142600000,541.5,543.186,541.335,542.99
1787143500000,543.36,545.668,542.157,545.01
1787144400000,545.25,546.099,544.5,545.87
1787145300000,545.827,546.2,541.267,541.39
1787146200000,541.33,543.66,537.41,542.067
1787147100000,542.006,546.27,541.445,545.05
1787148000000,544.94,546.67,544.49,545.76
1787148900000,545.819,548.01,545.72,547.345
1787149800000,547.334,548.04,546.8,547
1787150700000,546.79,549.86,546.79,549.19
1787151600000,549.206,549.836,546.895,547.11
1787152500000,547.114,550.55,547.105,550.264
1787153400000,550.28,552.31,550.165,551.677
1787154300000,551.696,553.46,551.696,552.083
1787155200000,552.079,554.06,552.076,553.658
1787156100000,553.633,553.82,551.72,552.311
1787157000000,552.31,552.34,551.075,551.475
1787157900000,551.38,553.07,551.38,553.005
1787158800000,552.962,553.625,552.595,553.004
1787159700000,552.992,553.24,551.69,553.227
1787160600000,553.228,553.45,551.73,552.637
1787161500000,552.642,552.75,551.94,552.121
1787162400000,552.11,552.82,550.93,551.76
1787163300000,551.66,551.747,549.74,550.21
1787164200000,550.2,550.774,549.836,550.207
1787165100000,550.205,551.55,550.195,551.291
1787166000000,551.291,551.825,550.409,550.591
1787166900000,550.589,550.7,548.23,548.59
1787167800000,548.56,548.755,546.415,547.255
1787168700000,547.186,547.295,545.41,546.004
1787169600000,546.034,547.228,545.616,546.999
1787170500000,546.976,547.455,546.57,547.179
1787171400000,547.181,547.727,547.052,547.517
1787172300000,547.46,547.814,547.219,547.34
1787173200000,547.586,547.816,547.443,547.631
1787174100000,547.53,547.663,547.371,547.53
1787175000000,547.63,547.82,547.402,547.63
1787175900000,547.758,548.238,547.732,548.142
1787176800000,548.172,548.978,548.172,548.876
1787177700000,548.66,549.613,548.53,548.66
1787178600000,550,550.389,549.347,550.385
1787179500000,550.1,551.049,549.6,550.65
1787180400000,551.23,551.781,550.45,551.39
1787181300000,550.77,550.889,550.357,550.5
1787182200000,550.52,551.329,550.498,550.52
1787183100000,550.906,550.909,549.572,549.773
1787184000000,550.8,550.8,549.31,550.26
1787184900000,550.31,550.69,550.09,550.67
1787185800000,550.62,550.93,550.29,550.79
1787186700000,550.76,550.81,550.32,550.65
1787187600000,550.64,550.93,550.01,550.21
1787188500000,550.36,550.59,550.14,550.39
1787189400000,550.35,550.56,550.22,550.55
1787190300000,550.72,550.76,549.71,550.17
1787191200000,550.1,550.88,550,550.69
1787192100000,550.85,550.93,550.4,550.54
1787193000000,550.5,550.75,550.24,550.75
1787193900000,550.7,550.88,550.23,550.41
1787194800000,550.41,550.56,550.09,550.37
1787195700000,550.37,551.23,550.12,550.39
1787196600000,550.41,550.45,550.01,550.22
1787197500000,550.28,550.46,549.99,550.1
1787198400000,550.17,550.89,550.07,550.51
1787199300000,550.55,550.79,550.22,550.46
1787200200000,550.25,550.42,549.69,550.06
1787201100000,550.07,550.08,549.93,549.94
1787202000000,550.03,550.03,548.11,548.35
1787202900000,548.4,549.28,548.39,549
1787203800000,549.05,549.05,548.53,548.81
1787204700000,548.81,548.95,548.71,548.77
1787205600000,548.77,549.48,548.77,549.08
1787206500000,549.07,549.78,548.94,549.71
1787207400000,549.71,549.82,549.47,549.82
1787208300000,549.84,549.94,549.51,549.55
1787209200000,549.49,549.95,549.2,549.51
1787210100000,549.53,549.53,548.85,549.15
1787211000000,549.13,549.53,548.8,548.94
1787211900000,548.91,548.98,548.49,548.52
1787212800000,548.11,549.702,547.904,548.11
1787213700000,548.418,549,548.145,548.26
1787214600000,548.3,548.374,547.8,548.3
1787215500000,548.17,548.17,548.17,548.17
1787216400000,548.17,548.725,547.905,548.625
1787217300000,548.625,549.45,548.625,549.1
1787218200000,549.1,549.4,548.75,549.358
1787219100000,549.49,549.673,549.3,549.49
1787220000000,549.674,549.85,549.674,549.85
1787220900000,549.61,549.87,549.567,549.61
1787221800000,549.85,549.85,549.575,549.575
1787222700000,549.583,549.675,549.575,549.675
1787223600000,550.03,552.561,545.876,546.35
1787224500000,548.39,548.879,547.8,548.27
1787225400000,548.27,549.572,548.1,548.29
1787226300000,549.5,549.58,548.407,548.425
1787227200000,545.99,548.554,545.511,545.99
1787228100000,545.747,545.814,544.361,544.361
1787229000000,544.359,545.784,543.95,545.74
1787229900000,546.25,547.487,544.713,546.74
1787230800000,547.94,548.383,547.355,548.3
1787231700000,547.58,548.731,546.004,546.01
1787232600000,546.585,548.96,543.82,547.245
1787233500000,547.618,549.865,546.51,547.585
1787234400000,547.594,547.6,544.2,544.452
1787235300000,544.23,545.025,543.13,544.34
1787236200000,544.43,547.175,544.339,546.36
1787237100000,546.38,546.92,544.81,545.23
1787238000000,545.07,545.265,542.355,543.45
1787238900000,543.446,544.14,541.94,543.809
1787239800000,543.824,543.848,542.36,543.435
1787240700000,543.268,544,542.67,542.755
1787241600000,542.84,543.285,541.71,542.37
1787242500000,542.25,543.353,541.6,543.225
1787243400000,543.218,545.81,543.11,545.513
1787244300000,545.515,545.576,543.38,543.38
1787245200000,543.376,543.714,542.17,542.223
1787246100000,542.221,542.486,541.35,542.071
1787247000000,542.081,543.24,541.635,541.718
1787247900000,541.78,542.486,540.25,540.41
1787248800000,540.515,540.737,539.36,540.435
1787249700000,540.463,540.97,540.107,540.906
1787250600000,540.86,541.09,540.438,541.002
1787251500000,541.003,541.045,540.25,540.324
1787252400000,540.318,542.13,540.309,541.805
1787253300000,541.96,542.76,541.6,542.565
1787254200000,542.623,543.617,542.623,543.17
1787255100000,543.181,548,543.08,545.77
1787256000000,545.71,546.448,545.18,545.407
1787256900000,545.11,546.174,545.103,546
1787257800000,545.81,546.184,545.519,545.8
1787258700000,545.518,545.83,545.51,545.6
1787259600000,545.6,545.678,545.259,545.425
1787260500000,545.446,546,545.25,545.595
1787261400000,545.595,545.675,545.346,545.62
1787262300000,545.62,545.62,545.595,545.595
1787263200000,545.595,545.733,545.309,545.7
1787264100000,545.65,545.659,545.4,545.45
1787265000000,545.441,546.425,545.374,546.376
1787265900000,546.375,546.55,545.9,545.965
1787266800000,545.975,546.025,545.757,545.849
1787267700000,546.12,546.397,545.849,546.12
1787268600000,546.19,546.662,545.98,546.3
1787269500000,546.356,546.499,545.933,546.086
1787270400000,545.75,547.06,545.74,547.06
1787271300000,547.06,547.07,546.49,546.65
1787272200000,546.67,546.91,546.49,546.62
1787273100000,546.71,546.86,546.39,546.42
1787274000000,546.41,546.6,546.28,546.35
1787274900000,546.48,546.86,546.34,546.68
1787275800000,546.66,546.76,546.3,546.55
1787276700000,546.51,546.54,545.97,546.22
1787277600000,546.44,547.05,546.39,546.94
1787278500000,546.98,547.26,546.92,547.21
1787279400000,547.41,547.65,547.26,547.4
1787280300000,547.3,547.71,547.3,547.59
1787281200000,547.65,547.74,547.05,547.11
1787282100000,547.05,547.26,547,547.14
1787283000000,547.14,547.29,546.77,546.81
1787283900000,546.81,547.16,546.74,547.02
1787284800000,546.98,547.18,546.8,547.18
1787285700000,547.18,547.18,546.9,546.91
1787286600000,546.94,547.09,546.85,546.97
1787287500000,547.01,547.19,547,547.1
1787288400000,547,547.19,546.78,547.13
1787289300000,547.11,547.2,546.99,547.08
1787290200000,547.07,547.15,546.74,546.93
1787291100000,546.94,547.51,546.86,547.48
1787292000000,547.32,547.73,547.13,547.29
1787292900000,547.31,547.51,547.2,547.5
1787293800000,547.48,547.9,547.48,547.66
1787294700000,547.61,547.89,547.57,547.89
1787295600000,547.86,548.1,547.84,547.94
1787296500000,548.13,548.36,547.99,548.14
1787297400000,548.08,548.45,547.96,548.17
1787298300000,548.17,548.45,548.03,548.04
1787299200000,546.099,549.18,546.099,549.172
1787300100000,549.159,550.029,549.095,550.029
1787301000000,550.029,550.104,549.635,549.875
1787301900000,549.875,550.925,549.875,550.788
1787302800000,550.787,551.19,550.441,551.19
1787303700000,551.51,551.63,551.136,551.63
1787304600000,551.5,551.5,550.835,551.326
1787305500000,551.355,551.55,550.999,550.999
1787306400000,550.995,551.127,550.5,550.625
1787307300000,550.625,550.625,550.5,550.5
1787308200000,550.5,550.805,550.5,550.555
1787309100000,550.23,550.855,550.15,550.23
1787310000000,549.89,550.8,549.343,549.89
1787310900000,549.2,549.893,549.03,549.29
1787311800000,550.38,550.467,549.585,550.38
1787312700000,550.225,550.309,549.475,549.535
1787313600000,548.97,549.525,548.2,548.97
1787314500000,548.35,549.365,548.333,548.804
1787315400000,548.44,548.824,548.25,548.51
1787316300000,548.64,548.855,546.902,547
1787317200000,547.121,547.845,546.883,546.883
1787318100000,546.54,548.77,545.703,546.27
1787319000000,546.785,550.98,543.4,549.39
1787319900000,548.715,552.61,548.715,550.145
1787320800000,550.158,551.77,549.24,550.423
1787321700000,550.425,550.87,549.255,549.498
1787322600000,549.39,550.76,549.383,550.32
1787323500000,550.16,552.85,549.635,552.54
1787324400000,552.86,553.86,550.16,550.16
1787325300000,550.227,550.86,548.87,549.661
1787326200000,549.658,549.94,548.74,548.855
1787327100000,548.61,550.72,548,549.755
1787328000000,549.83,550.36,548.92,550.25
1787328900000,550.311,551.025,549.675,550.666
1787329800000,550.668,553.095,550.46,552.934
1787330700000,552.938,553.08,551.23,552.11
1787331600000,552.3,553.21,552.03,553.04
1787332500000,552.98,553.46,552.12,552.17
1787333400000,552.155,552.204,549.69,550.231
1787334300000,550.235,550.43,549.385,549.757
1787335200000,549.757,549.94,548.955,549.671
1787336100000,549.67,549.681,549.035,549.11
1787337000000,549.155,549.96,548.96,549.86
1787337900000,549.887,551.615,549.71,551.17
1787338800000,551.239,551.31,549.34,549.353
1787339700000,549.35,551.11,549.28,550.677
1787340600000,550.59,550.92,549.66,550.62
1787341500000,550.61,551.1,549.5,549.57
1787342400000,550.04,550.378,549.593,550.06
1787343300000,550.205,550.303,549.823,549.997
1787344200000,549.998,550.449,549.923,549.965
1787345100000,550.05,550.271,549.9,549.95
1787346000000,549.95,550.059,549.925,549.96
1787346900000,550.008,550.061,549.941,550.046
1787347800000,550.85,551.045,550.047,550.85
1787348700000,550.96,551.381,550.815,551.02
1787349600000,550.9,551.857,550.508,551.04
1787350500000,551.401,551.627,551.125,551.295
1787351400000,551.295,552.522,551.295,552.101
1787352300000,552.46,553.25,551.975,552.46
1787353200000,553.125,553.246,553.035,553.11
1787354100000,553.24,554.111,553.005,553.6
1787355000000,553.735,554.124,552.894,553.191
1787355900000,553.186,553.219,552.465,552.935
1787362200000,553.27,553.33,550.93,550.93
1787363100000,553.14,553.19,551.01,551.52
1787364000000,552.04,552.32,551.4,551.41
1787365800000,551.35,551.35,551.35,551.35
1787366700000,551.35,551.35,551.35,551.35
1787372100000,551.35,551.43,551.35,551.43
1787374800000,551.33,551.33,550.82,550.82
1787375700000,550.72,550.95,550.7,550.95
1787376600000,550.55,550.55,550.53,550.53
1787378400000,550.87,550.87,550.87,550.87
1787389200000,550.87,550.87,550.87,550.87
1787396400000,550.87,550.87,550.42,550.42
1787398200000,550.87,550.87,550.31,550.31
1787399100000,550.61,550.61,550.61,550.61
1787400000000,550.29,550.29,550.22,550.22
1787400900000,550.5,550.5,550.5,550.5
1787401800000,550.5,550.5,550.5,550.5
1787402700000,550.5,550.5,550.18,550.18
1787403600000,550.13,550.3,550.13,550.13
1787405400000,550.3,550.3,550.3,550.3
1787407200000,550.3,550.3,550.3,550.3
1787412600000,550.3,550.3,550.13,550.13
1787418900000,550.3,550.3,550.13,550.13
1787419800000,550.3,550.3,550.3,550.3
1787429700000,550.5,550.5,550.5,550.5
1787445900000,550.5,550.5,550.5,550.5
1787447700000,550.5,550.5,550.5,550.5
1787458500000,550.5,550.5,550.5,550.5
1787459400000,550.5,550.61,550.27,550.61
1787460300000,550.23,550.61,550.11,550.33
1787461200000,550.61,550.61,550.61,550.61
1787463900000,550.61,551,550.61,551
1787464800000,551.56,551.88,550.81,550.81
1787468400000,551.41,551.41,551.41,551.41
1787472000000,551.43,551.5,551.41,551.5
1787473800000,551.5,551.64,551.5,551.64
1787479200000,551.64,551.82,551.64,551.82
1787481000000,551.82,551.82,551.82,551.82
1787481900000,551.41,551.41,551.41,551.41
1787482800000,552.13,552.21,551.41,552.21
1787485500000,552.21,552.82,551.56,552.82
1787486400000,552.82,553.26,551.92,553.26
1787487300000,553.26,553.3,553.26,553.3
1787490000000,553.72,553.72,553.29,553.29
1787490900000,553.74,553.81,553.21,553.81
1787491800000,553.53,553.53,553.53,553.53
1787499900000,553.84,553.84,553.84,553.84
1787501700000,553.9,554.23,553.32,553.32
1787504400000,554.14,554.14,554.14,554.14
1787506200000,553.54,553.54,553.54,553.54
1787508000000,554.14,554.14,554.14,554.14
1787516100000,554.19,554.19,554.19,554.19
1787526900000,554.19,554.19,554.19,554.19
1787527800000,553.94,553.94,553.94,553.94
1787528700000,553.54,553.54,553.54,553.54
1787529600000,552.99,553.29,551.59,551.8
1787530500000,551.8,551.81,550.8,551.16
1787531400000,551.08,551.13,550.29,550.67
1787532300000,550.57,551.56,550.55,551.46
1787533200000,551.53,551.68,551.14,551.68
1787534100000,551.8,551.86,551.52,551.79
1787535000000,551.77,551.77,551.3,551.6
1787535900000,551.41,551.55,550.33,550.33
1787536800000,550.35,550.95,550.31,550.69
1787537700000,550.8,551.29,550.8,550.82
1787538600000,551.12,551.55,551.03,551.53
1787539500000,551.64,552.01,551.26,552.01
1787540400000,551.94,552,551.19,551.19
1787541300000,551.14,551.41,550.63,550.71
1787542200000,550.74,550.99,550.38,550.43
1787543100000,550.42,550.78,550.38,550.56
1787544000000,550.6,550.77,550.56,550.75
1787544900000,550.82,550.89,550.5,550.55
1787545800000,550.6,550.8,550.54,550.8
1787546700000,550.8,550.92,550.32,550.32
1787547600000,550.46,551.44,550.45,551.41
1787548500000,551.49,551.5,550.93,550.93
1787549400000,550.82,551.59,550.52,551.48
1787550300000,551.39,551.46,551.02,551.02
1787551200000,551.07,551.2,549.95,549.97
1787552100000,550.14,550.36,549.56,550.04
1787553000000,550.18,550.33,549.75,549.81
1787553900000,549.82,549.98,549.16,549.96
1787554800000,549.92,550.94,549.92,550.71
1787555700000,550.63,550.72,550.3,550.32
1787556600000,550.33,550.64,549.98,549.98
1787557500000,549.99,550.54,549.58,550.54
1787558400000,552.935,552.935,549.474,549.683
1787559300000,549.682,550.08,549.68,550.08
1787560200000,551.01,551.8,550.08,551.01
1787561100000,551.8,551.8,551.05,551.5
1787562000000,551.5,551.645,551.257,551.645
1787562900000,551.645,551.895,551.525,551.774
1787563800000,551.775,552.145,551.5,551.995
1787564700000,551.995,552.47,551.995,552.275
1787565600000,552.275,552.275,552.15,552.245
1787566500000,552.245,552.245,551.657,551.875
1787567400000,551.875,552.125,551.851,551.905
1787568300000,551.879,551.879,551.25,551.375
1787569200000,550.99,551.42,550.671,550.99
1787570100000,551.12,551.419,550.748,551.12
1787571000000,550.989,552.349,550.989,552.123
1787571900000,552.15,552.341,551.401,551.69
1787572800000,551.46,551.46,550.792,551.138
1787573700000,551.61,551.749,551.025,551.44
1787574600000,551.46,551.615,550.276,550.99
1787575500000,550.412,550.901,550.402,550.733
1787576400000,550.724,551.624,550.415,551.337
1787577300000,551.37,551.612,549.75,549.75
1787578200000,550.255,553.33,547.53,547.54
1787579100000,547.56,552.07,546.415,551.93
1787580000000,551.664,554.1,550.195,553.51
1787580900000,553.375,553.49,551.13,551.75
1787581800000,551.52,552.38,549.8,552.195
1787582700000,552.299,553.95,552.25,552.947
1787583600000,552.975,554.95,552.14,553.367
1787584500000,553.333,556.52,552.97,556.19
1787585400000,556.08,557.51,555.04,556.24
1787586300000,555.8,556.251,554.878,555.6
1787587200000,555.534,556.476,555.365,555.584
1787588100000,555.579,555.9,554.91,555.466
1787589000000,555.39,555.624,554.89,555.44
1787589900000,555.475,558.1,555.475,557.77
1787590800000,557.711,558.92,556.86,558.789
1787591700000,558.804,558.95,557.08,557.715
1787592600000,557.732,558.669,557.29,557.641
1787593500000,557.642,557.851,556.16,556.175
1787594400000,556.2,559.31,556.18,559.31
1787595300000,559.4,560.89,558.563,560.18
1787596200000,560.107,560.89,559.95,560.599
1787597100000,560.6,560.78,560.1,560.11
1787598000000,559.99,560.43,559.225,560.32
1787598900000,560.25,560.465,558.82,559.62
1787599800000,559.675,560.1,559.32,559.682
1787600700000,559.678,561.4,559,559.05
1787601600000,559.163,559.243,557.434,558.146
1787602500000,558.147,558.344,557.551,557.828
1787603400000,557.85,558.26,557.835,558.11
1787604300000,558.11,558.824,557.904,558.639
1787605200000,558.53,558.797,556.945,558.53
1787606100000,558.71,559.332,558.638,559.09
1787607000000,559.09,559.448,559.061,559.448
1787607900000,559.452,559.506,559.145,559.245
1787608800000,559.19,559.65,558.95,559.19
1787609700000,559.01,559.264,558.873,559.01
1787610600000,558.915,560.526,558.585,559.813
1787611500000,559.12,559.991,558.876,559.12
1787612400000,559.374,560.183,558.941,560.183
1787613300000,560.184,560.185,559.95,560.073
1787614200000,560.071,560.185,559.834,560.036
1787615100000,560.12,560.175,560.011,560.12
1787616000000,560.17,561.01,559.78,559.99
1787616900000,559.56,560.59,558.99,560.59
1787617800000,560.59,561.4,560.49,561
1787618700000,560.97,561.89,560.91,561.49
1787619600000,561.49,562.38,561.04,562.11
1787620500000,562.08,562.09,561.47,561.72
1787621400000,561.71,562.01,561.11,561.29
1787622300000,561.31,561.5,561.02,561.3
1787623200000,561.3,561.4,560.82,561.04
1787624100000,561.04,562.08,560.86,562.07
1787625000000,562.07,562.86,560.97,560.97
1787625900000,560.87,561.3,560.75,561.16
1787626800000,561.15,561.79,561.09,561.77
1787627700000,561.77,562.29,561.55,561.82
1787628600000,561.95,562.18,561.83,562.15
1787629500000,562.15,562.23,562.01,562.11
1787630400000,562.24,562.29,561.96,562.16
1787631300000,562.23,562.74,561.98,562.72
1787632200000,562.72,563.12,562.6,562.6
1787633100000,562.72,562.79,562.51,562.68
1787634000000,562.6,562.81,561.89,561.89
1787634900000,561.91,562.06,561.7,561.81
1787635800000,561.74,561.76,561.06,561.29
1787636700000,561.25,561.36,560.89,560.89
1787637600000,561.19,562.23,561.08,561.32
1787638500000,561.31,561.76,561.16,561.61
1787639400000,561.52,561.68,561.41,561.6
1787640300000,561.61,561.71,561.18,561.18
1787641200000,561.61,561.85,561.4,561.75
1787642100000,561.82,562.11,561.49,561.57
1787643000000,561.61,561.75,561.2,561.44
1787643900000,561.5,561.51,560.67,561.34
1787644800000,560.125,563.15,560.125,561.7
1787645700000,561.7,562.2,561.7,562.199
1787646600000,562.2,562.575,562.14,562.2
1787647500000,563.62,564.483,562.2,563.82
1787648400000,564.486,564.625,563.523,564.625
1787649300000,564.625,564.625,564.625,564.625
1787650200000,565.51,565.51,564.625,565.51
1787651100000,565.5,565.785,565.345,565.43
1787652000000,565.43,565.619,564.145,565.025
1787652900000,564.99,565.293,564.885,564.99
1787653800000,564.935,565.536,564.935,565.41
1787654700000,565.01,565.595,565.01,565.35
1787655600000,565.4,565.451,564.3,564.466
1787656500000,564.5,564.579,564.251,564.5
1787657400000,564.68,564.835,564.25,564.56
1787658300000,564.98,565.399,564.35,564.98
1787659200000,563.99,565.428,563.288,563.99
1787660100000,563.747,564.058,562.908,563.68
1787661000000,563.22,563.68,562.5,562.73
1787661900000,562.65,562.84,562.441,562.65
1787662800000,563.52,563.66,562.297,563.53
1787663700000,563.114,564.6,563.1,563.978
1787664600000,563.89,568.61,563.48,567.5
1787665500000,567.51,567.94,564.62,565.37
1787666400000,564.98,565.41,562.435,563.97
1787667300000,563.897,564.5,562.346,563.05
1787668200000,563.052,565.53,561.89,564.82
1787669100000,564.69,565.84,564.01,564.12
1787670000000,564.16,564.26,561.475,562.97
1787670900000,562.89,563.73,562.6,563.36
1787671800000,563.419,566.133,563.11,565.817
1787672700000,565.814,566.21,565.015,565.6
1787673600000,565.66,565.725,564.72,565.03
1787674500000,565.07,566.06,564.804,565.74
1787675400000,565.71,566.873,564.28,565.42
1787676300000,565.426,567.51,565.407,567.378
1787677200000,567.376,567.48,565.697,566.339
1787678100000,566.23,566.4,565.211,565.32
1787679000000,565.335,565.865,564.575,564.66
1787679900000,564.605,565.49,563.87,565.292
1787680800000,565.29,565.89,564.91,564.971
1787681700000,564.973,565.21,564.39,565.148
1787682600000,565.31,565.433,564.71,565.29
1787683500000,565.57,566.56,565.302,566.445
1787684400000,566.454,566.835,565.72,565.949
1787685300000,565.946,566.448,565.6,566.355
1787686200000,566.359,570.73,566.359,569.884
1787687100000,569.9,570.585,568.45,570
1787688000000,568.99,570.3,568.5,568.99
1787688900000,569.001,569.1,568.496,568.88
1787689800000,568.878,569.1,568.503,568.503
1787690700000,568.477,568.5,568.11,568.161
1787691600000,568.161,568.161,568.085,568.15
1787692500000,568.15,568.2,568.075,568.075
1787693400000,567.9,568.075,567.694,567.9
1787694300000,568.01,568.084,567.59,567.67
1787695200000,567.695,568.27,567.695,568.195
1787696100000,568.179,568.499,568.1,568.498
1787697000000,568.499,568.624,567.9,568.4
1787697900000,568.4,568.55,568.2,568.4
1787698800000,568.4,568.4,568.15,568.15
1787699700000,568.15,568.15,567.571,568.141
1787700600000,568.143,568.145,567.55,567.982
1787701500000,567.6,567.999,567.453,567.6
1787702400000,567.87,568.09,567.1,568.07
1787703300000,567.71,568.15,566.99,567.1
1787704200000,567.13,567.45,566.36,566.67
1787705100000,566.83,567.01,566.19,566.21
1787706000000,566.27,566.38,565.94,566
1787706900000,565.95,567.11,564.81,567.02
1787707800000,566.81,567.65,566.71,567.41
1787708700000,567.27,567.67,567.07,567.67
1787709600000,567.66,568.05,567.57,568.05
1787710500000,567.91,569.43,567.91,569.2
1787711400000,569.22,571.91,569.22,571.49
1787712300000,571.64,571.72,570.5,570.93
1787713200000,570.76,570.98,570.15,570.39
1787714100000,570.24,570.66,570.24,570.43
1787715000000,570.31,571.78,570.31,571.47
1787715900000,571.44,572.01,571.02,571.52
1787716800000,571.49,572,571.29,572
1787717700000,572.18,572.51,572.18,572.5
1787718600000,572.54,573.21,571.3,571.46
1787719500000,571.45,571.75,571.02,571.31
1787720400000,571.32,571.65,571.13,571.13
1787721300000,571.12,571.21,570.43,571.19
1787722200000,571.24,571.59,570.99,571
1787723100000,571,571.01,570.74,570.89
1787724000000,570.65,570.99,570.45,570.45
1787724900000,570.42,570.54,570.12,570.54
1787725800000,570.54,571.4,570.53,571.39
1787726700000,571.39,571.94,571,571
1787727600000,571.01,571.37,570.45,570.88
1787728500000,570.88,571.09,570.3,570.82
1787729400000,571.42,571.42,570.48,570.85
1787730300000,570.98,571.41,570.73,570.99
1787731200000,571.99,573.99,568.296,573.99
1787732100000,573.655,574.36,573.096,574.36
1787733000000,574.36,574.36,574.25,574.25
1787733900000,574.3,574.5,574.166,574.3
1787734800000,574.33,574.35,573.426,574.25
1787735700000,574.25,574.25,573.82,573.82
1787736600000,573.82,574.08,573.631,573.981
1787737500000,575.25,576.255,573.88,576.01
1787738400000,575.625,575.855,574.013,575.855
1787739300000,577,578.2,575.855,578.2
1787740200000,576.93,578.336,576.91,576.91
1787741100000,578.045,578.285,577.162,577.21
1787742000000,577.97,579.22,576.901,579.22
1787742900000,578.7,579.19,578.411,578.99
1787743800000,579.56,579.56,577.515,579.04
1787744700000,577.631,578.375,577.426,578.128
1787745600000,577.24,578.173,577.1,577.24
1787746500000,577.6,580,577.406,580
1787747400000,580,582.2,579.907,581.33
1787748300000,580.99,593.01,579.918,593.01
1787749200000,591.486,598.027,590,598.027
1787750100000,597,598.142,588.19,589.52
1787751000000,590.96,593.21,561.99,564.16
1787751900000,564.4,572.72,563.33,572.4
1787752800000,572.21,575.8,567.37,567.838
1787753700000,567.78,574.01,564.5,573.894
1787754600000,574.13,576.85,570.88,576.745
1787755500000,576.8,587.45,576.54,584.935
1787756400000,584.83,588.74,583.51,585.205
1787757300000,585.309,585.67,581.54,582.358
1787758200000,582.39,582.835,578.82,579.736
1787759100000,579.27,582.32,575.235,576.045
1787760000000,576.01,579.13,574.2,577.69
1787760900000,577.746,577.86,575.52,576.68
1787761800000,576.8,577.89,575.535,575.898
1787762700000,575.892,576.675,574.865,575.742
1787763600000,575.84,576.725,574.886,576.23
1787764500000,576.235,579.09,576.235,578.31
1787765400000,578.338,578.75,577.08,578.348
1787766300000,578.3,578.93,577.72,578.098
1787767200000,578.108,579.05,576.52,576.801
1787768100000,576.77,578.8,576.656,577.65
1787769000000,577.815,579.54,577.768,579.54
1787769900000,579.65,580.88,578.75,578.84
1787770800000,578.833,580.774,577.94,577.97
1787771700000,578.089,578.09,576.85,577.034
1787772600000,577.025,577.77,575.905,576.58
1787773500000,576.59,578.64,575.87,576.25
1787774400000,575.01,576.277,574.703,575.4
1787775300000,575.4,575.587,574.256,574.51
1787776200000,575.196,575.242,574.821,575.05
1787777100000,575.1,575.711,574.425,575.1
1787778000000,576.26,576.766,575.055,576.46
1787778900000,576.79,577.565,575.765,576.95
1787779800000,577.04,577.653,576.386,576.99
1787780700000,577.483,578.388,577.321,578.125
1787781600000,578,579.492,576.947,579.01
1787782500000,578.59,579.604,578.387,578.59
1787783400000,579.365,579.725,578.505,578.658
1787784300000,578.54,579.2,578.415,578.79
1787785200000,579.2,579.385,578.869,578.952
1787786100000,579.08,579.15,578.845,579.08
1787787000000,578.93,579.05,578.487,578.68
1787787900000,578.86,579.25,578.485,578.86
1787788800000,580.08,580.08,578.05,578.38
1787789700000,578.39,578.51,577.95,578.05
1787790600000,578,578.2,576.5,576.5
1787791500000,576.5,576.5,575.57,576.26
1787792400000,576.05,576.31,575.42,575.94
1787793300000,575.94,577.26,575.64,577.01
1787794200000,576.94,577.52,576.8,577.15
1787795100000,576.85,577.27,576.49,576.51
1787796000000,576.51,577.03,576.02,576.72
1787796900000,576.69,576.69,576.03,576.37
1787797800000,576.2,576.99,576.2,576.66
1787798700000,576.74,577.29,576.35,576.39
1787799600000,576.53,576.92,576.18,576.28
1787800500000,576.59,576.63,576.19,576.42
1787801400000,576.45,576.73,576.31,576.39
1787802300000,576.49,576.74,576.32,576.32
1787803200000,576.46,576.59,576.18,576.24
1787804100000,576.49,576.8,576.26,576.47
1787805000000,576.46,576.56,575.99,576.14
1787805900000,576.14,576.3,575.95,576.02
1787806800000,576.16,576.21,575.49,575.51
1787807700000,575.49,575.51,574.52,574.52
1787808600000,574.93,575.05,573.62,573.75
1787809500000,573.75,574.3,573.29,573.98
1787810400000,573.66,573.97,572.81,573.4
1787811300000,573.56,574.02,573.56,573.79
1787812200000,573.79,573.89,572.99,573.21
1787813100000,573.53,574.28,573.4,574.03
1787814000000,573.8,574.18,573.33,574.08
1787814900000,574.08,574.38,573.3,573.86
1787815800000,573.71,574.11,573.55,573.65
1787816700000,573.71,574.85,573.66,574.85
1787817600000,579.001,579.001,574.416,574.76
1787818500000,574.67,574.8,574.305,574.67
1787819400000,574.755,575.19,574.75,574.935
1787820300000,574.935,574.935,574.505,574.505
1787821200000,573.87,574.505,573.47,573.87
1787822100000,574.011,574.455,573.55,574.408
1787823000000,574.374,574.842,574.2,574.5
1787823900000,574.5,575.115,574.47,574.564
1787824800000,574.563,574.85,574.35,574.35
1787825700000,574.01,574.35,573.228,573.8
1787826600000,573.224,573.907,573.176,573.907
1787827500000,573.907,574.571,573.9,574.255
1787828400000,574.14,574.493,573.68,574.11
1787829300000,574.32,574.491,573.99,574.01
1787830200000,573.81,574.236,573.14,573.14
1787831100000,573.99,574.234,573.29,573.54
1787832000000,574.01,574.49,573.676,574.49
1787832900000,574.19,574.524,573.696,574.19
1787833800000,573.84,574.749,573.171,573.41
1787834700000,573.399,574.366,573.126,574.045
1787835600000,574.05,575.335,574.045,575.02
1787836500000,575,575.724,574.325,575.05
1787837400000,575.04,577.24,567.765,577.24
1787838300000,577.26,582.99,576.76,582.425
1787839200000,582.555,588.375,580.946,583.386
1787840100000,583.625,584.645,578.345,578.49
1787841000000,578.44,578.6,571.2,572.125
1787841900000,571.83,574.39,570.6,573.675
1787842800000,573.807,573.826,570.94,572.318
1787843700000,572.314,573.11,570.675,571.473
1787844600000,571.476,572.51,570.37,571.344
1787845500000,571.47,573.56,571.242,573.315
1787846400000,573.145,573.718,572.795,573.695
1787847300000,573.691,574.193,572.795,572.895
1787848200000,572.896,572.901,569.8,570.878
1787849100000,571.33,571.77,570.598,571.01
1787850000000,571.04,571.86,570.5,571.375
1787850900000,571.455,571.734,570.709,571.205
1787851800000,571.189,571.77,570.58,571.42
1787852700000,571.441,571.81,569.56,570.127
1787853600000,570.13,570.399,568.805,569.03
1787854500000,568.94,569.799,568.13,568.835
1787855400000,569.125,569.94,568.972,569.675
1787856300000,569.7,569.715,568.865,569.518
1787857200000,569.515,570.698,569.13,570.581
1787858100000,570.6,570.63,568.7,569.13
1787859000000,569.4,569.79,568.755,569.25
1787859900000,569.27,572.065,568.83,571.084
1787860800000,571.068,571.09,570.058,570.388
1787861700000,570.387,570.74,570.259,570.528
1787862600000,570.534,570.801,570.41,570.695
1787863500000,570.74,570.9,570.401,570.74
1787864400000,570.841,570.91,570.645,570.797
1787865300000,570.848,571.307,570.795,571.138
1787866200000,571.19,571.28,570.975,571.19
1787867100000,571.24,571.345,571.13,571.345
1787868000000,571.345,571.57,571.279,571.38
1787868900000,571.38,571.38,571.1,571.275
1787869800000,571.275,571.47,571.151,571.4
1787870700000,571.4,571.57,571.381,571.57
1787871600000,571.578,571.675,571.575,571.604
1787872500000,571.603,571.679,571.39,571.529
1787873400000,571.53,571.53,571.337,571.375
1787874300000,571.11,571.375,571.05,571.11
1787875200000,571.31,571.75,571.07,571.75
1787876100000,571.75,571.88,571.16,571.48
1787877000000,571.42,571.61,571.16,571.17
1787877900000,571.49,571.52,571.16,571.49
1787878800000,571.69,571.89,571.57,571.86
1787879700000,571.75,571.83,571.5,571.5
1787880600000,571.51,571.66,571.14,571.45
1787881500000,571.43,571.5,571.2,571.44
1787882400000,571.48,571.72,571.48,571.67
1787883300000,571.67,572.01,571.49,571.73
1787884200000,571.73,571.82,571.3,571.56
1787885100000,571.55,571.81,571.32,571.52
1787886000000,571.54,571.85,571.42,571.79
1787886900000,571.74,572.64,571.58,572.64
1787887800000,572.65,572.65,571.99,571.99
1787888700000,572.02,572.11,571.89,572.11
1787889600000,572.11,572.11,571.7,571.89
1787890500000,571.89,572.13,571.88,571.99
1787891400000,571.96,571.96,571.69,571.69
1787892300000,571.68,571.89,571.68,571.88
1787893200000,571.64,571.7,571.43,571.7
1787894100000,571.55,571.86,571.5,571.86
1787895000000,571.73,571.83,571.38,571.8
1787895900000,571.81,571.85,571.53,571.64
1787896800000,571.55,571.71,571.36,571.69
1787897700000,571.73,571.87,571.58,571.58
1787898600000,571.55,572.08,571.52,571.9
1787899500000,571.9,572.46,571.9,572.43
1787900400000,572.43,572.95,572.3,572.91
1787901300000,572.77,573.2,572.74,573.12
1787902200000,573.09,573.1,572.61,572.61
1787903100000,572.62,572.99,572.5,572.9
1787904000000,572.55,572.786,571.355,572.55
1787904900000,572.643,573.82,572.643,573.51
1787905800000,573.508,574.118,573.5,573.923
1787906700000,573.4,574.049,573.4,573.4
1787907600000,573.46,573.5,572.915,572.915
1787908500000,572.915,573.449,572.915,573.449
1787909400000,573.45,573.45,572.961,573
1787910300000,573,573.393,573,573.03
1787911200000,573.03,573.03,572.605,572.605
1787912100000,572.605,572.755,572.584,572.755
1787913000000,572.755,572.955,572.277,572.4
1787913900000,572.24,572.699,572.03,572.24
1787914800000,572.35,572.579,571.905,572.109
1787915700000,572.11,572.839,572.101,572.75
1787916600000,572.37,572.8,572.2,572.27
1787917500000,572.2,572.625,572.116,572.252
1787918400000,572.99,573.125,572.125,572.99
1787919300000,573.41,573.627,573.075,573.59
1787920200000,573.105,573.133,572.696,572.941
1787921100000,572.937,573.242,572.769,573.17
1787922000000,573.17,573.194,572.498,572.751
1787922900000,572.99,573.089,571.3,571.3
1787923800000,571.835,584.08,571.46,583.72
1787924700000,582.83,583.709,578.39,581.355
1787925600000,580.01,583.48,578.935,579.69
1787926500000,579.452,581.1,576.43,577.079
1787927400000,576.785,580.74,574.45,580.74
1787928300000,580.835,589.18,580.62,584.805
1787929200000,584.805,587.58,583.92,584.116
1787930100000,584.08,585.951,583.53,584.694
1787931000000,584.83,585.13,580.4,580.49
1787931900000,580.46,580.613,575.04,575.505
1787932800000,575.465,576.88,574.46,576.49
1787933700000,576.262,576.5,573.423,575.132
1787934600000,575.15,576.285,574.62,575.072
1787935500000,575.09,576.41,574.79,575.169
1787936400000,575,575.64,574.45,575.045
1787937300000,575.53,576.805,574.923,575.92
1787938200000,575.858,576.765,575.32,575.768
1787939100000,575.875,576.02,575.107,575.717
1787940000000,575.735,577.156,575.727,576.044
1787940900000,575.755,576.021,574.3,574.53
1787941800000,574.49,577.193,574.4,577.09
1787942700000,577.197,577.374,573.994,573.994
1787943600000,573.983,577.67,573.983,576.711
1787944500000,576.736,577.47,575.92,577.289
1787945400000,577.36,577.42,575.912,576.23
1787946300000,576.229,578.875,575.492,577.972
1787947200000,577.966,577.966,577.255,577.523
1787948100000,577.524,577.739,577.416,577.637
1787949000000,577.638,577.969,577.514,577.825
1787949900000,578.1,578.313,577.822,578.1
1787950800000,577.99,578.135,577.385,577.99
1787951700000,577.74,578.6,577.177,578.6
1787952600000,578.14,578.14,577.465,577.507
1787953500000,577.504,578.309,577.445,578.309
1787954400000,578.31,578.46,577.901,578.311
1787955300000,578.05,578.311,577.741,578.19
1787956200000,577.86,578.165,577.652,577.86
1787957100000,578.15,578.155,577.735,577.84
1787958000000,577.84,577.84,577.84,577.84
1787958900000,577.84,577.84,577.51,577.775
1787959800000,577.775,577.944,577.745,577.944
1787960700000,577.951,578.399,577.951,578.399
1787961600000,578.396,578.396,578.385,578.385
1787965200000,578.13,578.13,578.13,578.13
1787969700000,578,578,578,578
1787970600000,578,578,578,578
1787976900000,578.54,578.54,578.54,578.54
1787979600000,578.54,578.54,578.54,578.54
1787997600000,578.55,578.55,577.96,577.96
1788005700000,578.6,578.6,578.6,578.6
1788012000000,578.33,578.6,578.32,578.6
1788013800000,578.6,578.6,578.6,578.6
1788015600000,578.31,578.31,578.23,578.23
1788016500000,578.39,578.39,577.42,578.2
1788019200000,578.46,578.53,578.18,578.18
1788021000000,578.35,578.35,578.35,578.35
1788026400000,578.35,578.43,578.35,578.43
1788031800000,578.43,578.51,578.43,578.51
1788033600000,578.11,578.11,578.11,578.11
1788034500000,578.57,578.57,578.57,578.57
1788063300000,578.57,578.57,578.57,578.57
1788066900000,578.44,578.63,578.44,578.63
1788078600000,578.56,578.56,578.56,578.56
1788083100000,578.11,578.11,578.11,578.11
1788092100000,578.45,578.63,578.45,578.63
1788093000000,578.63,579,578.63,579
1788100200000,579.06,579.51,579.06,579.51
1788102900000,579.66,579.87,579.05,579.05
1788103800000,579.87,579.87,579.87,579.87
1788105600000,580.11,580.29,580.11,580.29
1788106500000,580.38,580.59,580.38,580.59
1788110100000,580.64,580.75,580.64,580.75
1788114600000,580.89,580.92,580.89,580.92
1788116400000,580.93,580.93,580.93,580.93
1788120900000,580.93,580.93,580.93,580.93
1788121800000,580.93,580.93,580.93,580.93
1788122700000,580.69,580.69,580.69,580.69
1788123600000,580.97,580.97,580.69,580.69
1788126300000,580.99,580.99,580.99,580.99
1788127200000,580.69,580.69,580.12,580.45
1788134400000,576.88,577.28,574.35,575.44
1788135300000,575.43,576.26,575.3,575.52
1788136200000,575.61,576.31,575.59,576.19
1788137100000,576.33,576.33,575.74,575.78
1788138000000,575.69,575.69,574.79,575.04
1788138900000,575.05,575.36,574.7,574.99
1788139800000,574.91,575.03,574.63,574.75
1788140700000,574.79,575,574.4,574.42
1788141600000,574.67,575.36,574.55,575.36
1788142500000,575.34,575.42,574.56,574.79
1788143400000,574.96,575.07,574.05,574.31
1788144300000,574.41,574.71,573.81,574.71
1788145200000,574.71,575.2,574.62,575.05
1788146100000,575.05,575.32,574.97,575.15
1788147000000,575.24,575.31,574.91,575.09
1788147900000,574.99,575.39,574.81,575.39
1788148800000,575.32,575.39,575.28,575.39
1788149700000,575.41,575.46,574.9,575.22
1788150600000,575.2,575.91,575.18,575.91
1788151500000,575.69,575.94,575.62,575.91
1788152400000,575.83,576.2,575.55,576.06
1788153300000,576.14,576.89,576.11,576.89
1788154200000,576.91,576.91,576.02,576.41
1788155100000,576.48,576.54,576.35,576.53
1788156000000,576.37,576.91,576.15,576.87
1788156900000,576.69,576.89,576.5,576.73
1788157800000,576.68,576.71,576.2,576.46
1788158700000,576.5,576.62,576.17,576.4
1788159600000,576.32,576.66,576.18,576.35
1788160500000,576.35,576.35,575.5,575.53
1788161400000,575.76,576,575.42,576
1788162300000,575.95,578.381,574.69,574.69
1788163200000,575.56,577.951,574.446,575.56
1788164100000,575.06,575.462,574.445,575.06
1788165000000,575,575.465,575,575.22
1788165900000,575.22,575.625,575.22,575.625
1788166800000,575.625,575.625,575.315,575.495
1788167700000,575.495,575.61,575.425,575.61
1788168600000,575.27,575.61,575.25,575.27
1788169500000,575.27,575.275,575.27,575.275
1788170400000,575.275,575.959,575.275,575.959
1788171300000,575.96,576.39,575.93,575.93
1788172200000,574.99,575.93,574.635,574.99
1788173100000,575.3,575.565,575.28,575.28
1788174000000,575.35,576.35,574.569,575.7
1788174900000,576.85,578.061,575.701,578
1788175800000,577.39,578.042,577.053,577.39
1788176700000,578.41,578.914,577.4,578.49
1788177600000,579,581.8,578.283,581.26
1788178500000,580.901,581.5,580.534,581.339
1788179400000,581.323,581.323,579.5,580.001
1788180300000,579.49,580.042,578.7,578.99
1788181200000,578.99,579.536,578.401,579.3
1788182100000,579.5,579.896,576.11,577.71
1788183000000,577.48,578.713,571.01,571.87
1788183900000,571.704,574.65,571.51,572.296
1788184800000,572,572.33,569.165,570.98
1788185700000,570.96,572.31,569.805,570.07
1788186600000,570.165,571.69,569.88,571.095
1788187500000,570.935,571.81,569.43,571.81
1788188400000,571.8,573.13,571.12,572.44
1788189300000,572.65,572.863,571.56,571.56
1788190200000,571.51,571.99,570.731,571.75
1788191100000,572,572.28,571.114,571.13
1788192000000,571.122,571.52,570.3,571.408
1788192900000,571.413,571.62,570.752,570.752
1788193800000,570.75,571.69,570.55,571.09
1788194700000,571.13,571.485,570.91,571.28
1788195600000,571.31,571.865,570.43,571.34
1788196500000,571.41,571.93,570.927,570.99
1788197400000,570.99,572,570.965,571.785
1788198300000,571.9,572.31,571.49,571.75
1788199200000,571.61,571.92,571,571.64
1788200100000,571.62,574.09,571.22,571.52
1788201000000,571.593,571.848,571.118,571.38
1788201900000,571.18,571.85,570.734,571.54
1788202800000,571.585,576.18,571.58,574.14
1788203700000,574.33,574.64,572.235,572.86
1788204600000,572.87,573.35,572.051,573.19
1788205500000,572.41,572.93,571.87,572.485
1788206400000,571.56,572.36,570.913,571.56
1788207300000,571.91,572.045,571.28,571.91
1788208200000,571.83,572.273,571.71,571.83
1788209100000,572.124,572.225,571.892,572.095
1788210000000,572.103,572.294,572.075,572.11
1788210900000,572.11,572.11,571.895,572.056
1788211800000,572.054,572.238,572.026,572.149
1788212700000,572.15,572.155,572.025,572.15
1788213600000,572.15,572.15,571.925,571.949
1788214500000,571.949,572.02,571.949,572.02
1788215400000,572.02,572.17,572.02,572.15
1788216300000,572.15,572.231,572.08,572.08
1788217200000,572.08,572.095,572.031,572.075
1788218100000,572.075,572.075,572.018,572.055
1788219000000,572.055,572.41,572.055,572.204
1788219900000,572.206,572.308,572.025,572.05
1788220800000,572.73,572.81,571.68,572.03
1788221700000,572.1,572.4,571.9,572.28
1788222600000,572.3,572.69,572.3,572.49
1788223500000,572.57,572.61,572.31,572.4
1788224400000,572.42,572.58,572.12,572.37
1788225300000,572.51,572.51,571.92,571.98
1788226200000,572.05,572.44,572.05,572.28
1788227100000,572.44,572.44,572.21,572.25
1788228000000,572.36,572.68,572.09,572.09
1788228900000,572.21,572.5,572.05,572.05
1788229800000,572.07,572.28,571.87,571.87
1788230700000,571.86,572.49,571.86,572.49
1788231600000,572.31,572.33,572.16,572.29
1788232500000,572.22,572.33,571.87,571.92
1788233400000,571.86,571.98,571.72,571.85
1788234300000,571.85,572.02,571.84,571.99
1788235200000,571.99,572.09,571.84,571.99
1788236100000,572.01,572.33,572.01,572.18
1788237000000,572.24,572.28,571.91,571.91
1788237900000,571.94,572.04,571.8,571.91
1788238800000,571.82,572.01,571.82,571.83
1788239700000,571.84,571.94,571.78,571.94
1788240600000,571.94,572.29,571.89,572.22
1788241500000,572.3,572.72,572.21,572.5
1788242400000,572.59,573.29,572.34,573.02
1788243300000,573.05,573.05,572.12,572.12
1788244200000,572.21,572.54,572.2,572.33
1788245100000,572.37,572.46,572.37,572.41
1788246000000,572.35,572.59,571.89,572.38
1788246900000,572.26,572.51,572.07,572.26
1788247800000,572.21,572.35,571.06,571.08
1788248700000,571.1,571.96,570.95,571.96
1788249600000,571.99,572.215,570.244,570.79
1788250500000,569.69,571.015,567.25,569.42
1788251400000,568,569.22,567.25,568.19
1788252300000,568.045,568.215,567.086,567.086
1788253200000,567.084,567.084,566.025,566.025
1788254100000,565.51,566.582,565.51,565.51
1788255000000,566.33,566.595,565.774,566.33
1788255900000,566.64,566.65,565.906,566.49
1788256800000,566.75,566.805,566.395,566.75
1788257700000,566.805,569.079,566.805,567.5
1788258600000,567.5,567.5,567.5,567.5
1788259500000,566.59,567.6,566.42,566.59
1788260400000,566.77,567.13,565.709,566.16
1788261300000,566.385,567.015,566.302,566.681
1788262200000,566.65,566.974,565.976,566.73
1788263100000,565.45,565.976,564.683,565.01
1788264000000,564.77,565.644,563.51,563.51
1788264900000,562.91,564.048,562.631,562.91
1788265800000,562.93,563.569,562.374,562.88
1788266700000,562.61,563.234,561.756,562
1788267600000,561.01,562.539,557.874,558.56
1788268500000,558.47,559.959,556.719,557.87
1788269400000,558.099,566.185,556.79,565.653
1788270300000,565.9,568.18,565.5,566.967
1788271200000,567.015,568.21,565.855,567.43
1788272100000,567.565,570.18,567.47,569.86
1788273000000,569.92,575.63,569.784,574.98
1788273900000,575.05,579.47,574.61,578.24
1788274800000,578.097,580.88,575.95,580.09
1788275700000,580.312,581.18,578.07,578.728
1788276600000,578.76,581.663,578.42,579.68
1788277500000,579.615,583.11,579.28,582.43
1788278400000,582.87,583.3,578.718,578.795
1788279300000,578.325,581.565,578,580.41
1788280200000,580.51,581.375,578.95,578.95
1788281100000,579.06,581.305,578.68,580.76
1788282000000,580.7,581.24,579.94,581.095
1788282900000,580.925,582.7,579.61,580.285
1788283800000,580.301,582.215,580.22,582.111
1788284700000,582.119,584.26,580.427,584.226
1788285600000,584.42,584.905,581.69,582.25
1788286500000,582.5,583.13,580.77,581.465
1788287400000,581.42,581.73,577.145,577.145
1788288300000,577.155,578.01,576.35,577.6
1788289200000,577.56,577.865,576.295,577.61
1788290100000,577.51,580.91,577.37,580.75
1788291000000,580.78,580.92,578.455,579.1
1788291900000,579.135,580.54,577.44,578.71
1788292800000,578.49,578.847,577.828,577.95
1788293700000,577.95,578.352,577.926,578.257
1788294600000,578.2,578.716,577.976,578.2
1788295500000,578.54,578.569,578.24,578.54
1788296400000,577.86,578.454,577.511,577.86
1788297300000,577.537,577.76,577.175,577.195
1788298200000,577.2,577.535,577.185,577.19
1788299100000,577.506,578.005,577.503,578.005
1788300000000,578.005,578.057,577.464,577.815
1788300900000,577.815,577.815,577.226,577.75
1788301800000,577.75,577.855,577.201,577.501
1788302700000,577.5,577.755,577.332,577.58
1788303600000,577.55,577.74,577.423,577.55
1788304500000,577.545,577.836,577.451,577.633
1788305400000,577.74,577.89,577.486,577.74
1788306300000,577.749,577.955,577.305,577.5
1788307200000,577.25,578.6,574.61,577.95
1788308100000,578.09,578.24,577.41,577.41
1788309000000,577.33,577.98,577.31,577.71
1788309900000,577.8,577.82,577.05,577.28
1788310800000,577.29,577.29,576.66,576.81
1788311700000,576.93,577.39,576.93,577.19
1788312600000,577.21,577.36,576.49,576.49
1788313500000,576.51,576.53,576.17,576.38
1788314400000,576.19,576.41,576.12,576.38
1788315300000,576.32,577.03,576.32,577.03
1788316200000,576.99,577.34,576.76,576.87
1788317100000,576.91,577,576.75,576.75
1788318000000,576.64,576.64,576.4,576.57
1788318900000,576.57,576.99,576.48,576.76
1788319800000,576.72,576.72,576.53,576.54
1788320700000,576.54,576.58,576.21,576.21
1788321600000,576.3,576.38,576.12,576.13
1788322500000,576.37,576.39,575.99,576.19
1788323400000,576.16,576.34,576.16,576.34
1788324300000,576.35,576.5,576.2,576.27
1788325200000,576.4,576.62,576.02,576.62
1788326100000,576.55,576.99,576.55,576.86
1788327000000,576.87,577.16,576.57,576.94
1788327900000,576.86,576.86,576.5,576.5
1788328800000,576.6,576.65,576.24,576.51
1788329700000,576.51,576.64,576,576.22
1788330600000,576.15,576.81,576,576.7
1788331500000,576.7,577.33,576.4,576.91
1788332400000,576.55,577.57,576.55,577.38
1788333300000,577.2,577.38,576.67,576.67
1788334200000,576.98,577.41,576.98,577.35
1788335100000,577.41,577.5,576.84,577.3
1788336000000,577.495,577.495,576.515,576.515
1788336900000,576.513,576.513,576.325,576.424
1788337800000,576.425,576.425,576.25,576.25
1788338700000,576.25,576.25,574.597,575.35
1788339600000,575.35,575.61,575.175,575.175
1788340500000,575.175,575.678,575,575.025
1788341400000,574.67,575.347,574.67,574.67
1788342300000,575,575,574.6,574.6
1788343200000,574.6,574.6,574.35,574.59
1788344100000,574.43,574.802,574.43,574.6
1788345000000,574.6,574.6,574.35,574.35
1788345900000,574.35,574.6,574.35,574.6
1788346800000,575.05,576.248,574.07,575.86
1788347700000,576.48,576.745,575.631,576.48
1788348600000,576.292,577.6,575.992,576.995
1788349500000,576.951,577.5,576.741,577.5
1788350400000,577.91,578.365,577.224,577.91
1788351300000,577.71,578.245,577.286,577.81
1788352200000,577.46,577.905,577.186,577.68
1788353100000,577.42,577.706,576.365,576.438
1788354000000,576.99,577.681,576.391,577.02
1788354900000,576.71,578.296,576.515,576.71
1788355800000,578.715,589.36,577.4,587.37
1788356700000,587.09,594.03,586.99,593.85
1788357600000,593.835,600.27,592.765,598.892
1788358500000,598.905,599.01,592.925,594.976
1788359400000,594.97,597.74,594.6,597.14
1788360300000,597.765,598.858,595.85,596.12
1788361200000,595.92,596.3,593.518,594.24
1788362100000,594.345,597.119,593.32,596.905
1788363000000,596.93,596.984,593.125,593.13
1788363900000,593.18,593.231,591.89,592.44
1788364800000,592.39,593.861,592.11,593.81
1788365700000,593.65,594.169,591.475,592.18
1788366600000,592.49,593.54,592.127,592.94
1788367500000,593.07,595.82,592.942,594.79
1788368400000,595.16,595.508,591.865,592.275
1788369300000,592.315,593.507,592.23,592.63
1788370200000,592.94,593.125,592.04,592.54
1788371100000,592.68,592.731,591.65,592.59
1788372000000,592.41,593.265,591.515,592.69
1788372900000,592.94,594.595,592.254,592.97
1788373800000,592.896,593.2,591.299,591.969
1788374700000,592.115,592.166,590.895,591.15
1788375600000,591.38,596.405,591.139,595.95
1788376500000,596.33,596.545,594.49,594.5
1788377400000,594.12,594.531,592.47,593.18
1788378300000,593.235,594.29,591.54,592.92
1788379200000,593.02,593.859,591.905,593.48
1788380100000,594.5,594.501,593.15,594.5
1788381000000,594.36,595.092,593.361,594.39
1788381900000,594.59,595.71,593.88,595.32
1788382800000,594.8,595.796,594.741,595.35
1788383700000,595.35,595.557,593.626,594.25
1788384600000,594.25,594.94,594.003,594.699
1788385500000,594.99,594.99,594.05,594.99
1788386400000,594.85,595.036,594.05,594.57
1788387300000,594.5,595.552,594.5,595.275
1788388200000,595.328,595.925,595.272,595.85
1788389100000,595.85,596.097,595.251,595.53
1788390000000,595.528,596.398,595.516,595.822
1788390900000,597.16,597.218,595.805,596.81
1788391800000,596.845,597.199,596.699,597.199
1788392700000,597.99,598.291,597.199,597.99
1788393600000,597.46,598.06,596.93,596.99
1788394500000,596.99,597.14,596.07,596.64
1788395400000,596.58,596.95,596.52,596.67
1788396300000,596.74,597.28,596.54,596.9
1788397200000,597.15,597.51,596.71,597.15
1788398100000,597.26,597.98,597.21,597.91
1788399000000,597.75,598.2,597.74,598.07
1788399900000,597.92,597.92,596.97,597
1788400800000,596.92,597.77,596.71,597.75
1788401700000,597.93,598.21,597.88,598.04
1788402600000,598.09,598.21,597.51,597.51
1788403500000,597.55,598.2,597.55,597.93
1788404400000,597.71,598.59,597.6,598.52
1788405300000,598.74,599.13,598.35,598.81
1788406200000,599,599.2,598.71,598.79
1788407100000,598.78,599.42,598.78,599.36
1788408000000,599.38,600.08,599.38,599.72
1788408900000,599.51,599.51,598.89,599.01
1788409800000,599,599.25,598.51,598.51
1788410700000,598.44,598.52,598.21,598.36
1788411600000,598.14,598.36,597.01,597.28
1788412500000,597.31,597.45,595.51,596.09
1788413400000,596.19,597.22,595.99,597.22
1788414300000,597.08,597.87,596.98,597.86
1788415200000,597.83,598.14,597.57,598.14
1788416100000,598.07,598.12,597.62,597.83
1788417000000,597.87,598.14,597.84,597.99
1788417900000,597.9,597.91,597.59,597.91
1788418800000,597.91,598.3,597.61,598
1788419700000,598.01,598.4,597.88,598.34
1788420600000,598.32,598.72,598.28,598.62
1788421500000,598.63,598.73,597.76,598.09
1788422400000,597.869,600.154,597.869,599.552
1788423300000,599.551,599.865,599,599.86
1788424200000,599.863,599.885,599,599.039
1788425100000,599.032,599.62,598.5,599.072
1788426000000,599.055,599.62,598.971,599.22
1788426900000,599.22,599.22,598.84,599.005
1788427800000,599.005,599.01,598.77,598.85
1788428700000,598.85,599.04,598.64,598.64
1788429600000,598.575,598.575,597.355,597.355
1788430500000,597.355,597.5,596.93,597.18
1788431400000,597.18,597.99,597.18,597.491
1788432300000,597.491,597.491,596.507,596.7
1788433200000,597.96,598.752,596.7,598.25
1788434100000,598.25,598.749,597.5,597.501
1788435000000,597.5,597.765,596.948,597.152
1788435900000,597.151,597.245,596.494,596.58
1788436800000,596.581,597.4,596.553,597.156
1788437700000,597.156,597.393,596.725,596.894
1788438600000,596.926,598.668,596.926,598.534
1788439500000,598.556,601.198,598.199,600.831
1788440400000,600.829,604.398,600.791,604.398
1788441300000,604.356,605.221,602.586,604.511
1788442200000,604.55,619.39,604.44,617.18
1788443100000,617.26,619.21,612.02,613.72
1788444000000,613.49,615,609.99,611.67
1788444900000,611.688,612.39,610.345,612.195
1788445800000,612.198,613.08,608.79,611.49
1788446700000,611.49,611.66,607.465,608.883
1788447600000,608.908,615.145,608.378,614.444
1788448500000,614.579,619.41,614.579,617.426
1788449400000,617.434,619.285,617.19,617.215
1788450300000,617.327,617.825,616.32,616.681
1788451200000,616.684,617.76,615.37,616.153
1788452100000,616.149,616.156,614.313,615.156
1788453000000,615.115,615.115,613.49,613.626
1788453900000,613.596,615.285,613.32,614.023
1788454800000,614.028,614.179,612.452,612.823
1788455700000,612.826,613.34,612,613.153
1788456600000,613.113,615.04,613.08,614.649
1788457500000,614.654,615.251,614.23,614.864
1788458400000,614.853,615.391,614.423,614.496
1788459300000,614.491,615.01,614.151,614.496
1788460200000,614.494,615.99,614.28,614.67
1788461100000,614.57,614.8,612.752,613.905
1788462000000,613.905,614.578,613.485,614.162
1788462900000,614.15,614.15,612.42,612.89
1788463800000,612.861,613.75,612.21,613.304
1788464700000,613.293,613.725,609.855,610.656
1788465600000,610.663,610.847,609.353,610.001
1788466500000,609.999,610.727,609.99,610.356
1788467400000,610.353,610.854,610.335,610.794
1788468300000,610.798,611.065,610.766,610.875
1788469200000,610.875,610.9,610.597,610.745
1788470100000,610.745,611.454,610.6,611.378
1788471000000,611.372,611.48,610.988,611.398
1788471900000,611.399,612,611.399,611.714
1788472800000,611.712,612.484,611.227,612.286
1788473700000,612.286,612.75,611.985,612.41
1788474600000,612.41,612.699,612.304,612.304
1788475500000,612.303,612.55,612.302,612.44
1788476400000,612.44,613.61,612.383,613.033
1788477300000,613.034,614.25,613.034,614.25
1788478200000,614.25,614.395,613.97,614.205
1788479100000,614.205,614.205,613.325,613.663
1788480000000,613.664,614.61,613.15,613.99
1788480900000,613.86,613.86,613.16,613.41
1788481800000,613.45,613.49,613.15,613.23
1788482700000,613.29,613.71,613.29,613.69
1788483600000,613.32,613.5,613,613.24
1788484500000,613.02,613.42,613.02,613.15
1788485400000,613.16,613.45,613.16,613.38
1788486300000,613.46,613.6,613.18,613.5
1788487200000,613.72,614.12,613.72,614.12
1788488100000,613.96,614.71,613.96,614.67
1788489000000,614.67,614.88,614.55,614.67
1788489900000,614.57,614.82,614.56,614.77
1788490800000,614.77,614.77,614.54,614.54
1788491700000,614.68,614.87,614.68,614.76
1788492600000,614.76,614.97,614.73,614.73
1788493500000,614.67,615.01,614.67,614.88
1788494400000,614.86,614.96,614.55,614.96
1788495300000,614.92,615.19,614.71,615.04
1788496200000,615.16,615.33,614.97,615
1788497100000,615,615.15,614.26,614.32
1788498000000,614.29,614.29,613.66,613.66
1788498900000,613.83,614.06,611.55,613.31
1788499800000,613.33,613.33,612.56,612.71
1788500700000,612.8,612.89,612.4,612.86
1788501600000,612.84,613,612.69,612.97
1788502500000,612.97,613.18,612.8,612.98
1788503400000,613.1,613.14,612.19,612.7
1788504300000,612.7,613.36,612.24,613.25
1788505200000,613.28,614.01,613.28,613.56
1788506100000,613.49,613.68,613.26,613.65
1788507000000,613.6,614,613.49,613.89
1788507900000,613.88,614.9,613.88,614.37
1788508800000,613.659,613.8,612.764,612.764
1788509700000,612.762,613.694,612.667,612.857
1788510600000,612.908,613.802,612.795,613.802
1788511500000,613.803,613.989,613.385,613.511
1788512400000,613.508,613.508,612.5,612.62
1788513300000,612.62,613.255,611.929,613.075
1788514200000,613.075,614.2,613.075,613.779
1788515100000,613.682,613.96,612.976,613.154
1788516000000,613.155,613.475,612.975,613.475
1788516900000,613.475,613.7,613.475,613.7
1788517800000,613.7,614,613.35,613.575
1788518700000,613.542,613.92,613.375,613.75
1788519600000,613.75,613.991,613.06,613.709
1788520500000,613.71,614.244,613.284,613.93
1788521400000,613.929,614.393,613.6,614.393
1788522300000,614.394,614.509,613.299,613.373
1788523200000,613.374,613.446,611.587,611.877
1788524100000,611.878,612.806,610.505,612.1
1788525000000,612.721,612.721,607.699,611.536
1788525900000,611.613,611.964,608.4,608.94
1788526800000,608.94,610.441,608.94,610.043
1788527700000,609.68,613,609,612.96
1788528600000,612,616.33,605.27,608.52
1788529500000,608.459,608.98,605.88,608.91
1788530400000,608.865,612.98,608.38,612.31
1788531300000,612.28,613.28,608.52,609.3
1788532200000,609.28,613.4,608.45,611.135
1788533100000,611.26,612.77,608.16,608.965
1788534000000,609.2044,613.22,608.5,611.5
1788534900000,611.5,613.38,609.81,612.01
1788535800000,612.02,613.04,611.0948,611.425
1788536700000,611.51,611.98,609.73,611.6735
1788537600000,611.7055,612.7752,611.43,612.185
1788538500000,612.185,614.3399,612.0974,612.885
1788539400000,612.9,613.3413,611.6401,611.7
1788540300000,611.8101,612.07,610.4,610.585
1788541200000,610.605,610.7669,609.7101,610
1788542100000,610.055,610.14,608.72,609.5
1788543000000,609.5,609.96,608.78,609.41
1788543900000,609.555,610,608.6,609
1788544800000,608.98,609.42,608.1024,608.995
1788545700000,609.075,612.63,608.965,610.865
1788546600000,610.86,612.02,610.0401,611.58
1788547500000,611.63,614.99,611.3501,614.88
1788548400000,614.88,616.84,613.46,616.1701
1788549300000,616.29,617.25,615.03,617.0184
1788550200000,617.07,617.0897,615.4,616.515
1788551100000,616.515,617.46,615.7001,616.77
1788552000000,616.55,616.77,615.53,615.6582
1788552900000,615.75,616.77,615.0501,615.4499
1788553800000,615.4058,615.56,615.05,615.19
1788554700000,615.134,616,614.5,615.5948
1788555600000,615.4276,615.66,614.65,615.2
1788556500000,615.2,616,614.8,615.01
1788557400000,615.01,615.18,615.01,615.07
1788558300000,615.1114,615.5,614.86,614.89
1788559200000,614.89,615,614.37,614.8972
1788560100000,614.5519,614.97,614.2,614.55
1788561000000,614.512,615.24,614.2,615.16
1788561900000,615.21,615.4988,614.7,615.1
1788562800000,615.2852,615.41,614.71,614.95
1788563700000,615.16,615.3985,614.5,614.94
1788564600000,615.2,615.2,614.51,614.88
1788565500000,617.02,617.02,614.42,615.1974
1788567300000,615.11,615.33,615.11,615.2
1788572700000,615.3,615.3,615.3,615.3
1788576300000,615.41,615.41,615.41,615.41
1788580800000,615.32,615.32,615.2,615.2
1788581700000,615.41,615.41,615.09,615.09
1788595200000,615.09,615.09,614.63,614.63
1788596100000,614.63,614.63,613.3,613.3
1788599700000,613.18,613.18,613.18,613.18
1788610500000,613.41,613.41,613.41,613.41
1788615000000,613.41,613.64,613.03,613.03
1788618600000,614.11,614.11,614.11,614.11
1788625800000,614.11,614.11,613.03,613.03
1788627600000,613.02,613.02,613.02,613.02
1788629400000,613.18,613.18,613.18,613.18
1788631200000,613.18,613.18,613.18,613.18
1788632100000,613.18,613.18,613.18,613.18
1788633000000,613.18,613.34,613.18,613.34
1788637500000,613.42,613.67,613.42,613.67
1788638400000,613.67,613.67,613.67,613.67
1788639300000,613.67,613.83,613.67,613.83
1788642900000,612.9,612.9,612.9,612.9
1788659100000,613.83,613.83,612.82,612.82
1788660000000,613.83,614.05,613.62,613.62
1788660900000,614.29,614.29,614.29,614.29
1788668100000,614.29,614.29,614.29,614.29
1788684300000,614.29,614.29,614.29,614.29
1788686100000,614.29,614.29,614.29,614.29
1788692400000,614.29,614.29,614.29,614.29
1788693300000,614.29,614.29,614.29,614.29
1788696900000,614.29,614.29,614.29,614.29
1788699600000,612.95,612.95,612.95,612.95
1788700500000,612.71,612.71,612.71,612.71
1788703200000,612.56,612.56,612.56,612.56
1788705000000,613.02,613.02,613.02,613.02
1788706800000,612.54,612.54,611.36,611.83
1788707700000,611.49,612.6,611.25,611.32
1788708600000,612.46,612.6,612.46,612.6
1788710400000,613.07,613.07,613.07,613.07
1788717600000,613.07,613.07,613.07,613.07
1788718500000,613.16,613.16,613.16,613.16
1788721200000,613.16,613.16,613.16,613.16
1788723900000,613.16,613.16,613.16,613.16
1788725700000,613.16,613.16,613.16,613.16
1788731100000,613.16,613.16,613.16,613.16
1788734700000,613.16,613.16,613.16,613.16
1788737400000,613.16,613.16,612.72,612.72
1788742800000,612.71,612.71,611.64,611.64
1788743700000,611.62,611.62,611.62,611.62
1788744600000,611.83,612,611.83,612
1788750900000,612,614.76,611.78,611.78
1788754500000,611.78,611.78,611.78,611.78
1788759900000,611.78,611.78,610.97,610.97
1788762600000,611.31,611.53,611.31,611.53
1788763500000,611.53,611.53,611.53,611.53
1788765300000,612.18,612.18,612.18,612.18
1788777900000,612.05,612.05,612.05,612.05
1788783300000,612.05,612.05,612.05,612.05
1788791400000,612.05,612.05,610.94,610.94
1788793200000,612.05,612.05,612.05,612.05
1788794100000,610.84,611.68,610.84,611.68
1788797700000,611.68,612.09,611.68,612.09
1788798600000,612.09,612.59,612.09,612.59
1788803100000,612.59,612.69,612.59,612.69
1788810300000,612.69,612.69,612.69,612.69
1788812100000,612.69,612.69,612.69,612.69
1788813000000,612.69,612.69,612.69,612.69
1788821100000,613.24,613.24,613.24,613.24
1788824700000,613.24,613.24,613.24,613.24
1788825600000,615.5,615.5,611.81,611.99
1788826500000,612.46,613.62,611.84,613
1788827400000,612.89,614.34,612.85,613.62
1788828300000,613.68,613.98,612.84,613.22
1788829200000,613.11,613.22,612.12,612.35
1788830100000,612.28,613.56,612.22,613.32
1788831000000,613.31,614.02,613.31,614
1788831900000,614,614.12,613.58,613.79
1788832800000,613.98,614.07,613.43,613.44
1788833700000,613.62,614.2,613.44,613.63
1788834600000,613.74,614.29,613.25,613.38
1788835500000,613.38,613.61,613,613
1788836400000,613.01,613.51,612.61,613.3
1788837300000,613.1,613.49,612.76,613.48
1788838200000,613.37,613.56,612.73,612.84
1788839100000,612.72,613.17,612.61,613.17
1788840000000,613.16,613.2,613.04,613.09
1788840900000,613.2,613.43,613.02,613.2
1788841800000,613.32,614.29,613.28,613.99
1788842700000,613.99,614.37,613.99,614.37
1788843600000,614.3,614.36,613.7,613.79
1788844500000,613.81,614.51,613.64,613.85
1788845400000,613.66,613.66,613.02,613.5
1788846300000,613.38,613.38,612.65,612.73
1788847200000,612.72,612.72,611.02,611.78
1788848100000,611.78,612.15,611.15,612.15
1788849000000,611.91,612.48,611.6,612.48
1788849900000,612.87,613.01,612.24,612.35
1788850800000,612.32,612.79,611.58,611.85
1788851700000,611.86,612.01,611.76,611.93
1788852600000,611.88,611.88,610.91,611.17
1788853500000,611.16,611.35,610.48,610.48
1788854400000,611.16,614.73,608.171,608.5
1788855300000,608.7767,609.8088,608.1757,608.5
1788856200000,608.5,609.5888,608.15,609.2435
1788857100000,608.93,609.23,608.5,608.9
1788858000000,608.84,611.0431,608.6055,610.01
1788858900000,610.01,610.6212,609.5,610.1888
1788859800000,610.0265,610.22,609.5,609.5329
1788860700000,610.11,611.0195,609.5,610.5
1788861600000,610.94,610.94,610.3235,610.61
1788862500000,610.6368,611.75,610.4,611.2
1788863400000,611.41,611.7332,610.79,610.85
1788864300000,611,611.4588,610.51,610.81
1788865200000,610.51,612.9899,610.3997,612
1788866100000,612.4947,613.5655,612,613.25
1788867000000,613.43,614.3088,613.1633,613.8157
1788867900000,613.7778,615.2437,613.26,615.14
1788868800000,615,615.65,614.5,614.9405
1788869700000,614.99,616.1692,614.59,615.65
1788870600000,615.5069,616.2988,614.21,614.6259
1788871500000,614.6259,615.9788,614.5,615.13
1788872400000,615.15,615.34,614.32,614.58
1788873300000,614.72,616.27,612.6,616.27
1788874200000,616,623.22,615.2,618.71
1788875100000,618.7,619.49,615.0505,617.1
1788876000000,617.1,620.93,615.3,616.8291
1788876900000,616.97,619.46,616.06,616.21
1788877800000,616.24,616.92,614.87,615.53
1788878700000,615.515,616.18,613.64,614.36
1788879600000,614.3899,618.62,613.47,617.01
1788880500000,616.95,618.26,616.02,617.12
1788881400000,617.16,617.32,615.97,616.065
1788882300000,616.11,617.9,615.5,616.2801
1788883200000,616.5999,616.76,615.1701,616.33
1788884100000,616.42,617.14,615.59,616.41
1788885000000,616.41,618.2617,616.31,618.03
1788885900000,618.12,620.03,616.97,617.025
1788886800000,616.98,619.25,616.66,618.52
1788887700000,618.52,618.52,617.5,617.894
1788888600000,617.89,618.2399,617.44,617.495
1788889500000,617.55,618.6299,617.143,617.235
1788890400000,617.235,617.54,616,616.51
1788891300000,616.58,617.22,616.49,616.56
1788892200000,616.57,617.15,615.38,616.499
1788893100000,616.46,619.76,613.6,617.975
1788894000000,617.975,624.8,609.74,613.82
1788894900000,613.82,614.87,611.0805,613.365
1788895800000,613.36,615.48,612.72,614.875
1788896700000,614.94,617.48,612.71,613.48
1788897600000,613.31,614.2554,612.12,612.48
1788898500000,612.48,613.48,612.04,612.3662
1788899400000,612.1,613.23,611.6,613.1779
1788900300000,613.1779,613.95,612.7,613.7
1788901200000,613.6624,615.75,613.449,614.99
1788902100000,614.5977,615,614.16,614.495
1788903000000,614.3221,614.95,612.7572,614.44
1788903900000,614.54,614.8353,612.8653,614.1
1788904800000,614,614.3312,613.36,613.9999
1788905700000,613.9401,614.55,613.61,614.48
1788906600000,614.4677,614.48,614,614.33
1788907500000,614.34,614.8299,614.16,614.75
1788908400000,614.6019,615.44,614.38,614.96
1788909300000,614.9,615.4,614.4632,614.7494
1788910200000,614.69,614.75,614.5,614.59
1788911100000,614.76,614.8,614.5,614.72
1788912000000,614.94,615.48,613.84,615.2
1788912900000,615,615.03,614.64,614.75
1788913800000,614.76,615.04,614.6,615
1788914700000,615,615.63,615,615.59
1788915600000,615.65,615.74,615.44,615.46
1788916500000,615.55,616.35,615.47,616.02
1788917400000,616.01,616.25,615.75,616.1
1788918300000,616.18,617.12,616.1,616.98
1788919200000,617.1,618,616.92,617.09
1788920100000,617.07,617.36,616.9,617.16
1788921000000,617.15,617.44,617.03,617.25
1788921900000,617.36,618,617.36,617.41
1788922800000,617.41,617.46,617.39,617.43
1788923700000,617.45,617.46,617.37,617.43
1788924600000,617.4,617.4,616.97,617.02
1788925500000,617.08,617.4,617.08,617.11
1788926400000,617.38,617.73,617.25,617.5
1788927300000,617.42,617.88,617.25,617.88
1788928200000,617.57,617.9,617.53,617.85
1788929100000,617.82,618.33,617.59,618.28
1788930000000,618.24,618.75,617.58,618.57
1788930900000,618.55,618.55,618,618.03
1788931800000,618.18,618.46,618.01,618.01
1788932700000,618.32,618.64,618.01,618.56
1788933600000,618.52,618.62,618.1,618.45
1788934500000,618.32,618.49,617.61,617.61
1788935400000,617.72,617.83,617.33,617.72
1788936300000,617.73,617.89,617.25,617.26
1788937200000,617.25,617.99,617.2,617.29
1788938100000,617.2,618.69,617.18,618.39
1788939000000,618.33,618.47,618.1,618.47
1788939900000,618.24,618.46,617.73,617.8
1788940800000,618.4327,620.3,613.48,618.72
1788941700000,618.81,619.42,617.8012,618.74
1788942600000,618.88,619.14,617.88,618.2
1788943500000,618.45,624.6632,618.45,624
1788944400000,624,624.25,623,623.62
1788945300000,623.5447,623.927,621.0012,621.64
1788946200000,621.5819,622,620.4,621.52
1788947100000,622,624.48,621.06,623.77
1788948000000,623.39,635,623.2,632.37
1788948900000,632.3,641.5,630.67,639.56
1788949800000,639.6,640,634.4886,635.63
1788950700000,635.611,636.84,633.01,634
1788951600000,633.24,647.89,632.35,647.28
1788952500000,647,647.43,642.75,643.35
1788953400000,643.1518,646.8,640.62,641.38
1788954300000,641.38,648,640.5,645.5
1788955200000,645.02,645.86,643,643.5
1788956100000,643.24,644,640.81,640.995
1788957000000,640.9,645.8,640.6,642.3984
1788957900000,642.24,645.83,640.5,643.899
1788958800000,643.86,647.93,643.01,647.7534
1788959700000,647.9288,650.953,645.45,648.95
1788960600000,648.64,651.691,638.5601,646.445
1788961500000,646.7,650.76,645,645.23
1788962400000,645.35,648.2,644.01,645.36
1788963300000,645.36,647.1,640.44,643.78
1788964200000,643.745,648.1,640.69,648.1
1788965100000,648.2,656.18,646.88,654.08
1788966000000,654.18,657.54,653.2,653.5799
1788966900000,653.485,657.86,651.3,652.4099
1788967800000,652.29,654.9199,651.06,651.755
1788968700000,651.75,651.92,649.52,651.635
1788969600000,651.635,654.54,651.255,652.38
1788970500000,652.44,653.22,650.81,651.07
1788971400000,651.09,651.66,649.88,650.305
1788972300000,650.34,651.15,649.27,650.85
1788973200000,650.76,653.25,650.05,651.71
1788974100000,651.7318,654.7699,649.68,653.585
1788975000000,653.53,655.5,651.15,652.5199
1788975900000,652.405,653.565,651.36,652.195
1788976800000,652,652.52,650.1001,650.58
1788977700000,650.51,653.5988,649.84,653.49
1788978600000,653.46,655.01,652.3,654.0075
1788979500000,654,654.75,652.56,653.55
1788980400000,653.59,655.3,652.42,655.04
1788981300000,655.04,656.02,654.086,655.6854
1788982200000,655.71,656.98,652.5501,653.03
1788983100000,652.99,656.2,652.05,653.69
1788984000000,653.23,653.78,651.21,651.5997
1788984900000,651.98,653.69,650.51,651.2855
1788985800000,651.3043,651.5,651.01,651.35
1788986700000,651.55,654.3743,651.2087,651.3
1788987600000,651.36,654.3743,651.32,652.29
1788988500000,652.1,654.3743,649,649
1788989400000,649,650,647.45,649.2367
1788990300000,649.2367,650.6337,649.2367,650.13
1788991200000,650.3,650.7,649.75,649.92
1788992100000,649.7776,650.1458,649.4,649.54
1788993000000,649.7,650,649,649.4
1788993900000,649.4,650,648.51,648.63
1788994800000,648.75,649.5,648,648.22
1788995700000,648.1,649.8,648.02,649.27
1788996600000,649.3,649.7366,649.1,649.31
1788997500000,649.475,650.65,649.1757,650.0162
1788998400000,648.75,650.26,648.75,649.25
1788999300000,649.37,649.99,649.07,649.49
1789000200000,649.47,649.53,648.68,649.04
1789001100000,648.88,648.9,647.52,647.63
1789002000000,647.52,647.92,647,647.02
1789002900000,646.89,647.5,646.5,646.53
1789003800000,646.62,648.02,646.04,647.82
1789004700000,647.73,648.05,646.98,647
1789005600000,647.22,647.8,646.72,647.48
1789006500000,647.57,648.24,647.41,648.12
1789007400000,648,648.55,648,648.55
1789008300000,648.5,649.14,648.33,648.86
1789009200000,648.86,649.13,648.48,648.59
1789010100000,648.48,648.54,648.24,648.31
1789011000000,648.28,648.64,648.25,648.39
1789011900000,648.27,648.39,647.95,648.17
1789012800000,648.17,649,648.13,648.7
1789013700000,648.61,649,648.35,648.95
1789014600000,648.92,648.92,648.47,648.72
1789015500000,648.77,649.11,648.77,648.9
1789016400000,648.91,649.5,648.91,649.38
1789017300000,649.5,650,649.27,649.98
1789018200000,649.97,650.12,649.75,649.75
1789019100000,649.7,650.19,649.53,650.19
1789020000000,650.02,650.6,649.99,650.25
1789020900000,650.16,650.46,649.77,650.32
1789021800000,650.49,650.7,650.26,650.63
1789022700000,650.62,650.8,650.51,650.52
1789023600000,650.5,650.5,649.83,649.83
1789024500000,649.87,649.93,649.25,649.49
1789025400000,649.32,656.05,649.3,655.9
1789026300000,655.9,657.43,655.9,657.4
1789027200000,655.92,662,647.996,659.653
1789028100000,659.9845,659.9845,658,658.56
1789029000000,658.47,660.2,658.01,659.24
1789029900000,658.5512,660.8,657.1912,657.52
1789030800000,658,659,657,658.83
1789031700000,658.83,660.781,658.05,660.391
1789032600000,659.75,661.17,658.11,658.99
1789033500000,659,659.61,658.64,659.4777
1789034400000,659.32,661.802,659.0122,661.51
1789035300000,661.3492,663.7,661.3492,662.7
1789036200000,662.7,663.23,661.45,661.45
1789037100000,661.4775,663,660.51,662.2439
1789038000000,661.75,664.5,661,662.75
1789038900000,662.6,663.8,660.5,662.38
1789039800000,661.66,663,660.5,661.22
1789040700000,661.22,662.6508,658,658.1
1789041600000,658.37,658.5831,652.52,654.181
1789042500000,655.39,655.54,651,652.51
1789043400000,652.6,653.69,649,651.4179
1789044300000,651.59,652.8,650.2,650.2
1789045200000,650.3887,653.25,650.2,651.76
1789046100000,651.876,656.18,651.72,652.7
1789047000000,653.6,663.5,647.5,648.675
1789047900000,648.585,649.28,643.09,643.95
1789048800000,643.98,650.87,643.6882,649.865
1789049700000,649.865,655.5163,649.08,653.45
1789050600000,653.445,658.75,653.03,657.21
1789051500000,657.205,658.42,655.9,657.87
1789052400000,657.98,658.88,654.5501,655.665
1789053300000,655.405,655.65,651.55,651.95
1789054200000,651.975,656.78,650.5001,654.15
1789055100000,654.14,654.2,651.92,652.5
1789056000000,652.565,654.449,651.26,652.73
1789056900000,652.82,653.06,650.25,650.65
1789057800000,650.65,651.7141,648.9,651.31
1789058700000,651.27,652.73,650.8,651.94
1789059600000,651.955,653.17,650.5,651.9
1789060500000,651.875,651.935,648.5,648.94
1789061400000,648.9,650.4937,648.05,650.1299
1789062300000,649.9153,650.25,647.95,648.35
1789063200000,648.32,649.37,647,647.3
1789064100000,647.3,647.82,646.625,647.23
1789065000000,647.25,647.5199,646.15,646.58
1789065900000,646.44,646.96,645.57,645.77
1789066800000,645.81,646.5199,643.8,645.74
1789067700000,645.8422,645.97,643.19,643.7299
1789068600000,643.61,644.95,642.9,644.735
1789069500000,644.75,645.11,642.14,644.38
1789070400000,644.37,645.0412,643,644.3082
1789071300000,644.38,644.8,643.5,643.9
1789072200000,643.9313,644.4855,643.7,644
1789073100000,644.1409,644.4996,640.3124,644.3537
1789074000000,644.3537,644.5,643.5,643.93
1789074900000,643.76,643.98,640.3124,642.4
1789075800000,642.4825,643,642.19,642.53
1789076700000,642.0955,642.7,642.05,642.51
1789077600000,642.42,643,642.1,642.282
1789078500000,642.42,643,641.8852,641.8852
1789079400000,642,642.5999,641,641.5
1789080300000,641.58,642.06,641.5,641.72
1789081200000,641.6,642.06,641.5,641.713
1789082100000,641.99,641.99,641.22,641.68
1789083000000,641.68,641.99,641.19,641.4
1789083900000,641.25,641.85,640.64,641.2127
1789084800000,641.16,641.88,640.91,641.28
1789085700000,641.5,641.5,641.12,641.14
1789086600000,641.5,642.45,641.12,641.81
1789087500000,641.48,642.27,641.39,642.27
1789088400000,642.18,642.76,641.95,642.11
1789089300000,642.1,642.38,641.96,642.35
1789090200000,642.29,642.34,642.03,642.3
1789091100000,642.27,642.81,642.01,642.45
1789092000000,642.54,642.87,642.42,642.56
1789092900000,642.51,642.51,642.18,642.42
1789093800000,642.26,642.46,642,642.2
1789094700000,642.21,642.59,642.21,642.29
1789095600000,642.2,642.37,641.9,642.1
1789096500000,642.1,642.1,641.62,641.87
1789097400000,641.69,641.9,641.02,641.9
1789098300000,641.9,641.9,641.04,641.38
1789099200000,641.38,641.88,641.03,641.6
1789100100000,641.26,642.09,641.26,642.09
1789101000000,642,642.49,641.8,642.49
1789101900000,642.45,642.6,642.4,642.41
1789102800000,642.37,642.96,642.18,642.92
1789103700000,642.78,642.92,642.17,642.31
1789104600000,642.5,643.33,642.22,643.33
1789105500000,643.03,644.34,642.95,644.16
1789106400000,643.59,644.67,643.5,644.67
1789107300000,644.43,644.66,644.05,644.38
1789108200000,644.38,644.6,644.07,644.32
1789109100000,644.32,645.7,644.31,645.54
1789110000000,645.54,646.7,645.53,646.58
1789110900000,646.6,646.69,645.08,645.3
1789111800000,645.17,645.42,645.08,645.33
1789112700000,645.24,645.32,644.46,644.46
1789113600000,644.01,646.9,641,646.02
1789114500000,646.8695,648.9,645.97,647.76
1789115400000,647.5267,648.8688,647.5222,647.715
1789116300000,647.7,649.1702,646.5077,648.86
1789117200000,648.35,649.0746,647.4385,648.55
1789118100000,647.649,648.492,647.525,647.8872
1789119000000,647.89,648.5,647.7,648.22
1789119900000,648.5,649.3988,647.7012,648.77
1789120800000,648.35,649.29,648.0322,649.067
1789121700000,649,649.1988,648.3,648.349
1789122600000,648.45,648.97,648.01,648.0307
1789123500000,648.0307,648.4988,647.8272,648.45
1789124400000,648.46,650.97,648.2,650.59
1789125300000,650.51,653,650.5,651.25
1789126200000,651.11,651.75,650.259,651.0355
1789127100000,651.04,652,650.68,650.9
1789128000000,651.07,651.47,650,651.0965
1789128900000,651.0965,653.56,650.4237,653.56
1789129800000,652.51,654.99,649.93,653.5
1789130700000,652.63,659.5,652.15,659.3
1789131600000,659.005,659.91,655.0027,655.08
1789132500000,655.05,656,653.03,653.55
1789133400000,653.02,662.45,648.51,661.4
1789134300000,661.34,664.24,652.39,655.75
1789135200000,655.51,656.43,652.7605,653.07
1789136100000,653.28,654.53,651.51,651.9
1789137000000,651.99,654.3795,651.2,653.63
1789137900000,653.775,654,648.91,649.6399
1789138800000,649.5701,652.6,649.223,651.695
1789139700000,651.695,654.25,651.55,652.27
1789140600000,652.29,654.67,651.21,653
1789141500000,653.08,653.18,650.6,652
1789142400000,652.05,653.1,650.6704,650.85
1789143300000,650.795,651.13,648.881,648.93
1789144200000,648.985,649.97,647.77,649.38
1789145100000,649.42,649.42,647.4,647.75
1789146000000,647.755,649.48,647.54,649.07
1789146900000,649.1,650.69,648.87,650.244
1789147800000,650.315,651.19,649.03,649.09
1789148700000,649.24,650,648.55,649.78
1789149600000,649.685,650.75,648.27,649.245
1789150500000,649.3799,649.7,648.2,649.34
1789151400000,649.41,650.6,648.6741,649.2699
1789152300000,649.25,650.31,648.7224,650.18
1789153200000,650.18,651.07,649.88,650.84
1789154100000,650.9,651.27,649.98,651.075
1789155000000,651.075,651.14,648.2852,648.505
1789155900000,648.4,648.95,646.2,648.03
1789156800000,647.88,648.46,647.01,647.0356
1789157700000,647.1,648.03,646.62,647.7977
1789158600000,646.9057,650.07,646.8295,647.152
1789159500000,647.152,647.7812,647.071,647.773
1789160400000,647.7157,647.79,647.11,647.4805
1789161300000,647.4977,647.62,647.02,647.3515
1789162200000,647.2995,647.36,647,647.27
1789163100000,647.25,647.62,647,647.5
1789164000000,647.46,647.5,647.3,647.3316
1789164900000,647.33,647.62,647.33,647.49
1789165800000,647.367,647.5,647.344,647.4
1789166700000,647.43,647.5,647.36,647.49
1789167600000,647.3635,647.4834,647.1235,647.15
1789168500000,647.1235,647.4,647.02,647.02
1789169400000,647.0201,647.4,647.01,647.1855
1789170300000,647.1855,647.62,647.1855,647.58
1789173000000,647.46,647.46,647.46,647.46
1789173900000,647.46,647.46,647.12,647.12
1789177500000,647.12,647.12,647.11,647.11
1789178400000,647.11,647.11,647.07,647.07
1789179300000,647.89,647.89,647.89,647.89
1789180200000,647.01,647.89,646.42,646.42
1789186500000,647.89,647.89,647.89,647.89
1789191000000,647.89,647.89,647.89,647.89
1789192800000,647.89,647.89,646.9,646.9
1789204500000,646.81,646.81,646.81,646.81
1789207200000,647.89,647.89,647.89,647.89
1789211700000,647.89,647.89,647.89,647.89
1789215300000,647.89,647.89,647.89,647.89
1789218000000,647.89,647.89,647.89,647.89
1789219800000,647.89,647.89,647.89,647.89
1789222500000,648.02,648.02,647.51,647.9
1789223400000,648.07,648.15,648.07,648.15
1789224300000,648.27,648.28,648.25,648.25
1789226100000,648.27,648.53,647.4,648.49
1789228800000,648.6,648.6,647.4,647.4
1789229700000,647.4,647.4,647.4,647.4
1789230600000,648.6,648.67,648.49,648.57
1789231500000,648.66,648.85,648.64,648.7
1789234200000,648.84,649.16,647.4,647.4
1789235100000,649.17,649.44,647.4,647.4
1789236000000,648.96,648.96,648.96,648.96
1789237800000,649.02,649.9,647.4,647.4
1789238700000,648.97,648.97,648.97,648.97
1789241400000,649.03,649.03,649.03,649.03
1789242300000,649.07,649.07,649.07,649.07
1789244100000,649.07,649.07,649.07,649.07
1789256700000,649.07,649.07,647.4,647.4
1789266600000,647.4,647.4,647.4,647.4
1789272900000,649.12,649.12,649.12,649.12
1789285500000,647.4,647.4,647.4,647.4
1789291800000,647.4,647.4,645.77,645.84
1789295400000,645.68,645.68,644.9,644.9
1789301700000,647.82,647.82,645.78,645.78
1789304400000,645.54,645.54,644.56,644.56
1789305300000,644.56,645.19,644.43,644.49
1789306200000,644.49,644.49,643.96,643.96
1789307100000,644.17,644.46,643.8,643.95
1789308000000,644.28,644.55,644.02,644.41
1789308900000,644.41,644.46,643.51,643.51
1789309800000,644.81,644.81,643.41,644.06
1789310700000,644.06,644.34,643.99,644.34
1789311600000,644.34,644.34,643.77,643.77
1789312500000,643.75,643.75,642.94,642.94
1789313400000,642.94,643.29,642.87,643.29
1789315200000,643.71,643.71,643.71,643.71
1789317000000,643.71,643.71,643.71,643.71
1789320600000,643.18,643.18,643.15,643.15
1789322400000,643.42,643.42,643.05,643.05
1789326000000,643.42,643.42,643.42,643.42
1789330500000,643.42,643.42,643.42,643.42
1789333200000,643.42,643.44,643.42,643.44
1789334100000,643.44,643.78,643.44,643.78
1789335000000,643.78,643.81,643.78,643.81
1789335900000,643.81,643.83,643.81,643.83
1789336800000,643.83,643.87,643.43,643.43
1789337700000,643.39,643.39,643.1,643.1
1789342200000,643.2,643.2,643.2,643.2
1789343100000,643.08,643.08,642.39,642.39
1789344000000,643.04,643.81,640.13,643
1789344900000,642.99,643.13,640.84,641.13
1789345800000,641.25,641.92,638.57,639.83
1789346700000,639.83,641,639.33,639.51
1789347600000,639.6,639.99,638.8,639.18
1789348500000,639.46,639.99,638.69,639.07
1789349400000,639,639.98,638.89,639.98
1789350300000,639.99,641.81,639.89,641.57
1789351200000,641.58,642.4,641.06,642.07
1789352100000,641.98,642.1,640.81,641.22
1789353000000,641.51,641.96,641.26,641.7
1789353900000,641.7,642,641.06,641.06
1789354800000,641.06,641.3,640.05,640.19
1789355700000,640.3,640.88,640.2,640.88
1789356600000,640.77,641.08,640.77,640.8
1789357500000,640.8,641.32,640.8,640.99
1789358400000,641.24,641.64,640.55,640.59
1789359300000,640.59,641.87,640.59,641.32
1789360200000,641.33,641.47,640.56,640.57
1789361100000,640.61,641.18,640.32,640.35
1789362000000,640.35,641.16,640.23,641.14
1789362900000,640.8,641.47,640.3,641.01
1789363800000,641.02,641.25,640.12,640.29
1789364700000,640.46,640.76,639.9,640.66
1789365600000,640.75,641.14,640.6,640.8
1789366500000,640.71,641.66,640.71,641.42
1789367400000,641.42,641.66,640.35,640.4
1789368300000,640.49,640.5,639.3,639.63
1789369200000,639.66,639.75,638.27,639.3
1789370100000,638.88,639.28,638.31,638.37
1789371000000,638.3,638.41,637.6,638.02
1789371900000,638.17,638.47,637,637.11
1789372800000,640.75,641.9552,636.78,640.67
1789373700000,640.73,640.74,639.3007,639.62
1789374600000,639.88,640.2688,639.26,639.26
1789375500000,639.272,640.41,638.26,639.11
1789376400000,639.26,639.9,638.51,638.56
1789377300000,638.72,640.28,638.56,639.66
1789378200000,639.66,640.7535,638.98,639.55
1789379100000,639.0012,640.69,639.0012,640.39
1789380000000,640.5,641,640.15,640.565
1789380900000,640.57,644.31,640.442,643.03
1789381800000,644.55,651.97,643.59,650.6
1789382700000,649.74,652.78,649.25,650.36
1789383600000,650.36,653.9902,648.03,653.18
1789384500000,653.19,662,653.07,659.41
1789385400000,659.53,665.73,659.3,664.68
1789386300000,664.45,665.71,661.5,662.71
1789387200000,662.15,663.2167,661,661.25
1789388100000,661.366,662.96,660.69,661.542
1789389000000,661.505,662,659,659.0125
1789389900000,659.42,659.7609,655.5055,656.29
1789390800000,656.2536,657.26,652.15,653.18
1789391700000,652.2182,659.9788,652.08,657.82
1789392600000,657.62,663.68,649.25,662.355
1789393500000,662.63,663.9,657.71,662.57
1789394400000,662.2951,662.47,658.15,658.44
1789395300000,658.405,658.48,652,653.1501
1789396200000,653.18,653.4586,650.5001,652.87
1789397100000,652.875,655.9999,652.25,654.75
1789398000000,654.5,656.09,652.46,654.8041
1789398900000,654.815,657.54,654.02,656.03
1789399800000,656,660.61,655.65,658.99
1789400700000,658.81,661.7,658.5092,660.426
1789401600000,660.535,660.595,657.97,660.235
1789402500000,660.235,661.99,660.07,660.6
1789403400000,660.6,662.2,660.47,661.805
1789404300000,662,663.705,661.23,663.5
1789405200000,663.47,664.99,663.0032,664.065
1789406100000,663.96,666.22,662.64,665.46
1789407000000,665.63,666.4,664.06,664.135
1789407900000,664.02,666.5797,663.89,665.33
1789408800000,665.245,668.6,665,666.295
1789409700000,666.25,668.28,665.06,667.84
1789410600000,667.81,668.19,666.26,666.35
1789411500000,666.225,666.28,664.98,665.59
1789412400000,665.59,666.1,664.875,665.895
1789413300000,665.9,665.9,664.09,665.76
1789414200000,665.76,667.59,665.65,666.3
1789415100000,666.21,668.51,664.6,665.6
1789416000000,665.7,666,664.56,664.7499
1789416900000,664.75,665.6,664.15,664.41
1789417800000,664.4237,664.6,664.0172,664.0997
1789418700000,664.05,664.47,664.05,664.22
1789419600000,664.4416,664.5002,663.67,664
1789420500000,664.25,665.5,664,664.1
1789421400000,664.852,664.975,664,664.31
1789422300000,664.1,665,664,664.24
1789423200000,664.59,664.59,664,664.32
1789424100000,664.32,664.5899,664.04,664.2
1789425000000,664.2,664.59,664.04,664.59
1789425900000,664.5,664.81,664.04,664.38
1789426800000,664.38,665.59,664.1,665.07
1789427700000,665.0777,665.47,664.5,664.78
1789428600000,664.7366,664.8,664.0412,664.55
1789429500000,664.59,665.05,664.37,664.88
1789430400000,664.44,664.73,664,664.5
1789431300000,664.49,664.49,664.05,664.11
1789432200000,664.1,664.35,663.76,664.22
1789433100000,664.05,664.43,663.7,664.07
1789434000000,664.06,664.37,663.71,664.11
1789434900000,664.11,664.2,663.85,663.99
1789435800000,663.78,663.8,663.11,663.35
1789436700000,663.49,663.7,663.22,663.37
1789437600000,663.27,663.74,663.27,663.49
1789438500000,663.38,663.83,663.29,663.59
1789439400000,663.4,663.5,662.98,663.32
1789440300000,663.03,663.2,662.5,662.87
1789441200000,662.84,663.18,662.6,663.17
1789442100000,663.15,663.44,662.66,662.89
1789443000000,662.88,662.99,662.74,662.96
1789443900000,662.96,663,662.41,662.7
1789444800000,662.65,662.91,662.46,662.79
1789445700000,662.5,662.5,662,662
1789446600000,662,662.28,661.69,662.27
1789447500000,662.18,662.24,661.36,661.46
1789448400000,661.54,661.62,660.54,660.57
1789449300000,660.75,661.5,660.64,661.3
1789450200000,661.31,662.05,661.31,661.82
1789451100000,662.14,662.8,662,662.23
1789452000000,662.36,662.82,662.09,662.09
1789452900000,662.44,662.71,662.02,662.36
1789453800000,662.26,662.26,661.5,661.81
1789454700000,661.55,661.91,661.08,661.27
1789455600000,661.2,661.36,660.22,660.22
1789456500000,660.39,661.47,660.1,660.46
1789457400000,660.59,661.2,659.79,659.79
1789458300000,659.63,659.91,659.05,659.18
1789459200000,662,665.6,658.2,659
1789460100000,659.09,659.84,658.2,659.4
1789461000000,658.87,659.92,658.5,659.41
1789461900000,659.41,659.8288,659,659.8272
1789462800000,659.5377,660.32,659.33,659.4
1789463700000,660.3194,660.3194,659.08,659.43
1789464600000,659.52,660.969,659.2,659.76
1789465500000,659.95,661.5227,659.7802,660.85
1789466400000,661.1,661.5165,660.57,660.88
1789467300000,660.965,662,660.6,661.2957
1789468200000,661.31,662,661.2,661.4
1789469100000,661.44,662.7,661.3185,662.54
1789470000000,662.775,665.6,662.3,662.8
1789470900000,662.4,663.3088,661.71,662.3409
1789471800000,662.155,662.4,661.7,662.0021
1789472700000,662.0347,662.1,661.5,661.6
1789473600000,661.7,661.97,661.27,661.61
1789474500000,661.65,662.39,661.12,662
1789475400000,661.932,662.9988,661.59,662.1514
1789476300000,661.7761,664.65,661.75,663.54
1789477200000,663.54,664.6,663,663.5
1789478100000,663.4036,663.89,658.5,659.18
1789479000000,659.3,675.5,656.2,675.165
1789479900000,675.3151,675.4,669,672.77
1789480800000,672.645,678.87,664.79,669.81
1789481700000,669.84,671.97,665.46,668.215
1789482600000,668.0001,668.16,664,664.65
1789483500000,664.56,665.9799,663.38,665.49
1789484400000,665.53,672.29,665.31,669.84
1789485300000,669.918,673.5,666.12,666.7
1789486200000,666.71,668.56,665.57,666.18
1789487100000,666.32,669.0878,665.65,669.04
1789488000000,669.085,669.6,665.9588,666.165
1789488900000,666.2799,667.86,664.77,665.17
1789489800000,665.083,667.11,664.7,666.02
1789490700000,665.9301,666.335,664.62,665.59
1789491600000,665.59,666.68,664.76,664.76
1789492500000,664.85,666.499,664.33,665.12
1789493400000,665.2,668.04,664.88,667.453
1789494300000,667.585,668.04,665.98,666.57
1789495200000,666.5699,669.75,666.46,669.66
1789496100000,669.66,671.3,668.76,670.64
1789497000000,670.52,670.57,668.2888,668.53
1789497900000,668.53,671.45,668.09,671.1593
1789498800000,671.24,672.48,670.1,672.325
1789499700000,672.3,672.409,671.06,671.48
1789500600000,671.41,672.13,668.67,669.36
1789501500000,669.2,671.645,668.83,670.24
1789502400000,670.49,671,670,670.8
1789503300000,670.68,670.9,670.24,670.6688
1789504200000,670.5,670.8425,670.18,670.4935
1789505100000,670.4479,670.5,670.18,670.2447
1789506000000,670.188,670.492,669.5,669.5465
1789506900000,669.7593,669.7593,668,668.5
1789507800000,668.4714,669.7084,668,668.35
1789508700000,668.6,668.67,668,668.65
1789509600000,668.67,669.8,668.16,668.49
1789510500000,668.474,669.5,668.26,668.83
1789511400000,668.83,669.5,668.5,668.68
1789512300000,668.7184,668.81,668.54,668.8077
1789513200000,668.81,668.81,668.06,668.81
1789514100000,668.55,668.81,668.05,668.2008
1789515000000,668.16,668.81,668,668.81
1789515900000,668.7,668.81,668,668.7
1789516800000,668.05,669.2,668.05,668.52
1789517700000,668.52,668.83,668.29,668.7
1789518600000,668.76,669.12,668.32,668.99
1789519500000,668.87,669.12,668.42,669.12
1789520400000,668.9,669.47,668.63,669.47
1789521300000,669.27,669.67,669.22,669.67
1789522200000,669.1,669.28,668.74,668.78
1789523100000,668.98,669.12,668.56,668.99
1789524000000,668.78,669.31,668.54,668.54
1789524900000,668.55,669.14,668.55,669.14
1789525800000,669.14,670.22,668.95,669.98
1789526700000,669.82,671,669.78,670.27
1789527600000,670.29,671,670.15,671
1789528500000,671.27,671.81,671.2,671.2
1789529400000,671.07,671.29,670.82,671.19
1789530300000,671.19,672,671.19,671.34
1789531200000,671.37,671.47,671.06,671.17
1789532100000,671.35,671.39,670.69,670.9
1789533000000,670.59,670.74,669,670.23
1789533900000,670.02,670.23,669.98,670.01
1789534800000,670.02,670.14,669.95,670.02
1789535700000,670.21,670.64,670.15,670.47
1789536600000,670.53,670.98,670.39,670.63
1789537500000,670.65,671.4,670.42,671.4
1789538400000,671.37,673.49,671.37,673.39
1789539300000,673.2,673.21,671.56,672
1789540200000,672.01,672.5,671.97,672.5
1789541100000,672.5,673.2,672.16,673.05
1789542000000,673.22,673.77,673.01,673.56
1789542900000,673.65,674.2,672.29,672.48
1789543800000,672.51,673.37,672.49,672.99
1789544700000,672.63,672.98,672.27,672.27
1789545600000,672.5,674.2,668.9875,672.48
1789546500000,672.48,672.8872,670.2412,670.2575
1789547400000,670.9388,670.9388,669.3212,670.0445
1789548300000,669.885,671.349,669.3795,670.86
1789549200000,670.7,671.9442,669.8012,669.91
1789550100000,669.89,670.3167,669.13,669.16
1789551000000,669.84,669.9687,669,669.72
1789551900000,669.91,669.9397,669.15,669.6
1789552800000,669.77,670,669.1797,669.98
1789553700000,669.9,669.9888,669.1512,669.5
1789554600000,669.74,669.7988,668.1615,669.7988
1789555500000,669.332,669.99,668.8,669.66
1789556400000,670.36,670.7788,667,668.3178
1789557300000,668.48,668.59,668.01,668.36
1789558200000,668.439,676.02,667.63,673.6856
1789559100000,673.91,676.99,673.6602,676
1789560000000,676.2,676.88,675.1782,676.14
1789560900000,676.4,677.25,675.2,676.8
1789561800000,676.2512,676.9,675.92,676.3907
1789562700000,676.34,677.3,674.2301,676.05
1789563600000,675.93,676.755,674.16,675.1189
1789564500000,675.45,680.8622,675,679.96
1789565400000,679.75,685.31,675.2101,677.62
1789566300000,677.65,682.27,674.2901,681.32
1789567200000,681.135,681.2,678.16,680.295
1789568100000,680.41,681.1599,678.8,679.82
1789569000000,679.735,680.5,677.26,679.775
1789569900000,679.775,680.38,678.44,679.335
1789570800000,679.2,679.98,678.3201,679.23
1789571700000,679.31,679.75,676.06,676.36
1789572600000,676.4285,677.71,675.18,677.25
1789573500000,677.16,679.1,676.67,677.45
1789574400000,677.41,677.75,675.33,676.32
1789575300000,676.32,677,675.56,676.4
1789576200000,676.465,677.5094,676.2,676.5327
1789577100000,676.7,676.99,675.34,676.52
1789578000000,676.515,677.045,675.8,676.945
1789578900000,676.9,677.297,675.88,676.345
1789579800000,676.36,677,674.62,675.065
1789580700000,675.0725,676.4,673.3,676.4
1789581600000,676.06,682,675.4501,678.39
1789582500000,678.285,680,677.6,678.57
1789583400000,678.525,683.5,676,682.99
1789584300000,683.005,684.87,677,678.155
1789585200000,678.2221,680.61,674.56,675.135
1789586100000,675.12,675.9999,671.9142,673.16
1789587000000,672.76,675.25,672.26,673
1789587900000,673.155,677.43,672.155,673.31
1789588800000,673.31,673.96,672.7,673.01
1789589700000,673.2,674.49,672.9,673.4439
1789590600000,673.5,674.976,673.02,674.12
1789591500000,674.13,674.85,674,674.4777
1789592400000,674.0729,674.7121,674.0368,674.305
1789593300000,674.305,674.5,674.3,674.3342
1789594200000,674.3342,674.6,674.33,674.6
1789595100000,674.5025,674.6,674.3,674.307
1789596000000,674.307,674.58,672.5,674.1
1789596900000,674.448,674.9399,674,674.77
1789597800000,674.77,676.42,674.65,676.1
1789598700000,676.1,676.68,675.8,676.36
1789599600000,676.4127,677.35,676,677.2
1789600500000,677.2,677.87,677.02,677.7282
1789601400000,677.5,678.4,677.5,678.3018
1789602300000,678.3555,679,678.35,678.68
1789603200000,678.72,680.02,678.24,678.24
1789604100000,678.53,679.33,678.24,678.67
1789605000000,678.65,679.49,678.61,679
1789605900000,679,679.25,678.44,679.24
1789606800000,679.23,679.53,678.8,679.34
1789607700000,679.47,679.69,679.1,679.41
1789608600000,679.55,679.66,679,679.1
1789609500000,679.2,679.42,678.4,678.46
1789610400000,678.52,678.83,678.42,678.75
1789611300000,678.67,678.8,678.33,678.66
1789612200000,678.78,678.88,678.36,678.84
1789613100000,678.81,678.81,678.23,678.42
1789614000000,678.66,678.94,678.66,678.87
1789614900000,678.87,678.92,678.63,678.81
1789615800000,678.77,679.01,678.66,679.01
1789616700000,679.12,679.57,679.03,679.56
1789617600000,679.5,679.8,679.29,679.73
1789618500000,679.73,679.73,679.48,679.53
1789619400000,679.59,679.98,679.32,679.76
1789620300000,679.76,680,679.58,679.93
1789621200000,679.87,679.9,679.47,679.55
1789622100000,679.5,679.68,679.22,679.45
1789623000000,679.51,679.54,678.77,679.01
1789623900000,678.95,679.2,678.5,678.51
1789624800000,678.5,679.2,678.44,679.2
1789625700000,679.05,679.79,679.04,679.79
1789626600000,679.83,681.2,679.83,681.02
1789627500000,681.01,681.28,680.87,681.22
1789628400000,681.4,682.09,681.22,681.69
1789629300000,681.85,682.34,681.62,682.11
1789630200000,682.31,682.56,682.14,682.19
1789631100000,682.34,682.49,681.78,682
1789632000000,679.58,682.7705,673.31,681.02
1789632900000,680.9539,681.5042,680.5,680.69
1789633800000,680.51,681.46,680.506,680.71
1789634700000,680.71,682.673,680.71,681.73
1789635600000,681.72,682.02,681.05,681.1356
1789636500000,681.12,681.1272,680.73,681.0888
1789637400000,680.8,681.39,680.73,681.19
1789638300000,681.3,682.1988,680.73,680.7312
1789639200000,680.7748,681.53,680.7312,681.02
1789640100000,680.99,681.4027,680.3012,680.82
1789641000000,680.61,681.46,680.39,680.39
1789641900000,680.5411,681.2,680,680.42
1789642800000,680.6,680.6,679.38,680.04
1789643700000,680.05,680.4,679.38,679.55
1789644600000,679.51,679.76,679.07,679.21
1789645500000,679.21,680.5,678.535,679.9383
1789646400000,679.5261,680.95,679.35,680.2864
1789647300000,680.12,681.87,680,681.7
1789648200000,681.505,682.4988,681,681.34
1789649100000,681.0736,681.79,680.5,681.79
1789650000000,681.6807,682.28,680.4,680.75
1789650900000,680.67,682.5,679.3,681.24
1789651800000,682.44,683.07,667.05,669.34
1789652700000,669.44,672.325,668.2643,670.485
1789653600000,670.495,675.6597,669.2,674.1455
1789654500000,674.1344,674.1344,671.3,672.0001
1789655400000,672,675.0899,671.8455,673.6
1789656300000,673.56,674.91,672.23,673.11
1789657200000,673.075,674.01,671.5841,673.8961
1789658100000,673.955,675.99,673.66,674.28
1789659000000,674.37,676.46,673.8974,676.114
1789659900000,676.22,679.5,675.5101,679.17
1789660800000,679.13,679.29,677.72,678.335
1789661700000,678.45,679.49,677.04,679.36
1789662600000,679.265,679.75,677.51,677.94
1789663500000,678.03,678.925,677.13,677.36
1789664400000,677.2929,679,677.05,678.525
1789665300000,678.555,679.03,677.475,678
1789666200000,678.09,678.74,677.2401,678.28
1789667100000,678.215,678.28,676.84,677.2
1789668000000,677.2204,678.28,675.82,676.47
1789668900000,676.58,678.25,676.15,677.91
1789669800000,677.925,678.08,675.83,676.11
1789670700000,676.13,677.22,675.8784,675.96
1789671600000,675.97,677.055,675.86,676.55
1789672500000,676.6,678.1,676.14,677.42
1789673400000,677.42,680.5,677.195,680.4
1789674300000,680.39,683.2,679.74,682.31
1789675200000,682.28,683,681.17,681.39
1789676100000,681.55,682.31,681,681.35
1789677000000,681.35,682.31,680.88,681.14
1789677900000,681.0738,684.5517,679.95,680.4627
1789678800000,680.3987,681.3799,680.0101,680.8629
1789679700000,681.2,681.38,680.44,680.68
1789680600000,680.6499,681.38,680.5,680.91
1789681500000,680.767,681.3435,680.5,680.646
1789682400000,680.6,680.9199,679.36,680.38
1789683300000,680.37,680.874,680.04,680.7
1789684200000,680.5333,680.8035,680.5,680.5
1789685100000,680.5,680.75,680.5,680.6371
1789686000000,680.75,681.38,680.7,680.81
1789686900000,681,681.38,680.7,680.7356
1789687800000,680.99,681.3375,680.85,681.24
1789688700000,681.35,681.6037,680.85,681.58
1789689600000,681.01,684.93,681.01,681.59
1789690500000,681.67,681.81,681.27,681.51
1789691400000,681.51,682.32,681.51,682.32
1789692300000,682.14,682.26,681.63,682.05
1789693200000,682.13,682.25,681.98,682.02
1789694100000,681.99,682,681.63,681.92
1789695000000,681.64,682.05,681.64,682.05
1789695900000,681.93,682.31,681.93,682.31
1789696800000,682.25,682.35,682.14,682.3
1789697700000,682.19,682.52,682.13,682.42
1789698600000,682.44,682.49,682.07,682.2
1789699500000,682.21,682.74,682.17,682.29
1789700400000,682.36,683.87,682.31,683.08
1789701300000,683.08,683.25,682.62,682.65
1789702200000,682.65,683.29,682.65,682.87
1789703100000,683,683.92,683,683.5
1789704000000,683.49,684.28,683.22,683.3
1789704900000,683.5,683.69,683.19,683.19
1789705800000,683.3,683.99,683.3,683.93
1789706700000,683.93,684.5,683.93,684.4
1789707600000,684.53,684.57,684.12,684.5
1789708500000,684.5,685.3,684.5,684.97
1789709400000,685,686,685,685.8
1789710300000,685.71,685.71,684.97,685.28
1789711200000,685.28,685.54,685,685.21
1789712100000,685.44,686.36,685.22,686.36
1789713000000,686.36,686.88,686.36,686.45
1789713900000,686.45,686.71,686.2,686.64
1789714800000,686.71,686.97,686.51,686.69
1789715700000,686.67,687,686.57,686.97
1789716600000,686.98,687.1,686.56,686.7
1789717500000,686.69,687.42,686.69,686.72
1789718400000,686.82,687.25,682.0455,685.21
1789719300000,685.03,686.55,684.0387,685.5
1789720200000,685.05,686.48,685.0012,685.0335
1789721100000,685.89,686.58,685.0512,686
1789722000000,685.65,686.01,685.1512,685.9019
1789722900000,686,686.35,685.3006,685.76
1789723800000,685.755,686.13,684.134,685.904
1789724700000,685.7888,685.79,684.3092,684.65
1789725600000,684.6085,684.96,684.5,684.88
1789726500000,684.909,686.5,684.6,685.12
1789727400000,685.37,685.9265,684.9,685.45
1789728300000,685.372,685.7776,685.2062,685.34
1789729200000,685.34,685.48,682.31,684.6
1789730100000,684.95,689.18,684.5,688.9535
1789731000000,688.86,694.34,688.8,692.0599
1789731900000,692.0043,693.0025,691.5,692.01
1789732800000,692.65,693,691.01,692.88
1789733700000,692.8093,693,690.16,690.25
1789734600000,690.235,691.2012,689,690.5003
1789735500000,690.5,691.5,690,690.9535
1789736400000,690.76,690.9844,689,689.263
1789737300000,689.19,690.43,685.1103,686.72
1789738200000,686.82,690.15,670.91,672.9
1789739100000,672.97,676.5599,668.4906,674.67
1789740000000,674.96,676.25,670.63,670.8425
1789740900000,670.98,674.585,669.9,673.62
1789741800000,673.7165,676.6,673.07,675.685
1789742700000,675.645,680.1,674.28,679.84
1789743600000,679.805,681.835,675.22,675.62
1789744500000,675.5,677.76,673.5483,673.68
1789745400000,673.78,674.02,671.88,672.83
1789746300000,672.83,673.2044,671.243,672.0699
1789747200000,672,672.2,669.8,670.44
1789748100000,670.42,671.64,669.43,670.89
1789749000000,670.9061,671.67,669.77,671.425
1789749900000,671.75,672.5,669.59,669.82
1789750800000,669.795,671.837,669.27,671.837
1789751700000,671.835,672.59,670.56,670.6
1789752600000,670.65,671.5999,670.13,671.42
1789753500000,671.55,671.82,670.3001,670.63
1789754400000,670.745,672.49,670.45,670.62
1789755300000,670.71,671.62,670.71,671.23
1789756200000,671.23,672.9,670.7365,672.745
1789757100000,672.745,674.3,672.6001,672.76
1789758000000,672.76,673.2,672,672.24
1789758900000,672.29,672.31,670.15,670.5086
1789759800000,670.495,670.6395,668.61,669.28
1789760700000,669.26,670.4,660.8,665.75
1789761600000,665.26,669.6,665.26,667.5205
1789762500000,667.15,669,665.75,668.4
1789763400000,668.4842,669.5,668.11,668.33
1789764300000,668.6,669.24,665.75,668.62
1789765200000,668.6,668.69,665.75,668
1789766100000,668.2,668.5,668,668.4767
1789767000000,668.4767,668.88,668.3,668.7
1789767900000,668.88,668.88,668.35,668.4197
1789768800000,668.41,668.8,668.4,668.41
1789769700000,668.7,668.88,668.41,668.75
1789770600000,668.8028,668.8125,667.73,668.21
1789771500000,668.35,668.43,668,668.2399
1789772400000,668.234,668.59,668,668.07
1789773300000,668.1854,668.59,668.1,668.28
1789774200000,668.3,668.59,668.0589,668.09
1789775100000,668.1498,668.59,668,668.5506
1789776000000,668.49,668.49,668.49,668.49
1789778700000,668.78,668.78,668.78,668.78
1789780500000,668.82,668.87,668.82,668.87
1789783200000,668.9,668.9,668.9,668.9
1789784100000,668.93,669.46,668.93,669.46
1789785000000,669.59,669.67,669.59,669.67
1789785900000,669.73,669.75,669.73,669.75
1789791300000,669.82,669.82,669.82,669.82
1789803000000,669.82,669.86,669.82,669.86
1789805700000,669.93,670.32,669.93,670.17
1789806600000,670.27,670.29,670.27,670.29
1789807500000,669.74,669.74,669.74,669.74
1789811100000,670.23,670.83,669.97,669.97
1789816500000,669.93,669.93,669.93,669.93
1789818300000,669.93,669.93,669.91,669.91
1789819200000,669.91,669.91,669.91,669.91
1789820100000,669.99,669.99,669.26,669.26
1789821000000,670.28,670.28,669.4,669.4
1789827300000,668.53,668.53,668.53,668.53
1789828200000,670.25,670.25,670.25,670.25
1789829100000,670.25,670.25,670.25,670.25
1789837200000,670.37,670.68,670.29,670.48
1789838100000,670.25,670.87,670.03,670.87
1789839000000,670.96,671.43,670.95,670.95
1789840800000,670.95,670.95,670.95,670.95
1789843500000,670.95,670.95,670.95,670.95
1789844400000,670.95,670.95,670.95,670.95
1789845300000,670.95,670.95,670.95,670.95
1789848000000,670.95,670.95,670.95,670.95
1789848900000,671.29,671.29,671.29,671.29
1789869600000,670.83,670.83,670.83,670.83
1789872300000,670.83,670.83,670.83,670.83
1789873200000,670.83,670.83,670.81,670.81
1789875000000,670.81,670.81,670.73,670.73
1789875900000,670.73,670.73,670.73,670.73
1789877700000,670.74,670.74,670.74,670.74
1789883100000,670.73,670.73,670.15,670.15
1789885800000,670.15,670.15,670.11,670.11
1789886700000,670.12,670.12,670.12,670.12
1789887600000,670.11,670.11,670.11,670.11
1789893000000,670.12,670.12,668.35,668.35
1789897500000,668.35,668.35,668.35,668.35
1789900200000,668.52,668.52,668.52,668.52
1789901100000,668.35,668.35,668.35,668.35
1789905600000,670.33,670.56,670.33,670.56
1789906500000,670.8,670.8,670.8,670.8
1789912800000,670.8,670.95,670.8,670.95
1789913700000,671.01,671.02,671.01,671.02
1789914600000,670.97,670.97,670.97,670.97
1789919100000,670.39,670.71,670.13,670.71
1789924500000,670.66,670.66,670.13,670.13
1789925400000,670.74,670.74,670.74,670.74
1789930800000,670.9,670.9,670.9,670.9
1789934400000,670.13,670.13,670.13,670.13
1789935300000,670.45,670.45,670.45,670.45
1789938900000,670.13,670.13,670.13,670.13
1789942500000,670.9,670.92,670.9,670.92
1789943400000,670.95,671.07,670.95,671.07
1789944300000,670.68,671.14,670.68,671.14
1789945200000,671.18,671.32,671.18,671.32
1789946100000,671.56,671.72,671.56,671.72
1789947000000,671.74,671.74,671.74,671.74
1789947900000,671.74,671.78,671.74,671.78
1789948800000,671.28,675.73,670.6,672.15
1789949700000,672.04,673.21,671.24,672.12
1789950600000,672.12,673.01,672.12,672.12
1789951500000,672.1,673.76,672.01,673.69
1789952400000,673.75,674.9,673.01,673.88
1789953300000,673.37,674.5,673.32,674
1789954200000,674,674.31,673.27,673.5
1789955100000,673.41,675.11,673.17,674.39
1789956000000,674.39,675.09,674.13,675.09
1789956900000,674.93,675.09,674.2,674.75
1789957800000,674.6,675.46,674.59,675.41
1789958700000,675.19,675.37,674.52,674.69
1789959600000,674.99,675.73,674.85,675.49
1789960500000,675.53,676.15,675.53,675.99
1789961400000,675.8,675.8,675.42,675.53
1789962300000,675.53,676.17,675.51,675.82
1789963200000,675.95,676.39,675.85,676.31
1789964100000,676.31,677.18,676.31,676.88
1789965000000,677.07,678.29,677.02,677.7
1789965900000,677.7,678.97,677.23,678.97
1789966800000,678.97,680.25,678.97,679.82
1789967700000,679.83,681,679.82,680.01
1789968600000,680,680.02,678.52,678.52
1789969500000,678.52,679.36,678.04,679.18
1789970400000,679.18,679.57,678.7,679
1789971300000,679,679.71,679,679.21
1789972200000,679.05,682.46,679.05,680.91
1789973100000,681.09,682.24,680.96,682.24
1789974000000,681.92,682.64,681.84,682.4
1789974900000,682.44,682.58,681.64,682.05
1789975800000,682.28,682.28,681.16,681.38
1789976700000,681.19,682.2,681.16,682.2
1789977600000,681.59,683.3347,675.7857,681.87
1789978500000,681.94,685.1089,681.0507,684.75
1789979400000,683.75,684.24,683,683.16
1789980300000,683.19,683.3,681.6,681.81
1789981200000,681.81,682.79,681.4012,682.55
1789982100000,682.6,683.2988,681.5,681.5
1789983000000,681.5,682.175,680.5125,681.14
1789983900000,681,681.99,680.5217,681.5
1789984800000,681.5,682,680.51,681.0205
1789985700000,681.03,684.545,680.7895,683.69
1789986600000,683.22,684.1702,681.91,682.58
1789987500000,682.975,685.967,682.2,683.4
1789988400000,683.14,684.4988,682,682.261
1789989300000,682.46,682.75,680.5,681.5506
1789990200000,681.24,681.89,679.4925,681.8717
1789991100000,681.8,683,680,680.9113
1789992000000,680.9817,681.2976,678.0101,678.1468
1789992900000,678.1552,680.09,678.15,679.93
1789993800000,679.8,681.77,679.56,681.4066
1789994700000,681.01,682.2,680.8012,681.3119
1789995600000,681.3634,681.645,680.0285,681.46
1789996500000,681.27,681.5,679.5,680.41
1789997400000,680.38,704.43,679.6,703.575
1789998300000,703.68,712,699.5,711.8
1789999200000,711.65,716.29,709.3801,712.655
1790000100000,712.6,716,710.355,712.355
1790001000000,712.355,713.57,708.66,709.21
1790001900000,709.2,711.91,708.25,709.545
1790002800000,709.8246,709.94,706.1,709.78
1790003700000,709.77,713.6896,709.72,712.535
1790004600000,712.405,719.94,712.37,719.435
1790005500000,719.44,722.38,717.8,720.9152
1790006400000,720.99,725.7599,720.805,724.635
1790007300000,724.55,728.4,724.44,726.53
1790008200000,726.495,729.95,726.47,727.8
1790009100000,728.05,729.69,727.17,728.875
1790010000000,728.83,734.95,728.19,734.15
1790010900000,734.12,738.31,732.9,737.649
1790011800000,737.6397,744.49,736.34,743.9
1790012700000,743.9,744.29,739.92,744.03
1790013600000,743.97,745.6,741.32,743.69
1790014500000,743.69,749.49,741.43,747.34
1790015400000,747.34,748.76,746.12,746.81
1790016300000,746.81,747.4493,744.24,745.715
1790017200000,745.715,746.0699,742.87,745
1790018100000,745.22,746.49,743.74,746.25
1790019000000,746.14,753,745.98,748.22
1790019900000,748.17,750.72,740.83,741.245
1790020800000,741.12,742.0385,740.1,741.13
1790021700000,741.2,741.35,740.5,740.8288
1790022600000,740.82,741.18,740.52,740.762
1790023500000,740.7525,740.977,740.6,740.83
1790024400000,740.7037,741.3988,739.71,739.7984
1790025300000,739.71,741.245,739.55,740.37
