ts_ms,open,high,low,close
1780272000000,456.52,468.01,452,464.76
1780272900000,464.97,465.27,462.31,463.81
1780273800000,463.99,463.99,461.49,461.49
1780274700000,461.49,461.78,459.01,459.1
1780275600000,459.05,460.1,456.55,459.15
1780276500000,459.21,460.01,457.84,457.84
1780277400000,457.84,460.68,457.8,459.22
1780278300000,459.22,460.06,459.12,460.01
1780279200000,460,460.01,459.46,459.93
1780280100000,459.92,459.94,459.35,459.69
1780281000000,459.69,459.97,458.3,458.31
1780281900000,458.31,459.66,458.31,459.45
1780282800000,459.46,459.83,458.79,458.86
1780283700000,458.84,459.27,458.47,458.96
1780284600000,458.96,459.7,458.57,459.12
1780285500000,459.12,459.42,458.65,459.01
1780286400000,458.99,460,458.84,459.88
1780287300000,459.88,462.99,459.58,462.67
1780288200000,462.68,463.29,461.81,462.63
1780289100000,462.64,464.54,462.39,464.5
1780290000000,464.54,464.69,462.79,462.79
1780290900000,462.9,463.74,462.53,462.69
1780291800000,462.71,463.02,462.31,462.46
1780292700000,462.47,462.72,460.14,460.92
1780293600000,460.83,461.94,460.52,460.52
1780294500000,460.54,460.88,459.49,460.5
1780295400000,460.5,460.87,460.21,460.54
1780296300000,460.54,460.54,459.83,460.16
1780297200000,460.16,460.79,459.05,459.22
1780298100000,459.24,459.83,458.65,459.38
1780299000000,459.38,459.55,458.49,458.78
1780299900000,458.82,459.15,458.3,459.06
1780300800000,458.56,460.775,451.324,459.99
1780301700000,460.98,463.284,460.31,462.99
1780302600000,462.55,463.31,461.925,463.11
1780303500000,463.03,463.389,462.161,463.22
1780304400000,462.86,463.987,462.301,463.69
1780305300000,462.97,465.623,462.962,465
1780306200000,463.3,465.135,462.258,462.29
1780307100000,464.02,464.158,462.894,463.66
1780308000000,464.01,464.643,463.059,464.27
1780308900000,464.58,465.378,464.094,465.36
1780309800000,465.33,465.33,464.155,464.74
1780310700000,464.57,466.129,464.155,465.62
1780311600000,464.51,468.55,464.32,467.41
1780312500000,467.95,470.393,466.712,470.24
1780313400000,470.2,472,468.5,469.51
1780314300000,469.51,470.86,468.922,469
1780315200000,468.3,469.457,466.188,466.99
1780316100000,467.36,467.832,466.233,466.8
1780317000000,466.36,468.51,466.36,467.51
1780317900000,467.19,467.665,464.929,465.33
1780318800000,465,465.78,463.285,463.74
1780319700000,463.41,465.251,460,465.24
1780320600000,464.83,465.73,459.01,463.045
1780321500000,463.07,465.42,460.98,464.67
1780322400000,464.785,466.28,460.23,460.84
1780323300000,460.89,462.73,460.255,461.805
1780324200000,461.805,461.81,459.2,461.555
1780325100000,461.615,463.2,460.175,463.19
1780326000000,463.19,463.4,459.24,461.11
1780326900000,461.15,462.205,460.225,460.585
1780327800000,461.825,463.89,461.17,461.289
1780328700000,461.295,461.81,460.35,460.522
1780329600000,460.47,461.15,459.22,460.624
1780330500000,460.535,461.8,459.28,461.683
1780331400000,461.688,462.41,461.43,462.093
1780332300000,462.092,462.44,461.545,461.96
1780333200000,461.914,462.175,460.58,460.724
1780334100000,460.735,461.05,459.61,460.307
1780335000000,460.3,460.525,458.61,459.299
1780335900000,459.17,460.11,458.31,459.975
1780336800000,460.005,461.67,459.59,461.089
1780337700000,461.087,461.38,460.32,460.858
1780338600000,460.858,461.195,460.52,461.033
1780339500000,461.027,461.29,460.11,460.974
1780340400000,460.966,462.4,460.76,462.332
1780341300000,462.331,464.075,462.33,463.789
1780342200000,463.786,464.135,462.32,462.384
1780343100000,462.32,462.46,460.035,460.525
1780344000000,460.535,460.731,459.353,459.875
1780344900000,459.86,460.11,458.957,459.261
1780345800000,459.263,459.879,459.2,459.601
1780346700000,459.613,459.634,455.501,455.929
1780347600000,455.929,455.985,454.586,455.386
1780348500000,455.386,455.673,454.26,454.689
1780349400000,454.685,454.945,453.182,453.234
1780350300000,453.235,454.593,452.52,454.341
1780351200000,454.344,454.624,453.21,453.724
1780352100000,453.721,453.721,452.313,452.321
1780353000000,452.327,452.695,451.838,451.981
1780353900000,451.98,452.87,451.528,452.87
1780354800000,452.878,453.049,452.406,452.406
1780355700000,452.405,452.461,450.614,450.635
1780356600000,450.654,451.933,450.377,451.6
1780357500000,451.6,452.374,451.35,452.352
1780358400000,452.73,452.93,451.56,451.57
1780359300000,451.57,451.79,450.35,451.07
1780360200000,451.05,452.05,450.9,451.7
1780361100000,451.69,451.69,450.83,451.33
1780362000000,451.22,451.79,451.01,451.6
1780362900000,451.6,451.76,451.14,451.14
1780363800000,451.21,451.51,451,451.16
1780364700000,451.15,451.18,450.49,450.64
1780365600000,450.61,450.99,450.37,450.5
1780366500000,450.54,450.96,450.46,450.79
1780367400000,450.8,451.35,450.8,451.1
1780368300000,451.1,451.45,450.82,451.34
1780369200000,451.38,451.64,451.01,451.19
1780370100000,451.24,451.25,450.63,450.66
1780371000000,450.69,451.3,450.49,450.87
1780371900000,450.92,451.27,450.92,451.06
1780372800000,451.06,451.25,450.62,450.72
1780373700000,450.71,450.94,450.68,450.84
1780374600000,450.93,450.96,450.58,450.82
1780375500000,450.82,451.07,450.34,450.52
1780376400000,450.52,451.25,450.52,451.23
1780377300000,451.26,451.78,450.89,451.67
1780378200000,451.79,452,451.4,451.6
1780379100000,451.6,451.6,451.22,451.52
1780380000000,451.52,452.32,451.52,452.2
1780380900000,452.22,452.8,452.22,452.79
1780381800000,452.65,454.16,452.29,454.13
1780382700000,454.13,454.16,453.62,454.01
1780383600000,454.02,454.78,453.49,454.21
1780384500000,454.22,455.66,454.13,455.3
1780385400000,455.22,455.38,454.33,455.25
1780386300000,455.08,455.66,454.34,454.34
1780387200000,452.346,455.337,451.586,453.251
1780388100000,453.24,453.24,451.74,452.1
1780389000000,452.1,452.44,451.2,451.685
1780389900000,451.685,452.95,451.644,452.389
1780390800000,452.399,452.875,451.915,452.044
1780391700000,452.045,452.185,451.005,451.132
1780392600000,451.131,451.492,450.795,451.2
1780393500000,451.2,451.499,450.211,450.312
1780394400000,450.32,450.675,449.055,449.869
1780395300000,449.86,450.297,448,448.824
1780396200000,448.83,449.688,447.641,449.645
1780397100000,449.646,450.244,449.55,449.632
1780398000000,449.681,450.099,448.734,448.918
1780398900000,448.915,448.915,447.718,448.233
1780399800000,448.232,448.894,447.701,448.099
1780400700000,448.145,449.405,447.822,448.252
1780401600000,448.253,449.194,448.25,448.681
1780402500000,448.692,448.734,447.311,447.375
1780403400000,447.375,447.449,446.208,447.128
1780404300000,447.127,447.176,445.29,446.068
1780405200000,446.061,447.098,445.337,446.691
1780406100000,446.68,447.43,445.254,447.195
1780407000000,447.075,453.48,444.07,445.969
1780407900000,446.15,447.065,443.54,444.963
1780408800000,445.27,447.3,444.56,446.919
1780409700000,446.922,447.9,443.81,444.225
1780410600000,444.229,445.19,442.78,443.149
1780411500000,443.146,444.06,442.92,443.659
1780412400000,443.66,444.23,442.36,442.829
1780413300000,442.79,443.84,442.39,443.557
1780414200000,443.556,444.59,443.25,444.325
1780415100000,444.329,444.67,443.18,443.874
1780416000000,443.88,444.605,443.44,444.265
1780416900000,444.261,446.18,444.01,445.85
1780417800000,445.842,445.842,442.81,442.852
1780418700000,442.76,443.86,442.48,443.757
1780419600000,443.742,445.32,443.59,445.303
1780420500000,445.308,445.47,443.675,444.461
1780421400000,444.43,444.529,443.62,444.281
1780422300000,444.235,444.27,442.76,442.819
1780423200000,442.816,442.96,442.03,442.178
1780424100000,442.185,443.11,441.45,442.105
1780425000000,442.09,442.79,441.575,441.91
1780425900000,441.926,442.08,440.49,440.598
1780426800000,440.602,442.08,440.602,442.028
1780427700000,442.028,442.05,441.435,441.693
1780428600000,441.7,442.11,441.65,441.69
1780429500000,441.68,442.08,440.73,441.321
1780430400000,441.313,442.338,440.878,441.51
1780431300000,441.503,442.178,441.37,441.8
1780432200000,441.8,441.948,441.505,441.664
1780433100000,441.669,441.917,441.38,441.41
1780434000000,441.41,441.41,440.68,440.75
1780434900000,440.75,441.246,440.744,440.917
1780435800000,440.912,441.22,440.885,441.045
1780436700000,441.045,441.045,440.3,440.74
1780437600000,440.74,440.85,440.505,440.682
1780438500000,440.681,440.77,440.582,440.582
1780439400000,440.58,440.625,440.27,440.46
1780440300000,440.46,440.635,439.94,439.94
1780441200000,439.928,439.928,439.105,439.183
1780442100000,439.182,439.217,437.365,437.942
1780443000000,437.948,438.43,437.924,438.369
1780443900000,438.375,438.443,437.968,438.418
1780444800000,439.97,439.97,436.58,436.58
1780445700000,436.57,437.07,434.34,435.81
1780446600000,435.65,436.48,434.76,435.8
1780447500000,435.79,436.29,435.01,435.76
1780448400000,435.82,437.71,435.8,436.99
1780449300000,436.95,437.23,436.81,437
1780450200000,436.94,437.07,436.11,436.31
1780451100000,436.24,436.93,436.09,436.7
1780452000000,436.71,436.75,436.49,436.56
1780452900000,436.57,436.68,436.12,436.35
1780453800000,436.36,436.66,436.23,436.66
1780454700000,436.58,436.58,435.99,436.26
1780455600000,436.29,436.5,436.12,436.5
1780456500000,436.58,436.58,435.52,435.75
1780457400000,435.83,435.87,435.36,435.4
1780458300000,435.37,435.51,434.86,435.18
1780459200000,435.17,436.25,435.17,436.1
1780460100000,436.12,436.29,435.99,436.13
1780461000000,436.12,436.32,436.02,436.32
1780461900000,436.31,437.01,436.15,436.39
1780462800000,436.44,436.64,436.15,436.58
1780463700000,436.6,436.93,436.53,436.9
1780464600000,436.83,437.01,436.53,436.93
1780465500000,436.84,437,436.71,436.95
1780466400000,436.96,438.38,436.95,438.17
1780467300000,438.17,438.6,438.12,438.39
1780468200000,438.37,438.99,438.22,438.39
1780469100000,438.4,438.72,438.04,438.64
1780470000000,438.71,439.56,438.63,439.44
1780470900000,439.44,439.47,438.86,438.98
1780471800000,439.11,439.3,438.82,439.11
1780472700000,439.06,439.26,438.74,438.74
1780473600000,438.411,438.843,435.1,438.31
1780474500000,438.31,438.517,437.332,437.635
1780475400000,437.639,437.966,437.545,437.775
1780476300000,437.775,437.775,437.257,437.62
1780477200000,437.62,437.645,436.7,436.72
1780478100000,436.72,436.923,436.37,436.556
1780479000000,436.555,436.809,436.465,436.685
1780479900000,436.685,436.798,436.286,436.382
1780480800000,436.39,437.425,436.39,436.582
1780481700000,436.581,436.68,436.351,436.65
1780482600000,436.65,437.13,436.59,437.099
1780483500000,437.12,437.821,437.12,437.35
1780484400000,437.35,437.49,436.937,437.41
1780485300000,437.412,440.255,437.366,440.132
1780486200000,440.127,443.072,440.095,441.438
1780487100000,441.439,442.01,440.063,440.15
1780488000000,440.152,440.445,439.613,439.613
1780488900000,439.611,440.293,439.281,439.483
1780489800000,439.484,439.855,439.255,439.67
1780490700000,439.67,439.848,439.179,439.186
1780491600000,439.184,439.322,438.071,438.386
1780492500000,438.388,438.737,437.201,438.145
1780493400000,438.44,440.3,431.89,432.19
1780494300000,432.14,433.83,431.365,431.4
1780495200000,431.47,432.5,430.855,432.419
1780496100000,432.425,433.19,430.57,430.805
1780497000000,430.787,431.42,427.99,428.301
1780497900000,428.185,428.53,426.87,427.4
1780498800000,427.398,428.005,425.865,425.971
1780499700000,425.96,427.93,425.96,427.767
1780500600000,427.762,427.77,426.26,426.632
1780501500000,426.621,427.135,426.14,427.024
1780502400000,427.025,427.145,425.89,426.014
1780503300000,426.016,426.02,425.14,425.485
1780504200000,425.46,425.82,424.25,424.827
1780505100000,424.844,425.12,424.395,424.625
1780506000000,424.628,425.19,424.37,424.407
1780506900000,424.408,425.53,424.33,425.427
1780507800000,425.431,426.9,425.06,426.506
1780508700000,426.513,426.94,426.29,426.603
1780509600000,426.607,427.43,426.43,427.39
1780510500000,427.41,428.26,427.125,428.16
1780511400000,428.156,428.76,427.99,428.609
1780512300000,428.608,428.63,427.75,428.25
1780513200000,428.25,428.39,427.425,428.07
1780514100000,428.055,428.94,427.515,427.761
1780515000000,427.775,428.27,427.47,427.92
1780515900000,427.9,428.73,426.77,427.57
1780516800000,427.296,427.81,426.407,426.762
1780517700000,426.765,427.865,426.689,427.455
1780518600000,427.487,427.65,425.645,426.329
1780519500000,426.308,426.469,425.224,425.612
1780520400000,425.626,428.092,425.57,427.827
1780521300000,427.809,428,427.461,427.555
1780522200000,427.553,428.1,426.51,426.767
1780523100000,426.766,427.338,426.666,427.271
1780524000000,427.27,428.266,427.149,428.254
1780524900000,428.254,428.255,427.533,428.075
1780525800000,428.075,428.43,428.004,428.27
1780526700000,428.27,428.27,427.344,428.049
1780527600000,428.067,428.256,427.57,428.105
1780528500000,428.104,428.175,427.395,427.91
1780529400000,427.9,428.011,427.177,427.267
1780530300000,427.269,427.404,426.551,426.635
1780531200000,427,428.31,426.54,427.59
1780532100000,427.58,427.84,427.53,427.68
1780533000000,427.77,428.08,427.69,427.99
1780533900000,427.92,428.09,427.83,427.89
1780534800000,427.94,428.19,427.87,428.03
1780535700000,428.05,428.07,427.64,427.79
1780536600000,427.79,428.19,427.71,427.83
1780537500000,427.81,427.85,427.14,427.16
1780538400000,427.26,427.29,426.5,426.51
1780539300000,426.49,426.74,426.04,426.59
1780540200000,426.58,426.8,426.19,426.72
1780541100000,426.79,427.12,426.49,426.66
1780542000000,426.56,427.24,426.54,426.99
1780542900000,427,427.19,427,427.13
1780543800000,427.13,427.29,426.95,427.08
1780544700000,427.01,427.28,426.9,427.27
1780545600000,427.27,427.49,427.09,427.44
1780546500000,427.5,427.66,427.27,427.3
1780547400000,427.26,427.29,427.09,427.19
1780548300000,427.19,427.42,427.08,427.27
1780549200000,427.28,427.31,426.95,427.21
1780550100000,427.19,427.24,426.74,426.91
1780551000000,426.92,427.31,426.8,427.23
1780551900000,427.21,427.24,426.73,427.16
1780552800000,427.16,427.84,426.98,427.8
1780553700000,427.78,428.19,427.59,427.87
1780554600000,427.91,428.43,427.79,428.39
1780555500000,428.39,428.39,427.83,427.98
1780556400000,427.92,428.19,427.5,428.05
1780557300000,428.01,428.62,427.7,428.59
1780558200000,428.6,428.9,428.52,428.87
1780559100000,428.84,429.02,428.64,429.02
1780560000000,426.862,430.528,426.862,430.247
1780560900000,430.246,430.555,429.456,429.926
1780561800000,429.926,430.575,429.52,429.912
1780562700000,429.913,430.234,429.069,430.167
1780563600000,430.166,430.174,429.446,429.624
1780564500000,429.624,430.089,429.126,430.089
1780565400000,430.097,431.47,430.097,431.346
1780566300000,431.341,431.88,430.444,430.85
1780567200000,430.85,432.51,430.68,431.33
1780568100000,431.33,431.836,431.16,431.219
1780569000000,431.216,431.91,431.206,431.294
1780569900000,431.287,431.287,429.556,429.58
1780570800000,429.662,431.188,429.526,429.866
1780571700000,429.873,431.05,429.873,431.032
1780572600000,431.033,431.696,430.525,430.965
1780573500000,430.967,433.43,430.915,433.394
1780574400000,433.4,434.133,432.746,433.13
1780575300000,433.125,433.658,433.068,433.141
1780576200000,433.143,434.2,433.143,434.006
1780577100000,434.009,434.114,433.431,433.869
1780578000000,433.869,433.87,433.024,433.282
1780578900000,433.28,435.815,431.413,435.755
1780579800000,435.8,436.06,428.78,432.089
1780580700000,431.82,432.85,429.51,432.593
1780581600000,432.465,434.125,431.24,431.505
1780582500000,431.48,431.501,428.96,430.135
1780583400000,430.137,431.42,429.47,431.302
1780584300000,431.292,431.535,429.1,429.72
1780585200000,429.566,430.7,429.51,430.574
1780586100000,430.58,431.22,430.3,430.366
1780587000000,430.395,430.78,429.59,429.648
1780587900000,429.7,430.05,428.995,429.14
1780588800000,429.134,429.92,428.94,429.63
1780589700000,429.637,429.651,427.75,427.77
1780590600000,427.79,428.83,427.48,428.775
1780591500000,428.787,428.88,426.76,426.852
1780592400000,426.847,427.11,426.44,426.537
1780593300000,426.536,427.15,426.49,426.952
1780594200000,426.975,427.29,426.69,426.922
1780595100000,426.917,427.814,426.85,427.755
1780596000000,427.758,428.46,427.735,427.889
1780596900000,427.89,428.373,427.535,427.7
1780597800000,427.69,428.95,427.67,428.074
1780598700000,427.99,428.27,427,427.519
1780599600000,427.44,428.247,426.99,427.98
1780600500000,427.983,428.56,427.453,427.677
1780601400000,427.675,427.83,426.99,427.764
1780602300000,427.785,428.45,427.55,428.141
1780603200000,428.143,428.239,427.59,427.895
1780604100000,427.888,427.975,427.143,427.198
1780605000000,427.185,427.677,427.131,427.674
1780605900000,427.671,427.671,426.895,427.415
1780606800000,427.415,427.587,427.299,427.587
1780607700000,427.59,427.805,427.58,427.805
1780608600000,427.805,428.023,427.805,427.952
1780609500000,427.951,428.149,427.92,428.144
1780610400000,428.14,428.303,428.015,428.065
1780611300000,428.065,428.5,427.781,427.781
1780612200000,427.781,427.913,427.56,427.913
1780613100000,427.915,427.924,427.702,427.86
1780614000000,427.86,427.98,427.75,427.75
1780614900000,427.75,427.799,427.621,427.684
1780615800000,427.67,427.705,427.6,427.62
1780616700000,427.62,427.806,427.535,427.65
1780617600000,427.39,427.58,426.63,427.43
1780618500000,427.4,427.73,426.96,426.96
1780619400000,427.05,427.06,426.41,426.41
1780620300000,426.41,426.63,426.01,426.34
1780621200000,426.3,426.47,425.84,426.07
1780622100000,426.06,426.06,425.11,425.24
1780623000000,425.25,425.71,425.24,425.45
1780623900000,425.45,426.1,425.35,425.82
1780624800000,425.89,426.23,425.89,426.23
1780625700000,426.17,426.72,426.12,426.7
1780626600000,426.56,426.56,425.96,426.1
1780627500000,426.08,426.08,425.8,425.96
1780628400000,425.97,426.13,425.85,426.12
1780629300000,426.1,426.23,425.79,425.85
1780630200000,425.84,426.04,425.74,425.94
1780631100000,425.91,425.95,425.64,425.76
1780632000000,425.75,426.19,425.75,426.16
1780632900000,426.06,426.41,426.04,426.32
1780633800000,426.2,426.36,426.02,426.15
1780634700000,426.15,426.64,426.15,426.5
1780635600000,426.5,426.5,426.28,426.39
1780636500000,426.34,426.52,426.24,426.29
1780637400000,426.43,426.63,426.34,426.48
1780638300000,426.49,426.56,426.04,426.04
1780639200000,426.04,426.71,426.03,426.2
1780640100000,426.03,426.16,425.63,426.1
1780641000000,426.1,426.37,425.96,426.27
1780641900000,426.28,427.1,426.26,426.9
1780642800000,426.92,427.03,426.32,426.39
1780643700000,426.31,426.63,426.27,426.55
1780644600000,426.6,426.9,426.6,426.8
1780645500000,426.81,427.97,426.74,427.97
1780646400000,427.65,429.4,427.31,429.13
1780647300000,429.112,429.36,428.355,428.475
1780648200000,428.475,428.92,428.475,428.785
1780649100000,428.785,429.515,428.785,429.295
1780650000000,429.295,430.37,429.295,430.34
1780650900000,430.34,430.35,429.595,429.8
1780651800000,429.803,429.819,429.456,429.615
1780652700000,429.615,429.83,429.615,429.83
1780653600000,429.83,429.868,429.664,429.8
1780654500000,429.8,429.916,428.665,428.665
1780655400000,428.663,429.035,428.65,428.77
1780656300000,428.77,429.075,428.706,428.929
1780657200000,428.929,430.01,428.929,429.922
1780658100000,429.921,429.944,429.001,429.523
1780659000000,429.524,431.11,429.322,430.5
1780659900000,430.5,430.773,430.152,430.197
1780660800000,430.197,430.2,429.595,429.865
1780661700000,429.865,430.103,429.251,429.946
1780662600000,429.966,430.045,429.051,429.325
1780663500000,429.325,429.799,429.24,429.24
1780664400000,429.24,429.418,427.54,427.857
1780665300000,427.856,429.309,427.752,428.502
1780666200000,428.519,429.375,425.75,426.094
1780667100000,426.109,427.49,424.6,424.754
1780668000000,424.764,425.17,422.39,422.9
1780668900000,422.834,423.56,421.74,422.88
1780669800000,422.901,423.069,421.13,421.431
1780670700000,421.43,421.668,420.74,421.444
1780671600000,421.39,422.37,421.39,421.994
1780672500000,421.995,422.59,421.25,422.321
1780673400000,422.307,422.345,420.92,421.046
1780674300000,421.047,421.484,420.51,421.067
1780675200000,420.76,421.029,418.96,420.255
1780676100000,420.247,420.38,419.685,419.805
1780677000000,419.796,419.845,418.61,419.634
1780677900000,419.59,420.155,418.79,420.046
1780678800000,420,420.705,419.775,420.044
1780679700000,420.047,420.145,419.255,419.703
1780680600000,419.63,420.868,419.54,420.606
1780681500000,420.606,421.49,420.38,420.635
1780682400000,420.66,421.025,419.76,419.839
1780683300000,419.829,419.829,417.82,418.267
1780684200000,418.271,418.36,417.02,417.16
1780685100000,417.139,417.71,416.57,417.056
1780686000000,417.13,417.45,415.645,415.7
1780686900000,415.697,416.5,414.445,416.267
1780687800000,416.42,417.32,416.09,416.56
1780688700000,416.56,417.48,416.11,416.5
1780689600000,416.636,417.042,414.168,414.699
1780690500000,414.699,415.329,414.384,415.315
1780691400000,415.315,415.315,414.256,414.795
1780692300000,414.796,415.079,414.56,414.65
1780693200000,414.65,414.96,414.551,414.753
1780694100000,414.754,415.577,414.701,415.213
1780695000000,415.207,416,415.055,415.055
1780695900000,415.054,415.134,414.581,414.7
1780696800000,414.692,414.734,414.204,414.208
1780697700000,414.205,414.52,413.473,413.537
1780698600000,413.538,413.567,413.173,413.385
1780699500000,413.382,413.7,413.013,413.639
1780700400000,413.635,413.635,413.187,413.32
1780701300000,413.321,413.344,412.551,412.846
1780702200000,412.847,412.985,412.505,412.567
1780703100000,412.564,412.626,412.306,412.442
1780704000000,412.44,412.44,412.432,412.432
1780876800000,413.01,416.23,413.01,415.99
1780877700000,415.93,416.85,415.66,416
1780878600000,415.95,416.67,414.88,415.55
1780879500000,415.61,415.74,414.93,415.42
1780880400000,415.42,415.95,415.08,415.08
1780881300000,415.01,415.66,414.5,415.14
1780882200000,415.14,416.49,414.7,415.4
1780883100000,415.44,415.5,415.01,415.23
1780884000000,415.26,415.54,414.84,415.11
1780884900000,415.1,415.28,414.57,415.09
1780885800000,415.13,415.5,414.8,415.3
1780886700000,415.46,415.89,415.15,415.16
1780887600000,415.17,415.62,415.1,415.26
1780888500000,415.25,415.86,414.94,415.4
1780889400000,415.42,415.7,415.09,415.26
1780890300000,415.24,415.5,415.12,415.21
1780891200000,415.35,415.38,414.83,415.01
1780892100000,415.02,415.3,414.69,414.87
1780893000000,414.88,414.9,414.21,414.21
1780893900000,414.22,414.76,414.2,414.2
1780894800000,414.27,414.35,413.44,413.44
1780895700000,413.52,414,413.48,413.9
1780896600000,413.9,413.9,412.77,412.88
1780897500000,412.87,414,412.75,413.99
1780898400000,413.77,414.45,413.55,413.81
1780899300000,413.81,414.89,413.58,414.81
1780900200000,414.9,415.06,414,414.26
1780901100000,414.17,414.65,413.83,414.65
1780902000000,414.64,415.06,414.38,414.79
1780902900000,414.77,415.75,414.56,415.71
1780903800000,415.71,415.84,415.21,415.64
1780904700000,415.5,415.99,412.431,415.26
1780905600000,412.431,415.5,412.431,414.38
1780906500000,414.38,414.585,413.532,413.8
1780907400000,413.8,414.18,413.7,414.023
1780908300000,414.022,414.068,413.01,413.505
1780909200000,413.505,413.874,413.29,413.65
1780910100000,413.65,414.388,413.65,413.88
1780911000000,413.88,414.401,413.875,414.321
1780911900000,414.323,414.528,414.15,414.336
1780912800000,414.336,414.515,413.95,414.05
1780913700000,414.05,414.065,413.725,413.924
1780914600000,413.925,414.7,413.925,414.585
1780915500000,414.585,414.585,413.995,414.29
1780916400000,414.289,414.554,413.722,414.448
1780917300000,414.473,415.89,414.473,415.89
1780918200000,415.891,416.462,415.802,416.02
1780919100000,416.003,416.003,415.13,415.143
1780920000000,415.129,415.645,414.96,415.3
1780920900000,415.3,415.3,414.453,414.77
1780921800000,414.77,415.666,414.77,415.623
1780922700000,415.628,415.654,415.114,415.275
1780923600000,415.275,415.275,414.325,414.622
1780924500000,414.621,415.567,412.79,414.054
1780925400000,414.21,416.99,411.34,412.831
1780926300000,413.04,413.885,411.8,412.466
1780927200000,412.4,412.705,411.335,412.211
1780928100000,412.22,413.3,412,412.642
1780929000000,412.629,413.56,411.9,412.353
1780929900000,412.349,413.395,411.85,412.604
1780930800000,412.601,413.53,412.415,412.858
1780931700000,412.869,413.05,411.4,411.464
1780932600000,411.451,411.575,410.35,411.323
1780933500000,411.322,411.35,410.34,410.379
1780934400000,410.381,410.49,409.84,410.288
1780935300000,410.294,411.12,410.266,410.49
1780936200000,410.491,410.75,409.655,409.946
1780937100000,409.949,410.39,409.51,409.575
1780938000000,409.566,409.566,408.59,409.194
1780938900000,409.24,410.02,408.74,409.976
1780939800000,409.99,410.64,409.65,410.244
1780940700000,410.225,411.8,409.965,411.267
1780941600000,411.255,412.72,411.12,412.36
1780942500000,412.349,412.56,412.095,412.244
1780943400000,412.238,412.56,411.875,412.384
1780944300000,412.385,413,412.26,412.753
1780945200000,412.77,412.77,411.92,411.984
1780946100000,411.984,412.325,411.63,412.227
1780947000000,412.32,412.795,412.215,412.777
1780947900000,412.773,413.24,411.16,411.8
1780948800000,411.792,412.006,411.411,411.456
1780949700000,411.459,411.472,410.79,410.945
1780950600000,410.945,410.999,410.945,410.945
1780951500000,410.945,410.945,410.785,410.79
1780952400000,410.79,410.802,410.165,410.165
1780953300000,410.165,410.2,410.022,410.11
1780954200000,410.11,410.684,409.951,410.684
1780955100000,410.684,410.8,410.575,410.653
1780956000000,410.654,410.793,409.902,409.902
1780956900000,409.902,410.474,409.735,410.195
1780957800000,410.195,410.471,410.156,410.471
1780958700000,410.488,410.88,410.416,410.742
1780959600000,410.743,410.957,410.641,410.957
1780960500000,410.947,411.065,410.8,411.055
1780961400000,411.055,411.23,410.97,411.033
1780962300000,411.037,411.06,410.702,411.054
1780963200000,411.06,411.6,410.99,411.17
1780964100000,411.16,411.26,411,411.1
1780965000000,411.09,411.09,410.69,410.93
1780965900000,410.94,411.2,410.79,411.2
1780966800000,411.07,411.46,410.91,411.31
1780967700000,411.29,411.88,411.23,411.7
1780968600000,411.7,412.19,411.7,412.1
1780969500000,412.18,412.5,411.99,411.99
1780970400000,412.02,412.19,411.86,411.94
1780971300000,411.93,411.96,411.59,411.84
1780972200000,412,412.07,411.84,411.95
1780973100000,411.93,412.1,411.78,412
1780974000000,412,412.32,412,412.15
1780974900000,412.21,412.33,412.01,412.27
1780975800000,412.34,412.91,412.26,412.72
1780976700000,412.81,412.9,412.66,412.67
1780977600000,412.65,412.78,412.59,412.59
1780978500000,412.59,412.75,412.43,412.49
1780979400000,412.47,412.74,412.44,412.54
1780980300000,412.55,412.56,412.26,412.31
1780981200000,412.3,412.48,411.66,411.85
1780982100000,411.88,412.02,411.67,411.81
1780983000000,411.82,412.16,411.81,412.04
1780983900000,412.03,412.26,411.99,412.13
1780984800000,412.19,412.24,412.01,412.19
1780985700000,412.14,412.38,411.9,411.99
1780986600000,411.98,412.01,411.74,411.82
1780987500000,411.98,411.99,411.55,411.76
1780988400000,411.7,411.91,411.13,411.13
1780989300000,411.2,411.2,410.48,410.6
1780990200000,410.66,410.99,410.59,410.85
1780991100000,410.97,411.11,410.88,410.91
1780992000000,411.089,411.228,410.345,410.613
1780992900000,410.61,410.823,410.58,410.59
1780993800000,410.59,410.59,410.226,410.525
1780994700000,410.525,410.525,410.098,410.249
1780995600000,410.248,410.621,410.24,410.575
1780996500000,410.575,410.83,410.442,410.815
1780997400000,410.817,410.818,410.504,410.702
1780998300000,410.701,410.955,410.7,410.955
1780999200000,410.955,411.001,410,410.983
1781000100000,410.984,411.043,410.351,411.001
1781001000000,411,411.265,410.766,411.013
1781001900000,411.012,411.79,410.858,411.51
1781002800000,411.51,411.604,410.73,410.763
1781003700000,410.773,410.95,410.167,410.275
1781004600000,410.275,410.596,410.022,410.592
1781005500000,410.591,410.591,410.153,410.153
1781006400000,410.152,410.594,410.15,410.464
1781007300000,410.47,410.971,410.47,410.895
1781008200000,410.895,411,410.645,410.72
1781009100000,410.721,410.745,410.227,410.5
1781010000000,410.512,410.641,409.74,409.836
1781010900000,409.836,410.197,408.65,409.075
1781011800000,409.135,410.55,407.19,409.87
1781012700000,409.67,411.93,409.665,411.02
1781013600000,410.94,411.89,409.53,409.847
1781014500000,409.852,410.34,408.74,409.479
1781015400000,409.476,410.03,408.375,408.492
1781016300000,408.483,408.483,405.88,407.655
1781017200000,407.715,407.98,406.58,406.814
1781018100000,406.784,406.784,403.53,403.707
1781019000000,403.76,403.89,402.73,402.879
1781019900000,402.89,403.43,401.69,402.031
1781020800000,402.015,402.89,401.69,402.607
1781021700000,402.604,402.604,400.5,401.108
1781022600000,401.06,401.84,398.48,399.359
1781023500000,399.364,400.173,398.76,400.173
1781024400000,400.184,401.6,400.184,401.362
1781025300000,401.361,402.08,400.81,401.646
1781026200000,401.7,403.15,401.58,402.749
1781027100000,402.741,403.305,402.25,402.891
1781028000000,402.884,403.78,402.797,403.253
1781028900000,403.245,403.94,402.82,403.623
1781029800000,403.627,404.18,402.89,402.938
1781030700000,402.933,404.33,402.926,403.993
1781031600000,403.95,404.415,403.54,403.61
1781032500000,403.65,403.71,402.465,402.77
1781033400000,402.72,402.768,401.83,402.213
1781034300000,402.2,404.195,401.49,403.1
1781035200000,403.326,403.794,403.208,403.655
1781036100000,403.655,403.753,403.431,403.751
1781037000000,403.751,404.196,403.71,404.126
1781037900000,404.126,404.13,403.745,403.985
1781038800000,403.985,404.105,403.985,403.986
1781039700000,403.985,403.985,403.2,403.373
1781040600000,403.377,403.619,403.08,403.08
1781041500000,403.08,403.08,402.68,402.884
1781042400000,402.9,403.4,402.9,403.377
1781043300000,403.378,403.723,402.856,402.899
1781044200000,402.899,402.9,402.15,402.25
1781045100000,402.25,402.756,402.134,402.5
1781046000000,402.496,403.362,402.496,403.22
1781046900000,403.22,403.28,402.632,402.7
1781047800000,402.7,403,402.427,402.942
1781048700000,402.948,403.31,402.756,403.183
1781049600000,404.17,404.17,403.11,403.58
1781050500000,403.75,403.75,403.29,403.54
1781051400000,403.53,403.59,402.62,402.69
1781052300000,402.68,403.75,402.67,403.52
1781053200000,403.52,403.68,403.27,403.63
1781054100000,403.47,403.98,403.29,403.4
1781055000000,403.42,403.63,403.09,403.24
1781055900000,403.25,403.35,403.07,403.16
1781056800000,403.13,403.2,402.49,402.85
1781057700000,402.85,403.52,402.72,403.38
1781058600000,403.48,403.7,403.02,403.61
1781059500000,403.64,403.77,403.08,403.2
1781060400000,403.2,403.65,403.11,403.54
1781061300000,403.53,403.7,403.1,403.14
1781062200000,403.11,403.4,403.02,403.02
1781063100000,403.04,403.21,402.92,402.97
1781064000000,403.02,403.17,402.28,402.37
1781064900000,402.34,403.36,402.3,402.96
1781065800000,402.97,403.21,402.51,402.58
1781066700000,402.69,403.4,402.47,402.87
1781067600000,402.81,403.13,402.75,402.77
1781068500000,402.75,402.75,402.11,402.62
1781069400000,402.63,403,402.39,402.7
1781070300000,402.69,403.31,402.5,403.14
1781071200000,403.09,403.88,403.01,403.69
1781072100000,403.7,403.85,403.17,403.31
1781073000000,403.3,403.45,403.04,403.05
1781073900000,403.05,403.25,402.81,402.81
1781074800000,402.8,403.15,401.59,401.62
1781075700000,401.63,401.8,401.3,401.3
1781076600000,401.35,401.6,401.31,401.53
1781077500000,401.57,401.57,400.94,401.3
1781078400000,403.214,403.214,400.476,400.476
1781079300000,400.465,400.465,399.445,399.445
1781080200000,399.445,399.685,398.42,398.42
1781081100000,398.42,399.213,398.103,398.149
1781082000000,398.151,398.8,397.842,397.842
1781082900000,397.827,398.8,397.361,398.742
1781083800000,398.761,399.155,398.105,398.107
1781084700000,398.106,398.428,397.736,398.079
1781085600000,398.089,398.355,397.698,397.95
1781086500000,397.95,398.1,397.651,398.024
1781087400000,398.024,399.25,398.024,399.25
1781088300000,399.25,399.439,398.522,399.19
1781089200000,399.19,399.437,396.975,398.212
1781090100000,398.215,398.502,397.17,397.504
1781091000000,397.503,397.577,396.903,396.965
1781091900000,396.965,397.861,396.908,397.72
1781092800000,397.72,398.988,397.72,398.681
1781093700000,398.68,399.065,397.954,398.95
1781094600000,399.49,400.852,398.95,400.087
1781095500000,400.088,400.295,398.52,398.613
1781096400000,398.607,399.009,397.79,397.893
1781097300000,397.919,398.74,397.32,398.622
1781098200000,398.205,402.82,397.73,402.46
1781099100000,402.54,404.87,401.61,404.568
1781100000000,404.67,405,402.38,402.677
1781100900000,402.7,403.685,402.31,402.877
1781101800000,402.891,403.56,401.89,402.148
1781102700000,402.1,403.06,401.615,402.503
1781103600000,402.535,403.43,401.77,401.946
1781104500000,401.938,402.57,401.38,401.721
1781105400000,401.665,403.3,401.12,403.238
1781106300000,403.239,403.735,401.445,402.847
1781107200000,402.61,403.23,401.59,401.823
1781108100000,401.822,403.05,401.76,402.708
1781109000000,402.705,403.79,402.42,403.312
1781109900000,403.295,403.44,402.5,403.047
1781110800000,403.048,403.65,402.24,402.615
1781111700000,402.62,402.74,401.627,401.71
1781112600000,401.716,401.716,400.381,400.62
1781113500000,400.595,401.92,400.56,401.711
1781114400000,401.82,402.155,401.55,401.58
1781115300000,401.555,401.795,401.005,401.164
1781116200000,401.16,401.16,400.22,400.698
1781117100000,400.704,400.75,399.77,400.069
1781118000000,400.066,400.26,399.66,399.752
1781118900000,399.752,399.845,398.26,398.343
1781119800000,398.365,399.28,398.11,399.124
1781120700000,398.945,399.084,397.28,397.399
1781121600000,397.398,398.453,396.238,397.866
1781122500000,397.835,398.103,397.15,397.178
1781123400000,397.177,397.6,396.94,397.53
1781124300000,397.53,397.824,397.167,397.824
1781125200000,397.824,397.85,397.25,397.595
1781126100000,397.595,397.775,397.35,397.532
1781127000000,397.547,397.734,397.321,397.728
1781127900000,397.727,397.875,397.617,397.706
1781128800000,397.703,397.783,397.121,397.41
1781129700000,397.412,397.575,397.157,397.397
1781130600000,397.398,398.06,397.398,397.9
1781131500000,397.902,398.269,396.295,396.295
1781132400000,396.295,396.944,396.2,396.2
1781133300000,396.2,396.646,396.02,396.55
1781134200000,396.55,397.238,396.278,396.606
1781135100000,396.605,396.713,396.297,396.525
1781136000000,396.92,397.1,396.37,397
1781136900000,396.96,398.54,396.89,397.14
1781137800000,397.16,397.68,397.13,397.36
1781138700000,397.44,398.28,397.44,398
1781139600000,397.97,398.7,397.88,398.6
1781140500000,398.59,399.37,398.37,399.19
1781141400000,399.1,399.17,398.23,398.26
1781142300000,398.26,398.58,397.89,398.14
1781143200000,398.13,399.01,398.13,398.83
1781144100000,398.86,399.07,397.91,398
1781145000000,398.06,398.26,397.73,397.79
1781145900000,397.78,398.36,397.77,398.23
1781146800000,398.28,398.5,398,398.01
1781147700000,398.06,398.11,397.93,398.01
1781148600000,398.13,398.58,398.07,398.46
1781149500000,398.46,399.09,398.39,398.85
1781150400000,398.96,399,398.59,398.88
1781151300000,398.88,399.23,398.7,399.15
1781152200000,399.15,400.12,399.15,400.02
1781153100000,400.02,400.1,399.51,399.67
1781154000000,399.51,399.51,398.85,399
1781154900000,399.29,399.3,399.01,399.16
1781155800000,399.16,399.16,398.25,398.53
1781156700000,398.55,398.84,398.31,398.68
1781157600000,398.67,398.67,397.67,398.53
1781158500000,398.6,399.18,398.57,398.99
1781159400000,399,399.3,398.83,399.15
1781160300000,399.24,399.29,398.87,399.14
1781161200000,399.11,399.36,397.5,397.83
1781162100000,397.94,398.49,397.68,398.15
1781163000000,398.16,398.36,397.71,397.96
1781163900000,397.97,397.99,397.32,397.52
1781164800000,396.525,398.855,396.525,398.073
1781165700000,398.066,398.445,398.02,398.045
1781166600000,398.045,398.77,398.045,398.464
1781167500000,398.464,399.055,398.412,399.055
1781168400000,399.055,399.23,398.424,398.8
1781169300000,398.8,399.134,398.8,398.965
1781170200000,398.965,399.145,398.555,399.145
1781171100000,399.084,399.255,398.608,398.608
1781172000000,398.606,398.669,398.435,398.65
1781172900000,398.65,398.655,398.475,398.65
1781173800000,398.65,398.814,398.55,398.814
1781174700000,398.817,398.829,398.35,398.353
1781175600000,398.344,398.344,397.488,397.558
1781176500000,397.56,397.634,397.32,397.345
1781177400000,397.345,397.92,397.345,397.775
1781178300000,397.775,397.934,397.631,397.819
1781179200000,397.819,397.879,397.562,397.742
1781180100000,397.743,397.745,396.384,397.045
1781181000000,397.04,397.187,395.678,395.751
1781181900000,395.794,396.365,395.414,395.604
1781182800000,395.603,395.775,395.27,395.476
1781183700000,395.47,396.178,394.969,395.398
1781184600000,395.301,396.78,388.41,389.635
1781185500000,389.6,393.005,389.295,391.526
1781186400000,391.526,393.51,389.23,389.3
1781187300000,389.3,389.929,388.305,389.703
1781188200000,389.71,391.27,389.245,390.435
1781189100000,390.438,390.56,386.72,387.011
1781190000000,387.013,388.97,386.36,387.548
1781190900000,387.552,389.26,387.49,388.126
1781191800000,388.101,388.36,386.51,386.692
1781192700000,386.71,387.23,386.14,386.481
1781193600000,386.455,389.265,386.3,389.14
1781194500000,389.145,389.15,387.7,387.918
1781195400000,387.9,388.65,387.45,387.642
1781196300000,387.645,387.8,386.01,386.301
1781197200000,386.29,386.33,384.65,385.127
1781198100000,386.49,387.72,386.395,387.72
1781199000000,387.59,389.78,387.51,389.544
1781199900000,389.5,389.555,386.85,388.723
1781200800000,388.728,389,387.58,388.237
1781201700000,388.22,389.2,388.16,388.786
1781202600000,388.775,389.12,387.54,387.756
1781203500000,387.755,388.32,387.14,387.31
1781204400000,387.3,387.64,386.59,387.42
1781205300000,387.46,387.69,387.09,387.229
1781206200000,387.231,389.86,387.08,389.745
1781207100000,390.41,390.545,390.01,390.01
1781208000000,390.208,391.878,390.208,391.878
1781208900000,391.879,392.486,391.5,392.314
1781209800000,392.314,392.315,390.905,391.28
1781210700000,391.282,391.46,391.1,391.275
1781211600000,391.275,391.375,390.921,390.921
1781212500000,390.918,391.35,390.89,391.15
1781213400000,391.15,391.51,391.143,391.203
1781214300000,391.203,391.866,391.203,391.55
1781215200000,391.55,392.118,391.508,392.078
1781216100000,392.077,392.364,392.017,392.364
1781217000000,392.364,392.676,392.026,392.566
1781217900000,392.563,392.925,392.556,392.816
1781218800000,392.814,392.86,392.538,392.658
1781219700000,392.656,392.837,392.179,392.248
1781220600000,392.249,392.804,392.249,392.64
1781221500000,392.64,392.815,392.629,392.68
1781222400000,393,394.63,391.95,393.54
1781223300000,393.46,393.58,392.91,393.26
1781224200000,393.26,393.55,392.64,392.67
1781225100000,392.68,393.29,392.68,392.87
1781226000000,392.92,392.92,392.49,392.86
1781226900000,392.84,393.08,391.46,391.77
1781227800000,391.71,392.13,391.7,392.08
1781228700000,392.1,392.62,392.1,392.52
1781229600000,392.5,392.88,392.49,392.66
1781230500000,392.7,392.7,391.88,391.92
1781231400000,391.93,392.61,391.89,392.5
1781232300000,392.55,392.72,392.39,392.66
1781233200000,392.66,392.7,392.38,392.48
1781234100000,392.48,392.56,392.29,392.43
1781235000000,392.5,392.78,392.42,392.46
1781235900000,392.46,392.78,392.43,392.6
1781236800000,392.61,392.66,392.43,392.6
1781237700000,392.61,392.98,392.42,392.89
1781238600000,392.9,393.18,392.74,393.16
1781239500000,393.16,393.34,392.94,392.94
1781240400000,393.05,393.1,392.6,393.01
1781241300000,392.96,393.36,392.94,393.3
1781242200000,393.3,393.44,392.71,392.91
1781243100000,392.88,393.01,392.29,392.51
1781244000000,392.6,392.96,392.31,392.73
1781244900000,392.73,392.88,392.68,392.76
1781245800000,392.72,392.88,392.32,392.34
1781246700000,392.46,392.54,391.55,391.75
1781247600000,391.78,391.85,390.71,390.71
1781248500000,390.77,391.05,390.33,390.74
1781249400000,390.68,391.26,390.68,391.11
1781250300000,391.11,392.58,391.1,391.85
1781251200000,392.671,392.749,392.22,392.498
1781252100000,392.495,392.935,392.32,392.564
1781253000000,392.568,392.71,392.34,392.355
1781253900000,392.355,392.67,392.286,392.59
1781254800000,392.59,392.95,392.59,392.77
1781255700000,392.77,393.124,392.66,392.95
1781256600000,392.951,393.175,392.951,393.175
1781257500000,393.175,393.175,392.848,392.97
1781258400000,392.97,392.97,392.5,392.569
1781259300000,392.566,392.914,392.335,392.65
1781260200000,392.65,392.7,392.285,392.545
1781261100000,392.545,392.698,392.445,392.515
1781262000000,392.42,392.802,391.875,392.7
1781262900000,392.7,393.399,392.65,393.399
1781263800000,393.379,393.679,393.275,393.624
1781264700000,393.624,394.396,393.601,394.191
1781265600000,394.193,394.339,393.695,393.755
1781266500000,393.755,393.918,393.5,393.541
1781267400000,393.534,394.131,392.988,393.734
1781268300000,393.736,393.839,391.951,392.491
1781269200000,392.492,392.983,391.751,392.525
1781270100000,392.525,393.093,390.932,391.536
1781271000000,391.585,391.595,382.5,382.5
1781271900000,382.54,384.435,382.26,383.647
1781272800000,383.67,384.955,382.37,384.206
1781273700000,384.33,385.16,383.44,384.11
1781274600000,384.17,385.95,384.11,384.174
1781275500000,384.162,388.74,383.99,388.679
1781276400000,388.702,389.97,388.15,389.69
1781277300000,389.699,389.905,388.87,388.944
1781278200000,388.87,389.04,386.83,387.171
1781279100000,387.173,387.765,386.725,387.182
1781280000000,387.19,388.445,386.625,387.641
1781280900000,387.634,388.445,387.28,387.933
1781281800000,387.931,388.35,387.32,387.602
1781282700000,387.575,387.856,387.01,387.821
1781283600000,387.82,388.94,387.61,387.994
1781284500000,388.022,388.39,387.785,388.228
1781285400000,388.227,388.284,386.53,386.765
1781286300000,386.76,387.26,386.74,386.796
1781287200000,386.765,387.79,386.63,387.2
1781288100000,387.22,387.622,386.99,387.578
1781289000000,387.572,388.775,387.4,388.733
1781289900000,388.78,389.12,388.04,388.637
1781290800000,388.61,389.27,388.051,389.202
1781291700000,389.212,389.72,388.725,389.4
1781292600000,389.4,390,389.06,389.9
1781293500000,389.89,390.95,389.31,390.68
1781294400000,390.771,391.532,390.264,391.476
1781295300000,391.476,391.74,390.859,390.925
1781296200000,390.925,390.999,390.577,390.68
1781297100000,390.68,390.745,390.04,390.293
1781298000000,390.292,390.292,389.89,390.135
1781298900000,390.135,390.52,390.089,390.425
1781299800000,390.425,390.465,390.241,390.425
1781300700000,390.425,390.595,390.385,390.537
1781301600000,390.538,390.574,390.35,390.42
1781302500000,390.42,390.645,390.42,390.635
1781303400000,390.635,390.67,390.5,390.601
1781304300000,390.601,390.613,390.245,390.245
1781305200000,390.245,390.865,390.245,390.595
1781306100000,390.591,390.595,390.45,390.475
1781307000000,390.475,390.52,390.325,390.52
1781307900000,390.52,390.656,390.475,390.65
1781355600000,390.49,390.49,390.49,390.49
1781405100000,390.31,390.31,390.31,390.31
1781481600000,393.78,396,391.01,394.76
1781482500000,394.7,396.5,394.69,396.36
1781483400000,396.37,396.51,394.28,394.94
1781484300000,394.96,395.81,394.96,395.39
1781485200000,395.43,396.45,395.23,396.29
1781486100000,396.29,396.31,395.3,395.72
1781487000000,395.69,396.33,395.69,396.33
1781487900000,396.34,396.43,396.05,396.32
1781488800000,396.33,396.62,396.15,396.58
1781489700000,396.57,396.95,396.46,396.91
1781490600000,396.92,397.42,396.86,397.29
1781491500000,397.34,397.67,397.28,397.41
1781492400000,397.39,397.39,396.84,396.99
1781493300000,397.08,397.38,397.05,397.1
1781494200000,397.15,397.96,397.08,397.74
1781495100000,397.84,397.99,397.66,397.96
1781496000000,397.97,398.28,397.85,397.91
1781496900000,397.99,398.36,397.99,398.3
1781497800000,398.32,398.97,398.14,398.94
1781498700000,398.95,399.01,398.38,398.59
1781499600000,398.57,398.57,397.79,398.08
1781500500000,398.1,398.32,397.51,397.56
1781501400000,397.56,397.65,397.24,397.58
1781502300000,397.59,397.61,397.13,397.4
1781503200000,397.4,397.41,397.08,397.28
1781504100000,397.21,397.67,397.09,397.67
1781505000000,397.65,397.67,397.22,397.52
1781505900000,397.49,397.68,397.07,397.43
1781506800000,397.42,398,397.24,397.99
1781507700000,397.94,398.61,397.94,398.59
1781508600000,398.58,399.26,398.41,399.09
1781509500000,399.16,399.49,398.51,398.64
1781510400000,390.65,399.406,390.65,398.981
1781511300000,398.984,399.02,398.158,398.816
1781512200000,398.812,398.841,398.401,398.721
1781513100000,398.726,398.726,398.01,398.194
1781514000000,398.196,398.3,397.769,398.275
1781514900000,398.275,398.3,397.708,397.708
1781515800000,397.707,397.707,397.13,397.13
1781516700000,397.125,397.539,396.776,397.535
1781517600000,397.537,397.54,397.47,397.47
1781518500000,397.47,397.91,397.26,397.9
1781519400000,397.9,397.9,396.475,396.74
1781520300000,396.74,396.83,396.61,396.67
1781521200000,396.515,396.67,395,395.591
1781522100000,395.59,396.614,395.587,396.614
1781523000000,396.59,396.65,395.61,395.61
1781523900000,395.626,397.433,395.626,397.24
1781524800000,397.238,397.238,396.31,396.334
1781525700000,396.349,396.711,396.101,396.25
1781526600000,396.25,396.55,395.98,396.461
1781527500000,396.461,396.461,395.67,396.112
1781528400000,396.115,396.667,395.95,396.451
1781529300000,396.454,398.25,396.299,396.706
1781530200000,396.64,397.63,392.94,396.57
1781531100000,396.543,398.65,395.8,398.468
1781532000000,398.453,399.53,397.66,397.74
1781532900000,397.741,399.04,397.35,398.299
1781533800000,398.305,398.39,397.33,397.472
1781534700000,397.475,398.22,397.34,398.194
1781535600000,398.186,399.045,397.39,398.453
1781536500000,398.457,399.03,397.86,398.57
1781537400000,398.569,399.11,398.135,399.001
1781538300000,399.01,400.91,398.91,400.875
1781539200000,400.865,401.65,400.51,400.666
1781540100000,400.745,401.59,400.36,401.568
1781541000000,401.569,401.75,400.16,400.275
1781541900000,400.261,400.36,398.69,399.172
1781542800000,399.18,399.98,398.915,399.475
1781543700000,399.479,399.912,399.479,399.55
1781544600000,399.48,399.935,399.48,399.771
1781545500000,399.771,399.84,399.2,399.307
1781546400000,399.309,399.52,398.95,399.318
1781547300000,399.321,399.55,398.91,398.995
1781548200000,398.991,399.03,398.26,398.612
1781549100000,398.615,398.76,398.3,398.624
1781550000000,398.628,399.75,398.53,399.161
1781550900000,399.158,399.405,398.43,398.555
1781551800000,398.542,400.15,398.275,400.114
1781552700000,399.42,400.06,399.39,400.06
1781553600000,399.861,400.075,399.425,400.023
1781554500000,400.022,400.154,399.855,399.855
1781555400000,399.855,399.91,399.651,399.775
1781556300000,399.769,399.769,399.551,399.675
1781557200000,399.675,399.8,399.57,399.61
1781558100000,399.61,399.8,399.6,399.705
1781559000000,399.705,399.78,399.705,399.76
1781559900000,399.759,399.789,399.696,399.712
1781560800000,399.711,399.775,399,399.107
1781561700000,399.102,399.43,399.025,399.151
1781562600000,399.152,399.26,399.15,399.25
1781563500000,399.25,399.671,399.25,399.355
1781564400000,399.355,399.527,399.258,399.397
1781565300000,399.399,399.45,399.2,399.446
1781566200000,399.445,399.445,399.175,399.175
1781567100000,399.175,399.524,399.175,399.496
1781568000000,399.509,400.04,399,399.39
1781568900000,399.39,399.73,399.33,399.65
1781569800000,399.74,399.75,399.38,399.4
1781570700000,399.4,400.53,399.29,400.3
1781571600000,400.3,400.44,399.61,399.77
1781572500000,399.73,399.92,399.61,399.81
1781573400000,399.76,399.9,399.52,399.81
1781574300000,399.87,399.91,399.5,399.62
1781575200000,399.64,399.68,399.34,399.38
1781576100000,399.38,399.54,399.34,399.37
1781577000000,399.36,399.51,399.3,399.41
1781577900000,399.42,399.47,399.16,399.27
1781578800000,399.27,399.37,399.21,399.29
1781579700000,399.32,399.66,399.22,399.6
1781580600000,399.61,399.89,399.6,399.69
1781581500000,399.68,399.68,399.32,399.32
1781582400000,399.32,399.44,399.25,399.31
1781583300000,399.3,399.39,399.07,399.17
1781584200000,399.11,399.13,398.73,398.86
1781585100000,398.86,398.91,398.64,398.91
1781586000000,398.88,399.34,398.85,399.31
1781586900000,399.28,399.5,399.06,399.3
1781587800000,399.26,399.49,399.11,399.4
1781588700000,399.42,399.65,399.2,399.28
1781589600000,399.42,399.74,399.25,399.62
1781590500000,399.58,400,399.55,399.99
1781591400000,399.98,400,399.8,399.86
1781592300000,399.84,399.98,399.73,399.92
1781593200000,399.94,400.33,399.94,400.18
1781594100000,400.17,400.35,400.03,400.27
1781595000000,400.28,400.45,400.21,400.24
1781595900000,400.24,400.48,400.1,400.26
1781596800000,399.574,400.924,399.574,400.49
1781597700000,400.49,400.637,399.986,399.986
1781598600000,399.984,399.99,399.65,399.65
1781599500000,399.65,399.821,399.61,399.711
1781600400000,399.71,399.915,399.594,399.915
1781601300000,399.915,399.915,399.624,399.695
1781602200000,399.695,399.76,399.11,399.25
1781603100000,399.25,399.555,399.156,399.324
1781604000000,399.315,399.37,399.225,399.32
1781604900000,399.32,399.37,398.611,398.611
1781605800000,398.611,398.62,395.785,397.49
1781606700000,397.498,398.359,397.385,398.299
1781607600000,398.291,398.291,397,397.088
1781608500000,397.075,397.4,396.49,396.8
1781609400000,396.8,396.949,395.768,396.225
1781610300000,396.225,396.304,395.623,396.301
1781611200000,396.301,396.772,396.3,396.71
1781612100000,396.725,397.42,396.695,396.867
1781613000000,396.866,397.12,396.639,396.972
1781613900000,396.974,397.6,396.873,397.482
1781614800000,397.483,398.1,397.42,397.81
1781615700000,397.813,397.991,395.797,396.015
1781616600000,395.295,396.75,390.99,393.984
1781617500000,394.1,395.55,392.97,394.83
1781618400000,394.759,395.33,393.31,393.505
1781619300000,393.555,393.675,391.95,392.988
1781620200000,393.009,393.6,392.48,392.704
1781621100000,392.701,394.35,392.49,393.66
1781622000000,393.655,394.365,393.33,393.744
1781622900000,393.755,394.08,393.45,393.482
1781623800000,393.46,393.9,392.78,393.154
1781624700000,393.158,393.64,392.95,392.971
1781625600000,392.815,392.95,392.225,392.645
1781626500000,392.65,392.77,391.41,391.841
1781627400000,391.843,392.4,391.49,392.342
1781628300000,392.35,392.61,391.775,391.783
1781629200000,391.78,392.065,391.72,391.895
1781630100000,391.894,392.07,391.39,391.483
1781631000000,391.478,391.521,390.79,391.17
1781631900000,391.165,391.4,390.72,391.288
1781632800000,391.29,391.625,390.89,391.539
1781633700000,391.539,392.23,391.51,392.125
1781634600000,392.123,393.006,392.06,393.006
1781635500000,393.008,393.55,392.99,393.223
1781636400000,393.25,393.27,392.235,392.76
1781637300000,392.758,393.26,392.335,393.121
1781638200000,393.13,393.975,392.97,393.78
1781639100000,394.07,394.07,393.53,393.96
1781640000000,393.866,393.866,392.858,393.018
1781640900000,393.017,393.084,392.89,392.901
1781641800000,392.898,392.925,392.665,392.9
1781642700000,392.9,393.093,392.591,392.96
1781643600000,392.972,393.035,392.71,392.835
1781644500000,392.835,392.93,392.686,392.845
1781645400000,392.845,392.935,392.782,392.85
1781646300000,392.85,392.87,392.735,392.735
1781647200000,392.735,392.775,392.55,392.774
1781648100000,392.775,392.875,392.645,392.774
1781649000000,392.77,392.905,392.75,392.752
1781649900000,392.753,392.85,392.51,392.85
1781650800000,392.85,392.9,392.735,392.798
1781651700000,392.798,393.279,392.798,393.033
1781652600000,393.03,393.055,392.85,393.039
1781653500000,393.04,393.19,392.975,393.115
1781654400000,393.53,393.78,393.16,393.34
1781655300000,393.48,393.51,392.78,393.01
1781656200000,392.92,393.17,392.77,392.78
1781657100000,392.87,393.05,392.6,393.05
1781658000000,393.12,393.31,392.99,393.3
1781658900000,393.28,393.5,393.1,393.39
1781659800000,393.34,393.65,393.31,393.57
1781660700000,393.59,393.69,393.46,393.69
1781661600000,393.68,393.79,393.58,393.79
1781662500000,393.71,393.84,393.55,393.69
1781663400000,393.69,393.69,393.37,393.43
1781664300000,393.49,393.5,393.23,393.42
1781665200000,393.37,393.62,393.37,393.49
1781666100000,393.51,393.6,393.28,393.46
1781667000000,393.49,393.8,393.46,393.69
1781667900000,393.78,393.99,393.77,393.95
1781668800000,394,394.12,393.98,393.98
1781669700000,393.96,394.28,393.96,394.25
1781670600000,394.2,394.27,393.97,393.97
1781671500000,394.01,394.21,394,394.15
1781672400000,394.17,394.36,394.02,394.09
1781673300000,394.09,394.23,394.02,394.17
1781674200000,394.18,394.51,394.08,394.36
1781675100000,394.35,394.43,394.11,394.11
1781676000000,394.11,394.2,394.01,394.07
1781676900000,394.1,394.21,393.89,393.99
1781677800000,393.98,394.2,393.85,394.04
1781678700000,394.04,394.17,393.93,394.17
1781679600000,394.17,394.36,394.11,394.2
1781680500000,394.22,394.29,393.76,393.76
1781681400000,393.88,393.9,393.65,393.75
1781682300000,393.75,393.99,393.58,393.94
1781683200000,393.115,394.49,392.556,392.66
1781684100000,392.661,393.386,392.654,393.235
1781685000000,393.235,393.235,392.75,393.199
1781685900000,393.199,393.2,392.7,393.032
1781686800000,393.031,393.031,392.73,392.739
1781687700000,392.74,392.74,392.3,392.55
1781688600000,392.55,392.55,392.201,392.46
1781689500000,392.46,392.499,392.25,392.383
1781690400000,392.384,392.384,391.849,392.179
1781691300000,392.182,392.345,391.972,392.13
1781692200000,392.13,392.194,391.836,392.044
1781693100000,392.045,392.312,392.045,392.225
1781694000000,392.225,392.49,392.003,392.15
1781694900000,392.15,392.177,391.99,392.05
1781695800000,392.05,392.22,391.933,392.125
1781696700000,392.125,392.125,391.476,391.639
1781697600000,391.633,392,391.616,391.855
1781698500000,391.855,391.855,391.068,391.265
1781699400000,391.265,391.509,391.005,391.324
1781700300000,391.324,391.399,390.895,390.997
1781701200000,390.996,391,389.79,390.335
1781702100000,390.34,390.736,389.428,389.999
1781703000000,389.6,390.26,386.81,388.607
1781703900000,388.68,390.025,388.14,389.84
1781704800000,389.826,389.854,387.44,388.426
1781705700000,388.43,388.87,387.07,387.397
1781706600000,387.397,387.67,385.9,386.243
1781707500000,386.243,386.27,384.63,384.871
1781708400000,384.884,386.3,384.73,385.939
1781709300000,385.96,386.06,385.245,385.463
1781710200000,385.454,386.61,385.17,386.197
1781711100000,386.225,386.59,385.39,385.41
1781712000000,385.404,386.055,385.35,385.76
1781712900000,385.758,385.93,385.345,385.379
1781713800000,385.377,385.377,384.415,384.529
1781714700000,384.528,384.83,384.05,384.144
1781715600000,384.12,384.44,383.42,384.292
1781716500000,384.294,385.19,384.03,384.867
1781717400000,384.869,385.44,384.635,385.14
1781718300000,385.143,385.97,385.143,385.77
1781719200000,385.75,385.79,382.83,383.585
1781720100000,383.59,384.1,382.64,383.011
1781721000000,383,383.81,382.38,383.372
1781721900000,383.371,383.425,381.46,381.835
1781722800000,381.805,382.45,380.68,381.261
1781723700000,381.245,381.31,378.89,379.065
1781724600000,379.07,379.1,377.6,377.694
1781725500000,377.745,379.04,377.36,378.962
1781726400000,378.978,379.849,378.881,379.556
1781727300000,379.555,380.289,379.485,380.088
1781728200000,380.083,380.465,380.059,380.152
1781729100000,380.152,380.373,379.8,380.373
1781730000000,380.374,380.541,379.925,380.142
1781730900000,380.153,380.349,379.864,380.275
1781731800000,380.282,380.81,380.279,380.81
1781732700000,380.813,381.06,380.7,380.716
1781733600000,380.724,381.08,380.61,381.059
1781734500000,381.059,381.49,381.059,381.316
1781735400000,381.315,382.125,381.315,381.705
1781736300000,381.705,381.994,381.606,381.66
1781737200000,381.66,381.799,381.584,381.645
1781738100000,381.646,382.197,381.585,382.097
1781739000000,382.098,382.294,382.082,382.215
1781739900000,382.215,382.292,382.166,382.28
1781740800000,382.29,383.67,382.29,383.5
1781741700000,383.48,383.51,382.16,382.73
1781742600000,382.73,383.36,382.47,383.16
1781743500000,383.15,383.19,382.62,382.94
1781744400000,382.85,383.18,382.85,382.97
1781745300000,382.92,383.21,382.79,383.17
1781746200000,383.18,383.31,382.74,383
1781747100000,383,383.02,382.4,382.42
1781748000000,382.42,382.93,382.42,382.86
1781748900000,382.85,382.85,382.56,382.68
1781749800000,382.7,382.82,382.53,382.66
1781750700000,382.72,382.85,382.61,382.65
1781751600000,382.68,382.88,382.32,382.33
1781752500000,382.35,382.71,382.21,382.6
1781753400000,382.61,382.65,382.21,382.27
1781754300000,382.33,382.41,382.21,382.29
1781755200000,382.3,382.38,381.7,381.76
1781756100000,381.77,381.87,381.52,381.7
1781757000000,381.71,381.71,380.8,381
1781757900000,380.95,381.27,380.71,380.91
1781758800000,380.94,381.3,380.79,380.97
1781759700000,381.04,381.68,381.01,381.27
1781760600000,381.46,382,381.46,381.93
1781761500000,381.91,381.98,381.69,381.88
1781762400000,381.86,381.94,381.67,381.76
1781763300000,381.86,382.22,381.86,382.22
1781764200000,382.18,382.25,381.8,382.19
1781765100000,382.14,382.66,382.12,382.66
1781766000000,382.64,382.79,382.41,382.42
1781766900000,382.52,382.52,382.09,382.34
1781767800000,382.27,382.36,382.1,382.12
1781768700000,382.09,382.21,381.99,382.2
1781769600000,382.28,382.78,382.145,382.51
1781770500000,382.509,382.58,381.926,382.41
1781771400000,382.408,382.419,381.635,381.69
1781772300000,381.69,381.69,380.888,380.925
1781773200000,380.925,381.19,380.88,381.144
1781774100000,381.146,381.175,380.99,381.1
1781775000000,381.1,381.149,381.07,381.12
1781775900000,381.12,381.365,381.091,381.125
1781776800000,381.125,381.752,381,381.705
1781777700000,381.705,382.775,381.585,382.696
1781778600000,382.695,382.695,380.9,381.161
1781779500000,381.159,381.159,379.702,379.95
1781780400000,380.042,380.129,377.97,378.275
1781781300000,378.275,378.469,377.6,378.096
1781782200000,378.104,378.337,377.33,377.686
1781783100000,377.685,377.865,377.446,377.505
1781784000000,377.501,377.98,376.85,377.907
1781784900000,377.906,378.41,377.825,378.191
1781785800000,378.188,378.456,377.789,378.231
1781786700000,378.228,379.394,378.176,379.033
1781787600000,379.032,380.497,378.891,380.235
1781788500000,380.229,380.807,378.98,379.008
1781789400000,377.905,379.28,373.32,373.623
1781790300000,373.68,376.5,373.636,376
1781791200000,376.035,379.05,375.34,378.291
1781792100000,378.23,379.625,376.8,377.271
1781793000000,377.254,378.44,376.9,377.64
1781793900000,377.641,378.195,376.645,376.665
1781794800000,376.61,376.81,375.755,375.982
1781795700000,375.976,376.095,374.83,375.109
1781796600000,375.118,376.01,375.04,375.353
1781797500000,375.33,378.03,375.18,377.919
1781798400000,377.88,378.135,376.595,376.704
1781799300000,376.706,378.752,376.706,378.632
1781800200000,378.64,379.545,378.591,378.843
1781801100000,378.92,379.6,378.635,379.488
1781802000000,379.53,381.36,379.27,380.74
1781802900000,380.741,381.1,379.33,379.708
1781803800000,379.705,380.475,379.215,379.779
1781804700000,379.773,380.138,379.67,379.777
1781805600000,379.77,379.77,378.585,378.859
1781806500000,378.857,378.91,377.61,377.708
1781807400000,377.64,378.105,377.35,378
1781808300000,378.009,378.5,377.68,377.953
1781809200000,377.89,377.936,377.13,377.596
1781810100000,377.592,378.375,377.4,378.025
1781811000000,378.05,378.135,377.51,378.01
1781811900000,379.625,379.74,379.04,379.12
1781812800000,379.241,380.172,379.154,380.059
1781813700000,380.058,380.25,380.006,380.125
1781814600000,380.125,380.125,379.874,379.905
1781815500000,379.905,379.935,379.565,379.815
1781816400000,379.815,380.01,379.805,379.989
1781817300000,379.989,379.99,379.895,379.973
1781818200000,379.97,379.99,379.905,379.905
1781819100000,379.905,379.97,379.55,379.617
1781820000000,379.55,379.634,379.175,379.257
1781820900000,379.263,379.277,379.05,379.117
1781821800000,379.105,379.15,378.6,378.875
1781822700000,378.879,379.149,378.645,378.742
1781823600000,378.743,378.85,378.61,378.73
1781824500000,378.73,379.174,378.73,379.095
1781825400000,379.095,379.159,378.887,378.98
1781826300000,378.98,379.111,378.98,379.09
1781827200000,379.31,379.31,379.31,379.31
1781829900000,379.31,379.31,379.31,379.31
1781841600000,379.32,379.33,379.11,379.11
1781844300000,379.11,379.11,378.96,378.96
1781872200000,379.36,379.36,379.36,379.36
1781874000000,379.16,379.16,378.87,378.87
1781876700000,379.12,379.12,378.23,378.23
1781877600000,378.65,378.65,378.65,378.65
1781878500000,378.65,378.65,378.65,378.65
1781879400000,378.65,378.65,378.65,378.65
1781884800000,378.7,378.72,378.23,378.23
1781885700000,378.22,378.78,378.1,378.1
1781887500000,378.78,379.07,378.14,378.14
1781892000000,378.26,378.94,378.08,378.08
1781892900000,378.62,379.03,377.98,377.98
1781894700000,378.06,378.69,377.87,377.87
1781895600000,378.21,378.47,377.67,377.67
1781901000000,377.65,377.65,377.65,377.65
1781908200000,377.95,377.95,377.95,377.95
1781909100000,377.65,377.65,377.65,377.65
1781915400000,377.64,377.64,377.64,377.64
1781928900000,377.95,380.16,377.95,380.16
1781948700000,379.31,379.31,379.31,379.31
1781954100000,379.02,379.02,378.93,378.93
1781956800000,379.12,379.43,378.96,378.96
1781969400000,379.32,379.46,379.16,379.16
1781979300000,379.29,379.49,379.17,379.25
1781982000000,379.46,379.46,379.24,379.24
1781983800000,379.47,379.5,379.25,379.5
1781986500000,379.52,379.52,379.23,379.23
1781992800000,379.44,379.54,379.25,379.25
1782000900000,379.25,379.25,379.25,379.25
1782001800000,379.16,379.16,379.12,379.12
1782009900000,379.54,379.54,379.09,379.09
1782015300000,379.55,379.88,379.06,379.06
1782018900000,379.95,379.95,379.06,379.06
1782020700000,379.97,380.02,379.06,379.38
1782029700000,380.03,380.03,379.06,379.06
1782031500000,380.05,380.06,380.05,380.06
1782032400000,379.85,379.85,379.63,379.63
1782046800000,379.67,379.67,379.49,379.49
1782066600000,380.11,380.11,379.71,379.71
1782084600000,380.13,380.13,379.46,379.46
1782086400000,379.87,380.39,377.02,377.76
1782087300000,377.79,378.41,377.49,377.92
1782088200000,377.95,378.12,376.99,377.26
1782089100000,377.29,378.13,377.25,377.65
1782090000000,377.65,378.14,377.53,377.9
1782090900000,377.91,378.05,377.73,377.9
1782091800000,377.86,377.88,377.36,377.44
1782092700000,377.44,377.71,376.85,377.64
1782093600000,377.71,377.99,377.59,377.71
1782094500000,377.66,377.89,377.34,377.34
1782095400000,377.37,377.71,377.34,377.45
1782096300000,377.46,377.52,377.27,377.38
1782097200000,377.37,377.5,377.12,377.13
1782098100000,377.14,377.4,377.11,377.25
1782099000000,377.29,377.35,376.99,376.99
1782099900000,377.02,377.21,376.79,376.88
1782100800000,376.9,377.09,376.82,376.98
1782101700000,376.99,377.04,376.57,376.57
1782102600000,376.62,376.62,376.24,376.46
1782103500000,376.46,377.46,376.46,377.46
1782104400000,377.41,378.01,377.31,377.89
1782105300000,378.01,378.21,377.92,378.15
1782106200000,378.19,378.41,378.04,378.24
1782107100000,378.23,378.67,378.13,378.67
1782108000000,378.65,378.77,378.45,378.65
1782108900000,378.54,379.29,378.49,379.27
1782109800000,379.21,379.21,378.87,379.1
1782110700000,379.15,379.46,379.1,379.45
1782111600000,379.45,379.79,378.98,379.56
1782112500000,379.72,380,379.72,379.97
1782113400000,379.96,379.99,379.54,379.61
1782114300000,379.64,379.86,379.62,379.75
1782115200000,379.152,380.699,379.152,380.508
1782116100000,380.506,380.877,380.093,380.191
1782117000000,380.191,380.605,380.1,380.534
1782117900000,380.535,380.554,379.7,380.225
1782118800000,380.228,380.336,379.91,379.99
1782119700000,379.99,380.175,379.84,380.025
1782120600000,380.012,380.025,379.425,379.425
1782121500000,379.425,379.425,378.821,378.895
1782122400000,378.895,379.49,378.889,379.1
1782123300000,379.1,379.175,378.945,378.945
1782124200000,378.945,378.948,378.515,378.89
1782125100000,378.89,380.015,378.793,379.174
1782126000000,379.17,379.494,378.45,378.45
1782126900000,378.438,378.438,377.685,377.786
1782127800000,377.784,378.197,377.71,377.798
1782128700000,377.797,377.989,377.605,377.798
1782129600000,377.94,378.15,377.79,377.922
1782130500000,377.927,378.29,377.793,377.949
1782131400000,377.962,377.992,377.23,377.275
1782132300000,377.294,377.68,377.213,377.357
1782133200000,377.356,377.375,376.84,376.997
1782134100000,377.002,377.355,375.509,375.668
1782135000000,375.2,379.505,374.35,379.348
1782135900000,379.52,381.5,378.13,379.86
1782136800000,379.81,380.9,377.605,377.641
1782137700000,377.625,377.638,373.535,373.611
1782138600000,373.59,374.45,372.92,373.971
1782139500000,373.962,374.25,371.49,372.242
1782140400000,372.247,373.04,371.12,371.308
1782141300000,371.27,371.51,370.57,371.184
1782142200000,371.185,371.745,370.42,371.703
1782143100000,371.695,372.08,370.4,370.515
1782144000000,370.6,370.67,369.23,369.743
1782144900000,369.744,369.785,367.95,368.437
1782145800000,368.435,368.62,368.01,368.365
1782146700000,368.365,369.05,368.36,368.831
1782147600000,368.84,369.15,368.12,368.765
1782148500000,368.764,369.59,368.61,368.995
1782149400000,368.997,369.35,368.7,369.153
1782150300000,369.157,370.115,369.06,370.042
1782151200000,370.041,370.21,369.58,369.934
1782152100000,369.94,370.65,369.9,370.342
1782153000000,370.344,370.55,369.915,370.059
1782153900000,370.059,370.3,369.125,369.314
1782154800000,369.33,370.295,369.02,370.159
1782155700000,370.13,370.45,369.75,369.807
1782156600000,369.79,370.44,368.67,368.976
1782157500000,369.05,369.49,367.07,367.22
1782158400000,367.388,368.194,367.388,368.041
1782159300000,368.042,368.48,367.457,367.515
1782160200000,367.512,367.745,367.495,367.73
1782161100000,367.728,368.04,367.625,367.739
1782162000000,367.741,367.949,367.6,367.949
1782162900000,367.951,368.233,367.9,368.103
1782163800000,368.114,368.23,368.054,368.2
1782164700000,368.2,368.743,368.2,368.645
1782165600000,368.645,368.75,368.56,368.729
1782166500000,368.73,369.194,368.63,369
1782167400000,369,369.026,368.725,368.883
1782168300000,368.886,369.1,368.858,368.878
1782169200000,368.877,368.877,368.441,368.441
1782170100000,368.441,368.5,368.223,368.35
1782171000000,368.35,368.595,368.203,368.595
1782171900000,368.595,368.595,368.285,368.32
1782172800000,369.14,369.14,368.43,368.49
1782173700000,368.5,368.99,368.09,368.78
1782174600000,368.86,370.2,368.86,370.18
1782175500000,370.14,370.42,369.65,369.98
1782176400000,369.98,370.3,369.56,369.99
1782177300000,369.96,369.97,369.51,369.9
1782178200000,369.91,370.02,369.01,369.04
1782179100000,369.09,369.09,367.4,368.01
1782180000000,368.06,368.78,368.06,368.6
1782180900000,368.7,368.84,368.42,368.57
1782181800000,368.54,368.72,368.44,368.49
1782182700000,368.54,368.79,368.29,368.62
1782183600000,368.68,368.86,368.51,368.6
1782184500000,368.61,369.97,368.55,369.41
1782185400000,369.47,370,369.3,369.84
1782186300000,369.79,369.81,368.99,369.37
1782187200000,369.37,369.5,368.61,368.65
1782188100000,368.65,368.68,368.46,368.68
1782189000000,368.68,368.68,368.03,368.23
1782189900000,368.41,368.41,367.94,368.11
1782190800000,368.08,368.24,367.73,367.73
1782191700000,367.73,368.11,367.73,368.1
1782192600000,367.98,368.22,367.49,367.73
1782193500000,367.83,369.09,367.55,368.68
1782194400000,368.63,369,367.85,368.21
1782195300000,368.3,368.3,367.18,367.22
1782196200000,367.2,367.41,365.68,365.85
1782197100000,365.8,366.52,365.67,366.16
1782198000000,366.17,367.41,366.15,366.7
1782198900000,366.8,367.05,366.58,366.86
1782199800000,366.86,367.36,366.59,366.77
1782200700000,366.78,367.09,366.52,366.52
1782201600000,368.32,368.32,366.65,368.159
1782202500000,368.161,370.498,368.161,369.911
1782203400000,369.909,371.967,369.79,371.224
1782204300000,371.236,371.285,370.49,370.79
1782205200000,370.788,371.005,370.52,370.927
1782206100000,370.926,371.014,370.355,370.783
1782207000000,370.784,370.874,370.35,370.849
1782207900000,370.85,372.285,370.85,371.286
1782208800000,371.287,372.348,371.287,372.05
1782209700000,372.05,372.449,371.785,372.075
1782210600000,372.079,372.1,371.083,371.125
1782211500000,371.125,372.16,371.125,371.348
1782212400000,371.347,371.77,370.276,370.801
1782213300000,370.846,371.568,370.508,371.568
1782214200000,371.569,371.8,370.657,371.437
1782215100000,371.435,372.9,371.4,372.114
1782216000000,372.112,373.076,371.682,373.076
1782216900000,373.096,373.38,371.725,372.225
1782217800000,372.225,372.418,371.659,372.326
1782218700000,372.326,373.114,372.325,372.905
1782219600000,372.905,374,372.64,372.966
1782220500000,372.976,373.573,371.678,372.517
1782221400000,372.54,375.86,370.81,374.695
1782222300000,374.687,375.1,372.17,374.85
1782223200000,374.875,375.61,373.21,374.19
1782224100000,374.205,376.35,373.95,376.277
1782225000000,376.281,377.18,375.435,376.38
1782225900000,376.38,376.69,374.135,374.676
1782226800000,374.75,374.75,373.38,374.439
1782227700000,374.456,375.01,372.78,372.922
1782228600000,372.925,373.28,372.49,373.165
1782229500000,373.116,373.64,372.85,373.356
1782230400000,373.45,373.54,371.67,372.009
1782231300000,372.013,373.35,371.675,373.169
1782232200000,373.175,373.51,372.675,372.74
1782233100000,372.743,373.34,372.59,372.897
1782234000000,372.895,372.935,372.42,372.556
1782234900000,372.558,373.16,372.45,372.984
1782235800000,373.035,374.56,372.987,374.148
1782236700000,374.134,374.241,372.6,373.568
1782237600000,373.566,374.24,373.435,373.639
1782238500000,373.61,373.88,373.15,373.171
1782239400000,373.171,373.73,372.34,372.405
1782240300000,372.401,373.01,372.28,372.865
1782241200000,372.88,373.875,372.804,373.238
1782242100000,373.32,374.15,373.11,373.877
1782243000000,373.89,374.3,373.425,374.224
1782243900000,374.2,376.12,373.92,374.137
1782244800000,374.102,374.52,373.64,373.64
1782245700000,373.64,374.184,373.53,373.925
1782246600000,373.925,374.01,373.8,373.82
1782247500000,373.822,374.119,373.57,374.119
1782248400000,374.12,374.12,373.371,373.371
1782249300000,373.362,373.56,373.276,373.384
1782250200000,373.388,373.727,373.22,373.55
1782251100000,373.55,373.62,373.396,373.5
1782252000000,373.5,373.594,373.06,373.267
1782252900000,373.268,373.275,372.07,372.4
1782253800000,372.4,372.773,372.01,372.246
1782254700000,372.245,373.3,372.186,373.3
1782255600000,373.3,373.325,372.519,373.2
1782256500000,373.144,373.334,372.739,373.04
1782257400000,373.04,373.3,372.7,372.83
1782258300000,372.831,374.343,372.831,374.1
1782259200000,374.43,374.97,374.15,374.65
1782260100000,374.64,374.71,373.94,373.99
1782261000000,374.23,374.3,373.43,373.48
1782261900000,373.46,373.74,373.17,373.62
1782262800000,373.61,374.34,373.47,374.15
1782263700000,374.2,374.69,373.7,374.51
1782264600000,374.43,374.99,374.02,374.54
1782265500000,374.49,374.87,374.44,374.55
1782266400000,374.64,374.75,374.42,374.51
1782267300000,374.49,374.61,374.14,374.47
1782268200000,374.59,374.61,374.12,374.17
1782269100000,374.2,374.24,373.52,373.53
1782270000000,373.56,374.63,373.52,374.63
1782270900000,374.42,374.7,374.29,374.7
1782271800000,374.84,375,374.22,374.29
1782272700000,374.27,374.51,374.07,374.51
1782273600000,374.52,374.57,374.11,374.31
1782274500000,374.32,374.47,374.27,374.4
1782275400000,374.42,375.49,374.42,375.16
1782276300000,375.16,375.25,375.13,375.2
1782277200000,375.25,375.9,375.22,375.9
1782278100000,375.95,376.2,375.8,375.82
1782279000000,375.81,375.92,375.53,375.53
1782279900000,375.57,375.83,374.76,374.76
1782280800000,374.74,374.9,374.17,374.76
1782281700000,374.63,374.63,374.19,374.26
1782282600000,374.41,374.8,374.29,374.4
1782283500000,374.4,374.41,374.28,374.39
1782284400000,374.31,374.32,373.45,373.55
1782285300000,373.56,373.65,373.19,373.4
1782286200000,373.36,373.51,372.96,373.5
1782287100000,373.48,373.75,372.82,372.82
1782288000000,373.967,373.967,372.25,372.305
1782288900000,372.305,372.62,371.666,372.2
1782289800000,372.216,372.5,372.01,372.181
1782290700000,372.174,372.55,371.975,372.44
1782291600000,372.44,372.744,372.2,372.7
1782292500000,372.7,372.7,372.59,372.695
1782293400000,372.695,372.769,372.45,372.45
1782294300000,372.45,372.95,372.45,372.543
1782295200000,372.542,372.748,372.462,372.625
1782296100000,372.625,372.636,372.42,372.42
1782297000000,372.42,372.435,372.2,372.43
1782297900000,372.43,372.43,371.892,372.05
1782298800000,372.05,372.362,371.89,371.964
1782299700000,371.964,372.178,371.425,371.55
1782300600000,371.55,371.99,371.401,371.525
1782301500000,371.525,372.109,371.001,371.006
1782302400000,371.009,371.374,370.75,371.255
1782303300000,371.255,371.405,370.485,371.405
1782304200000,371.409,371.424,370.636,371.096
1782305100000,371.114,371.307,370.46,370.8
1782306000000,370.8,371.36,370.732,371.163
1782306900000,371.16,371.514,369.821,371.514
1782307800000,371.62,378.88,371.36,377.733
1782308700000,377.732,377.732,374.34,374.528
1782309600000,374.61,374.61,372.64,373.59
1782310500000,373.66,374.97,373.12,374.82
1782311400000,374.685,375.03,372.64,373.43
1782312300000,373.462,375.54,373.37,375.515
1782313200000,375.56,375.56,373.88,374.701
1782314100000,374.684,375.49,374.33,374.931
1782315000000,374.94,375.09,373.53,373.55
1782315900000,373.588,374.54,373.39,374.089
1782316800000,374.092,374.572,373.582,374.224
1782317700000,374.21,374.43,373.07,373.12
1782318600000,373.094,373.221,372.21,372.566
1782319500000,372.567,373.405,372.52,372.832
1782320400000,372.839,373.302,371.935,372.084
1782321300000,372.079,372.12,370.85,370.958
1782322200000,370.948,371.89,370.43,370.682
1782323100000,370.682,371.065,370.32,370.674
1782324000000,370.674,371.9,370.66,371.828
1782324900000,371.824,372.255,370.61,370.64
1782325800000,370.64,371.385,369.12,369.195
1782326700000,369.11,369.375,368.585,369.005
1782327600000,369.03,369.27,368.49,368.823
1782328500000,368.83,368.96,368.42,368.52
1782329400000,368.513,368.71,367.47,367.839
1782330300000,365.065,365.74,365,365.45
1782331200000,365.464,366.479,364.01,364.954
1782332100000,364.945,366.241,364.8,365.198
1782333000000,365.199,366.61,364.79,365.32
1782333900000,365.298,366.05,365.18,366.05
1782334800000,366.05,366.263,365.437,365.527
1782335700000,365.527,367.039,365.525,367.039
1782336600000,367.041,367.069,366.8,366.991
1782337500000,366.991,367.39,366.9,367.024
1782338400000,367.019,367.414,366.032,366.032
1782339300000,366.01,366.058,365.27,365.72
1782340200000,365.686,365.715,365.305,365.6
1782341100000,365.6,365.687,365.51,365.675
1782342000000,365.662,365.745,365.46,365.65
1782342900000,365.65,365.65,365.175,365.182
1782343800000,365.182,365.47,365.155,365.405
1782344700000,365.405,365.515,365.253,365.385
1782345600000,366,366.19,365.01,366.01
1782346500000,366.02,366.17,365.55,365.68
1782347400000,365.66,365.72,365.44,365.48
1782348300000,365.52,365.53,365.25,365.29
1782349200000,365.35,365.39,364.71,365.02
1782350100000,365.13,365.23,365.05,365.11
1782351000000,365.09,365.17,364.79,364.91
1782351900000,364.96,365.11,364.43,364.75
1782352800000,364.75,364.85,364.4,364.49
1782353700000,364.53,364.83,364.4,364.78
1782354600000,364.78,364.99,364.68,364.99
1782355500000,364.99,365,364.89,364.98
1782356400000,364.98,365.01,364.68,364.75
1782357300000,364.75,365.58,364.65,365.54
1782358200000,365.55,365.63,365.34,365.41
1782359100000,365.37,365.81,365.37,365.78
1782360000000,365.75,365.86,365.51,365.51
1782360900000,365.51,365.71,365.28,365.4
1782361800000,365.45,365.45,364.91,365.02
1782362700000,365.02,365.12,364.51,364.56
1782363600000,364.58,364.67,364,364.03
1782364500000,364.03,364.42,363.3,363.3
1782365400000,363.4,363.92,362.83,363.79
1782366300000,363.96,364.73,363.96,364.32
1782367200000,364.43,364.5,363.93,363.93
1782368100000,363.97,364.19,363.76,363.82
1782369000000,363.82,364.02,363.77,363.96
1782369900000,363.97,364.26,363.84,364.03
1782370800000,364.09,364.48,364.05,364.28
1782371700000,364.28,364.8,364.11,364.64
1782372600000,364.65,364.79,364.26,364.78
1782373500000,364.65,364.84,364.31,364.52
1782374400000,364.67,364.67,364.56,364.56
1782375300000,364.263,364.695,364.263,364.303
1782376200000,364.302,364.353,364.091,364.35
1782377100000,364.35,364.544,364.189,364.466
1782378000000,364.461,365.224,364.445,365.165
1782378900000,365.165,365.189,365.02,365.15
1782379800000,365.15,366.493,365.146,366.345
1782380700000,366.345,366.345,365.347,365.49
1782381600000,365.49,365.625,365.454,365.551
1782382500000,365.553,365.727,364.974,365.167
1782383400000,365.17,365.2,364.74,365.005
1782384300000,365.009,365.197,364.91,365.044
1782385200000,365.062,365.18,363.918,364.097
1782386100000,364.098,364.1,363.732,363.85
1782387000000,363.85,364.5,363.85,364.175
1782387900000,364.175,364.2,363.858,364.001
1782388800000,364,364.116,363.645,363.799
1782389700000,363.799,363.879,363.617,363.617
1782390600000,363.616,364.1,363.01,363.192
1782391500000,363.191,363.45,362.691,362.895
1782392400000,362.895,363.6,362.81,363.573
1782393300000,363.581,364.678,362.737,362.766
1782394200000,362.76,364.18,358.54,358.899
1782395100000,358.88,359.27,356.62,357.323
1782396000000,357.42,358.65,356.98,358.352
1782396900000,358.349,360.01,358.1,359.865
1782397800000,359.87,359.965,356.8,357.654
1782398700000,357.8,358,355.39,355.541
1782399600000,355.554,356,353.74,354.8
1782400500000,354.83,356.145,354.105,356.058
1782401400000,356.03,356.6,355.01,355.766
1782402300000,355.765,356.255,354.825,355.615
1782403200000,355.575,355.616,352.8,353.025
1782404100000,353.035,354.29,352.38,352.445
1782405000000,352.4,352.6,351.475,351.835
1782405900000,351.817,352,351.11,351.6
1782406800000,351.64,351.96,350.86,351.841
1782407700000,351.81,352.3,351.34,351.6
1782408600000,351.603,351.7,350.01,350.107
1782409500000,350.19,350.93,349.195,350.61
1782410400000,350.63,351.975,350.28,351.401
1782411300000,351.401,357.645,351.399,357.634
1782412200000,357.656,357.775,355.905,355.941
1782413100000,355.895,355.934,354.355,355.395
1782414000000,355.397,355.62,353.94,354.531
1782414900000,354.49,354.523,352.305,352.648
1782415800000,352.615,353.49,352.495,352.938
1782416700000,352.76,354.83,351.66,352.47
1782417600000,352.468,354.16,352.446,353.15
1782418500000,353.15,354.429,353.15,354.281
1782419400000,354.282,354.686,354.029,354.1
1782420300000,354.1,354.4,353.875,353.875
1782421200000,353.875,353.889,353.6,353.87
1782422100000,353.87,354.524,353.87,354.124
1782423000000,354.121,354.524,354.006,354.325
1782423900000,354.325,354.47,354.272,354.46
1782424800000,354.47,354.635,353.816,354.347
1782425700000,354.346,354.43,354.08,354.08
1782426600000,354.08,354.425,354.074,354.3
1782427500000,354.3,354.67,354.3,354.637
1782428400000,354.635,355.406,354.39,355.406
1782429300000,355.41,357.344,355.25,356.957
1782430200000,356.933,357.124,355.701,355.924
1782431100000,355.932,355.965,354.55,355.302
1782432000000,355.35,356.22,355.12,356.1
1782432900000,356.08,356.09,355.12,355.55
1782433800000,355.57,355.87,355.14,355.69
1782434700000,355.82,355.95,355.17,355.18
1782435600000,355.17,355.3,354.45,355.18
1782436500000,355.28,355.52,355.12,355.32
1782437400000,355.34,355.41,354.14,354.2
1782438300000,354.11,354.23,353.56,353.61
1782439200000,353.76,354.22,353.54,354.08
1782440100000,354.18,354.19,353.4,353.61
1782441000000,353.6,353.74,352.75,353
1782441900000,352.92,353.2,352.17,352.41
1782442800000,352.42,352.47,350.59,351.37
1782443700000,351.4,352.21,351.33,351.43
1782444600000,351.31,352.15,350.53,351.9
1782445500000,351.9,352.81,351.73,352.32
1782446400000,352.34,353.12,352.16,353.01
1782447300000,352.99,353.45,352.49,352.62
1782448200000,352.63,352.92,351.96,352.67
1782449100000,352.72,352.84,352.5,352.75
1782450000000,352.71,353.35,352.69,353.35
1782450900000,353.4,353.48,353.01,353.34
1782451800000,353.33,353.51,353.12,353.33
1782452700000,353.27,353.71,353,353.5
1782453600000,353.46,353.99,353.25,353.78
1782454500000,353.86,354.66,353.8,354.55
1782455400000,354.66,355.83,354.61,355.81
1782456300000,355.78,356.35,355.57,355.77
1782457200000,355.85,356.02,354.65,355.4
1782458100000,355.4,356.32,355.4,356.3
1782459000000,356.32,356.86,356.28,356.28
1782459900000,356.29,356.72,356.13,356.41
1782460800000,357.73,357.84,355.008,357.84
1782461700000,356.865,356.96,356.235,356.94
1782462600000,356.78,357.45,356.606,356.78
1782463500000,356.902,356.965,356.35,356.35
1782464400000,355.89,356.35,355.86,356.23
1782465300000,356.28,356.28,355.786,356.149
1782466200000,356.31,357.065,356.029,357.01
1782467100000,356.31,357.065,356.125,356.24
1782468000000,356.01,356.415,355.64,356.24
1782468900000,356.415,356.485,355.926,356.25
1782469800000,356.4,356.599,356.05,356.4
1782470700000,356.12,356.795,356.12,356.12
1782471600000,356.185,356.39,355.55,355.92
1782472500000,356.22,356.46,355.694,355.89
1782473400000,356.34,356.604,355.77,356.36
1782474300000,356.34,356.665,356.175,356.49
1782475200000,356.6,357.326,356.235,356.65
1782476100000,357.37,357.688,357.136,357.5
1782477000000,357.46,357.647,356.79,357.2
1782477900000,357.14,357.4,356.769,357.11
1782478800000,357.24,357.845,357.171,357.59
1782479700000,357.57,357.57,355.338,356.974
1782480600000,357.27,361.715,355.44,361.23
1782481500000,361.16,364.175,360.03,362.27
1782482400000,362.18,365.34,360.935,364.265
1782483300000,364.2,367.73,363.425,367.06
1782484200000,367.082,367.76,365.3,367.236
1782485100000,367.345,370.27,367.09,369.88
1782486000000,369.88,370.51,368.495,368.92
1782486900000,368.92,370.59,367.61,370.35
1782487800000,370.31,371.51,370.13,371.22
1782488700000,371.24,371.28,369.24,370.11
1782489600000,370.155,370.535,367.535,368.69
1782490500000,368.615,369.08,367.51,367.97
1782491400000,368.01,369.74,367.77,369.525
1782492300000,369.525,370.81,369.23,369.476
1782493200000,369.48,370.38,369.19,369.8
1782494100000,369.81,370.29,368.89,369.86
1782495000000,369.905,371.14,368.61,371.13
1782495900000,371.05,371.49,370.1,370.73
1782496800000,370.73,371.79,370.48,371.59
1782497700000,371.605,371.7,370.42,370.445
1782498600000,370.47,372,370.24,370.645
1782499500000,370.64,370.88,369.43,369.66
1782500400000,369.64,371.27,369.61,370.78
1782501300000,370.77,371.69,369.74,369.953
1782502200000,370.03,372.98,369.958,372.74
1782503100000,372.76,376.6,371.57,371.7
1782504000000,374.67,374.67,371.655,372.96
1782504900000,373.27,373.377,372.284,372.94
1782505800000,371.99,372.737,371.85,372.39
1782506700000,372.52,372.767,372.3,372.59
1782507600000,372.6,372.6,371.714,371.8
1782508500000,371.53,371.81,371.33,371.48
1782509400000,371.71,371.88,371.456,371.526
1782510300000,371.5,372.096,371.395,371.5
1782511200000,371.95,372.369,371.833,371.906
1782512100000,371.905,372.043,371.55,371.951
1782513000000,372.01,372.125,371.834,372.01
1782513900000,372.125,372.59,372.125,372.565
1782514800000,372.565,372.819,372.565,372.62
1782515700000,372.62,372.729,372.595,372.634
1782516600000,372.635,372.921,372.63,372.921
1782517500000,372.71,372.95,372.65,372.71
1782518400000,372.782,372.782,372.767,372.767
1782519300000,373.78,373.78,373.78,373.78
1782520200000,373.8,373.93,373.8,373.93
1782523800000,374.11,374.11,374.11,374.11
1782535500000,374.11,374.11,373.91,373.91
1782539100000,374.24,374.24,374.24,374.24
1782550800000,374.24,374.24,374.24,374.24
1782551700000,373.91,373.91,373.86,373.86
1782565200000,373.86,373.86,373.75,373.75
1782572400000,374.25,374.25,373.75,373.75
1782578700000,374.32,374.32,373.99,373.99
1782579600000,373.99,373.99,373.8,373.8
1782580500000,373.75,373.75,373.75,373.75
1782595800000,374.34,374.34,374.03,374.03
1782603000000,374.36,374.36,374.04,374.04
1782610200000,374.36,375.15,373.75,375.15
1782612000000,375.15,375.15,375.15,375.15
1782617400000,375.15,375.15,375.15,375.15
1782628200000,375.15,375.15,375.15,375.15
1782630000000,375.16,375.16,375.16,375.16
1782633600000,375.2,375.2,375.2,375.2
1782634500000,375,375,375,375
1782641700000,375.2,375.2,375.2,375.2
1782643500000,375.24,375.24,375,375
1782651600000,375,375,375,375
1782657900000,375,375,375,375
1782665100000,375,375,374.95,374.95
1782666000000,375,375,374.9,374.9
1782691200000,374.44,377.5,374.03,376.74
1782692100000,376.68,376.68,375.68,376.35
1782693000000,376.35,381.81,376.32,380.91
1782693900000,380.94,383.13,379.54,382.15
1782694800000,382.19,382.99,379,380.24
1782695700000,380.26,380.59,378.41,379.61
1782696600000,379.6,381.6,378.53,380.54
1782697500000,380.55,380.56,379.42,379.42
1782698400000,379.49,379.9,378.43,378.43
1782699300000,378.49,380.01,378.49,379.94
1782700200000,379.95,380.24,379.7,380.22
1782701100000,380.23,380.99,380.1,380.43
1782702000000,380.56,380.97,379.97,380.18
1782702900000,380.18,380.49,379.78,380.19
1782703800000,380.3,380.38,379.49,380.35
1782704700000,380.35,382,380.23,381.23
1782705600000,381.14,381.6,380.8,381.19
1782706500000,381.1,381.22,380.56,380.95
1782707400000,380.95,381.23,380.28,380.5
1782708300000,380.52,381.99,380.45,381.82
1782709200000,381.92,382.17,381.6,382.17
1782710100000,382.19,382.49,381.75,381.81
1782711000000,381.9,382.15,381.73,382.09
1782711900000,382.08,382.33,380.52,380.61
1782712800000,380.63,380.66,379.41,379.8
1782713700000,379.8,380.08,379.31,379.71
1782714600000,379.72,379.96,378.51,378.9
1782715500000,378.94,378.95,378.36,378.4
1782716400000,378.42,378.51,377.59,377.69
1782717300000,377.7,378.81,377.7,378.64
1782718200000,378.64,378.75,378.39,378.64
1782719100000,378.7,378.75,378.02,378.39
1782720000000,378.02,378.51,373.682,378
1782720900000,379.64,379.64,378.137,379.64
1782721800000,379.442,380.4,379.112,379.311
1782722700000,379.61,379.695,379.151,379.61
1782723600000,379.449,379.82,379.32,379.69
1782724500000,379.68,380.909,379.665,380.4
1782725400000,380.41,380.915,380.328,380.41
1782726300000,380.59,380.705,379.2,380.01
1782727200000,379.998,379.998,378.777,378.777
1782728100000,378.92,378.933,378.455,378.74
1782729000000,378.676,378.695,378.056,378.495
1782729900000,378.495,378.59,378.15,378.575
1782730800000,378.56,378.96,377.635,378.89
1782731700000,378.929,379.764,378.929,379.084
1782732600000,379.69,380.385,379.004,379.89
1782733500000,379.7,380.065,379.324,379.7
1782734400000,379.48,380.235,378.84,379.68
1782735300000,380.25,380.33,379.371,379.91
1782736200000,379.35,379.94,379.102,379.14
1782737100000,379.11,379.799,378.775,379.7
1782738000000,380,380.385,379.61,380.3
1782738900000,380.3,380.425,377.398,377.81
1782739800000,377.095,379.71,374.57,377.66
1782740700000,378.01,380.49,377.42,379.115
1782741600000,379.42,379.46,375.17,375.65
1782742500000,375.57,377.05,375.22,376.28
1782743400000,376.205,377.11,374.46,376.509
1782744300000,376.45,376.482,371.7,371.96
1782745200000,371.99,373.1,371.54,372.805
1782746100000,372.84,373.64,372.19,373.04
1782747000000,373.315,373.55,371.275,371.68
1782747900000,371.6,371.66,370.25,371.567
1782748800000,371.605,371.76,368.04,368.2
1782749700000,368.37,368.75,367.765,368.17
1782750600000,368.15,368.435,367.3,367.38
1782751500000,367.4,369.42,367.24,368.96
1782752400000,369,369.08,367.79,368.89
1782753300000,368.915,370.25,368.75,369.545
1782754200000,369.66,370.22,368.365,369.13
1782755100000,369.12,369.46,368.68,368.81
1782756000000,368.765,368.77,368.05,368.23
1782756900000,368.22,368.384,367.54,368.05
1782757800000,368.05,368.79,367.95,368.12
1782758700000,368.1,368.43,367.3,368.11
1782759600000,368.15,369.595,367.92,368.92
1782760500000,368.87,369.05,367.41,367.41
1782761400000,367.42,368.35,366.85,367.815
1782762300000,367.835,369.005,367.831,368.505
1782763200000,368.3,369.1,368.075,369.1
1782764100000,369.05,369.259,368.975,369.244
1782765000000,369.22,369.243,368.892,369.01
1782765900000,369.12,369.434,368.915,369.03
1782766800000,369.14,369.41,368.994,369.14
1782767700000,369.435,369.941,369.224,369.85
1782768600000,369.95,370.873,369.85,370.65
1782769500000,370.645,370.662,370.4,370.49
1782770400000,370.531,370.79,370.257,370.79
1782771300000,370.84,371.299,370.763,371.2
1782772200000,371.24,371.68,371.13,371.41
1782773100000,371.649,371.858,371.59,371.604
1782774000000,372.01,372.178,371.51,372.01
1782774900000,372.16,372.49,372.113,372.49
1782775800000,372.131,372.131,371.4,371.464
1782776700000,371.1,371.507,371.051,371.1
1782777600000,371.05,371.305,370.01,370.82
1782778500000,370.8,371.31,370.49,370.5
1782779400000,370.52,370.56,369.7,369.7
1782780300000,369.69,370.44,369.59,370.29
1782781200000,370.22,370.22,369.78,369.85
1782782100000,369.88,370.81,369.88,370.81
1782783000000,370.83,370.83,370.4,370.64
1782783900000,370.64,370.84,370.42,370.62
1782784800000,370.66,370.68,370.16,370.32
1782785700000,370.3,370.57,370.01,370.57
1782786600000,370.62,370.78,370.38,370.39
1782787500000,370.39,370.53,370.17,370.18
1782788400000,370.17,370.66,370.01,370.65
1782789300000,370.41,370.65,370.3,370.41
1782790200000,370.49,370.77,370.3,370.61
1782791100000,370.61,370.8,370.38,370.58
1782792000000,370.62,370.91,370.54,370.67
1782792900000,370.66,370.8,370.56,370.65
1782793800000,370.65,371.08,370.65,371.02
1782794700000,371.07,371.08,370.81,370.99
1782795600000,370.99,371.39,370.99,371.37
1782796500000,371.31,371.4,370.93,370.95
1782797400000,370.94,370.94,370.54,370.54
1782798300000,370.7,370.94,370.57,370.75
1782799200000,370.81,371.1,370.8,371.01
1782800100000,371.09,371.3,371.06,371.27
1782801000000,371.24,371.25,370.84,370.9
1782801900000,370.87,370.91,370.77,370.86
1782802800000,370.82,371.15,370.82,371
1782803700000,371.08,371.08,370.66,370.87
1782804600000,370.87,370.99,370.8,370.81
1782805500000,370.71,371.305,370.29,370.37
1782806400000,370.8,371.305,370.177,370.8
1782807300000,370,370.898,369.95,370
1782808200000,370.08,370.521,370.08,370.08
1782809100000,370.275,370.65,370.191,370.65
1782810000000,370.49,370.65,370.3,370.49
1782810900000,370.3,370.3,369.812,369.82
1782811800000,369.71,369.856,369.401,369.71
1782812700000,369.99,370.15,369.75,370.15
1782813600000,370.05,370.133,369.737,370.06
1782814500000,370.07,370.255,370.055,370.18
1782815400000,370.198,370.437,369.911,370.437
1782816300000,370.452,370.595,370.292,370.292
1782817200000,370.37,370.58,370.193,370.28
1782818100000,370.3,370.409,369.986,370.26
1782819000000,369.74,370.32,369.74,369.74
1782819900000,370.5,370.633,369.142,369.4
1782820800000,369,369.468,369,369.35
1782821700000,368.97,369.26,368.01,368.01
1782822600000,368.49,369.217,368.2,368.21
1782823500000,369.15,369.325,368.663,368.715
1782824400000,368.78,368.919,368.304,368.78
1782825300000,368.82,372,368.233,371.99
1782826200000,370.93,371.89,367.52,369.87
1782827100000,369.91,372.58,369.75,371.5
1782828000000,371.53,372.23,370.46,371.54
1782828900000,371.53,372.53,371.43,371.98
1782829800000,371.94,372.5,371.31,372.2
1782830700000,372.32,372.6,369.19,369.765
1782831600000,369.73,370.02,368.19,369.605
1782832500000,369.57,370.68,369.24,370.68
1782833400000,370.64,370.91,370.02,370.125
1782834300000,370.13,370.745,369.83,370.325
1782835200000,370.555,371.41,370.25,370.66
1782836100000,370.625,371.07,370.485,370.925
1782837000000,370.805,371.157,370.535,370.99
1782837900000,371.005,373.36,370.98,372.73
1782838800000,372.73,373,370.72,370.77
1782839700000,370.82,371.69,370.784,371.29
1782840600000,371.38,371.445,370.6,370.95
1782841500000,370.755,371.42,370.43,370.89
1782842400000,370.86,371.16,370.38,370.69
1782843300000,370.68,371.42,370.68,370.79
1782844200000,370.7,370.92,370.35,370.37
1782845100000,370.355,370.76,369.84,370.475
1782846000000,370.49,371.35,370.36,371.32
1782846900000,371.28,371.83,371.02,371.19
1782847800000,371.215,372.26,371.13,371.845
1782848700000,371.84,374.12,370.9,372.92
1782849600000,373.99,373.99,372.905,373.55
1782850500000,373.21,373.575,373.125,373.21
1782851400000,373.51,373.62,373.325,373.51
1782852300000,373.11,373.545,373.11,373.32
1782853200000,373.98,374.29,373.203,374.29
1782854100000,374.325,374.717,374.132,374.51
1782855000000,374.6,374.675,374.245,374.5
1782855900000,374.91,376.109,374.453,375.39
1782856800000,375.99,375.99,375.172,375.36
1782857700000,375.51,376.331,375.42,375.66
1782858600000,375.888,376.127,375.77,375.8
1782859500000,375.61,375.8,375.29,375.29
1782860400000,375.425,375.596,375.291,375.291
1782861300000,375.275,375.347,374.95,375.01
1782862200000,375.16,375.423,375.02,375.16
1782863100000,375.22,375.565,375.22,375.22
1782864000000,375.56,375.89,374.89,375.1
1782864900000,375.09,375.1,374.52,374.7
1782865800000,374.97,375.51,374.95,375.44
1782866700000,375.45,375.65,375.23,375.24
1782867600000,375.21,375.26,374.51,374.59
1782868500000,374.72,375.45,374.72,375.38
1782869400000,375.36,375.37,374.83,375.01
1782870300000,375.02,375.32,375,375.11
1782871200000,375.13,375.14,374.51,374.68
1782872100000,374.71,374.84,374.45,374.63
1782873000000,374.56,374.94,374.55,374.83
1782873900000,374.92,375.16,374.86,375.07
1782874800000,375.08,375.49,375.05,375.42
1782875700000,375.46,375.46,375.16,375.23
1782876600000,375.24,375.39,375.15,375.21
1782877500000,375.23,375.62,375.18,375.43
1782878400000,375.39,375.48,375.23,375.28
1782879300000,375.26,375.45,375.12,375.45
1782880200000,375.44,375.78,375.26,375.77
1782881100000,375.76,376.15,375.76,375.82
1782882000000,375.83,375.95,375.65,375.66
1782882900000,375.66,375.74,375.24,375.48
1782883800000,375.46,375.53,375.3,375.51
1782884700000,375.47,375.83,375.4,375.83
1782885600000,375.83,375.83,375.43,375.52
1782886500000,375.51,375.55,375.31,375.52
1782887400000,375.5,375.56,375.36,375.55
1782888300000,375.54,375.69,375.43,375.62
1782889200000,375.64,375.66,375.29,375.35
1782890100000,375.32,375.45,375.01,375.28
1782891000000,375.27,375.36,375.09,375.14
1782891900000,375.2,375.83,375,375.83
1782892800000,375.94,376.8,375.056,376.8
1782893700000,376.56,377.875,376.493,377.86
1782894600000,377.869,378.605,377.869,378.294
1782895500000,378.296,378.66,378.105,378.12
1782896400000,378.6,379.248,378.122,379.01
1782897300000,379.68,379.68,378.905,379.68
1782898200000,378.94,379.419,378.617,378.94
1782899100000,379.01,379.28,378.49,379.14
1782900000000,378.65,378.79,378.25,378.65
1782900900000,378.79,379.649,378.57,379.2
1782901800000,379.99,380.227,379.154,379.51
1782902700000,379.346,379.375,378.62,378.62
1782903600000,378.25,379.501,378.25,379.29
1782904500000,380.01,380.347,379.25,380.12
1782905400000,379.69,380.01,379.187,379.98
1782906300000,379.51,379.546,379.31,379.47
1782907200000,379.7,379.973,379.45,379.87
1782908100000,379.62,379.985,379.586,379.7
1782909000000,379.63,379.863,376.513,376.73
1782909900000,376.7,381.036,376.304,380.99
1782910800000,380.01,380.582,378.804,380.51
1782911700000,380.7,382.98,379.927,381.39
1782912600000,380.94,380.96,376.58,377.147
1782913500000,377.19,378.5,374.9,377.556
1782914400000,377.75,380.65,376.78,380.1
1782915300000,380.095,383.22,379.83,382.31
1782916200000,382.22,384.46,381.44,383.875
1782917100000,383.73,385.43,382.99,385.34
1782918000000,385.33,387,384.81,386.34
1782918900000,386.345,387.78,386.15,386.76
1782919800000,386.805,386.878,384.19,384.6
1782920700000,384.56,386.065,383.83,385.77
1782921600000,385.774,386.34,385.59,386.215
1782922500000,386.23,386.4,385.08,385.63
1782923400000,385.62,386.31,385.381,386.08
1782924300000,386.09,387.045,385.68,386.3
1782925200000,386.33,387.09,386.08,386.81
1782926100000,386.78,388.12,386.778,387.86
1782927000000,387.86,387.99,386.57,386.66
1782927900000,386.73,388.26,386.687,387.745
1782928800000,387.745,388.84,387.61,387.85
1782929700000,387.91,388.63,387.23,388.14
1782930600000,388.155,388.31,387.625,387.625
1782931500000,387.64,387.78,386.8,386.95
1782932400000,386.93,388.01,386.65,387.13
1782933300000,387.09,387.1,385.13,385.13
1782934200000,385.165,385.6,384.82,385.595
1782935100000,385.54,385.77,383.05,384.37
1782936000000,383.67,385.073,383.203,384.5
1782936900000,384.8,385.049,384.645,384.8
1782937800000,384.68,384.835,384.439,384.68
1782938700000,384.56,384.689,384.355,384.533
1782939600000,384.528,384.695,384.455,384.555
1782940500000,384.51,384.6,384.395,384.51
1782941400000,384.58,384.58,384.37,384.58
1782942300000,384.579,384.615,384.535,384.535
1782943200000,383.84,384.535,383.704,383.76
1782944100000,383.89,384.2,383.76,383.89
1782945000000,383.855,383.989,383.801,383.95
1782945900000,383.946,384.335,383.745,384.157
1782946800000,384.134,384.134,383.759,383.784
1782947700000,383.785,384.2,383.764,384.198
1782948600000,384.197,384.499,384.195,384.427
1782949500000,384.64,384.98,384.359,384.46
1782950400000,384.28,384.69,383.08,383.44
1782951300000,383.65,384.84,383.6,384.84
1782952200000,384.73,385,384.64,384.64
1782953100000,384.64,385.41,384.48,385.28
1782954000000,385.26,385.83,385.16,385.64
1782954900000,385.62,385.62,384.75,384.93
1782955800000,384.91,385.49,384.88,385.22
1782956700000,385.22,385.54,384.96,385
1782957600000,384.99,385.19,384.81,385.19
1782958500000,385.24,385.47,385.24,385.35
1782959400000,385.3,385.47,385.26,385.45
1782960300000,385.45,385.76,385.44,385.7
1782961200000,385.76,385.86,385.27,385.43
1782962100000,385.43,385.43,385.22,385.31
1782963000000,385.39,385.72,385.39,385.51
1782963900000,385.4,385.49,385.29,385.41
1782964800000,385.47,385.52,385.29,385.29
1782965700000,385.27,385.4,385.07,385.31
1782966600000,385.29,385.29,384.81,384.9
1782967500000,384.9,385.5,384.9,385.47
1782968400000,385.47,385.81,385.34,385.51
1782969300000,385.53,385.53,384.79,384.79
1782970200000,384.81,385,384.44,384.44
1782971100000,384.43,384.71,384.27,384.55
1782972000000,384.67,385.56,384.67,385
1782972900000,384.81,385.4,384.7,385.15
1782973800000,385.18,385.67,385.18,385.54
1782974700000,385.48,386.5,385.4,386.5
1782975600000,386.5,387.1,385.46,385.46
1782976500000,385.43,385.69,384.99,385.12
1782977400000,385.11,385.89,385.01,385.72
1782978300000,385.9,385.9,385.01,385.32
1782979200000,386.86,387.075,385.067,386.66
1782980100000,387,387.665,386.35,386.8
1782981000000,387.221,387.61,386.52,387.165
1782981900000,386.01,387.165,385.687,385.71
1782982800000,385.35,385.687,385.215,385.35
1782983700000,385.62,386.21,385.62,385.66
1782984600000,385.71,385.966,385.3,385.3
1782985500000,385.295,386.049,385.066,385.682
1782986400000,385.105,385.671,385.105,385.105
1782987300000,386.41,386.725,385.587,386.41
1782988200000,385.784,386.269,385.515,385.86
1782989100000,385.7,386.498,385.586,385.7
1782990000000,386.4,387.407,386.008,387
1782990900000,387.26,387.469,386.99,386.99
1782991800000,386.63,387.403,386.189,386.7
1782992700000,385.77,386.225,385.01,385.28
1782993600000,385.585,385.75,382.958,383.21
1782994500000,382.69,383.387,381.615,382.03
1782995400000,382.3,383.289,381,382.21
1782996300000,382.66,384.099,382.556,383.81
1782997200000,384.01,384.858,383.42,383.42
1782998100000,383.45,384.735,383.403,383.435
1782999000000,384.47,387.215,383.73,386.09
1782999900000,385.5,386.59,384.99,386.43
1783000800000,386.32,388.02,385.985,387.58
1783001700000,387.56,389.75,387.26,388.699
1783002600000,388.655,390.44,387.76,388.6
1783003500000,388.73,390.34,388.35,390.07
1783004400000,389.99,390.555,387.62,388.99
1783005300000,389.125,389.64,386.36,387.695
1783006200000,387.84,388.89,387.6,388.344
1783007100000,388.34,389.31,388.11,389.13
1783008000000,389.25,390.07,388.43,390.06
1783008900000,390.05,390.89,389.51,390.89
1783009800000,390.95,391.03,389.42,390.64
1783010700000,390.631,390.631,389.48,390.381
1783011600000,390.44,390.89,388.79,390.84
1783012500000,390.795,391.77,390.69,391.66
1783013400000,391.67,392.09,390.24,390.595
1783014300000,390.675,390.86,390.16,390.61
1783015200000,390.64,391.845,390.18,391.31
1783016100000,391.34,391.37,389.725,390.96
1783017000000,391.01,391.56,390.735,391.27
1783017900000,391.23,391.286,390.17,390.88
1783018800000,390.866,392.2,390.145,391.31
1783019700000,391.15,391.85,391.065,391.21
1783020600000,391.21,391.5,390.28,390.615
1783021500000,390.635,391.43,389.665,389.8
1783022400000,389.825,390.328,389.253,389.615
1783023300000,389.87,390.971,389.704,390.11
1783024200000,390.41,390.65,390.148,390.5
1783025100000,390.52,390.75,390.36,390.52
1783026000000,390.455,390.88,390.4,390.75
1783026900000,390.68,390.825,390.475,390.532
1783027800000,390.531,390.569,390.142,390.525
1783028700000,390.41,390.56,390.35,390.41
1783029600000,390.4,390.4,390.275,390.37
1783030500000,390.37,390.37,390.113,390.12
1783031400000,390.15,390.627,390.004,390.29
1783032300000,390.51,390.61,390.313,390.51
1783033200000,390.79,390.895,390.35,390.79
1783034100000,390.4,390.75,390.261,390.75
1783035000000,390.75,391.316,390.565,390.734
1783035900000,390.734,390.825,390.425,390.8
1783044000000,390.59,390.59,390.59,390.59
1783045800000,390.64,390.64,390.64,390.64
1783048500000,390.92,390.92,390.92,390.92
1783050300000,390.59,390.59,390.53,390.53
1783060200000,390.78,390.78,390.78,390.78
1783061100000,390.78,390.78,390.32,390.32
1783062000000,390.61,390.61,390.61,390.61
1783062900000,390.61,390.61,390.24,390.24
1783070100000,390.24,390.24,390.13,390.13
1783075500000,390.42,392.97,390.42,392.97
1783083600000,390.44,390.45,390.41,390.41
1783089000000,390.7,390.8,390.65,390.8
1783095300000,390.81,390.9,390.41,390.41
1783096200000,390.84,390.84,390.84,390.84
1783097100000,390.5,390.94,390.5,390.94
1783098000000,390.96,390.96,390.96,390.96
1783104300000,390.41,390.41,390.41,390.41
1783125000000,390.62,390.62,390.62,390.62
1783128600000,390.62,390.73,390.62,390.73
1783143000000,390.77,391.16,390.77,391.16
1783163700000,390.94,390.94,390.1,390.1
1783169100000,390.38,391.54,390.38,391.54
1783172700000,390.95,390.95,390.95,390.95
1783175400000,390.95,390.95,390.9,390.9
1783177200000,390.9,390.9,390.9,390.9
1783178100000,390.9,390.9,390.9,390.9
1783180800000,390.9,390.9,390.89,390.89
1783181700000,390.9,390.9,390.89,390.89
1783183500000,390.89,390.89,390.89,390.89
1783209600000,390.89,390.89,390.89,390.89
1783216800000,390.9,390.9,390.9,390.9
1783217700000,390.89,390.89,390.77,390.77
1783218600000,390.9,390.9,390.9,390.9
1783221300000,390.77,390.77,390.77,390.77
1783231200000,390.9,390.9,390.9,390.9
1783233900000,390.9,390.9,390.77,390.77
1783237500000,390.9,390.9,390.9,390.9
1783238400000,390.9,390.9,390.9,390.9
1783242900000,390.9,390.9,390.73,390.73
1783253700000,390.73,390.73,389.71,389.71
1783254600000,389.85,389.85,389.85,389.85
1783261800000,390.49,390.5,390.49,390.5
1783267200000,390.5,390.5,390.5,390.5
1783269000000,390.47,390.52,390,390
1783285200000,390,390,390,390
1783296000000,390.91,393,390.83,391.73
1783296900000,391.68,392.53,391.63,391.96
1783297800000,391.95,392.28,391.5,391.71
1783298700000,391.65,392.03,391.45,391.46
1783299600000,391.46,391.46,390.82,390.99
1783300500000,391.01,391.2,389.21,389.91
1783301400000,390.01,390.84,390,390.14
1783302300000,390.06,390.93,389.54,390.77
1783303200000,390.75,390.89,390.12,390.33
1783304100000,390.34,390.72,390.04,390.51
1783305000000,390.52,390.59,390.25,390.25
1783305900000,390.26,390.48,390.17,390.45
1783306800000,390.38,390.38,389.64,389.74
1783307700000,389.78,390.18,389.77,390.15
1783308600000,390.11,390.15,389.79,389.82
1783309500000,389.84,390,389.31,390
1783310400000,389.99,390.28,389.8,390.23
1783311300000,390.12,390.56,390.12,390.48
1783312200000,390.55,390.57,390.32,390.4
1783313100000,390.4,390.42,390.12,390.12
1783314000000,390.19,390.19,389.66,389.71
1783314900000,389.72,389.89,389.59,389.61
1783315800000,389.57,389.61,389.11,389.59
1783316700000,389.58,389.61,389.28,389.46
1783317600000,389.45,389.6,389.13,389.2
1783318500000,389.22,389.46,389.21,389.32
1783319400000,389.34,389.61,389.24,389.5
1783320300000,389.52,389.69,389.37,389.5
1783321200000,389.5,390.73,389.24,390.71
1783322100000,390.75,390.88,390.22,390.37
1783323000000,390.39,390.71,390.37,390.68
1783323900000,390.77,390.8,390.41,390.5
1783324800000,392.16,392.16,390.599,391.98
1783325700000,390.771,390.875,390.37,390.821
1783326600000,391.01,391.42,390.56,391.01
1783327500000,391.395,391.501,391.196,391.196
1783328400000,391.196,391.196,390.84,390.997
1783329300000,391.005,391.335,391.005,391.285
1783330200000,391.1,391.324,390.738,391.1
1783331100000,391.45,391.595,390.735,391.45
1783332000000,391.38,391.575,390.836,391.01
1783332900000,391.008,391.3,390.821,391.16
1783333800000,391.16,391.475,391.16,391.3
1783334700000,391.3,391.3,390.725,391.05
1783335600000,390.92,391.389,390.515,390.92
1783336500000,390.57,390.749,390.01,390.15
1783337400000,389.98,390.324,389.29,389.29
1783338300000,388.49,389.465,388.237,388.49
1783339200000,388.355,388.695,387.828,388.094
1783340100000,387.89,388.215,387.176,387.24
1783341000000,387.47,387.689,387.17,387.42
1783341900000,387.3,387.374,386.646,387
1783342800000,387.21,387.31,386.427,386.5
1783343700000,386.81,387.501,386.583,387
1783344600000,387.085,389.03,381.325,384.14
1783345500000,384.23,385.76,383.29,384.94
1783346400000,384.96,385.39,383.18,383.72
1783347300000,384.116,384.121,384.104,384.104
1783348200000,384.07,384.75,382.62,384.12
1783349100000,384.07,385.27,383.9,385.265
1783350000000,385.29,386.17,385.06,385.905
1783350900000,385.82,386.88,385.39,386.765
1783351800000,386.765,387.01,386.32,386.59
1783352700000,386.595,386.84,386.08,386.08
1783353600000,386.03,386.29,384.409,384.58
1783354500000,384.61,384.77,383.69,384.045
1783355400000,384.07,384.88,383.85,384.778
1783356300000,384.725,385.29,384.64,385.06
1783357200000,385.06,386.16,385.06,385.79
1783358100000,385.74,386.125,385.315,385.81
1783359000000,385.815,386.07,385.165,385.32
1783359900000,384.647,384.647,384.647,384.647
1783360800000,384.74,385.77,384.19,385.77
1783361700000,385.83,386.59,385.699,386.35
1783362600000,386.395,386.78,385.99,386.105
1783363500000,386.105,386.54,385.62,385.795
1783364400000,385.82,386.29,385.798,386.195
1783365300000,386.18,386.53,385.74,386.32
1783366200000,386.31,386.73,386,386.71
1783367100000,386.72,387.19,386.33,386.82
1783368000000,386.786,387.263,386.58,387.176
1783368900000,387.17,387.277,387.11,387.13
1783369800000,387.13,387.27,386.882,387
1783370700000,386.925,387.15,386.87,387.12
1783371600000,387.055,387.15,386.511,387.055
1783372500000,387.39,387.575,386.477,387.39
1783373400000,387.54,387.54,386.91,387.12
1783374300000,387.12,387.283,387.02,387.05
1783375200000,387.05,387.215,386.787,387.208
1783376100000,387.206,387.283,387.051,387.245
1783377000000,387.245,387.273,387.145,387.173
1783377900000,387.02,387.195,386.97,386.99
1783378800000,386.976,387.2,386.919,386.925
1783379700000,386.51,387,384.37,385.45
1783380600000,385.51,386.005,385.28,385.51
1783381500000,385.568,386.31,385.285,386.31
1783382400000,385.55,386.65,385.55,386.36
1783383300000,386.46,386.99,386.46,386.76
1783384200000,386.73,386.73,386.31,386.65
1783385100000,386.65,386.8,386.55,386.67
1783386000000,386.68,386.7,386.23,386.5
1783386900000,386.47,386.85,386.4,386.85
1783387800000,386.84,386.99,386.62,386.72
1783388700000,386.7,386.97,386.7,386.79
1783389600000,386.69,386.98,386.66,386.97
1783390500000,386.98,387.12,386.91,387.08
1783391400000,387.08,387.16,386.92,387.16
1783392300000,387.15,387.46,387.08,387.26
1783393200000,387.33,387.6,387.33,387.52
1783394100000,387.5,387.51,386.95,387
1783395000000,386.98,387.78,386.98,387.78
1783395900000,387.69,387.75,387.27,387.44
1783396800000,387.52,387.71,387.28,387.62
1783397700000,387.69,388.42,387.62,388.41
1783398600000,388.47,388.51,388.14,388.35
1783399500000,388.29,389.11,388.22,389
1783400400000,389.12,389.71,387.96,387.99
1783401300000,388.14,388.5,387.97,388.49
1783402200000,388.5,389.01,388.29,388.29
1783403100000,388.46,388.66,388.25,388.64
1783404000000,388.6,388.66,388.19,388.38
1783404900000,388.24,388.65,388.12,388.49
1783405800000,388.51,388.78,388.35,388.78
1783406700000,388.79,388.95,388.54,388.83
1783407600000,388.87,389.59,388.76,389.41
1783408500000,389.41,389.64,389.29,389.42
1783409400000,389.41,389.47,389.18,389.21
1783410300000,389.19,389.41,388.1,388.1
1783411200000,389.29,391.796,386.31,391.62
1783412100000,391.8,392.212,391.23,391.8
1783413000000,392.04,392.284,391.286,392.04
1783413900000,392.26,392.406,391.525,392.26
1783414800000,392.8,393.24,392.125,392.99
1783415700000,392.58,393.178,392.213,392.51
1783416600000,393,393.435,392.961,393.37
1783417500000,393.19,393.435,392.49,392.68
1783418400000,392.35,392.542,392.05,392.31
1783419300000,392.02,392.687,391.844,392.16
1783420200000,392.66,392.66,392.105,392.66
1783421100000,392.572,392.572,391.578,391.612
1783422000000,391.61,393.48,391.61,393.29
1783422900000,392.3,393.194,392.3,392.3
1783423800000,392.353,393,392.353,392.907
1783424700000,392.95,393.125,392.207,392.51
1783425600000,391.98,392.415,391.34,391.98
1783426500000,391.68,392.12,391.537,391.88
1783427400000,391.64,392.093,391.592,391.64
1783428300000,392.44,392.785,391.817,392.69
1783429200000,393.01,393.593,392.356,392.79
1783430100000,392.69,410.834,392.351,392.68
1783431000000,392.46,394.555,388.59,390.14
1783431900000,393.204,393.324,393.204,393.324
1783432800000,393.31,393.36,391.545,392.97
1783433700000,393,395.55,392.44,393.88
1783434600000,393.91,394.88,392.42,393.95
1783435500000,393.99,394.25,391.51,391.91
1783436400000,391.94,394.08,391.79,392.043
1783437300000,392.08,393.74,391.925,393.36
1783438200000,393.39,393.86,392.54,393.42
1783439100000,393.44,394.12,392.85,393.72
1783440000000,393.8,394.25,393.04,393.24
1783440900000,393.26,394.35,392.74,394.03
1783441800000,394.12,394.85,393.59,394.225
1783442700000,394.23,394.615,393.965,394.18
1783443600000,394.035,394.31,393.36,393.56
1783444500000,393.551,393.82,393,393.595
1783445400000,393.5,393.585,392.75,393.04
1783446300000,393.04,393.14,392.3,392.78
1783447200000,392.8,393.38,392.58,392.63
1783448100000,392.64,393.1,391.72,391.82
1783449000000,391.86,392.035,391.445,391.782
1783449900000,391.765,391.83,390.69,391.055
1783450800000,391.04,391.045,389.86,389.89
1783451700000,389.88,390.36,389.46,389.51
1783452600000,389.53,390.16,389.08,389.12
1783453500000,389.12,389.4,388.24,388.78
1783454400000,388.7,389.095,388.583,388.81
1783455300000,388.69,388.841,388.508,388.68
1783456200000,388.6,388.835,388.475,388.6
1783457100000,388.835,388.995,388.79,388.984
1783458000000,388.997,389.6,388.993,389.6
1783458900000,389.52,389.6,389.4,389.51
1783459800000,389.59,389.624,389.525,389.59
1783460700000,389.5,389.59,389.5,389.5
1783461600000,389.39,389.56,388.317,388.9
1783462500000,388.49,388.615,388.32,388.49
1783463400000,388.585,388.585,388.265,388.409
1783464300000,388.47,388.566,388.117,388.29
1783465200000,388.448,388.6,388.145,388.42
1783466100000,388.445,388.675,388.404,388.425
1783467000000,388.402,388.599,388.285,388.322
1783467900000,388.3,388.472,388.12,388.3
1783468800000,388,388.85,387.49,388.85
1783469700000,388.93,389.07,388.68,389.01
1783470600000,389,389.07,388.7,388.86
1783471500000,388.85,388.89,387.8,388.05
1783472400000,388.03,388.36,387.87,388.28
1783473300000,388.28,388.51,387.96,388.12
1783474200000,388.1,388.48,388.02,388.41
1783475100000,388.38,388.39,387.96,388.1
1783476000000,388.1,388.11,387.44,387.84
1783476900000,387.85,388.05,387.71,387.99
1783477800000,387.81,387.98,387.71,387.95
1783478700000,388,388.06,387.49,387.87
1783479600000,387.84,388.08,387.79,387.97
1783480500000,387.93,388.27,387.79,388.27
1783481400000,388.27,388.61,388.13,388.25
1783482300000,388.36,388.39,388.12,388.12
1783483200000,388.12,388.28,387.99,388.21
1783484100000,388.2,388.44,388.2,388.41
1783485000000,388.41,388.41,388.12,388.12
1783485900000,388.21,388.29,388.07,388.14
1783486800000,388.19,388.31,388.16,388.24
1783487700000,388.29,388.4,388.2,388.32
1783488600000,388.29,388.47,388.09,388.36
1783489500000,388.38,388.41,388,388.16
1783490400000,388.31,388.38,388.13,388.3
1783491300000,388.31,388.94,388.3,388.66
1783492200000,388.71,389.01,388.49,388.59
1783493100000,388.58,390.53,388.58,390.24
1783494000000,390.24,390.3,389.5,389.73
1783494900000,389.6,389.9,389.21,389.34
1783495800000,389.35,389.88,388.99,388.99
1783496700000,389.26,389.42,388.8,388.9
1783497600000,388.285,389.725,388.285,388.908
1783498500000,388.01,388.882,385.745,386.15
1783499400000,385.59,386.104,384.107,384.35
1783500300000,384.42,384.97,382.874,383.93
1783501200000,383.4,383.824,382.29,382.46
1783502100000,382.38,383.339,382.09,382.09
1783503000000,382.96,383.992,382.47,382.91
1783503900000,383.27,383.458,382.66,383.22
1783504800000,383.24,383.24,382.304,382.675
1783505700000,382.26,382.86,381.975,382
1783506600000,383.28,383.335,382.77,383.28
1783507500000,383.36,383.915,383.18,383.83
1783508400000,383.36,383.79,382.843,383.51
1783509300000,383.26,383.55,382.905,382.99
1783510200000,382.949,384.359,382.8,383.779
1783511100000,383.57,384.299,383.567,383.57
1783512000000,384.67,384.695,383.79,384.59
1783512900000,384.573,384.622,383.841,384.254
1783513800000,384.08,384.566,383.895,384.5
1783514700000,384.07,384.57,383.251,383.4
1783515600000,383.3,383.674,382.566,382.99
1783516500000,382.6,384.131,382.01,382.69
1783517400000,383.76,385.22,381.86,384.44
1783518300000,384.4,384.705,382.41,383.265
1783519200000,383.31,384.52,382.37,382.448
1783520100000,382.01,383.13,381.34,382.245
1783521000000,382.18,383.08,381.76,382.91
1783521900000,382.99,383.83,382.62,383.15
1783522800000,383.14,383.23,382.44,382.895
1783523700000,382.89,383.13,382.03,382.03
1783524600000,382.08,382.62,381.59,382.22
1783525500000,382.14,382.92,382.055,382.705
1783526400000,382.75,382.96,382.364,382.56
1783527300000,382.61,382.84,382.079,382.48
1783528200000,382.43,383.23,382.11,382.815
1783529100000,382.695,382.97,382.06,382.11
1783530000000,382.03,382.64,381.54,382.52
1783530900000,382.51,383.556,382.493,383.49
1783531800000,383.48,383.68,382.985,383.446
1783532700000,383.43,383.78,383.225,383.5
1783533600000,383.45,384.03,383.31,383.87
1783534500000,383.91,384.04,383.469,383.83
1783535400000,383.84,384.56,383.52,384.22
1783536300000,384.236,384.445,383.575,383.891
1783537200000,383.92,383.93,382.975,383.025
1783538100000,383.015,383.56,382.69,383.455
1783539000000,383.46,383.735,383.18,383.43
1783539900000,383.41,383.73,382.665,383.1
1783540800000,382.9,383.22,382.752,382.935
1783541700000,382.69,382.987,382.661,382.69
1783542600000,382.783,382.949,382.387,382.785
1783543500000,382.99,383.179,382.785,382.99
1783544400000,383.16,383.21,383.125,383.19
1783545300000,383.05,383.195,382.904,383.05
1783546200000,383.14,383.225,382.989,383.14
1783547100000,383.225,383.245,383.07,383.081
1783548000000,383.081,383.4,383.08,383.175
1783548900000,383.175,383.265,383.17,383.24
1783549800000,383.24,383.4,383.24,383.24
1783550700000,383.24,383.4,383.207,383.315
1783551600000,383.45,383.475,383.27,383.46
1783552500000,383.46,383.489,383.395,383.395
1783553400000,383.395,383.6,383.365,383.562
1783554300000,383.563,383.839,383.5,383.817
1783555200000,383.9,383.98,383.01,383.11
1783556100000,383.39,384.22,383.01,384.22
1783557000000,384.24,384.58,383.99,384.25
1783557900000,384.15,384.22,383.72,383.81
1783558800000,383.82,383.86,383.38,383.75
1783559700000,383.76,384.1,383.75,383.93
1783560600000,383.94,383.96,383.64,383.77
1783561500000,383.97,383.97,383.51,383.58
1783562400000,383.57,384.23,383.57,384.23
1783563300000,384.15,384.5,384.14,384.43
1783564200000,384.39,384.48,384.12,384.18
1783565100000,384.16,384.16,383.82,384.16
1783566000000,384.14,384.26,383.87,384.11
1783566900000,384.08,384.27,383.95,384.12
1783567800000,384.16,384.21,384,384.18
1783568700000,384.09,384.41,384.08,384.3
1783569600000,384.34,384.41,384.22,384.22
1783570500000,384.24,384.29,384.13,384.21
1783571400000,384.28,384.64,384.28,384.62
1783572300000,384.62,384.69,384.51,384.64
1783573200000,384.61,384.97,384.35,384.97
1783574100000,384.9,384.99,384.63,384.78
1783575000000,384.7,385,384.67,384.97
1783575900000,384.81,385.04,384.8,384.8
1783576800000,384.78,385,384.58,385
1783577700000,384.98,385.01,384.39,384.47
1783578600000,384.42,384.56,384.3,384.34
1783579500000,384.34,384.34,384.06,384.25
1783580400000,384.29,384.34,383.78,383.89
1783581300000,383.99,383.99,383.2,383.38
1783582200000,383.4,383.68,383.09,383.39
1783583100000,383.38,383.47,383.08,383.36
1783584000000,383.819,383.905,382.2,382.2
1783584900000,382.2,382.53,382.15,382.53
1783585800000,382.53,382.635,381.57,381.57
1783586700000,381.24,381.57,380.793,381.2
1783587600000,381.37,381.546,381.076,381.34
1783588500000,381.19,381.27,380.73,381.15
1783589400000,380.79,381.378,380.7,380.79
1783590300000,380.865,381.213,380.865,381.2
1783591200000,381.2,381.7,381.2,381.505
1783592100000,381.1,381.505,379.58,379.58
1783593000000,380.34,380.755,379.395,379.51
1783593900000,379.88,379.96,378.687,379.08
1783594800000,379.62,379.784,378.822,378.94
1783595700000,379.405,379.405,377.41,377.6
1783596600000,377.62,377.778,377.01,377.01
1783597500000,377.44,377.546,376.133,376.74
1783598400000,376.75,376.99,375.327,375.59
1783599300000,375.4,376.369,375.128,375.98
1783600200000,375.9,376.433,375.8,375.9
1783601100000,376.24,376.564,375.612,375.65
1783602000000,375.32,375.654,374.69,374.69
1783602900000,374.99,376.209,374.097,374.25
1783603800000,374.46,378.5,373.38,377.952
1783604700000,378.43,379.31,377.14,378.675
1783605600000,378.67,378.78,376.155,376.21
1783606500000,376.22,376.88,375.16,376.53
1783607400000,376.535,377.55,376.1,377.045
1783608300000,378.848,378.848,378.848,378.848
1783609200000,378.9,379.95,378.84,379.09
1783610100000,379.17,380.26,379.087,380.1
1783611000000,380.16,380.435,379.845,380.17
1783611900000,380.2,380.59,379.92,380.095
1783612800000,380.12,380.2,379.37,379.44
1783613700000,379.38,379.852,378.99,379.66
1783614600000,379.62,380.15,379.52,379.67
1783615500000,379.66,379.855,379.18,379.44
1783616400000,379.465,379.92,379.415,379.608
1783617300000,379.59,380.915,379.545,380.795
1783618200000,380.8,380.89,380.26,380.57
1783619100000,380.63,380.75,380.45,380.66
1783620000000,380.67,381.24,380.51,381.015
1783620900000,381.05,381.06,380.44,380.63
1783621800000,380.65,380.95,380.52,380.8
1783622700000,380.75,380.89,380.455,380.805
1783623600000,380.785,381.89,380.762,381.51
1783624500000,381.47,382.41,381.42,382.381
1783625400000,382.4,383.51,382.382,383.34
1783626300000,383.33,384.65,383.08,384.25
1783627200000,383.9,384.454,383.551,384.36
1783628100000,384.25,384.296,384.008,384.25
1783629000000,384.275,384.315,384.057,384.16
1783629900000,384.175,384.205,384.025,384.175
1783630800000,384.125,384.325,384.055,384.265
1783631700000,384.265,384.265,384.089,384.089
1783632600000,384.084,384.084,383.795,383.795
1783633500000,383.795,383.94,383.76,383.76
1783634400000,383.765,384.1,383.679,383.777
1783635300000,383.78,383.825,383.415,383.525
1783636200000,383.62,383.85,383.525,383.62
1783637100000,383.8,383.882,383.675,383.733
1783638000000,383.727,383.882,383.552,383.851
1783638900000,384.15,384.2,383.85,384.15
1783639800000,384.29,384.395,384.1,384.29
1783640700000,384.14,384.32,384.023,384.14
1783641600000,384.37,384.61,383.8,384.52
1783642500000,384.52,384.55,384.11,384.19
1783643400000,384.14,384.2,383.6,383.7
1783644300000,383.6,383.72,383.3,383.72
1783645200000,383.7,383.8,383.41,383.58
1783646100000,383.6,383.79,383.5,383.54
1783647000000,383.67,383.77,383.57,383.77
1783647900000,383.74,384.11,383.69,383.88
1783648800000,383.83,384.22,383.69,384.01
1783649700000,384,384.2,383.96,384.11
1783650600000,384.18,384.69,384.12,384.66
1783651500000,384.67,385.35,384.63,384.78
1783652400000,384.78,384.98,384.61,384.84
1783653300000,384.84,384.98,384.66,384.68
1783654200000,384.69,384.69,384.27,384.4
1783655100000,384.44,384.51,383.99,384.01
1783656000000,384.01,384.37,384.01,384.25
1783656900000,384.25,384.25,383.84,383.91
1783657800000,383.93,384.06,383.84,383.9
1783658700000,383.89,384.31,383.82,383.9
1783659600000,383.97,384.3,383.87,384.19
1783660500000,384.16,384.43,384.16,384.17
1783661400000,384.16,384.42,384.14,384.42
1783662300000,384.4,384.41,384.1,384.2
1783663200000,384.32,384.32,384.03,384.29
1783664100000,384.14,384.47,384.03,384.28
1783665000000,384.34,384.54,384.28,384.31
1783665900000,384.37,384.79,384.37,384.79
1783666800000,384.79,385.82,384.7,385.76
1783667700000,385.76,385.98,385.5,385.78
1783668600000,385.81,385.81,385.34,385.38
1783669500000,385.36,385.36,384.84,384.85
1783670400000,387.43,387.61,384.287,387.61
1783671300000,387.45,387.778,387.06,387.45
1783672200000,388.78,389.042,387.35,388.89
1783673100000,387.845,388.5,387.665,387.845
1783674000000,388.36,388.628,387.985,388.44
1783674900000,388.549,388.549,388.047,388.1
1783675800000,388.1,388.129,387.305,387.5
1783676700000,387.507,387.754,387.258,387.565
1783677600000,387.565,388.08,387.565,388.08
1783678500000,388.85,388.85,388.082,388.56
1783679400000,388.429,388.43,387.94,388.1
1783680300000,388.035,388.1,387.337,387.42
1783681200000,386.81,387.316,385.989,386.69
1783682100000,385.895,386.307,384.885,385.61
1783683000000,385.91,386.203,385.548,385.78
1783683900000,385.89,387.01,385.75,386.815
1783684800000,386.34,386.995,386.176,386.69
1783685700000,387,387.232,386.75,387.09
1783686600000,387.51,387.759,386.767,387.75
1783687500000,387.88,388.12,387.37,388.12
1783688400000,387.705,389.155,387.705,388.644
1783689300000,388.26,388.755,387.545,387.62
1783690200000,387.65,391.85,386.41,386.87
1783691100000,386.71,386.91,384.765,385.05
1783692000000,385.02,385.6,383.54,385.05
1783692900000,385.02,385.84,383.875,384.367
1783693800000,384.265,384.56,381.98,383.15
1783694700000,383.13,383.18,382.33,382.595
1783695600000,382.48,382.935,381.54,382.23
1783696500000,382.265,383.27,382.09,382.93
1783697400000,382.91,384.72,382.859,383.95
1783698300000,383.925,384.69,383.5,384.14
1783699200000,384.2,384.45,383.615,384.39
1783700100000,384.4,385.05,384.03,384.55
1783701000000,384.65,385.24,384.305,384.82
1783701900000,384.82,385.75,384.679,385.66
1783702800000,385.665,385.77,384.975,385.33
1783703700000,385.26,385.345,384.12,384.14
1783704600000,384.15,384.595,383.165,383.205
1783705500000,383.225,383.79,383.207,383.515
1783706400000,383.5,384.09,383.47,383.86
1783707300000,383.79,385.16,383.725,385.12
1783708200000,384.99,385.59,384.99,385.45
1783709100000,385.43,385.45,384.78,385
1783710000000,384.97,385.63,384.88,385.36
1783710900000,385.355,385.53,385.06,385.125
1783711800000,385.12,385.35,384.78,384.87
1783712700000,384.79,385.71,384.785,385.09
1783713600000,385.16,385.444,384.946,385.26
1783714500000,385.31,385.495,385.16,385.3
1783715400000,385.21,385.3,384.916,385.21
1783716300000,385.61,385.82,385.196,385.65
1783717200000,385.63,385.821,385.47,385.63
1783718100000,385.52,385.575,384.93,385.39
1783719000000,384.93,385.197,384.83,385.197
1783719900000,385.2,385.264,385.2,385.231
1783720800000,385.229,385.255,385.19,385.195
1783721700000,385.195,385.22,385.105,385.22
1783722600000,385.22,385.25,385.161,385.22
1783723500000,385.22,385.36,385.201,385.34
1783724400000,385.34,385.4,385.316,385.34
1783725300000,385.29,385.399,385.27,385.29
1783726200000,385.274,385.372,385.193,385.313
1783727100000,385.307,385.37,385.22,385.369
1783732500000,384.87,384.87,384.87,384.87
1783738800000,385.17,385.17,384.87,384.87
1783739700000,385.17,385.17,385.17,385.17
1783755900000,385.17,385.18,385.17,385.18
1783773900000,385.51,385.51,385.51,385.51
1783774800000,384.82,384.82,384.68,384.68
1783780200000,385.01,385.09,385.01,385.09
1783785600000,385.09,385.09,385.09,385.09
1783827000000,385.09,385.09,385.09,385.09
1783861200000,384.62,384.62,384.62,384.62
1783863000000,384.22,384.22,384.22,384.22
1783866600000,384.44,384.57,384.44,384.57
1783885500000,384.85,384.85,384.85,384.85
1783900800000,385.04,386,383.42,385.61
1783901700000,385.56,385.61,384.99,385.04
1783902600000,385.03,385.21,384.58,384.78
1783903500000,384.71,384.86,384.17,384.3
1783904400000,384.21,384.48,384.1,384.3
1783905300000,384.4,384.51,383.16,384.02
1783906200000,383.95,384.71,383.61,384.4
1783907100000,384.25,384.81,384.25,384.8
1783908000000,384.8,384.8,384.43,384.51
1783908900000,384.52,384.64,384.26,384.49
1783909800000,384.55,384.61,384.35,384.44
1783910700000,384.45,384.59,383.99,384.1
1783911600000,384.11,385.48,384.11,385.32
1783912500000,385.32,385.39,384.97,385.01
1783913400000,385.08,385.45,384.82,384.82
1783914300000,384.82,384.87,384.59,384.65
1783915200000,384.69,384.87,384.56,384.8
1783916100000,384.74,385.19,384.69,384.98
1783917000000,384.91,386.31,384.9,386.13
1783917900000,386.17,386.31,386,386
1783918800000,385.95,386.31,385.73,386.15
1783919700000,386.15,386.46,385.92,386.4
1783920600000,386.36,386.49,386.19,386.32
1783921500000,386.21,386.34,385.34,385.69
1783922400000,385.43,385.91,385.38,385.44
1783923300000,385.44,386.5,385.43,386.47
1783924200000,386.46,386.69,386.34,386.51
1783925100000,386.49,387.04,386.4,387.04
1783926000000,387.06,387.51,386.83,387.51
1783926900000,387.4,387.43,386.9,386.91
1783927800000,386.91,387.16,386.74,387.03
1783928700000,387.23,387.47,387.11,387.47
1783929600000,385.625,388.983,384.247,388.626
1783930500000,388.628,388.705,387.351,387.558
1783931400000,387.565,387.95,387.194,387.327
1783932300000,387.339,387.391,386.8,387.005
1783933200000,387.06,387.645,387.019,387.44
1783934100000,387.51,387.535,387.105,387.29
1783935000000,387.33,387.553,386.836,387.33
1783935900000,386.855,387.605,386.77,387.604
1783936800000,387.6,387.855,387.1,387.6
1783937700000,387.855,388.04,387.751,388.04
1783938600000,388.039,388.04,387.75,387.75
1783939500000,387.75,387.95,387.431,387.535
1783940400000,387.535,387.545,386.335,386.856
1783941300000,386.77,387.295,386.685,386.77
1783942200000,386.01,386.7,386.01,386.24
1783943100000,386.81,386.999,386.227,386.81
1783944000000,386.99,387.48,386.683,387.39
1783944900000,387.49,387.964,386.93,387.69
1783945800000,387.28,387.924,387.051,387.28
1783946700000,387.301,387.849,387.186,387.186
1783947600000,386.94,387.397,386.94,386.94
1783948500000,386.42,387.523,386.181,386.42
1783949400000,387.9,391.08,386.3,389.5
1783950300000,389.49,389.49,385.66,387.34
1783951200000,387.4,387.695,384.57,385.835
1783952100000,385.84,386.41,384.19,385.65
1783953000000,385.68,386.24,385.43,385.835
1783953900000,385.8,389.69,385.59,389.42
1783954800000,389.46,390.62,389.34,389.78
1783955700000,389.81,391.15,389.63,391.015
1783956600000,391.03,391.24,390.5,390.95
1783957500000,390.955,391.12,390.39,390.561
1783958400000,390.56,390.99,390.32,390.753
1783959300000,390.85,392.38,390.675,392.285
1783960200000,392.32,393.335,391.64,392.615
1783961100000,392.73,393.21,392.475,393.03
1783962000000,393.02,393.555,392.44,392.77
1783962900000,392.74,393.17,392.27,392.5
1783963800000,392.56,392.77,392.11,392.345
1783964700000,392.335,392.615,391.405,391.87
1783965600000,391.905,392.58,391.85,392.3
1783966500000,392.24,392.51,391.99,392.372
1783967400000,392.38,393.1,392.16,393.02
1783968300000,392.99,393.64,392.6,392.88
1783969200000,392.91,393.16,391.985,392.09
1783970100000,392.1,392.11,390.37,390.385
1783971000000,390.34,390.55,389.61,390.515
1783971900000,390.515,391.63,389.815,390.985
1783972800000,390.53,391.225,390.248,390.96
1783973700000,390.4,390.78,390.185,390.4
1783974600000,390.32,390.73,390.201,390.63
1783975500000,390.79,390.833,390.402,390.59
1783976400000,390.6,390.705,390.55,390.55
1783977300000,390.54,390.615,390.365,390.42
1783978200000,390.485,390.485,389.859,389.859
1783979100000,389.935,389.98,389.75,389.865
1783980000000,389.99,390.33,389.84,389.84
1783980900000,389.846,390.064,389.831,390.064
1783981800000,389.99,390.071,389.89,389.99
1783982700000,389.93,389.973,389.267,389.93
1783983600000,389.4,389.625,389.251,389.38
1783984500000,389.52,389.903,389.38,389.52
1783985400000,389.37,389.44,389.111,389.19
1783986300000,389.47,389.99,389.117,389.49
1783987200000,389.25,391.45,387.79,389.02
1783988100000,389.23,389.5,388.69,388.88
1783989000000,388.84,389.52,388.84,388.97
1783989900000,388.97,389.99,388.97,389.53
1783990800000,389.61,389.98,389.28,389.29
1783991700000,389.29,389.5,389.27,389.32
1783992600000,389.3,389.38,388.88,389.12
1783993500000,389.33,389.59,388.81,389.01
1783994400000,389.15,389.71,389.15,389.34
1783995300000,389.41,389.54,389.21,389.36
1783996200000,389.48,389.6,389.25,389.45
1783997100000,389.5,389.67,389.29,389.47
1783998000000,389.45,389.45,389.04,389.26
1783998900000,389.11,389.69,389.09,389.69
1783999800000,389.68,389.85,389.19,389.44
1784000700000,389.43,389.58,389.22,389.4
1784001600000,389.4,389.55,389.23,389.51
1784002500000,389.48,389.61,389.24,389.49
1784003400000,389.49,389.88,389.43,389.86
1784004300000,389.8,389.96,389.71,389.95
1784005200000,389.92,389.92,389.25,389.56
1784006100000,389.58,389.87,389.37,389.59
1784007000000,389.61,389.89,388.84,388.92
1784007900000,388.96,389.01,388.19,388.49
1784008800000,388.49,388.82,388.3,388.81
1784009700000,388.79,389.02,388.78,389.02
1784010600000,389,389.3,389,389.18
1784011500000,389.21,389.21,388.98,388.98
1784012400000,388.97,389.13,387.01,388.8
1784013300000,388.77,388.77,388.05,388.24
1784014200000,388.24,388.44,386.38,386.67
1784015100000,386.68,386.94,386.16,386.61
1784016000000,386.5,389.492,385.76,386.5
1784016900000,386.82,387.355,386.708,386.82
1784017800000,386.78,386.83,386.452,386.75
1784018700000,386.75,386.874,386.545,386.765
1784019600000,386.54,387.465,386.54,386.81
1784020500000,387.38,387.471,386.951,387.333
1784021400000,387.59,387.602,387.326,387.59
1784022300000,387.59,387.599,387.451,387.49
1784023200000,387.86,388.16,387.55,388.16
1784024100000,387.946,387.946,387.635,387.635
1784025000000,387.708,388.075,387.608,387.7
1784025900000,387.52,387.7,387.45,387.52
1784026800000,385.61,387.7,378.407,378.58
1784027700000,379.86,380.304,377.99,379.51
1784028600000,379.88,380.548,378.46,378.58
1784029500000,378.07,379.486,377.99,378.81
1784030400000,379.24,379.8,378.51,378.91
1784031300000,378.78,379.452,378.273,379
1784032200000,379.89,381.159,377.55,378.29
1784033100000,378.01,379.141,377.76,378.51
1784034000000,379.52,380.728,379.128,380.43
1784034900000,380.33,382.395,379.431,382.18
1784035800000,382.505,383.46,378.71,383.015
1784036700000,382.92,385.25,381.72,385.24
1784037600000,385.24,385.57,382.86,384.68
1784038500000,384.74,384.74,383.1,384.61
1784039400000,384.61,386.51,384.495,385.88
1784040300000,385.89,387.75,385.838,387.46
1784041200000,387.53,387.635,386.01,386.04
1784042100000,386.09,386.225,385.475,385.81
1784043000000,385.87,386.18,384.7,384.75
1784043900000,384.605,385.4,384.45,384.765
1784044800000,384.76,385.121,384.2,385.12
1784045700000,385.1,386.625,384.975,386.605
1784046600000,386.65,387.5,386.4,386.83
1784047500000,386.84,387.57,386.78,387.54
1784048400000,387.55,388.18,386.47,386.48
1784049300000,386.52,386.865,386.34,386.735
1784050200000,386.71,387.33,386.49,387.28
1784051100000,387.275,387.4,386.99,387.17
1784052000000,387.15,387.6,386.71,386.75
1784052900000,386.76,387.21,386.28,386.9
1784053800000,386.78,386.95,386.24,386.61
1784054700000,386.55,386.564,385.28,385.3
1784055600000,385.325,385.82,384.97,385.81
1784056500000,385.75,386.36,385.5,386.1
1784057400000,386.11,386.11,384.76,385.45
1784058300000,385.44,386.225,384.91,384.95
1784059200000,385.21,385.452,384.901,385.22
1784060100000,385.15,385.23,385.075,385.12
1784061000000,385.225,385.624,385.225,385.401
1784061900000,385.31,385.404,385.29,385.36
1784062800000,385.305,385.822,385.305,385.625
1784063700000,385.41,385.799,385.253,385.3
1784064600000,385.237,385.237,384.97,384.97
1784065500000,384.95,385.2,384.826,384.95
1784066400000,385.49,385.5,384.975,385.49
1784067300000,384.972,385.4,384.936,385.285
1784068200000,385.285,385.655,385.285,385.65
1784069100000,385.65,385.66,385.21,385.524
1784070000000,385.53,385.628,385.175,385.53
1784070900000,385.629,385.764,385.344,385.764
1784071800000,385.93,386.25,385.504,385.92
1784072700000,386.21,386.79,385.692,386.79
1784073600000,386.82,386.83,386.21,386.3
1784074500000,386.18,386.48,386.18,386.2
1784075400000,386.22,386.46,385.68,385.68
1784076300000,386.07,386.37,385.86,386.22
1784077200000,386.19,386.39,385.98,386.37
1784078100000,386.37,386.43,386.12,386.4
1784079000000,386.31,386.39,386.03,386.2
1784079900000,386.22,386.47,386.12,386.34
1784080800000,386.41,386.69,386.32,386.54
1784081700000,386.48,386.82,386.48,386.82
1784082600000,386.8,386.87,386.56,386.85
1784083500000,386.82,386.84,386.51,386.66
1784084400000,386.67,386.82,386.57,386.76
1784085300000,386.66,386.84,386.49,386.51
1784086200000,386.52,386.7,386.41,386.46
1784087100000,386.57,386.64,386.35,386.35
1784088000000,386.34,386.36,386.19,386.29
1784088900000,386.29,386.5,386.29,386.5
1784089800000,386.5,386.89,386.5,386.68
1784090700000,386.65,386.78,386.5,386.78
1784091600000,386.79,386.91,386.24,386.5
1784092500000,386.69,386.75,386,386.06
1784093400000,386.05,386.09,385.64,385.99
1784094300000,385.99,386.12,385.7,386.12
1784095200000,386.16,386.26,385.56,385.59
1784096100000,385.58,385.61,384.44,384.87
1784097000000,384.86,384.97,384.66,384.9
1784097900000,384.81,384.84,384.28,384.3
1784098800000,384.25,384.37,383.93,384
1784099700000,384.08,384.54,383.91,384.54
1784100600000,384.55,384.9,384.27,384.45
1784101500000,384.26,384.45,384.01,384.02
1784102400000,384.97,386.231,384.51,384.97
1784103300000,386.72,387.785,385.87,386.72
1784104200000,386.89,387.265,386.518,386.79
1784105100000,386.89,387.225,386.67,386.89
1784106000000,386.67,386.67,386.03,386.67
1784106900000,386.62,386.715,386.158,386.62
1784107800000,386.66,387.05,386.33,386.66
1784108700000,386.5,386.893,385.167,386.4
1784109600000,386.25,386.895,386.25,386.25
1784110500000,385.64,386.515,384.932,384.97
1784111400000,385.66,386.081,385.555,385.66
1784112300000,385.89,386.343,385.625,385.89
1784113200000,385.6,386.077,385.411,385.6
1784114100000,386.41,386.52,385.75,386.4
1784115000000,386.449,386.476,386.2,386.265
1784115900000,386.59,386.59,386.193,386.21
1784116800000,386.191,386.575,385.92,386.398
1784117700000,386.67,387.039,386.279,386.54
1784118600000,388.19,388.557,386.475,388.33
1784119500000,388.336,388.599,387.627,387.704
1784120400000,388.26,388.67,387.645,388.67
1784121300000,388.71,390.019,387.217,387.57
1784122200000,387.655,391.34,386.9,387.515
1784123100000,387.455,391.46,386.525,389.48
1784124000000,389.63,394.91,389.57,394.11
1784124900000,394.22,397.66,393.46,395.051
1784125800000,395.046,397.78,394.97,396.247
1784126700000,396.2,396.72,393.775,394
1784127600000,394.09,396.09,393.74,395.73
1784128500000,395.77,397.895,395.655,396.725
1784129400000,396.77,397.61,395.78,397.16
1784130300000,397.08,397.86,396.99,397.33
1784131200000,397.28,398.95,397.115,398.41
1784132100000,398.36,398.67,397.12,397.67
1784133000000,397.74,397.795,395.83,396.21
1784133900000,396.23,396.23,394.19,394.532
1784134800000,394.525,396.07,394.355,395.89
1784135700000,395.905,396.51,395.23,396.455
1784136600000,396.4,396.89,395.9,396.12
1784137500000,396.1,396.33,395.25,396.13
1784138400000,396.14,396.69,395.34,396.574
1784139300000,396.69,397.16,396.06,396.57
1784140200000,396.46,397.11,396.44,396.52
1784141100000,396.57,396.57,395.67,395.67
1784142000000,395.63,395.94,395.3,395.41
1784142900000,395.438,395.94,394.835,395.583
1784143800000,395.53,396.4,395.03,395.14
1784144700000,395.115,396.01,394.63,395.6
1784145600000,395.77,395.77,395.235,395.33
1784146500000,395.365,395.94,395.11,395.94
1784147400000,395.74,396.094,395.553,395.56
1784148300000,396,396.124,395.512,396
1784149200000,396.225,396.398,396,396.225
1784150100000,396.315,396.781,396.14,396.28
1784151000000,396.28,396.28,396.125,396.175
1784151900000,396.175,396.175,396.05,396.12
1784152800000,396.12,396.75,396.12,396.37
1784153700000,396.49,396.84,396.37,396.49
1784154600000,396.647,396.797,396.645,396.645
1784155500000,396.645,397.22,396.645,397.22
1784156400000,397.11,397.378,397.03,397.11
1784157300000,397.075,397.075,396.73,396.9
1784158200000,397.01,397.046,396.9,397.01
1784159100000,396.95,397.17,396.95,397.165
1784160000000,397.02,397.68,396.67,397.59
1784160900000,397.46,397.48,396.79,396.86
1784161800000,396.87,397.4,396.5,397.12
1784162700000,396.76,397.65,396.76,397.15
1784163600000,397.16,397.5,397.05,397.22
1784164500000,397.29,397.6,397.07,397.14
1784165400000,397.08,397.36,397.01,397.05
1784166300000,397.01,397.68,397.01,397.21
1784167200000,397.26,397.3,396.84,396.84
1784168100000,396.87,397.19,396.87,397.19
1784169000000,397.11,397.24,397,397.07
1784169900000,397.11,397.46,397.1,397.27
1784170800000,397.26,397.49,397.17,397.42
1784171700000,397.41,397.48,397.14,397.26
1784172600000,397.25,397.4,397.14,397.32
1784173500000,397.24,397.5,397.22,397.45
1784174400000,397.5,397.63,397.41,397.55
1784175300000,397.53,397.61,397.28,397.32
1784176200000,397.37,397.37,397.11,397.18
1784177100000,397.16,397.17,396.85,397.16
1784178000000,397.18,397.19,396.98,397.19
1784178900000,397.2,397.47,397.16,397.47
1784179800000,397.48,397.49,396.68,396.73
1784180700000,396.88,396.97,396.76,396.88
1784181600000,396.87,397.32,396.69,397.29
1784182500000,397.32,397.34,396.81,397.16
1784183400000,397.13,397.45,396.97,397.41
1784184300000,397.4,397.53,397.38,397.48
1784185200000,397.38,397.62,397.21,397.56
1784186100000,397.55,397.9,397.29,397.9
1784187000000,397.9,398.36,397.68,398.36
1784187900000,398.36,398.45,397.85,398.45
1784188800000,398.64,400.064,397.304,400.01
1784189700000,399.11,399.755,398.905,399.2
1784190600000,399.546,400.631,399.16,400.631
1784191500000,400.64,401.044,400.355,400.67
1784192400000,400.81,401.13,400.252,400.98
1784193300000,400.84,400.87,400.405,400.53
1784194200000,401.19,401.24,400.615,400.67
1784195100000,400.61,401.114,400.417,400.56
1784196000000,400.593,400.8,399.609,400.645
1784196900000,400.29,401.01,400.039,401.01
1784197800000,400.64,401.122,399.745,400.64
1784198700000,401.33,401.85,400.44,401.85
1784199600000,400.1,402.01,399.808,401.435
1784200500000,401.01,401.591,400.715,401.29
1784201400000,400.7,401.108,400.35,400.8
1784202300000,400.22,400.8,400.21,400.36
1784203200000,400.41,401.099,400.25,400.41
1784204100000,400.605,400.605,398.75,398.75
1784205000000,399.19,399.657,398.735,399.46
1784205900000,399.15,399.641,399.126,399.3
1784206800000,399.51,399.69,398.744,399.26
1784207700000,398.3,399.572,397.962,399.09
1784208600000,398.08,398.74,392.19,392.24
1784209500000,392.18,395.56,392.14,393.27
1784210400000,393.3,394.5,392.7,394.45
1784211300000,394.43,396.21,393.58,396
1784212200000,395.95,397.66,395.945,397.496
1784213100000,397.4,398.18,396.54,397.305
1784214000000,397.4,398.28,397,397.55
1784214900000,397.51,399.63,397.405,399.03
1784215800000,399.005,399.455,398.3,399.08
1784216700000,399.1,400.51,398.75,400.413
1784217600000,400.45,400.6,399.545,399.87
1784218500000,399.885,400.84,399.885,400.705
1784219400000,400.81,402.03,400.705,401.495
1784220300000,401.56,404.47,401.505,403.055
1784221200000,403.013,403.23,401.41,401.466
1784222100000,401.44,403.93,401.42,403.76
1784223000000,403.76,403.98,402.04,402.97
1784223900000,402.97,403.1,402.18,402.69
1784224800000,402.63,404.57,402.505,403.92
1784225700000,403.871,404.72,403.71,404.066
1784226600000,404.025,404.84,403.7,404.07
1784227500000,404.075,405.76,404.01,405.56
1784228400000,405.565,405.97,402.44,402.46
1784229300000,402.44,403.055,401.78,401.81
1784230200000,401.775,401.825,399.85,400.242
1784231100000,400.11,401.37,398.99,401.11
1784232000000,401.3,401.991,400.25,401.35
1784232900000,400.666,401.4,400.557,400.776
1784233800000,400.96,400.99,400.452,400.51
1784234700000,400.45,400.675,400.245,400.49
1784235600000,400.36,401.467,400.15,400.23
1784236500000,400.1,400.555,400.04,400.1
1784237400000,400.256,400.505,400.161,400.17
1784238300000,400.17,400.224,400.075,400.148
1784239200000,400.24,400.71,400.149,400.61
1784240100000,400.5,400.5,399.301,399.301
1784241000000,399.84,400.237,399.295,399.84
1784241900000,400.37,400.64,399.981,400.51
1784242800000,400.64,400.816,400.291,400.43
1784243700000,400.32,400.876,400.302,400.32
1784244600000,400.14,400.69,399.926,400.6
1784245500000,400.29,400.478,400.035,400.28
1784246400000,400,400.72,399.17,399.35
1784247300000,399.54,400.21,399.54,399.61
1784248200000,399.79,400.01,399.31,399.7
1784249100000,399.54,400.2,399.33,400.01
1784250000000,400.01,400.13,399.1,399.2
1784250900000,399.1,399.1,398.5,398.72
1784251800000,398.85,398.85,397.94,398.11
1784252700000,398.1,398.22,397.07,397.22
1784253600000,397.3,397.49,396.13,396.46
1784254500000,396.49,396.71,395.66,396.22
1784255400000,396.04,396.34,395.27,395.66
1784256300000,395.74,396.77,395.6,396.77
1784257200000,396.76,396.87,396.04,396.25
1784258100000,396.32,396.78,395.71,396.04
1784259000000,395.99,396.25,395.34,395.34
1784259900000,395.55,395.9,395.3,395.5
1784260800000,395.52,395.76,394.77,395.12
1784261700000,394.84,394.84,393.87,394.11
1784262600000,394.2,394.34,393.04,394.12
1784263500000,394.34,394.6,393.77,394.26
1784264400000,394.2,394.33,392.33,392.48
1784265300000,392.34,394.27,392.04,394.12
1784266200000,394.26,394.93,393.21,393.8
1784267100000,393.81,394,392.29,392.55
1784268000000,392.72,394.01,392.36,393.7
1784268900000,393.68,394.44,393.67,393.99
1784269800000,394,394.27,393.3,393.32
1784270700000,393.34,394.01,392.99,393.64
1784271600000,393.57,395.45,393.55,394.76
1784272500000,394.78,395.7,394.21,395
1784273400000,395,396.05,394.9,395.96
1784274300000,395.83,396.68,395.66,396.01
1784275200000,396,399.703,395.186,396
1784276100000,395.546,395.546,393.547,394.108
1784277000000,394.098,394.825,393.646,394.466
1784277900000,395.01,395.22,394.25,394.99
1784278800000,394.72,395.539,394.68,395.01
1784279700000,395.53,395.685,394.715,394.97
1784280600000,395.125,395.375,393.753,394.384
1784281500000,394.391,394.8,393.625,394.39
1784282400000,393.63,394.504,390.79,390.79
1784283300000,391.28,393.01,390.723,391.33
1784284200000,392.5,393.274,391.896,392.32
1784285100000,392.84,393.279,392.061,392.85
1784286000000,394.08,394.584,393.17,394.37
1784286900000,393.51,394.045,393.23,393.51
1784287800000,393.374,394.284,393.2,394.24
1784288700000,394.24,394.49,393.336,393.75
1784289600000,393.93,394.454,393.75,393.93
1784290500000,394.02,394.47,393.291,393.62
1784291400000,393.61,394.398,393.298,393.61
1784292300000,393.83,393.899,393.007,393.85
1784293200000,393.056,393.3,392.624,392.905
1784294100000,392.82,394.26,392.389,392.98
1784295000000,395.05,398.38,393.49,395.18
1784295900000,395.24,395.43,392.475,393.37
1784296800000,393.4,393.75,391.23,392.245
1784297700000,392.28,393.55,392.155,393.034
1784298600000,393.005,393.44,391.3,391.55
1784299500000,391.55,392.3,390.745,392.3
1784300400000,392.36,392.39,390.1,390.1
1784301300000,390.14,391.1,389.42,391.02
1784302200000,391.069,392.51,390.985,392.342
1784303100000,392.28,392.71,391.59,392.535
1784304000000,392.58,392.69,391.157,391.91
1784304900000,391.95,392.99,391.875,392.665
1784305800000,392.57,393.89,392.44,393.6
1784306700000,393.63,394.74,393.53,393.943
1784307600000,393.935,394.79,393.935,394.18
1784308500000,394.22,394.9,394.12,394.66
1784309400000,394.67,395.46,394.604,394.925
1784310300000,394.96,395.1,394.605,395.03
1784311200000,395.04,395.97,394.53,395.945
1784312100000,395.865,395.97,394.775,394.775
1784313000000,394.79,395.04,394.23,394.275
1784313900000,394.26,395.28,393.99,395.185
1784314800000,395.216,395.216,394.47,394.794
1784315700000,394.765,395.64,394.455,395.603
1784316600000,395.6,395.89,394.63,395.035
1784317500000,395.08,395.5,393.8,394.025
1784318400000,393.785,393.972,393.001,393.51
1784319300000,393.32,394.04,393.206,393.99
1784320200000,394.01,394.2,393.6,394.01
1784321100000,393.986,394.213,393.662,394
1784322000000,394,394.13,394,394.13
1784322900000,394.124,394.599,394.095,394.599
1784323800000,394.6,394.6,394.275,394.353
1784324700000,394.355,394.884,394.331,394.575
1784325600000,394.575,394.79,394.55,394.65
1784326500000,394.65,394.855,394.5,394.699
1784327400000,394.7,394.844,394.595,394.62
1784328300000,394.62,394.7,394.62,394.62
1784329200000,394.62,394.62,394.276,394.276
1784330100000,394.275,394.39,394.245,394.262
1784331000000,394.259,394.275,393.88,393.88
1784331900000,393.88,394.274,393.651,393.651
1784335500000,394.11,394.11,394.11,394.11
1784336400000,394.16,394.16,394.16,394.16
1784337300000,394.22,394.22,394.22,394.22
1784339100000,393.94,393.94,393.81,393.81
1784349000000,394.22,394.22,393.43,393.43
1784356200000,394.22,394.22,393.89,393.89
1784361600000,394.22,394.22,394.22,394.22
1784364300000,394.22,394.22,394.22,394.22
1784367900000,393.72,393.72,393.72,393.72
1784379600000,393.72,393.72,393.59,393.59
1784380500000,394.22,394.22,394.22,394.22
1784382300000,393.78,393.78,393.78,393.78
1784388600000,394.22,394.75,394.22,394.25
1784391300000,394.8,394.8,394.25,394.25
1784396700000,394.89,394.89,394.89,394.89
1784397600000,394.29,394.92,394.29,394.92
1784398500000,394.93,394.93,394.93,394.93
1784399400000,394.54,394.54,394.54,394.54
1784423700000,394.95,394.95,394.95,394.95
1784424600000,394.95,394.95,394.67,394.67
1784426400000,394.96,395.73,394.96,395.73
1784438100000,395.76,395.84,395.76,395.84
1784442600000,396.02,396.02,396.02,396.02
1784443500000,396.05,396.05,396.05,396.05
1784444400000,395.73,395.73,395.73,395.73
1784451600000,396.08,396.08,396.08,396.08
1784463300000,396.08,396.08,396.08,396.08
1784466000000,395.74,395.74,395.74,395.74
1784466900000,396.09,396.09,396.09,396.09
1784467800000,395.74,395.85,395.55,395.55
1784468700000,395.55,395.55,395.55,395.55
1784471400000,396.09,396.09,396.09,396.09
1784473200000,395.74,395.74,395.38,395.48
1784474100000,395.38,395.38,395.3,395.3
1784476800000,396.14,396.14,395.18,395.18
1784478600000,396.15,396.15,395,395
1784479500000,396.19,396.19,395,395
1784480400000,396.19,396.19,396.19,396.19
1784483100000,395.98,395.98,395.89,395.89
1784484000000,395.89,395.89,395.81,395.81
1784484900000,395.81,395.95,395.73,395.73
1784485800000,395.73,395.73,395.62,395.62
1784489400000,396.28,396.28,396.28,396.28
1784503800000,396.35,396.35,396.35,396.35
1784505600000,394.1,396.01,393.64,394.44
1784506500000,394.48,394.72,393.94,394.28
1784507400000,394.21,394.48,394.1,394.19
1784508300000,394.21,394.21,393.82,394.11
1784509200000,393.99,394.4,393.96,394.24
1784510100000,394.16,394.22,393.9,393.99
1784511000000,393.91,393.98,393.59,393.67
1784511900000,393.66,393.8,393.38,393.69
1784512800000,393.81,394.21,393.81,393.92
1784513700000,393.91,393.93,393.81,393.83
1784514600000,393.83,394.14,393.83,394.01
1784515500000,394.12,394.14,393.84,393.85
1784516400000,393.87,394.04,393.74,393.88
1784517300000,393.97,394.16,393.88,394.11
1784518200000,394.11,394.49,394.02,394.35
1784519100000,394.48,394.68,394.36,394.58
1784520000000,394.58,394.58,394.23,394.25
1784520900000,394.27,394.44,394.11,394.44
1784521800000,394.46,394.83,394.19,394.72
1784522700000,394.71,394.79,394.49,394.5
1784523600000,394.31,394.4,394.17,394.18
1784524500000,394.23,394.31,394.01,394.01
1784525400000,394,394.21,393.84,394.02
1784526300000,394.1,394.16,393.97,394.01
1784527200000,394.08,394.19,394.01,394.03
1784528100000,394.1,394.17,393.94,393.95
1784529000000,394,394.24,393.75,394.02
1784529900000,394,394.14,393.9,394
1784530800000,394.16,394.64,394.07,394.3
1784531700000,394.4,394.91,394.3,394.56
1784532600000,394.56,394.65,394.46,394.64
1784533500000,394.65,394.83,394.53,394.71
1784534400000,393.812,394.712,393.304,393.451
1784535300000,393.19,393.652,392.462,393.2
1784536200000,393.207,393.405,393.005,393.405
1784537100000,393.29,393.56,392.969,393.29
1784538000000,393.265,393.265,392.928,393.005
1784538900000,393.005,393.005,392.62,392.735
1784539800000,392.735,393.25,392.735,393.175
1784540700000,393.175,393.175,392.38,392.491
1784541600000,392.49,393.158,392.49,392.671
1784542500000,392.64,392.671,392.232,392.64
1784543400000,392.41,392.41,391.006,391.545
1784544300000,391.545,392.05,391.2,392.05
1784545200000,391.17,392.05,390.521,390.69
1784546100000,390.85,391.475,390.648,390.85
1784547000000,391.93,392.114,391.02,391.02
1784547900000,391,391.5,390.826,391.41
1784548800000,390.89,391.36,390.28,390.28
1784549700000,390.56,390.667,390.276,390.28
1784550600000,389.72,390.57,389.72,390.19
1784551500000,389.83,390.56,388.992,389.31
1784552400000,389.36,389.613,389.009,389.071
1784553300000,389,391.056,388.639,390.44
1784554200000,390.63,392.9,389.73,391.97
1784555100000,392.11,392.27,390.095,391
1784556000000,390.955,392.66,390.17,392.63
1784556900000,392.63,395.14,392.55,394.33
1784557800000,394.43,396.08,394.11,395.36
1784558700000,395.425,396.26,394.68,395.86
1784559600000,395.9,396.77,395.545,396.63
1784560500000,396.589,398.08,396.49,397.686
1784561400000,397.67,398.48,397.08,398.45
1784562300000,398.51,399.17,397.94,398.94
1784563200000,398.98,400.11,398.81,399.765
1784564100000,399.775,401.75,399.615,401.38
1784565000000,401.49,403.16,401.412,402.08
1784565900000,402,402.47,401.41,401.42
1784566800000,401.4,401.564,400.27,400.725
1784567700000,400.65,402.08,400.44,401.88
1784568600000,401.913,402.38,400.82,400.989
1784569500000,400.995,401.94,400.99,401.71
1784570400000,401.72,401.98,401.41,401.795
1784571300000,401.795,402.35,401.335,401.945
1784572200000,401.92,402.19,400.095,400.115
1784573100000,400.14,400.86,399.88,400.528
1784574000000,400.53,401.4,400.48,400.755
1784574900000,400.71,401.37,400.57,401.2
1784575800000,401.3,402.52,401.175,401.86
1784576700000,401.87,402.68,400.73,402.429
1784577600000,401.87,402.654,401.416,401.69
1784578500000,401.01,401.55,400.525,400.64
1784579400000,400.98,400.99,400.187,400.98
1784580300000,400.6,400.655,400.48,400.48
1784581200000,400.5,400.549,400.39,400.549
1784582100000,400.55,400.825,400.55,400.776
1784583000000,400.775,401.407,400.775,401.351
1784583900000,401.351,401.4,401.12,401.15
1784584800000,400.26,401.2,400.26,400.26
1784585700000,400.46,400.47,400.226,400.46
1784586600000,400.35,400.404,399.601,399.87
1784587500000,399.51,400.074,399.51,399.78
1784588400000,400.48,400.49,399.803,400.49
1784589300000,400.445,401.493,400.401,401.172
1784590200000,400.89,401.24,400.798,400.89
1784591100000,401.04,401.2,400.751,401.04
1784592000000,401.62,401.76,400.61,400.85
1784592900000,400.84,401.47,400.69,401.47
1784593800000,401.22,401.5,401.19,401.34
1784594700000,401.48,401.75,401.34,401.47
1784595600000,401.4,401.84,401.28,401.76
1784596500000,401.77,401.81,401.49,401.72
1784597400000,401.71,401.71,401.2,401.24
1784598300000,401.28,401.45,401.19,401.19
1784599200000,401.23,401.71,401.09,401.09
1784600100000,401.21,401.62,401.03,401.39
1784601000000,401.5,401.75,401.29,401.32
1784601900000,401.37,401.6,401.37,401.51
1784602800000,401.56,401.56,401.48,401.51
1784603700000,401.51,401.7,401.5,401.61
1784604600000,401.65,401.65,401.04,401.24
1784605500000,401.33,401.51,401.13,401.45
1784606400000,401.46,401.67,401.37,401.39
1784607300000,401.4,401.42,400.72,401.28
1784608200000,401.31,401.32,401.08,401.23
1784609100000,401.22,401.22,400.8,400.9
1784610000000,400.88,400.88,400.24,400.26
1784610900000,400.22,400.22,399.9,400
1784611800000,400,400.24,399.99,400.24
1784612700000,400.23,400.77,400.2,400.56
1784613600000,400.56,400.8,400.32,400.48
1784614500000,400.46,400.49,399.99,400.2
1784615400000,400.2,400.41,400.2,400.26
1784616300000,400.28,400.4,400.1,400.3
1784617200000,400.3,400.39,399.76,399.8
1784618100000,399.87,399.92,399.46,399.59
1784619000000,399.61,399.75,399.45,399.48
1784619900000,399.53,399.62,399.29,399.57
1784620800000,398.24,400.838,398.125,398.24
1784621700000,399.1,399.274,398.759,399.15
1784622600000,398.894,399.23,398.625,399.195
1784623500000,399.31,399.56,399.145,399.31
1784624400000,399.42,399.72,399.01,399.01
1784625300000,399.01,399.52,398.85,399.52
1784626200000,399.42,399.52,399.205,399.42
1784627100000,399.06,399.36,399.04,399.06
1784628000000,399.105,399.734,399.105,399.425
1784628900000,398.37,399.617,398.37,398.37
1784629800000,398.88,399.36,398.37,398.88
1784630700000,399.3,399.84,398.92,399.84
1784631600000,398.51,399.228,398.34,398.48
1784632500000,398.471,398.494,397.186,397.59
1784633400000,397.59,398.256,397.504,397.717
1784634300000,397.81,398.303,397.642,397.96
1784635200000,398.08,398.4,397.863,398.36
1784636100000,398.11,398.143,397.773,398.11
1784637000000,398.15,398.24,397.825,397.94
1784637900000,398.24,398.396,398.006,398.31
1784638800000,398.32,399.274,398.32,399.09
1784639700000,399.01,399.296,398.198,398.78
1784640600000,399.025,401.44,396.36,399.933
1784641500000,399.89,400.49,398.76,400.005
1784642400000,400.005,400.78,398.9,400.02
1784643300000,399.99,401.34,398.33,401.045
1784644200000,401.005,401.31,399.731,400.125
1784645100000,400.126,400.92,399.28,399.325
1784646000000,399.34,399.34,398.275,398.58
1784646900000,398.56,399.17,398.085,398.725
1784647800000,398.66,400.015,398.6,399.745
1784648700000,399.67,399.745,398.48,398.57
1784649600000,398.535,398.66,397.635,397.71
1784650500000,397.76,398.33,397.44,398.005
1784651400000,398,398.74,397.74,398.295
1784652300000,398.38,399.36,398.322,398.64
1784653200000,398.644,398.74,398.05,398.566
1784654100000,398.54,399.61,398.22,399.455
1784655000000,399.45,399.55,398.7,399.04
1784655900000,398.95,399.5,398.54,399.2
1784656800000,399.16,399.205,398.303,398.72
1784657700000,398.73,398.886,398.38,398.8
1784658600000,398.79,398.843,398.06,398.52
1784659500000,398.54,398.595,397.99,398.22
1784660400000,398.15,399.34,398.07,399.17
1784661300000,399.18,399.6,398.92,399.553
1784662200000,399.48,399.64,398.565,398.76
1784663100000,398.74,398.768,397.39,397.575
1784664000000,397.73,397.8,397.425,397.61
1784664900000,397.737,397.742,397.436,397.675
1784665800000,397.646,397.646,397.007,397.164
1784666700000,396.83,397.397,396.75,396.79
1784667600000,396.91,397.291,396.845,396.91
1784668500000,396.71,396.85,396.546,396.71
1784669400000,396.5,396.67,396.481,396.66
1784670300000,396.67,397.165,396.571,396.92
1784671200000,396.92,396.92,396.302,396.369
1784672100000,396.26,396.674,396.1,396.21
1784673000000,396.335,396.429,396.102,396.13
1784673900000,396.129,396.303,395.756,396.176
1784674800000,396.24,396.34,396.125,396.24
1784675700000,396.19,396.27,395.989,396.02
1784676600000,396.06,396.147,395.773,396.05
1784677500000,395.983,396.175,395.69,396.098
1784678400000,396.15,396.15,395.52,395.76
1784679300000,395.92,395.97,395.49,395.8
1784680200000,395.96,396.22,395.78,396
1784681100000,396,396.52,395.77,396.2
1784682000000,396.26,396.31,396.08,396.17
1784682900000,396.18,396.23,395.94,396.22
1784683800000,396.23,396.29,395.98,396.18
1784684700000,396.19,396.56,396.19,396.39
1784685600000,396.36,396.45,396.2,396.45
1784686500000,396.44,396.58,396.4,396.56
1784687400000,396.52,396.66,396.48,396.62
1784688300000,396.69,396.9,396.69,396.88
1784689200000,396.84,397.21,396.82,396.94
1784690100000,396.92,397.03,396.82,396.86
1784691000000,397.02,397.02,396.86,396.99
1784691900000,396.99,397.1,396.91,397.09
1784692800000,397.09,397.62,397.07,397.62
1784693700000,397.62,397.73,397.5,397.51
1784694600000,397.53,397.67,397.41,397.6
1784695500000,397.59,397.95,397.51,397.94
1784696400000,397.81,398.39,397.81,398.3
1784697300000,398.36,399.05,398.36,399.02
1784698200000,399.14,399.55,398.81,399.1
1784699100000,399.1,399.8,399.1,399.49
1784700000000,399.5,400,399.49,399.91
1784700900000,399.95,399.95,399.56,399.77
1784701800000,399.77,399.77,398.09,398.19
1784702700000,398.03,398.9,398.01,398.54
1784703600000,398.61,398.63,397.9,397.93
1784704500000,398.06,398.73,398.06,398.56
1784705400000,398.62,398.62,398.08,398.21
1784706300000,398.29,398.98,398.08,398.94
1784707200000,399.81,399.852,396.599,399.78
1784708100000,399.4,399.46,398.672,399.26
1784709000000,399.015,399.07,399.015,399.069
1784709900000,399.07,399.1,398.629,398.629
1784710800000,398.628,399.227,398.4,398.94
1784711700000,398.42,398.94,398.125,398.42
1784712600000,398.77,398.77,398.28,398.77
1784713500000,398.86,399.144,398.657,398.86
1784714400000,399.144,399.485,399.035,399.035
1784715300000,399.035,399.31,398.835,398.95
1784716200000,398.68,399.1,398.68,399.1
1784717100000,398.975,399.529,398.85,399.462
1784718000000,398.82,399.457,398.75,399.3
1784718900000,398.7,398.809,398.651,398.7
1784719800000,398.99,399.3,398.624,399.3
1784720700000,398.92,399.349,398.911,398.92
1784721600000,399.041,400.069,398.955,399.704
1784722500000,399.55,400,399.366,399.55
1784723400000,399.68,399.965,399.001,399.08
1784724300000,399.29,399.29,398.794,399.29
1784725200000,399.7,399.786,399.035,399.62
1784726100000,399.199,399.59,398.26,399.2
1784727000000,399.59,401,392.26,392.59
1784727900000,392.55,393.42,390.78,391.71
1784728800000,391.515,393.01,391.515,391.625
1784729700000,391.64,392,389.51,389.675
1784730600000,389.685,390.33,388.235,388.8
1784731500000,388.74,389.71,388.3,389.56
1784732400000,389.565,389.72,388.97,389.31
1784733300000,389.32,390.09,388.97,389.64
1784734200000,389.63,389.64,388.12,388.42
1784735100000,388.54,389.49,388.435,389.49
1784736000000,389.495,389.5,388.55,388.63
1784736900000,388.61,389.15,388.22,389.01
1784737800000,389.015,389.02,388.535,388.75
1784738700000,388.86,389.61,388.49,389.45
1784739600000,389.39,389.446,388.59,388.9
1784740500000,388.88,388.892,387.15,387.845
1784741400000,387.91,388.135,387.665,387.75
1784742300000,387.778,387.96,387.125,387.164
1784743200000,387.18,387.49,386.97,387.24
1784744100000,387.13,388.6,387.09,388.6
1784745000000,388.56,388.72,388.19,388.68
1784745900000,388.69,388.875,388.35,388.795
1784746800000,388.765,389.75,388.58,389.75
1784747700000,389.78,389.88,389.235,389.4
1784748600000,389.38,389.487,388.305,388.73
1784749500000,388.71,390.84,388.66,390.28
1784750400000,390.359,390.523,389.341,390.477
1784751300000,390.489,391.44,390.489,390.845
1784752200000,390.98,390.98,390.294,390.98
1784753100000,390.34,390.575,390.206,390.34
1784754000000,387.21,390.552,386.4,386.4
1784754900000,388.01,388.096,386.27,387.29
1784755800000,387.45,387.592,386.865,386.99
1784756700000,386.78,387.049,386.524,386.85
1784757600000,386.99,387.87,386.99,386.99
1784758500000,387.87,387.87,387.304,387.756
1784759400000,387.754,387.754,387.001,387.475
1784760300000,387.31,387.75,387.23,387.75
1784761200000,387.29,387.525,386.84,387.3
1784762100000,387.445,387.74,387.375,387.65
1784763000000,387.75,387.84,387.597,387.75
1784763900000,388.21,388.28,387.725,388.21
1784764800000,388.17,388.89,388.16,388.52
1784765700000,388.6,389.51,388.57,389.35
1784766600000,389.35,389.52,389.15,389.5
1784767500000,389.52,389.7,389.45,389.59
1784768400000,389.54,389.61,388.92,389.07
1784769300000,389.1,389.11,388.7,388.94
1784770200000,388.94,389.22,388.82,389.03
1784771100000,388.96,389.3,388.96,389.3
1784772000000,389.45,389.45,389.04,389.22
1784772900000,389.09,389.11,388.88,389.01
1784773800000,389.1,389.11,388.74,388.94
1784774700000,389.03,389.08,388.86,389.07
1784775600000,389.11,389.16,388.64,388.64
1784776500000,388.65,388.65,388.21,388.3
1784777400000,388.3,388.42,388.23,388.42
1784778300000,388.44,388.67,388.43,388.65
1784779200000,388.6,388.61,388.34,388.61
1784780100000,388.61,388.98,388.52,388.98
1784781000000,388.93,389,388.86,388.91
1784781900000,388.92,388.99,388.75,388.8
1784782800000,388.82,388.82,388.55,388.57
1784783700000,388.67,389.09,388.67,389.09
1784784600000,389.1,389.25,388.99,388.99
1784785500000,388.89,388.94,388.72,388.84
1784786400000,388.84,388.98,388.62,388.76
1784787300000,388.82,388.9,388.66,388.85
1784788200000,388.85,388.89,388.1,388.1
1784789100000,388.23,388.53,388.12,388.25
1784790000000,388.42,388.51,386.98,387.4
1784790900000,387.4,387.79,387.39,387.49
1784791800000,387.5,387.5,386.53,386.54
1784792700000,386.6,387.38,386.03,387.26
1784793600000,387.3,388.145,386.523,387.3
1784794500000,387.226,387.285,386.825,387.285
1784795400000,387.285,387.285,386.655,386.655
1784796300000,386.56,386.693,385.99,385.99
1784797200000,386.59,386.59,385.75,386.59
1784798100000,386.51,386.51,386.1,386.5
1784799000000,386.2,386.629,386.2,386.605
1784799900000,386.607,386.799,386.575,386.725
1784800800000,386.37,386.725,385.527,386.37
1784801700000,385.519,386.727,385.38,386.507
1784802600000,390,390.611,386.397,389.68
1784803500000,388.484,388.766,388.475,388.595
1784804400000,388.32,390.895,388.22,390.74
1784805300000,390.79,391,389.42,389.61
1784806200000,388.51,389.795,388.259,388.51
1784807100000,388.49,388.575,388.085,388.28
1784808000000,388.79,389.15,388.1,389
1784808900000,388.99,389.606,386.99,386.99
1784809800000,387.367,387.92,387.249,387.557
1784810700000,387.88,388.27,387.402,387.74
1784811600000,388.48,388.528,387.572,388.37
1784812500000,387.99,390.476,387.571,387.9
1784813400000,389.965,391.73,387.235,388.333
1784814300000,388.2,389.47,388.02,388.325
1784815200000,388.3,388.9,383.905,384.28
1784816100000,384.07,384.31,382.94,383.29
1784817000000,383.175,384.045,379.61,379.86
1784817900000,379.285,379.285,379.285,379.285
1784818800000,379.26,379.5,377.39,378.96
1784819700000,378.89,379.5,378.38,378.59
1784820600000,378.59,379.18,378,378.415
1784821500000,378.415,379.79,377.89,379.6
1784822400000,379.6,380.9,379.53,380.115
1784823300000,380.125,381.104,380.05,380.58
1784824200000,380.51,380.87,380.14,380.38
1784825100000,380.38,381.38,379.91,381.335
1784826000000,381.34,382.14,381.15,381.38
1784826900000,381.34,381.58,380.93,381.465
1784827800000,381.47,381.585,380.685,380.86
1784828700000,380.79,381.58,380.73,380.955
1784829600000,380.94,381.35,380.77,381.105
1784830500000,381.138,381.73,381.138,381.549
1784831400000,381.61,381.79,381.18,381.38
1784832300000,381.42,382.2,381.385,381.92
1784833200000,382.01,382.17,380.71,380.86
1784834100000,380.86,381.48,380.7,380.98
1784835000000,380.98,381.3,380.145,380.191
1784835900000,380.12,382.44,379.44,381.55
1784836800000,381.5,382.223,380.42,382.01
1784837700000,381.58,381.7,381.195,381.56
1784838600000,381.394,381.884,381.285,381.6
1784839500000,381.6,382.31,381.422,382.232
1784840400000,382.41,382.673,382.225,382.47
1784841300000,382.78,383.04,382.25,382.78
1784842200000,382.709,383.008,382.676,382.8
1784843100000,382.8,382.825,382.34,382.682
1784844000000,382.39,382.84,382.225,382.39
1784844900000,382.84,382.84,382.506,382.784
1784845800000,382.786,383.415,382.727,383.082
1784846700000,383.083,383.193,383.046,383.193
1784847600000,383.193,383.393,383.035,383.195
1784848500000,383.04,383.218,382.7,383.04
1784849400000,382.7,382.85,382.233,382.564
1784850300000,382.564,382.798,382.34,382.392
1784851200000,382.44,382.71,381.97,382.3
1784852100000,382.25,382.52,382.16,382.4
1784853000000,382.42,383.38,382.34,383.12
1784853900000,383.21,383.3,382.9,383.05
1784854800000,383.28,383.28,382.69,382.69
1784855700000,382.74,383.04,382.7,382.87
1784856600000,383,383.01,382.65,382.77
1784857500000,382.7,382.84,382.23,382.32
1784858400000,382.32,382.69,382.3,382.6
1784859300000,382.44,382.6,382.35,382.41
1784860200000,382.4,382.48,381.73,381.73
1784861100000,381.8,382.25,381.77,382.13
1784862000000,382.11,382.18,381.83,382.09
1784862900000,382.16,382.16,381.75,381.81
1784863800000,381.76,381.89,381.41,381.49
1784864700000,381.45,381.65,381.33,381.39
1784865600000,381.36,381.91,381.17,381.85
1784866500000,381.74,382.08,381.74,382.08
1784867400000,382.07,382.23,381.84,382.11
1784868300000,382.13,382.77,382.11,382.54
1784869200000,382.52,382.63,382.39,382.39
1784870100000,382.27,382.41,382.21,382.21
1784871000000,382.3,382.36,382.13,382.13
1784871900000,382.1,382.24,381.91,381.91
1784872800000,381.9,382.02,381.57,381.57
1784873700000,381.56,381.99,381.56,381.8
1784874600000,381.76,382.09,381.76,381.87
1784875500000,381.87,382.18,381.73,382.18
1784876400000,382.21,383.6,382.21,383.37
1784877300000,383.5,384.46,383.32,384.39
1784878200000,384.15,384.56,384.14,384.29
1784879100000,384.36,384.42,384.01,384.19
1784880000000,385.39,385.693,382.39,385.39
1784880900000,385.09,385.414,385.005,385.09
1784881800000,385.2,385.749,385.06,385.249
1784882700000,385.241,385.747,385.135,385.511
1784883600000,385.58,386.15,385.375,385.58
1784884500000,385.49,386.53,385.375,385.49
1784885400000,386.01,386.53,385.967,386.01
1784886300000,385.97,386.062,385.6,385.97
1784887200000,385.825,385.825,385.55,385.815
1784888100000,385.815,385.815,385.3,385.3
1784889000000,385.22,385.804,385.17,385.34
1784889900000,385.45,385.825,385.25,385.25
1784890800000,385.31,385.899,385.25,385.69
1784891700000,385.68,386.299,385.498,386.01
1784892600000,386.101,386.314,385.69,386.2
1784893500000,386.2,386.25,385.915,386.08
1784894400000,385.79,386.203,385.79,386.09
1784895300000,386.3,386.358,386.01,386.15
1784896200000,385.94,386.5,385.901,385.94
1784897100000,385.75,386.15,385.657,385.75
1784898000000,385.57,386.13,385.34,386.13
1784898900000,385.85,387.085,384.832,386.656
1784899800000,387.535,388.99,381.13,381.17
1784900700000,381.07,382.38,380.76,381.25
1784901600000,381.25,383.14,380.81,381.67
1784902500000,381.65,383.385,381.65,381.71
1784903400000,381.705,383.91,381.695,382.85
1784904300000,382.8,384.47,382.73,384.2
1784905200000,384.2,385.285,383.505,385.11
1784906100000,385.09,386.03,384.32,385.24
1784907000000,385.23,385.65,384.21,384.46
1784907900000,384.445,384.45,383.52,383.9
1784908800000,383.905,384.63,383.905,384.33
1784909700000,384.33,385.3,384.33,385.155
1784910600000,385.145,385.23,384.335,384.41
1784911500000,384.37,384.54,383.885,383.96
1784912400000,383.99,384.29,383.64,384.26
1784913300000,384.28,384.313,383.787,384.19
1784914200000,384.24,384.68,383.72,384.095
1784915100000,384.1,384.91,384.095,384.73
1784916000000,384.705,384.94,384.41,384.705
1784916900000,384.74,384.77,383.955,383.975
1784917800000,383.95,384.63,383.675,384.47
1784918700000,384.47,384.93,384.405,384.58
1784919600000,384.59,384.79,383.94,384.3
1784920500000,384.305,384.67,383.44,383.48
1784921400000,383.42,383.75,382.48,382.88
1784922300000,382.875,383.39,381.42,381.8
1784923200000,381.8,382.169,380.827,380.96
1784924100000,381.7,381.919,381.581,381.7
1784925000000,381.88,381.88,381.231,381.88
1784925900000,381.51,381.745,381.219,381.71
1784926800000,381.456,381.705,381.24,381.24
1784927700000,381.24,381.455,381.082,381.382
1784928600000,381.89,381.949,381.383,381.89
1784929500000,381.85,381.928,381.725,381.801
1784930400000,381.6,381.878,381.6,381.6
1784931300000,381.73,381.756,381.605,381.756
1784932200000,381.758,381.8,381.65,381.65
1784933100000,381.65,381.845,381.6,381.675
1784934000000,381.675,381.68,381.546,381.57
1784934900000,381.571,381.67,381.553,381.67
1784935800000,381.67,381.675,381.45,381.587
1784936700000,381.593,381.62,381.28,381.375
1784942100000,381.48,381.48,381.48,381.48
1784967300000,381.14,381.14,381.04,381.04
1784984400000,381,381,381,381
1784985300000,381.11,381.14,381.11,381.14
1784994300000,380.9,380.9,380.9,380.9
1784995200000,380.98,380.98,380.98,380.98
1784997000000,380.98,381.05,380.98,381.05
1785003300000,381.01,381.12,381.01,381.12
1785005100000,380.96,381.71,380.96,381.71
1785006000000,381.55,381.55,380.89,380.89
1785024900000,380.71,380.71,380.71,380.71
1785028500000,381.06,381.06,381.06,381.06
1785032100000,380.64,380.64,380.64,380.64
1785049200000,380.61,380.61,380.58,380.58
1785051000000,380.68,380.68,380.68,380.68
1785054600000,380.68,380.68,380.4,380.4
1785055500000,380.68,380.68,380.68,380.68
1785056400000,380.66,380.66,380.41,380.41
1785059100000,380.33,380.33,380.33,380.33
1785062700000,380.46,380.46,380.46,380.46
1785067200000,380.25,380.25,380.25,380.25
1785070800000,380.23,380.23,380.23,380.23
1785071700000,380.34,380.34,380.34,380.34
1785077100000,380.34,380.34,380.34,380.34
1785080700000,380.4,380.45,380.4,380.45
1785089700000,380.66,380.72,380.66,380.72
1785108600000,380.72,380.72,380.72,380.72
1785110400000,382,385.32,382,384.6
1785111300000,384.65,384.89,384.14,384.79
1785112200000,384.86,385.53,384.26,384.36
1785113100000,384.25,384.5,383.95,384.31
1785114000000,384.09,384.36,383.25,383.29
1785114900000,383.28,384.44,383.28,384.4
1785115800000,384.35,384.99,384.1,384.7
1785116700000,384.58,384.66,384.34,384.44
1785117600000,384.51,384.64,384.29,384.56
1785118500000,384.53,384.94,384.53,384.8
1785119400000,384.72,384.72,384.33,384.64
1785120300000,384.61,384.92,384.6,384.83
1785121200000,384.84,384.86,384.59,384.68
1785122100000,384.72,384.78,384.5,384.5
1785123000000,384.53,384.61,384.34,384.53
1785123900000,384.52,384.55,384.19,384.41
1785124800000,384.39,384.63,384.36,384.47
1785125700000,384.48,384.66,384.31,384.39
1785126600000,384.45,384.7,384.43,384.65
1785127500000,384.69,384.7,384.49,384.49
1785128400000,384.54,384.54,384.21,384.53
1785129300000,384.51,384.75,384.38,384.64
1785130200000,384.76,384.96,384.65,384.95
1785131100000,384.93,385.32,384.89,385.01
1785132000000,385,385.32,385,385.17
1785132900000,385.16,385.21,384.97,385.13
1785133800000,385.02,385.05,384.01,384.32
1785134700000,384.38,384.51,384.07,384.29
1785135600000,384.11,384.89,383.5,384.74
1785136500000,384.73,384.91,384.56,384.77
1785137400000,384.68,384.76,384.55,384.59
1785138300000,384.66,384.95,384.53,384.69
1785139200000,386,386.224,381.934,386
1785140100000,386.035,386.249,385.002,386.24
1785141000000,386.24,386.24,385.611,386.03
1785141900000,386.03,386.17,385.726,385.831
1785142800000,385.83,386.045,385.682,385.705
1785143700000,385.93,385.97,385.705,385.78
1785144600000,385.51,385.869,385.139,385.51
1785145500000,385.78,385.97,385.345,385.78
1785146400000,385.685,385.97,385.49,385.49
1785147300000,385.88,386.02,385.49,385.88
1785148200000,385.9,386.29,385.795,386.29
1785149100000,386.05,386.22,385.7,386.05
1785150000000,386.095,387.51,386.092,386.549
1785150900000,387.3,387.349,386.436,387.3
1785151800000,387.01,387.52,386.91,387.49
1785152700000,387.35,387.395,387.001,387.08
1785153600000,387.17,387.57,387.081,387.1
1785154500000,387.37,387.562,386.812,387.32
1785155400000,387.46,388.035,387.19,388
1785156300000,388.1,388.222,387.603,388.09
1785157200000,388,388.824,387.833,388.52
1785158100000,388.425,389.98,387.753,389.827
1785159000000,389.69,392.45,388.01,389.89
1785159900000,389.83,392.37,388.885,391.08
1785160800000,391.12,393.3,390.67,392.44
1785161700000,392.45,393.02,390.23,390.375
1785162600000,390.428,390.92,389.5,389.735
1785163500000,389.8,390.22,389.3,389.62
1785164400000,389.625,393.06,389.38,393.06
1785165300000,393.02,393.87,392.67,393.54
1785166200000,393.504,393.75,391.3,391.438
1785167100000,391.54,391.6,390,390.312
1785168000000,390.3,390.825,389.99,389.99
1785168900000,389.97,390.93,389.465,390.47
1785169800000,390.46,392,390.34,391.165
1785170700000,391.175,391.6,390.8,391.3
1785171600000,391.38,391.79,390.91,391.63
1785172500000,391.715,392.34,391.52,391.52
1785173400000,391.56,392.77,391.555,392.28
1785174300000,392.3,393.75,391.91,393.73
1785175200000,393.76,394.2,393.45,393.577
1785176100000,393.52,393.72,392.54,392.725
1785177000000,392.75,393.44,392.53,393.36
1785177900000,393.345,394.09,393.32,393.56
1785178800000,393.57,393.58,391.93,391.98
1785179700000,392.02,392.22,391.225,391.28
1785180600000,391.245,391.51,390.01,390.1
1785181500000,390.08,390.09,388.84,389.14
1785182400000,388.7,389.355,388.48,388.78
1785183300000,389.299,389.389,388.71,388.9
1785184200000,389.3,389.57,388.88,389.14
1785185100000,389.275,389.275,388.985,389.048
1785186000000,389.048,389.05,388.925,389.03
1785186900000,389.033,389.35,388.876,389.18
1785187800000,389.178,389.19,388.875,389.075
1785188700000,389.2,389.599,389.04,389.19
1785189600000,389.39,389.645,389.309,389.39
1785190500000,389.376,389.599,389.35,389.5
1785191400000,389.5,389.5,389.215,389.296
1785192300000,389.296,389.3,388.928,389.2
1785193200000,389.2,389.2,388.885,388.923
1785194100000,388.925,389.6,388.833,389.325
1785195000000,389.325,389.569,389.3,389.355
1785195900000,389.362,389.8,389.362,389.69
1785196800000,389.11,389.95,388.12,389
1785197700000,389.1,389.45,388.65,388.98
1785198600000,389.12,389.62,388.85,389.21
1785199500000,389.12,389.12,388.8,389.09
1785200400000,389.01,389.13,388.21,388.21
1785201300000,388.2,389.83,387.76,389.7
1785202200000,389.67,389.89,389.06,389.2
1785203100000,389.34,389.56,389.2,389.37
1785204000000,389.31,389.36,388.88,389.07
1785204900000,388.98,389.16,388.88,389
1785205800000,388.82,389.17,388.79,389.11
1785206700000,389.1,389.49,388.9,389.43
1785207600000,389.4,390.41,389.16,390.08
1785208500000,390.02,390.99,390.02,390.48
1785209400000,390.51,391.1,390.32,391.08
1785210300000,391.1,391.13,390.4,390.4
1785211200000,390.41,390.51,390.05,390.05
1785212100000,390.03,390.03,389.82,389.96
1785213000000,389.85,390.54,389.8,389.93
1785213900000,389.94,391,389.71,390.41
1785214800000,390.44,390.8,390.22,390.22
1785215700000,390.24,390.24,389.55,389.61
1785216600000,389.59,390.03,389.59,390.01
1785217500000,389.99,390.27,389.75,390.14
1785218400000,390.21,390.5,389.7,390.35
1785219300000,390.45,390.99,390.39,390.7
1785220200000,390.72,391.25,390.45,391.21
1785221100000,391.22,391.6,391.12,391.54
1785222000000,391.53,393.01,391.45,392.6
1785222900000,392.61,392.71,392.23,392.26
1785223800000,392.26,392.88,392.05,392.59
1785224700000,392.44,392.75,392.08,392.75
1785225600000,392.32,392.815,390.113,392.32
1785226500000,392.47,392.65,391.5,392.47
1785227400000,391.5,392.093,391.45,392.093
1785228300000,392.094,392.095,391.995,392.05
1785229200000,392.43,392.65,391.805,392.53
1785230100000,392.8,392.8,392.305,392.8
1785231000000,392.79,393.06,392.55,392.92
1785231900000,392.81,393.53,392.711,393.02
1785232800000,393.02,393.334,392.61,393.029
1785233700000,393.028,393.1,392.626,393.1
1785234600000,393.06,393.156,392.5,393.06
1785235500000,392.28,392.975,392.26,392.26
1785236400000,393,393.926,392.358,393.59
1785237300000,394.33,394.428,393.6,394.22
1785238200000,395,395.244,394.125,395
1785239100000,394.51,394.581,394.2,394.51
1785240000000,394.94,395.163,394.305,395
1785240900000,395.09,395.781,394.926,395.56
1785241800000,395.4,396.147,395.059,395.99
1785242700000,395.41,396.162,395.41,395.57
1785243600000,395.34,395.707,394.506,394.83
1785244500000,395.2,395.394,391.35,392.83
1785245400000,393.25,400.2,392.11,394.4
1785246300000,394.49,395.11,391.42,392.32
1785247200000,392.4,394.41,392.23,394.28
1785248100000,394.255,397.14,394.1,395.48
1785249000000,395.49,396.75,394.72,396.61
1785249900000,396.565,397.66,396.065,396.54
1785250800000,396.535,398.1,396,398.01
1785251700000,398.08,400.16,397.8,399.96
1785252600000,399.93,400.31,398.745,398.81
1785253500000,398.87,398.87,397,397.845
1785254400000,397.855,397.87,396.135,397.62
1785255300000,397.64,398.87,397.619,398.075
1785256200000,398.075,398.6,398.06,398.46
1785257100000,398.465,398.905,398.03,398.84
1785258000000,398.82,398.89,397.71,397.785
1785258900000,397.84,398.27,397.51,398.08
1785259800000,398.05,399.45,397.895,398.97
1785260700000,398.99,399.51,398.84,399.2
1785261600000,399.15,399.2,397.1,397.41
1785262500000,397.39,397.75,396.955,397.53
1785263400000,397.51,397.61,397.01,397.33
1785264300000,397.31,397.98,396.73,396.95
1785265200000,396.98,397.12,394.25,394.26
1785266100000,394.21,394.55,392.65,392.845
1785267000000,392.82,393.445,392.4,393.035
1785267900000,393.04,393.81,392.63,393.43
1785268800000,393.34,393.852,392.689,393.34
1785269700000,393.74,393.99,393.51,393.99
1785270600000,393.7,394.085,393.601,393.71
1785271500000,393.79,394.163,393.75,393.79
1785272400000,393.828,393.85,393.792,393.81
1785273300000,393.76,394.149,393.75,393.75
1785274200000,394.149,394.195,393.96,394.099
1785275100000,394.1,394.249,394.03,394.148
1785276000000,394.144,394.46,394.039,394.232
1785276900000,394.231,394.24,393.885,394.127
1785277800000,393.71,394.14,393.575,393.71
1785278700000,394.74,395.585,393.651,395
1785279600000,395.48,395.691,394.501,395.5
1785280500000,395.31,395.953,395.201,395.71
1785281400000,395.68,395.755,394.591,395.69
1785282300000,394.76,395.787,394.435,394.54
1785283200000,395.01,395.44,394.13,394.46
1785284100000,394.21,394.8,394.07,394.79
1785285000000,394.7,394.8,394.29,394.7
1785285900000,394.71,394.95,394.24,394.56
1785286800000,394.41,394.41,393.84,393.84
1785287700000,393.85,394.99,393.68,394.59
1785288600000,394.44,394.49,394.08,394.48
1785289500000,394.41,394.48,393.37,393.41
1785290400000,393.4,394.18,393.21,394.05
1785291300000,393.79,394.57,393.79,394.31
1785292200000,394.45,394.7,394.27,394.7
1785293100000,394.94,395.1,394.46,394.65
1785294000000,394.66,395.02,394.5,394.81
1785294900000,394.84,394.91,394.59,394.73
1785295800000,394.69,395.11,394.58,395.11
1785296700000,395.11,395.97,394.99,395.7
1785297600000,395.7,396.36,395.41,395.74
1785298500000,395.74,396.77,395.41,395.69
1785299400000,395.7,396.34,394.86,396.14
1785300300000,395.77,396.51,395.51,395.9
1785301200000,395.9,395.91,395.48,395.51
1785302100000,395.49,395.8,395.3,395.59
1785303000000,395.49,395.61,394.99,395.27
1785303900000,395.28,395.43,395,395.1
1785304800000,395.09,395.43,395.05,395.33
1785305700000,395.35,395.42,394.78,395.1
1785306600000,395.18,395.76,395.09,395.71
1785307500000,395.71,395.72,395.31,395.43
1785308400000,395.43,396.81,395.43,396.19
1785309300000,396.24,396.69,396.24,396.68
1785310200000,396.54,397.96,396.54,397.96
1785311100000,397.52,398.01,397.51,397.95
1785312000000,395.299,398.102,395.299,396.845
1785312900000,396.845,397.35,396.775,397.149
1785313800000,397.149,397.595,396.751,396.751
1785314700000,396.751,396.751,396.515,396.75
1785315600000,396.35,396.75,394.214,396.35
1785316500000,394.339,394.625,393.943,394.157
1785317400000,393.93,394.384,392.332,392.56
1785318300000,392.42,393.215,392.277,393.14
1785319200000,393.44,393.916,392.565,393
1785320100000,393.93,393.995,393.325,393.93
1785321000000,394.11,394.44,393.372,394.11
1785321900000,394.416,395.322,394.415,394.825
1785322800000,395.09,395.994,393.752,394.26
1785323700000,393.98,394.28,392.91,393.37
1785324600000,393.87,394.59,393.381,393.87
1785325500000,393.95,394.45,393.872,394.29
1785326400000,394.25,394.25,393.682,393.766
1785327300000,394.15,394.33,393.225,393.31
1785328200000,393.62,394.895,393.5,394.29
1785329100000,394.61,394.896,394.329,394.36
1785330000000,394.59,394.8,393.92,393.92
1785330900000,394.55,394.649,392.78,393.09
1785331800000,393.36,394.145,389.1,389.75
1785332700000,389.66,392.71,388.735,392.53
1785333600000,392.35,393.525,391.371,391.6
1785334500000,391.64,393.38,390.835,392.396
1785335400000,392.55,394.33,392.422,394.2
1785336300000,394.21,394.99,393.74,394.24
1785337200000,394.26,395.8,394.14,394.83
1785338100000,394.83,395.455,394.43,394.615
1785339000000,394.605,394.939,394.11,394.342
1785339900000,394.31,395.29,394.31,394.74
1785340800000,394.78,394.94,392.865,393.31
1785341700000,393.265,395.66,393.1,395.64
1785342600000,395.63,395.99,393.895,394.23
1785343500000,394.182,395.59,393.67,395.302
1785344400000,395.36,396.085,395.06,396.065
1785345300000,396.065,397.175,395.43,396.165
1785346200000,396.17,396.4,395.685,396.31
1785347100000,396.29,396.805,395.465,396.5
1785348000000,396.456,399.12,396.456,397.633
1785348900000,397.59,398.64,397.43,398.64
1785349800000,398.63,399.37,398.09,399.16
1785350700000,399.2,401.25,399.07,399.53
1785351600000,399.62,399.635,396.825,397.97
1785352500000,397.97,398.24,395.8,395.955
1785353400000,396.02,396.265,392.46,392.545
1785354300000,392.555,392.905,389.38,390.99
1785355200000,396.12,409.15,390.529,392.04
1785356100000,392.74,401.73,392.01,398.57
1785357000000,399.52,407.098,398.333,402.53
1785357900000,403.51,403.857,401.99,402.15
1785358800000,402.21,404.453,397.885,398.13
1785359700000,397.44,401.544,397.44,401.5
1785360600000,401.5,401.748,399.99,401.2
1785361500000,400.01,401.283,396.66,398.2
1785362400000,398.1,429.95,397.702,423.04
1785363300000,422.4,423.38,417.51,421.01
1785364200000,420.51,423.79,420.166,422.69
1785365100000,424,424.774,419.26,419.26
1785366000000,420.01,425.162,419.426,424.96
1785366900000,424.4,426.495,424.221,424.9
1785367800000,425.05,426.085,421.99,422.99
1785368700000,422.66,425.4,422.331,425.4
1785369600000,424.72,426,421.09,421.22
1785370500000,421.22,422.67,420.59,421.8
1785371400000,421.75,422.17,418.35,419
1785372300000,419,419.74,417.67,418.05
1785373200000,418.06,420.81,417.67,418.01
1785374100000,418,419.58,417.66,418.98
1785375000000,418.98,419.96,418.81,418.89
1785375900000,418.86,419.7,418.63,418.8
1785376800000,418.81,420.31,418.5,419.78
1785377700000,419.9,420.96,419.6,420.1
1785378600000,420.13,421.35,419.99,421.33
1785379500000,421.23,422.49,420.8,421.88
1785380400000,421.87,422.49,420.54,421.24
1785381300000,421.27,421.74,420.34,420.38
1785382200000,420.3,420.84,419.78,420.17
1785383100000,420.13,420.95,419.99,420.39
1785384000000,420.29,420.42,419.4,419.42
1785384900000,419.44,420.77,419.44,420.3
1785385800000,420.19,420.39,419.77,420.39
1785386700000,420.24,420.82,420.15,420.82
1785387600000,420.78,421.2,420.5,421.01
1785388500000,421.09,421.67,421.09,421.14
1785389400000,421.15,421.16,420.25,420.29
1785390300000,420.25,420.7,419.63,419.76
1785391200000,419.7,419.73,419.01,419.01
1785392100000,418.99,419.34,418.58,419.32
1785393000000,419.23,419.51,418.8,419.18
1785393900000,419.11,419.5,418.9,419.06
1785394800000,419.08,420.18,418.99,419.03
1785395700000,419.03,419.15,417.29,417.5
1785396600000,417.51,417.54,416.49,417.39
1785397500000,417.36,418.61,417.16,418.42
1785398400000,418.48,425.024,417.127,420.35
1785399300000,420.99,421.574,419.986,421.41
1785400200000,421.5,424.434,421.286,424
1785401100000,423.53,424.529,422.755,422.86
1785402000000,423.99,424.422,423.204,423.71
1785402900000,423.203,423.203,421.61,423.023
1785403800000,422.98,423.269,422.5,422.76
1785404700000,423.91,424.89,422.502,424.89
1785405600000,424.025,425.28,424.025,425.243
1785406500000,425.2,426.441,425.09,426.05
1785407400000,425.99,426.962,425.824,425.94
1785408300000,426.08,427.527,425.725,427.215
1785409200000,427.04,427.59,425.693,426.01
1785410100000,425.34,427.188,425.34,427.02
1785411000000,427.39,429.16,427.071,428.01
1785411900000,428.36,430.387,428.17,428.91
1785412800000,428.24,429.383,428.04,428.86
1785413700000,428.661,428.7,427.238,427.583
1785414600000,427.586,427.99,425.37,426.591
1785415500000,426.43,427.597,425.92,426.84
1785416400000,427,428.9,426.972,427.06
1785417300000,427.24,439.99,426.53,438.89
1785418200000,438.45,451.35,432.43,449.25
1785419100000,448.822,451.69,446.195,449.809
1785420000000,450.16,451.67,445.285,447.889
1785420900000,448.37,450.56,445.74,449.93
1785421800000,449.89,451.92,449.43,451.44
1785422700000,451.45,452.22,446.785,447.19
1785423600000,447.16,447.19,443.99,444.415
1785424500000,444.45,447.5,443.69,444.612
1785425400000,444.49,449.615,444.4,449.34
1785426300000,449.42,450.55,448.99,449.92
1785427200000,449.91,456.5,449.64,455.54
1785428100000,455.6,455.915,454.85,455.207
1785429000000,455.31,455.36,453,453.45
1785429900000,453.38,455.68,453.26,455.1
1785430800000,455.25,456.425,454.95,455.85
1785431700000,455.835,456.215,455.01,455.908
1785432600000,456.421,456.421,456.421,456.421
1785433500000,456.44,457.01,455.465,455.879
1785434400000,455.95,458.69,455.38,457.86
1785435300000,457.82,458.44,457.36,458.19
1785436200000,458.15,458.3,455.83,455.88
1785437100000,455.99,456.905,455.85,455.998
1785438000000,455.87,456.51,454.76,454.945
1785438900000,454.95,457.315,454.68,456.78
1785439800000,456.805,457.03,455.24,455.69
1785440700000,451,451.68,450.98,451.545
1785441600000,451.335,451.583,448.51,448.608
1785442500000,448.57,450.15,448.35,449.65
1785443400000,449.25,449.99,448.638,448.8
1785444300000,448.65,449.016,448.525,448.61
1785445200000,448.5,448.706,446.61,446.61
1785446100000,446.977,447.792,446.062,447.679
1785447000000,447.72,447.72,446.398,447.3
1785447900000,447.51,448,446.055,447.52
1785448800000,447.99,448.14,447.128,447.17
1785449700000,445.99,447.553,445.315,446.22
1785450600000,445.339,447.157,445.11,447.082
1785451500000,448.01,449.253,447.081,449.09
1785452400000,449.46,449.46,447.953,449.46
1785453300000,448.01,448.188,447.5,447.95
1785454200000,447.89,448.146,447.235,447.89
1785455100000,447.7,448.498,447.7,447.75
1785456000000,447.89,448.56,447.12,447.98
1785456900000,447.96,448.04,447.24,447.31
1785457800000,447.29,447.47,446.15,447.01
1785458700000,447.08,447.23,445.84,446.35
1785459600000,446.37,446.49,445.92,446.37
1785460500000,446.38,447.23,445.96,447.18
1785461400000,447.21,447.5,446.61,447.1
1785462300000,447.14,448.37,446.93,447.47
1785463200000,447.46,447.75,446.83,447
1785464100000,447.09,447.68,446.9,447.43
1785465000000,447.43,447.76,447.07,447.21
1785465900000,447.27,447.32,446.85,447.1
1785466800000,447.18,447.36,446.61,446.7
1785467700000,446.73,447.3,446.73,447.06
1785468600000,447.14,448.02,447.08,447.75
1785469500000,447.35,447.51,447.09,447.29
1785470400000,447.29,447.3,446.99,447.06
1785471300000,447.07,447.4,446.88,447.31
1785472200000,447.32,447.48,447.02,447.34
1785473100000,447.36,447.4,447.15,447.17
1785474000000,447.18,447.19,446.29,446.45
1785474900000,446.43,446.82,446.31,446.31
1785475800000,446.34,446.36,445.99,446.02
1785476700000,446.12,446.74,446.06,446.66
1785477600000,446.71,446.83,446.25,446.32
1785478500000,446.34,447,446.29,446.95
1785479400000,446.9,446.9,446.44,446.45
1785480300000,446.48,446.79,446.37,446.7
1785481200000,446.68,447.4,446.48,447.4
1785482100000,447.28,448.2,447.23,447.69
1785483000000,447.59,447.87,447.2,447.32
1785483900000,447.34,447.5,447.08,447.17
1785484800000,444.99,448.401,444.99,447.74
1785485700000,447.3,449.527,447.107,449.47
1785486600000,448.12,448.431,447.532,448.2
1785487500000,448.02,448.235,447.71,448.02
1785488400000,447.88,448.165,447.06,447.42
1785489300000,447.56,448.608,447.341,447.56
1785490200000,447.95,448.555,447.041,447.95
1785491100000,448.1,448.837,447.692,448.1
1785492000000,448.838,448.943,448.05,448.25
1785492900000,448.18,448.475,447.447,448.18
1785493800000,448.206,448.305,447.93,448.065
1785494700000,448.065,448.228,447.889,448.105
1785495600000,448.29,448.698,447.85,448
1785496500000,448.8,449.66,447.901,448.78
1785497400000,448.49,449.212,448.49,448.79
1785498300000,449.89,450.835,448.776,449.6
1785499200000,449.69,450.003,448.612,449.18
1785500100000,448.89,451.812,448.82,451.59
1785501000000,450.83,451.626,450.648,450.87
1785501900000,450.89,451.457,450.11,450.96
1785502800000,452.01,452.288,451.301,451.44
1785503700000,451.13,452,448.961,449.84
1785504600000,450.105,460.51,449.88,460.01
1785505500000,460.01,462.81,455.91,462.57
1785506400000,462.64,462.96,455.88,456.97
1785507300000,456.99,457.021,452.895,453.35
1785508200000,453.38,455.88,452.11,455.64
1785509100000,455.75,456.215,451.795,452.418
1785510000000,452.4,455.51,450.74,454.87
1785510900000,455,458.94,454.84,457.825
1785511800000,457.83,460.575,456.55,459.82
1785512700000,459.834,463.53,459.57,463.085
1785513600000,463.065,464.31,461.04,462.47
1785514500000,462.48,464.8,462.35,463.65
1785515400000,463.688,464.34,462.5,463.584
1785516300000,463.576,464.155,461.675,461.916
1785517200000,461.93,462.61,461.05,461.92
1785518100000,461.91,463.765,461.75,463.59
1785519000000,463.59,463.76,461.23,461.289
1785519900000,461.284,461.715,460.24,460.398
1785520800000,460.44,462.415,460.01,462.26
1785521700000,462.315,463.15,461.89,462.92
1785522600000,463.028,463.52,461.74,462.121
1785523500000,462.113,462.2,461.14,461.229
1785524400000,461.15,462.725,461.11,462.121
1785525300000,462.04,463.765,462.04,462.297
1785526200000,462.1,463.1,461.67,462.77
1785527100000,462.69,466.82,462.32,464.71
1785528000000,464,464.796,463.782,463.8
1785528900000,463.86,463.91,463.18,463.21
1785529800000,463.58,464.42,463.275,464.31
1785530700000,464.02,464.425,463.604,464.02
1785531600000,463.51,463.675,463.365,463.51
1785532500000,463.356,463.356,462.59,462.59
1785533400000,462.59,462.787,462.125,462.18
1785534300000,462,462.238,461.627,462
1785535200000,461.67,461.915,461.605,461.628
1785536100000,461.51,461.794,461.35,461.51
1785537000000,461.403,461.593,460.941,461.152
1785537900000,460.875,461.165,460.725,460.875
1785538800000,461.35,461.75,461.03,461.56
1785539700000,461.69,461.69,461.325,461.49
1785540600000,461.57,461.826,461.408,461.57
1785541500000,461.785,461.919,461.686,461.848
1785542400000,461.65,462.02,461.65,462.02
1785546900000,462.02,462.02,462.02,462.02
1785547800000,462.02,462.02,462.02,462.02
1785548700000,461.29,461.29,461.29,461.29
1785549600000,461.27,461.27,461.24,461.24
1785550500000,461.13,461.13,461.13,461.13
1785551400000,461.2,461.3,461.05,461.05
1785553200000,461.04,461.04,461.04,461.04
1785555900000,461.02,461.02,460.99,460.99
1785556800000,460.97,460.97,460.97,460.97
1785561300000,461.1,461.11,461.1,461.11
1785569400000,460.96,460.96,460.96,460.96
1785570300000,460.94,460.94,460.94,460.94
1785575700000,460.9,460.9,460.9,460.9
1785579300000,461,461,460.88,460.88
1785588300000,461.09,461.09,461.09,461.09
1785589200000,460.87,461.05,460.77,460.77
1785590100000,460.88,460.88,460.88,460.88
1785595500000,460.88,460.88,460.88,460.88
1785598200000,460.75,460.75,460.75,460.75
1785600900000,461.05,461.05,460.73,460.73
1785603600000,461.05,461.05,461.05,461.05
1785607200000,460.64,460.64,460.64,460.64
1785613500000,460.64,460.64,460.64,460.64
1785615300000,460.6,460.6,460.6,460.6
1785618000000,460.55,460.55,460.55,460.55
1785618900000,460.66,460.66,460.66,460.66
1785619800000,460.49,460.49,460.48,460.48
1785623400000,460.48,460.48,460.48,460.48
1785630600000,460.45,460.45,460.45,460.45
1785633300000,460.58,460.58,460.58,460.58
1785641400000,460.44,460.44,460.44,460.44
1785644100000,460.3,460.3,460.3,460.3
1785645900000,460.58,460.58,460.58,460.58
1785663000000,460.1,460.1,460.1,460.1
1785671100000,460.35,460.35,460,460
1785675600000,460,460,460,460
1785676500000,460.35,460.35,460.35,460.35
1785681000000,460,460,460,460
1785682800000,460.35,460.35,460.35,460.35
1785684600000,460.35,460.35,460.35,460.35
1785685500000,460.35,460.35,460.35,460.35
1785686400000,460.46,460.46,460.46,460.46
1785704400000,460.46,460.94,460.46,460.94
1785705300000,460.73,462.12,460.73,462.12
1785706200000,462.21,462.71,462.21,462.71
1785707100000,462.81,463.17,462.81,463.17
1785708000000,463.18,463.18,463.18,463.18
1785709800000,463.31,463.31,463.31,463.31
1785710700000,463.39,463.48,463.39,463.48
1785713400000,463.5,463.5,463.5,463.5
1785715200000,461.99,468.88,461.99,467.88
1785716100000,467.78,468.46,467.01,467.74
1785717000000,467.72,468.2,467.38,468.2
1785717900000,468.03,468.5,468.01,468.06
1785718800000,468.04,468.34,467.29,467.9
1785719700000,467.86,468.86,467.61,468.67
1785720600000,468.68,469.81,468.63,469.49
1785721500000,469.6,470.29,469.51,470.13
1785722400000,469.99,470.57,469.6,470.43
1785723300000,470.43,470.78,469.63,469.7
1785724200000,469.68,470.72,469.68,469.84
1785725100000,469.89,470.42,469.47,470.15
1785726000000,470.21,470.22,469.21,469.21
1785726900000,469.2,469.32,467.99,468.03
1785727800000,468.04,469.47,468,469.47
1785728700000,469.46,470.01,468.8,468.91
1785729600000,468.86,468.86,467.99,468.34
1785730500000,468.3,468.99,468.24,468.54
1785731400000,468.56,468.81,468.39,468.79
1785732300000,468.78,468.8,468.24,468.3
1785733200000,468.31,468.51,468.07,468.29
1785734100000,468.29,468.31,468.04,468.14
1785735000000,468.13,468.13,467.16,467.53
1785735900000,467.52,467.74,467.52,467.74
1785736800000,467.65,467.77,467.52,467.57
1785737700000,467.57,467.61,466.79,466.92
1785738600000,466.99,467.39,466.94,467.11
1785739500000,467.06,467.14,466.86,467.05
1785740400000,467.04,467.7,466.53,467.32
1785741300000,467.29,468.7,467.25,468.42
1785742200000,468.28,469.16,468.01,468.75
1785743100000,468.63,469.02,468.55,468.74
1785744000000,461.849,468.63,461.849,468.233
1785744900000,468.99,469.819,467.965,469.01
1785745800000,469.7,469.82,468.646,469.38
1785746700000,468.75,469.084,468.551,469
1785747600000,470,470,468.957,470
1785748500000,470.31,470.466,469.671,470.31
1785749400000,470.13,470.49,469.471,470.13
1785750300000,470,470.285,469.69,470.04
1785751200000,470.45,470.87,469.97,470.87
1785752100000,470.805,472.52,470.805,471.747
1785753000000,471.28,471.897,471.081,471.65
1785753900000,471.2,472.264,471.2,471.49
1785754800000,471.28,474.576,471.28,473.77
1785755700000,473.21,473.824,472.86,472.89
1785756600000,473.59,474.817,473.465,474.113
1785757500000,474.99,475.421,474.128,474.91
1785758400000,474.1,474.637,473.15,473.6
1785759300000,473.61,474.299,473.025,473.09
1785760200000,474.2,475.672,473.981,475.65
1785761100000,475.609,475.79,474.211,474.211
1785762000000,474.67,474.826,473.628,474.04
1785762900000,474.1,475.99,471.926,475.235
1785763800000,476.4,489.9,475.17,489.72
1785764700000,489.745,490.85,487.11,489.525
1785765600000,489.87,491.32,486.25,486.595
1785766500000,486.57,487.52,484.77,484.95
1785767400000,484.83,487.55,484.08,486.465
1785768300000,486.466,486.85,482.89,483.981
1785769200000,483.978,484.86,481.63,481.743
1785770100000,481.757,485.67,481.66,485.536
1785771000000,485.57,488.26,485.29,487.16
1785771900000,487.32,487.9,485.67,486.4
1785772800000,486.46,487.57,485.965,487.475
1785773700000,487.479,487.81,486.3,487.492
1785774600000,487.45,489.51,487.36,489.24
1785775500000,489.28,489.46,488.05,488.87
1785776400000,488.84,489.045,487.71,488.06
1785777300000,488.055,489.95,487.915,489.116
1785778200000,489.105,489.445,488.18,488.556
1785779100000,488.56,489.12,487.95,487.99
1785780000000,487.99,489.71,487.675,489
1785780900000,489.03,490.76,488.93,490.705
1785781800000,490.715,491.24,489.79,491.031
1785782700000,491.06,491.65,489.22,489.285
1785783600000,489.37,489.64,488.26,488.68
1785784500000,488.71,490.44,488.475,490.05
1785785400000,490.06,490.28,488.815,488.945
1785786300000,488.95,489.45,487.01,487.525
1785787200000,487.532,487.9,486.95,487.068
1785788100000,486.89,487.124,486.325,486.72
1785789000000,486.405,487.046,486.325,486.906
1785789900000,486.81,486.906,486.21,486.53
1785790800000,486.67,487.356,486.564,486.67
1785791700000,487.8,487.86,487.201,487.45
1785792600000,486.05,487.35,486.025,486.05
1785793500000,485.99,486.017,485.17,485.25
1785794400000,485.22,485.275,484.629,485.22
1785795300000,484.771,484.849,484.205,484.497
1785796200000,484.29,484.871,484.285,484.59
1785797100000,484.09,484.34,484.03,484.04
1785798000000,484,484.378,483.735,483.89
1785798900000,483.71,484.046,483.366,483.7
1785799800000,483.44,484.07,483.34,484
1785800700000,483.53,484.616,483.52,484.01
1785801600000,484.37,484.37,483.41,483.64
1785802500000,483.65,483.8,483.58,483.61
1785803400000,483.59,484.76,483.56,484.5
1785804300000,484.49,484.67,484.33,484.54
1785805200000,484.44,484.5,484.18,484.47
1785806100000,484.49,484.54,484.1,484.13
1785807000000,484.06,484.61,484.03,484.3
1785807900000,484.29,486.77,484.29,486.47
1785808800000,486.46,486.77,485.35,485.52
1785809700000,485.55,485.8,485.38,485.45
1785810600000,485.46,486,485.42,485.82
1785811500000,485.9,485.9,485.5,485.5
1785812400000,485.48,485.71,485.14,485.15
1785813300000,485.26,485.86,485.26,485.84
1785814200000,485.85,487.01,485.85,486.12
1785815100000,486.1,486.28,485.92,486.09
1785816000000,486.12,486.18,485.92,485.98
1785816900000,485.93,486.66,485.84,486.66
1785817800000,486.66,486.66,486.33,486.49
1785818700000,486.46,486.5,486.28,486.32
1785819600000,486.39,486.39,485.9,485.9
1785820500000,485.97,486.12,485.75,485.77
1785821400000,485.77,485.97,485.39,485.97
1785822300000,485.76,486.21,485.76,486.2
1785823200000,486.22,486.48,485.66,485.87
1785824100000,485.85,485.86,485.01,485.22
1785825000000,485.24,486.07,484.52,484.58
1785825900000,484.58,484.7,483.94,483.94
1785826800000,484.05,484.24,483.13,483.46
1785827700000,483.47,484.1,483.32,483.72
1785828600000,483.81,484.18,483.37,483.79
1785829500000,483.8,484.16,483.8,484.09
1785830400000,482.55,484.289,481.25,481.46
1785831300000,481.836,481.993,481.254,481.507
1785832200000,481.482,481.825,480.82,481.326
1785833100000,481.25,481.96,481.129,481.68
1785834000000,482.61,482.88,481.593,482.82
1785834900000,482.773,482.803,481.783,482.01
1785835800000,482.01,482.455,481.81,482.43
1785836700000,482.4,483.299,482.4,482.55
1785837600000,482.88,483.54,482.18,482.29
1785838500000,480.49,482.177,480.14,480.31
1785839400000,480.562,480.829,479.311,479.475
1785840300000,479.18,480.132,478.97,479.18
1785841200000,479.31,479.688,476.993,477.09
1785842100000,476.4,477.712,476.356,476.99
1785843000000,477.99,478.722,477.15,478.15
1785843900000,478.26,478.299,477.173,477.99
1785844800000,478.05,478.212,477.288,477.57
1785845700000,477.04,477.86,476.74,477.86
1785846600000,477.84,478.772,477.39,477.39
1785847500000,476.883,476.883,476.883,476.883
1785848400000,476.6,477.213,475.626,475.79
1785849300000,475.6,480.46,475.59,479.94
1785850200000,480.765,488.62,479.4,485.46
1785851100000,486.02,491.14,485.813,491.14
1785852000000,491.06,494.475,490.595,493.184
1785852900000,493.24,495.83,493.11,493.64
1785853800000,493.67,497.98,493.66,496.855
1785854700000,496.945,497.045,495.11,496.02
1785855600000,496.067,498.41,495.86,496.116
1785856500000,496.092,499.34,496.051,498.56
1785857400000,498.695,498.73,496.77,496.79
1785858300000,496.82,497.91,496.467,497.515
1785859200000,497.523,497.69,496.94,497.143
1785860100000,497.132,497.71,495.93,495.962
1785861000000,495.9,496.36,494.56,495.098
1785861900000,495.08,495.37,494.245,494.44
1785862800000,494.38,495.57,494.34,495.52
1785863700000,495.64,495.9,495.04,495.23
1785864600000,495.235,495.73,494.44,495.609
1785865500000,495.628,496.23,495.44,495.626
1785866400000,495.48,497.12,495.48,496.88
1785867300000,496.9,497.53,496.67,497.343
1785868200000,497.34,497.37,495.96,496.314
1785869100000,496.315,496.86,496.08,496.255
1785870000000,496.26,497.76,496.1,497.517
1785870900000,497.565,497.61,496.72,496.83
1785871800000,496.834,497.115,495.875,496.93
1785872700000,496.96,497.17,492.35,492.82
1785873600000,492.6,492.687,491.172,491.91
1785874500000,493.89,494.87,491.91,493.72
1785875400000,493.609,495.202,493.404,494.207
1785876300000,493.58,494.21,492.584,493.01
1785877200000,493,493.125,492.335,493
1785878100000,492.505,492.934,492.325,492.36
1785879000000,492.5,492.5,491.537,492.5
1785879900000,491.88,492.1,491.651,491.85
1785880800000,491.879,492.93,491.875,492.6
1785881700000,492.6,492.685,491.801,491.936
1785882600000,491.938,491.95,489.842,490.625
1785883500000,489.97,490.753,489.74,489.97
1785884400000,490.51,491.297,490.2,490.51
1785885300000,490.625,491.393,490.625,490.886
1785886200000,490.57,490.88,490.245,490.57
1785887100000,490.25,490.996,489.822,490.748
1785888000000,490.65,491.14,490.18,490.56
1785888900000,490.43,491.42,490.36,490.71
1785889800000,490.69,490.7,489.87,489.97
1785890700000,489.91,490.7,489.82,490.59
1785891600000,490.51,490.96,490,490.96
1785892500000,490.53,490.84,490.26,490.46
1785893400000,490.44,490.57,490.09,490.52
1785894300000,490.54,491.4,490.46,491.12
1785895200000,491.13,491.3,490.85,491.19
1785896100000,491.2,491.22,490.85,490.85
1785897000000,490.94,491.2,490.82,491.2
1785897900000,491.11,491.39,491.09,491.39
1785898800000,491.36,491.69,491.34,491.51
1785899700000,491.5,491.62,491.3,491.34
1785900600000,491.3,491.3,491.02,491.02
1785901500000,491.03,491.1,490.9,491
1785902400000,490.97,491.14,490.75,490.8
1785903300000,490.71,490.95,490.53,490.95
1785904200000,490.94,490.98,490.65,490.71
1785905100000,490.65,490.75,490.51,490.6
1785906000000,490.55,490.66,490.1,490.61
1785906900000,490.61,490.97,490.4,490.71
1785907800000,490.71,490.77,490.41,490.71
1785908700000,490.57,490.86,490.54,490.59
1785909600000,490.59,491,490.56,490.79
1785910500000,490.71,490.78,490.07,490.09
1785911400000,490.19,490.64,490.1,490.63
1785912300000,490.63,491.51,490.57,491.4
1785913200000,491.4,491.97,491.28,491.6
1785914100000,491.49,492.1,491.49,491.9
1785915000000,491.86,493.74,491.82,493.58
1785915900000,493.57,493.57,492.19,492.32
1785916800000,492.5,492.632,490.749,491.89
1785917700000,491.51,494.125,491.5,493.206
1785918600000,493.205,494.535,493.056,493.755
1785919500000,493.754,493.893,492.93,493.175
1785920400000,493.175,494.133,492.26,493.83
1785921300000,493.7,494,493.391,493.7
1785922200000,493.612,495.213,493.42,495.098
1785923100000,495.093,495.093,493.9,493.901
1785924000000,494.01,494.222,493.64,493.64
1785924900000,494.012,494.797,493.896,494.766
1785925800000,494.99,495.25,494.767,495.02
1785926700000,494.86,495.842,494.86,495.188
1785927600000,496.27,496.27,495.248,495.76
1785928500000,495.79,495.85,494.837,495.07
1785929400000,494.957,495.674,494.505,494.704
1785930300000,495.76,497.01,494.705,497.01
1785931200000,497.25,497.744,496.596,496.9
1785932100000,497.18,497.693,496.619,497
1785933000000,497.29,497.38,495.609,497.38
1785933900000,495.607,496.4,495.546,496.336
1785934800000,496.338,498.91,496.338,498.465
1785935700000,498.44,498.99,496.409,496.85
1785936600000,496.54,498.15,491.68,492.43
1785937500000,492.325,492.441,487.23,488.555
1785938400000,488.35,489.565,487.3,489.19
1785939300000,489.598,489.598,489.598,489.598
1785940200000,489.52,491.15,489.52,490.88
1785941100000,490.96,491.38,490.264,491.08
1785942000000,491.18,492.275,489.43,490.78
1785942900000,490.76,492.51,489.95,492.4
1785943800000,492.375,492.376,488.96,489.224
1785944700000,489.224,489.43,487.86,488.777
1785945600000,488.73,489.395,487.705,488.22
1785946500000,488.28,489.685,487.88,488.995
1785947400000,489.035,489.47,488.445,488.985
1785948300000,488.89,489.01,487.89,488.21
1785949200000,488.226,488.928,487.42,488.838
1785950100000,488.88,488.99,487.65,488.21
1785951000000,488.25,488.712,487.91,488.655
1785951900000,488.58,489.145,488.29,488.785
1785952800000,488.782,490.23,485.72,489.913
1785953700000,490.24,490.37,489.36,489.746
1785954600000,489.74,489.85,489.17,489.85
1785955500000,489.9,490.34,489.77,489.88
1785956400000,489.9,491,489.57,490.825
1785957300000,490.81,491.025,489.69,489.899
1785958200000,489.84,490.82,489.55,490.493
1785959100000,490.455,491.445,487.2,487.47
1785960000000,486.41,488.948,486.097,487.39
1785960900000,487.23,487.75,486.157,487
1785961800000,486.6,488.29,486.3,487.12
1785962700000,486.715,487.739,486.39,487.022
1785963600000,487.018,487.44,486.347,486.402
1785964500000,486.51,486.965,486.106,486.51
1785965400000,485.74,486.858,485.406,485.74
1785966300000,485.13,485.525,484.163,484.39
1785967200000,484.51,484.924,484.151,484.41
1785968100000,484.1,484.572,483.6,484.1
1785969000000,484.49,486.169,484.085,486
1785969900000,486.74,486.74,485.46,486.74
1785970800000,485.749,485.85,485.6,485.6
1785971700000,485.6,486.703,485.6,486.119
1785972600000,486.129,486.21,485.418,485.55
1785973500000,485.68,485.773,485.321,485.68
1785974400000,485.99,486.54,485.47,485.59
1785975300000,485.52,485.76,485.14,485.14
1785976200000,485.19,486.01,485.14,485.99
1785977100000,485.83,485.93,484.99,485.45
1785978000000,485.47,486.1,485.31,485.93
1785978900000,485.69,485.98,485.39,485.84
1785979800000,485.84,486.07,485.09,485.13
1785980700000,485.13,485.62,485.01,485.18
1785981600000,485.16,485.99,485.02,485.71
1785982500000,485.79,486.84,485.79,486.45
1785983400000,486.34,486.75,486.29,486.61
1785984300000,486.6,486.6,486.22,486.22
1785985200000,486.2,486.4,486.2,486.35
1785986100000,486.24,486.35,485.69,485.81
1785987000000,485.73,485.82,485.49,485.79
1785987900000,485.71,485.99,485.49,485.93
1785988800000,485.8,486.12,485.78,485.98
1785989700000,485.98,486.3,485.8,486.11
1785990600000,486.08,486.12,485.27,485.28
1785991500000,485.28,485.9,485.11,485.69
1785992400000,485.81,485.9,485.69,485.78
1785993300000,485.88,485.97,485.51,485.71
1785994200000,485.81,486.15,485.68,485.95
1785995100000,485.85,485.99,485.65,485.89
1785996000000,485.87,485.87,485.16,485.41
1785996900000,485.15,485.45,485.02,485.38
1785997800000,485.39,485.39,483.87,484.5
1785998700000,484.28,484.87,483.91,484.87
1785999600000,484.59,486.14,484.53,485.8
1786000500000,485.99,486.54,485.67,485.76
1786001400000,485.73,486.11,485.21,485.59
1786002300000,485.6,485.76,485.21,485.58
1786003200000,485.17,485.774,483.785,485.01
1786004100000,484.6,485.625,484,484.6
1786005000000,485.1,485.1,484.445,485.06
1786005900000,484.875,485.315,484.66,485.035
1786006800000,484.34,485.035,484.34,484.56
1786007700000,484.501,485.025,484.475,485.025
1786008600000,485.08,485.445,484.95,485.04
1786009500000,484.95,485.446,484.9,485.446
1786010400000,485.463,485.625,484.98,485.405
1786011300000,485.82,486.54,485.2,486
1786012200000,486.131,486.419,486.09,486.246
1786013100000,487.16,487.59,486.247,487.16
1786014000000,487.59,487.59,483.254,483.754
1786014900000,484.12,484.569,483.642,484.14
1786015800000,483.24,484.58,483.24,483.24
1786016700000,483.6,484.755,482.741,482.99
1786017600000,483.08,483.879,481.793,483.09
1786018500000,484.01,484.01,483.333,483.51
1786019400000,483.71,484.389,483.201,484.12
1786020300000,484.377,485.14,484.135,484.5
1786021200000,484.7,485.49,484.519,484.79
1786022100000,484.88,488.763,484.19,488.658
1786023000000,488.8,495,488.63,493.267
1786023900000,493.23,497.105,491.73,494.845
1786024800000,494.85,496.02,493.74,494.815
1786025700000,494.76,498.49,494.46,496.6
1786026600000,496.511,497.94,494.815,497.77
1786027500000,497.779,498.43,496.695,498.35
1786028400000,498.34,498.915,496.045,496.06
1786029300000,496.045,496.58,494.67,496.23
1786030200000,496.53,496.715,495.72,495.87
1786031100000,495.8,496.36,494.695,495.438
1786032000000,495.53,495.72,494.5,494.875
1786032900000,494.84,495.33,494.56,494.79
1786033800000,494.73,495.01,493.5,493.75
1786034700000,493.81,495.255,493.66,495.22
1786035600000,495.24,496.45,494.9,496.415
1786036500000,496.398,497.09,496.05,496.444
1786037400000,496.44,496.71,495.42,496.13
1786038300000,496.21,496.47,495.89,495.96
1786039200000,495.97,497.42,495.891,497.37
1786040100000,497.358,497.79,496.59,497.35
1786041000000,497.35,497.62,496.46,496.645
1786041900000,496.66,497.26,496.66,497.01
1786042800000,497.125,497.85,496.928,497.78
1786043700000,497.79,498.98,497.25,498.895
1786044600000,498.874,499.895,498.79,498.894
1786045500000,498.88,501.55,497.33,500.025
1786046400000,499.92,501.7,499.23,499.38
1786047300000,499.87,499.899,499.173,499.87
1786048200000,499,499.317,498.503,498.86
1786049100000,498.98,499.09,498.801,498.925
1786050000000,498.9,499.141,498.385,498.5
1786050900000,498.76,498.969,498.381,498.76
1786051800000,498.73,498.87,498.526,498.73
1786052700000,498.94,498.95,498.49,498.95
1786053600000,498.513,499.102,498.5,499.102
1786054500000,499.104,499.105,498.545,498.595
1786055400000,498.595,498.595,498.37,498.465
1786056300000,498.468,498.497,498.215,498.344
1786057200000,498.3,498.375,498.2,498.3
1786058100000,498.2,498.775,498.2,498.775
1786059000000,498.775,498.859,498.653,498.859
1786059900000,498.859,498.944,498.55,498.944
1786060800000,499.49,499.49,498.2,498.7
1786061700000,498.71,498.71,498.14,498.14
1786062600000,498.1,498.58,497.95,498.49
1786063500000,498.54,498.54,498.13,498.33
1786064400000,498.26,498.36,498.14,498.19
1786065300000,498.08,498.08,497.64,497.84
1786066200000,497.9,498.23,497.71,497.71
1786067100000,497.69,497.83,497.68,497.73
1786068000000,497.8,497.96,497.5,497.79
1786068900000,497.69,497.97,497.69,497.87
1786069800000,497.8,497.95,497.77,497.85
1786070700000,497.78,498.04,497.75,497.93
1786071600000,497.87,498.03,497.84,497.9
1786072500000,497.9,498.09,497.83,497.98
1786073400000,497.95,498.18,497.89,498.08
1786074300000,498.06,498.08,497.64,497.64
1786075200000,497.65,497.77,497.43,497.44
1786076100000,497.41,497.68,497.23,497.56
1786077000000,497.6,497.71,497.52,497.54
1786077900000,497.51,497.9,497.44,497.77
1786078800000,497.73,498,497.72,497.83
1786079700000,497.81,497.97,497.72,497.82
1786080600000,497.83,497.84,497.67,497.71
1786081500000,497.71,498.58,497.71,498.57
1786082400000,498.58,498.96,497.99,498.21
1786083300000,498.19,498.68,498.03,498.68
1786084200000,498.72,498.8,498,498.05
1786085100000,498.12,498.19,497.77,498.12
1786086000000,498.14,498.98,498.14,498.98
1786086900000,498.96,499.41,498.72,499.24
1786087800000,499.22,500.19,499.18,499.55
1786088700000,499.55,499.98,499.22,499.47
1786089600000,499.49,499.49,498.274,498.98
1786090500000,497.46,498.643,497.343,497.46
1786091400000,497.35,497.868,496.875,497.36
1786092300000,497.36,497.614,497.237,497.515
1786093200000,497.515,497.515,496.85,496.875
1786094100000,496.875,497.465,496.69,497.315
1786095000000,497.325,497.799,497.25,497.65
1786095900000,497.671,497.825,497.625,497.65
1786096800000,497.65,497.75,497.5,497.65
1786097700000,497.65,497.65,497.395,497.395
1786098600000,497.395,497.505,497.215,497.505
1786099500000,497.505,498.204,497.505,498.204
1786100400000,498.19,498.675,497.826,498.19
1786101300000,497.87,498.54,497.766,497.87
1786102200000,498.3,498.544,497.925,498.3
1786103100000,497.8,498.401,497.8,497.81
1786104000000,498.015,498.203,497.701,498.203
1786104900000,498,498.245,497.806,498
1786105800000,497.5,499.096,497.106,498.34
1786106700000,497.34,498.203,497.14,497.25
1786107600000,497.67,498.219,497.261,497.49
1786108500000,497.545,499.403,496.452,499.403
1786109400000,499.99,504.91,499.587,503.67
1786110300000,503.475,505.1,501.53,501.734
1786111200000,501.66,503.06,501.15,501.765
1786112100000,501.765,504.165,501.5,504.11
1786113000000,504,504.39,502.295,502.82
1786113900000,502.819,504.8,502.819,503.706
1786114800000,503.75,503.78,501.555,502.54
1786115700000,502.595,503.325,501.89,502.01
1786116600000,502.07,503.955,501.96,503.61
1786117500000,503.61,503.827,502.92,503.56
1786118400000,503.558,503.765,502.97,503.486
1786119300000,503.48,503.695,502.59,502.967
1786120200000,502.92,503.25,502.16,502.35
1786121100000,502.385,503,500.945,500.965
1786122000000,500.78,501.003,500.1,500.54
1786122900000,500.574,500.75,498.92,499.649
1786123800000,499.74,500.035,498.74,499.583
1786124700000,499.51,500.78,499.48,500.35
1786125600000,500.36,500.81,500.06,500.195
1786126500000,500.16,500.179,499.11,499.695
1786127400000,499.76,499.77,498.87,498.98
1786128300000,499.01,500.09,498.941,499.826
1786129200000,500.16,501.1,499.82,501.1
1786130100000,501.14,501.91,500.72,501.18
1786131000000,501.205,501.735,501.07,501.395
1786131900000,501.43,501.89,499.79,499.89
1786132800000,499.872,499.947,499.209,499.721
1786133700000,499.722,500.345,499.722,500.043
1786134600000,500.04,500.079,500,500.04
1786135500000,500.01,500.145,499.795,500.05
1786136400000,499.93,500.095,499.758,499.93
1786137300000,500.05,500.078,499.752,500.05
1786138200000,499.751,499.77,499.55,499.56
1786139100000,499.75,499.797,499.543,499.75
1786140000000,499.727,499.925,499.606,499.625
1786140900000,499.625,499.743,499.379,499.39
1786141800000,499.45,499.57,499.321,499.55
1786142700000,499.65,499.66,499.345,499.66
1786143600000,499.49,499.75,499.255,499.49
1786144500000,499.45,499.7,499.45,499.53
1786145400000,499.53,499.83,499.53,499.681
1786146300000,499.681,499.704,499.241,499.474
1786151700000,499.87,499.87,499.87,499.87
1786161600000,499.71,499.71,499.71,499.71
1786163400000,499.53,499.53,499.53,499.53
1786167900000,498.89,499.53,498.89,499.53
1786172400000,499.53,499.53,499.53,499.53
1786183200000,499.51,499.51,499.51,499.51
1786192200000,499.53,499.53,499.53,499.53
1786194000000,499.49,499.49,499.49,499.49
1786194900000,499.53,499.53,499.53,499.53
1786195800000,499.53,499.53,499.53,499.53
1786198500000,499.53,499.53,499.45,499.45
1786206600000,499.45,499.45,499.45,499.45
1786210200000,499.53,499.53,499.53,499.53
1786219200000,499.53,499.53,499.53,499.53
1786238100000,499.53,499.57,499.53,499.57
1786239000000,499.57,499.57,499.57,499.57
1786248900000,499.39,499.39,499.39,499.39
1786256100000,499.56,499.56,499.37,499.37
1786257900000,499.37,499.37,499.37,499.37
1786259700000,499.55,499.55,499.33,499.33
1786265100000,499.3,499.3,499.3,499.3
1786267800000,499.3,499.3,499.2,499.2
1786273200000,499.52,499.52,499.16,499.16
1786281300000,499.37,499.37,499.37,499.37
1786293000000,499.37,499.37,499.37,499.37
1786295700000,499.37,499.37,499.37,499.37
1786296600000,499.37,499.37,499.37,499.37
1786298400000,499.37,499.37,498.97,498.97
1786305600000,499.37,499.37,498.97,498.97
1786312800000,499.37,499.37,499.37,499.37
1786313700000,499.37,499.37,499.37,499.37
1786318200000,499.37,499.37,499.37,499.37
1786320000000,498.56,499.97,498.2,498.2
1786320900000,498.14,498.76,498.09,498.32
1786321800000,498.34,498.57,498.28,498.34
1786322700000,498.37,498.78,498.36,498.42
1786323600000,498.58,499.55,498.58,499.54
1786324500000,499.54,499.65,499.03,499.13
1786325400000,499.14,499.55,499,499.42
1786326300000,499.39,499.98,499.39,499.64
1786327200000,499.73,499.91,499.64,499.64
1786328100000,499.62,499.62,499.36,499.5
1786329000000,499.5,499.56,499.35,499.52
1786329900000,499.46,499.49,499.07,499.07
1786330800000,499.11,499.3,499.06,499.12
1786331700000,499.23,499.3,499.05,499.13
1786332600000,499.13,499.27,499.13,499.25
1786333500000,499.25,499.31,499.16,499.18
1786334400000,499.18,499.19,499.07,499.16
1786335300000,499.18,499.39,499.18,499.3
1786336200000,499.34,499.36,499.12,499.12
1786337100000,499.2,499.33,499.2,499.25
1786338000000,499.26,499.84,499.25,499.8
1786338900000,499.73,500.18,499.72,500.09
1786339800000,500.12,500.49,500,500.22
1786340700000,500.24,500.9,500.09,500.88
1786341600000,500.83,500.92,500.55,500.77
1786342500000,500.76,501.11,500,500.12
1786343400000,500.06,500.2,499.97,499.97
1786344300000,499.91,499.92,499.69,499.7
1786345200000,499.69,499.73,499.3,499.48
1786346100000,499.47,499.58,499.24,499.51
1786347000000,499.47,499.86,499.39,499.72
1786347900000,499.72,500.01,499.57,499.57
1786348800000,499.16,499.748,498.305,499.16
1786349700000,498.68,498.68,498.3,498.68
1786350600000,498.41,498.848,498.29,498.49
1786351500000,498.07,498.849,498.07,498.07
1786352400000,498.25,498.968,498.25,498.911
1786353300000,498.79,498.899,498.555,498.79
1786354200000,498.716,499.115,498.69,499.115
1786355100000,499.115,499.115,499.115,499.115
1786356000000,499.115,499.245,499.01,499.2
1786356900000,499.25,499.295,499.2,499.25
1786357800000,499.06,499.225,499.04,499.06
1786358700000,499.141,499.527,499.13,499.492
1786359600000,499.8,500.145,499.08,499.44
1786360500000,499.455,499.6,498.905,499.38
1786361400000,499.22,499.399,498.585,498.71
1786362300000,498.969,499.098,498.47,498.611
1786363200000,498.49,498.951,498.457,498.52
1786364100000,499.38,499.467,498.82,499
1786365000000,499.54,499.93,499.273,499.88
1786365900000,499.66,500.09,499.432,499.81
1786366800000,501.62,504.99,499.796,502.87
1786367700000,502.24,503.374,500.21,502.5
1786368600000,505.322,505.322,505.322,505.322
1786369500000,505.2,507.77,504.96,507.51
1786370400000,507.59,509.77,507.13,509.52
1786371300000,509.72,512.76,508.665,512.39
1786372200000,512.412,513.72,510.72,510.827
1786373100000,510.81,511.01,508.515,509.153
1786374000000,509.08,510.28,508.24,508.91
1786374900000,508.78,509.88,507.75,509.585
1786375800000,509.64,509.885,509.12,509.78
1786376700000,509.73,510.69,509.65,510.682
1786377600000,510.77,511.131,510.48,511.008
1786378500000,511.01,511.025,509.91,509.93
1786379400000,509.81,510.19,507.82,508.075
1786380300000,508.055,508.395,506.555,508.32
1786381200000,508.303,509.065,506.91,507.718
1786382100000,507.74,508.39,507.61,508.32
1786383000000,508.31,508.6,507.16,507.16
1786383900000,507.18,507.186,505.71,505.72
1786384800000,505.625,505.703,504.745,504.83
1786385700000,504.84,505.63,504.669,505.05
1786386600000,505,505.85,504.83,505.66
1786387500000,505.65,506.33,505.25,506.29
1786388400000,506.34,506.362,505.33,505.675
1786389300000,505.72,505.748,504.34,504.34
1786390200000,504.366,505.54,504.362,505.359
1786391100000,505.28,506.93,504.065,505.93
1786392000000,505.77,506.55,505.22,505.22
1786392900000,505.65,505.767,505.146,505.415
1786393800000,505.415,505.687,505.122,505.265
1786394700000,505.275,505.774,505.2,505.375
1786395600000,505.379,506.1,505.379,506.025
1786396500000,506.89,507.045,506.025,506.91
1786397400000,507.045,507.125,506.25,506.391
1786398300000,505.6,506.404,505.567,505.6
1786399200000,505.686,506.524,505.686,505.944
1786400100000,505.966,506.198,505.73,505.75
1786401000000,505.75,505.75,505.7,505.7
1786401900000,505.7,505.844,505.685,505.801
1786402800000,505.799,505.8,505.6,505.745
1786403700000,505.54,505.755,505.29,505.54
1786404600000,505.328,505.647,505.316,505.647
1786405500000,505.648,505.648,505.111,505.22
1786406400000,505.12,505.84,504.73,505.61
1786407300000,505.57,506.39,505.57,506.25
1786408200000,506.24,506.52,506.11,506.52
1786409100000,506.53,506.84,506.17,506.28
1786410000000,506.39,507.04,506.36,506.98
1786410900000,507,507.02,506.4,506.4
1786411800000,506.41,506.41,506.17,506.2
1786412700000,506.2,506.32,506.03,506.08
1786413600000,506.08,506.2,505.97,506.03
1786414500000,506.05,506.23,506.05,506.09
1786415400000,506.18,506.21,506.1,506.16
1786416300000,506.17,506.4,506.17,506.25
1786417200000,506.23,506.27,506.17,506.17
1786418100000,506.23,506.44,506.07,506.44
1786419000000,506.42,506.45,506.2,506.23
1786419900000,506.32,506.33,505.99,506.2
1786420800000,506.09,506.11,505.7,506.01
1786421700000,506,506.02,505.84,505.91
1786422600000,505.9,505.93,505.59,505.76
1786423500000,505.76,505.99,505.76,505.9
1786424400000,505.89,506.09,505.83,505.99
1786425300000,505.99,506.04,505.85,505.85
1786426200000,505.91,505.91,505.52,505.57
1786427100000,505.54,505.57,505.18,505.36
1786428000000,505.49,505.55,505.38,505.5
1786428900000,505.52,505.54,504.91,504.91
1786429800000,504.91,505.02,504.64,504.92
1786430700000,504.93,504.93,504.61,504.72
1786431600000,504.67,504.99,504.46,504.54
1786432500000,504.58,504.71,504.31,504.66
1786433400000,504.7,505.18,504.7,504.8
1786434300000,504.75,504.92,504.63,504.76
1786435200000,504.26,505.062,503.315,504.26
1786436100000,504.57,504.79,503.905,504.57
1786437000000,504.675,504.75,504.6,504.75
1786437900000,504.75,504.75,504.507,504.507
1786438800000,504.5,504.78,504.44,504.5
1786439700000,504.68,504.7,504.66,504.68
1786440600000,504.7,504.845,504.65,504.65
1786441500000,504.72,504.855,504.62,504.756
1786442400000,505.2,505.315,504.772,505.2
1786443300000,505.185,505.6,505.185,505.565
1786444200000,505.571,505.84,505.515,505.78
1786445100000,505.78,506.615,505.65,506.455
1786446000000,506.455,506.8,506.17,506.215
1786446900000,505.51,506.27,505.425,505.51
1786447800000,505.415,505.415,504.513,504.567
1786448700000,504.62,504.999,504.253,504.84
1786449600000,504.54,504.999,504.425,504.54
1786450500000,504.639,504.785,504.071,504.071
1786451400000,504.07,504.862,503.981,504.395
1786452300000,504.49,505.213,504.395,504.49
1786453200000,504.94,505.185,503.75,503.75
1786454100000,503.867,505.5,503.656,504.485
1786455000000,504.195,505.08,501.19,501.51
1786455900000,501.55,502.02,499.76,501.46
1786456800000,501.46,502.42,500.48,502.19
1786457700000,502.21,502.41,500.31,501.66
1786458600000,501.48,502.96,500.82,502.687
1786459500000,502.735,504.44,502.62,503.83
1786460400000,503.89,504.325,502.384,502.57
1786461300000,502.57,503.205,501.555,501.555
1786462200000,501.618,501.772,500.63,501.003
1786463100000,500.985,501.265,500.46,501.214
1786464000000,501.22,502.7,501.19,502.1
1786464900000,502.27,502.34,500.3,500.73
1786465800000,500.77,501.73,500.71,501.6
1786466700000,501.56,502.5,501.56,502.08
1786467600000,502.102,502.71,501.96,502.042
1786468500000,502.02,502.715,502.02,502.635
1786469400000,502.65,503.455,502.59,503.395
1786470300000,503.46,503.58,502.78,502.91
1786471200000,502.89,503.045,502.5,502.7
1786472100000,502.647,502.96,502.02,502.222
1786473000000,502.01,503.11,501.94,502.845
1786473900000,503.005,503.73,502.865,503.02
1786474800000,503,503.585,502.35,503.03
1786475700000,502.99,503.39,502.53,502.855
1786476600000,502.888,503.81,502.829,503.618
1786477500000,503.645,504.28,502.08,503.76
1786478400000,502.99,503.745,502.582,502.99
1786479300000,502.59,502.85,502.301,502.515
1786480200000,502.562,502.762,502.22,502.416
1786481100000,502.413,502.56,502.02,502.056
1786482000000,502.01,502.047,501.446,501.74
1786482900000,501.59,501.793,501.515,501.775
1786483800000,501.775,501.88,501.715,501.849
1786484700000,501.85,501.854,501.8,501.805
1786485600000,501.806,501.881,501.721,501.814
1786486500000,501.81,501.9,501.81,501.81
1786487400000,501.93,501.94,501.77,501.94
1786488300000,501.77,501.82,501.629,501.629
1786489200000,501.661,501.82,501.661,501.82
1786490100000,501.82,501.84,501.81,501.81
1786491000000,501.81,501.937,501.809,501.825
1786491900000,501.825,502.391,501.82,502.33
1786492800000,501.79,502.33,501.44,502.05
1786493700000,502,502.38,502,502.23
1786494600000,502.23,502.47,501.89,501.89
1786495500000,502.01,502.7,502.01,502.59
1786496400000,502.56,502.67,502.39,502.4
1786497300000,502.4,502.4,502.05,502.3
1786498200000,502.28,502.31,502.13,502.2
1786499100000,502.13,502.18,501.62,501.62
1786500000000,501.65,501.87,501.58,501.65
1786500900000,501.66,501.77,501.61,501.61
1786501800000,501.72,501.76,501.62,501.62
1786502700000,501.64,501.93,501.63,501.89
1786503600000,501.92,502,501.41,501.41
1786504500000,501.42,501.49,501.27,501.38
1786505400000,501.38,501.41,501.13,501.14
1786506300000,501.14,501.33,501.13,501.2
1786507200000,501.19,501.33,501.08,501.16
1786508100000,501.18,501.41,501.04,501.04
1786509000000,501.1,501.22,501.04,501.18
1786509900000,501.08,501.28,501.07,501.22
1786510800000,501.26,501.31,501.16,501.22
1786511700000,501.15,501.35,501.05,501.15
1786512600000,501.28,501.29,501.15,501.15
1786513500000,501.17,501.33,501.13,501.24
1786514400000,501.32,501.35,501.07,501.09
1786515300000,501.09,501.37,501.08,501.3
1786516200000,501.29,501.41,501.24,501.27
1786517100000,501.26,501.39,501.16,501.29
1786518000000,501.33,501.4,500.76,500.76
1786518900000,500.76,500.99,500.64,500.77
1786519800000,500.78,500.86,500.08,500.16
1786520700000,500.21,500.4,499.99,500.15
1786521600000,498.95,502.024,497.594,498.95
1786522500000,498.26,498.924,497.742,498.26
1786523400000,498.21,498.862,498.023,498.21
1786524300000,498.894,499.35,498.735,499.308
1786525200000,499.15,499.37,498.814,499.15
1786526100000,499.23,500.321,498.5,499.71
1786527000000,500.25,500.25,499.693,499.875
1786527900000,499.875,500.305,499.758,499.8
1786528800000,499.8,499.95,499.67,499.75
1786529700000,499.29,499.795,499.29,499.3
1786530600000,499.505,500.29,499.505,500.29
1786531500000,500.05,500.29,499.755,499.87
1786532400000,499.95,500.4,499.701,500.22
1786533300000,500.21,500.6,500.16,500.26
1786534200000,500.317,500.45,499.505,499.505
1786535100000,500.01,500.245,499.362,500.01
1786536000000,500.57,501.726,499.855,500.57
1786536900000,501.2,501.784,501.2,501.28
1786537800000,500.7,501.726,500.208,501.29
1786538700000,501.111,501.111,499.51,499.6
1786539600000,499.609,500.33,499.012,500.33
1786540500000,500.29,500.79,499.472,500.34
1786541400000,500.26,501.41,497.1,497.75
1786542300000,497.955,498.11,492.72,493.48
1786543200000,493.555,496.31,491.975,495.655
1786544100000,495.513,496.39,494.975,495.809
1786545000000,495.811,496.405,493.99,494.288
1786545900000,494.365,495.34,493.9,494.97
1786546800000,494.955,495.095,493.38,493.65
1786547700000,493.65,493.74,492.97,493.135
1786548600000,493.151,493.49,492.105,493.115
1786549500000,493.116,493.7,492.725,492.781
1786550400000,492.92,493.13,492.2,492.96
1786551300000,492.965,494,492.956,493.86
1786552200000,493.855,494.071,493.185,493.745
1786553100000,493.767,494.97,493.767,494.126
1786554000000,494.06,494.17,493.51,493.74
1786554900000,493.79,493.92,493.09,493.22
1786555800000,493.255,493.56,492.49,492.54
1786556700000,492.54,492.75,491.54,492.105
1786557600000,492,492.44,491.881,492.1
1786558500000,492.16,492.65,491.89,492.093
1786559400000,492.11,492.54,491.85,492.425
1786560300000,492.44,492.993,492.2,492.93
1786561200000,492.96,493.77,492.67,492.98
1786562100000,492.96,494.63,492.885,494.255
1786563000000,494.272,494.455,493.22,493.589
1786563900000,493.67,494.355,492.04,492.45
1786564800000,492.37,492.517,491.561,491.81
1786565700000,491.71,491.892,491.56,491.71
1786566600000,491.91,492.015,491.533,491.57
1786567500000,491.532,491.619,491.376,491.485
1786568400000,491.485,491.675,491.467,491.522
1786569300000,491.54,491.679,491.524,491.54
1786570200000,491.54,491.7,491.425,491.51
1786571100000,491.37,491.504,491.302,491.38
1786572000000,491.515,491.57,491.37,491.37
1786572900000,491.22,491.416,491.044,491.22
1786573800000,491,491.21,490.74,490.81
1786574700000,490.74,490.74,490.62,490.649
1786575600000,490.649,490.765,490.331,490.445
1786576500000,490.12,490.445,489.717,490.01
1786577400000,489.32,489.843,489.233,489.32
1786578300000,489.375,489.375,488.822,489.004
1786579200000,489.84,489.84,488.99,489.29
1786580100000,489.3,489.76,489.18,489.42
1786581000000,489.44,489.67,489.34,489.51
1786581900000,489.51,489.7,488.96,489.16
1786582800000,489.14,489.15,488.92,488.99
1786583700000,488.99,489.14,488.53,488.63
1786584600000,488.69,489.17,488.69,489.15
1786585500000,489.21,489.3,489.09,489.16
1786586400000,489.16,489.27,489,489.11
1786587300000,489.12,489.4,489.12,489.33
1786588200000,489.31,490.26,489.1,489.96
1786589100000,489.96,490.02,489.69,490
1786590000000,489.92,490.09,489.56,489.95
1786590900000,490.01,490.06,489.85,489.88
1786591800000,489.98,490.17,489.67,490.13
1786592700000,490.11,490.18,489.76,489.77
1786593600000,489.87,490.05,489.78,489.78
1786594500000,489.77,489.77,489.26,489.47
1786595400000,489.54,489.63,489.4,489.63
1786596300000,489.54,489.83,489.47,489.79
1786597200000,489.76,490.01,489.67,489.83
1786598100000,489.89,490.08,489.68,490.04
1786599000000,490.04,490.12,489.51,489.7
1786599900000,489.7,489.99,489.6,489.78
1786600800000,489.72,489.79,489.44,489.54
1786601700000,489.56,489.56,489.34,489.34
1786602600000,489.39,489.45,489.1,489.2
1786603500000,489.2,489.32,489,489.2
1786604400000,489.3,489.99,489.19,489.83
1786605300000,489.85,490.41,489.74,490.22
1786606200000,490.37,490.66,490.21,490.41
1786607100000,490.41,490.65,490.21,490.41
1786608000000,491.56,492.38,489.2,492.38
1786608900000,492.89,493.345,492.211,492.63
1786609800000,492.82,493.07,492.6,492.82
1786610700000,493.07,493.07,492.45,492.565
1786611600000,492.567,492.585,492.325,492.575
1786612500000,493,493.226,492.476,493
1786613400000,492.696,492.798,492.375,492.375
1786614300000,492.375,492.375,492.265,492.375
1786615200000,492.81,493.481,492.375,493.1
1786616100000,493.9,494.395,493.226,493.95
1786617000000,493.61,493.93,493.605,493.69
1786617900000,493.605,493.862,493.265,493.497
1786618800000,493.414,493.687,492.775,492.849
1786619700000,493.21,493.453,492.841,493.31
1786620600000,493.58,494.1,493.09,494.1
1786621500000,493.49,494.2,493.33,493.49
1786622400000,494.46,494.795,493.44,494.46
1786623300000,494.571,494.7,494.204,494.405
1786624200000,494.15,494.7,493.726,494.7
1786625100000,494.84,496.244,494.567,495.89
1786626000000,495.7,496.875,495.427,495.84
1786626900000,493,495.9,493,493
1786627800000,493.585,498.945,493.581,497.902
1786628700000,497.895,499.935,497.895,498.7
1786629600000,498.54,501.02,498.42,500.16
1786630500000,500.14,501.31,498.37,498.46
1786631400000,498.495,499.365,497.7,497.991
1786632300000,497.987,498.04,497,497.533
1786633200000,497.425,497.695,495.4,495.89
1786634100000,495.85,496.04,493.43,494.02
1786635000000,493.81,495.65,493.81,495.47
1786635900000,495.39,495.799,494.56,494.9
1786636800000,494.935,494.955,494.14,494.491
1786637700000,494.47,494.782,493.77,494.635
1786638600000,494.65,494.901,494.035,494.275
1786639500000,494.28,494.86,494.25,494.32
1786640400000,494.32,494.804,494.23,494.56
1786641300000,494.596,494.708,494.114,494.46
1786642200000,494.485,494.52,493.47,493.8
1786643100000,493.735,494.515,493.64,494.14
1786644000000,494.12,494.365,493.836,494.365
1786644900000,494.365,494.366,493.03,493.19
1786645800000,493.145,497.245,493.141,496.846
1786646700000,496.74,497,495.325,496.93
1786647600000,497.02,497.52,496.29,497.39
1786648500000,497.395,497.82,495.75,497
1786649400000,497.19,498.5,497.078,498.5
1786650300000,498.441,498.441,495.935,496.9
1786651200000,497.21,497.599,496.147,496.62
1786652100000,496.29,496.502,496.152,496.29
1786653000000,496.1,496.53,495.68,496.1
1786653900000,495.761,496.194,495.76,495.85
1786654800000,495.85,496.21,495.555,496.21
1786655700000,496.208,496.21,495.626,496.12
1786656600000,496.55,496.818,495.6,496.26
1786657500000,495.922,496.099,495.776,496.099
1786658400000,496.099,496.1,495.601,495.8
1786659300000,495.8,496.164,495.525,495.874
1786660200000,495.873,495.975,495.6,495.96
1786661100000,495.86,495.96,495.4,495.4
1786662000000,495.51,495.72,495.442,495.57
1786662900000,495.57,495.695,495.4,495.66
1786663800000,495.661,495.788,495.482,495.482
1786664700000,495.63,495.775,495.165,495.63
1786665600000,495.41,495.97,495.37,495.7
1786666500000,495.69,496.05,495.69,495.95
1786667400000,495.88,496.02,495.77,495.99
1786668300000,495.84,496.41,495.84,496.3
1786669200000,496.08,496.08,495.6,495.75
1786670100000,495.66,495.78,495.49,495.51
1786671000000,495.49,495.76,495.37,495.76
1786671900000,495.76,495.76,495.51,495.52
1786672800000,495.52,495.68,495.52,495.63
1786673700000,495.63,495.74,495.51,495.55
1786674600000,495.62,495.88,495.54,495.7
1786675500000,495.84,495.84,495.62,495.7
1786676400000,495.73,496.13,495.73,495.99
1786677300000,496,496.07,495.84,495.99
1786678200000,495.98,495.99,495.7,495.9
1786679100000,495.78,495.78,495.54,495.54
1786680000000,495.49,495.56,495.42,495.49
1786680900000,495.5,495.51,495.22,495.27
1786681800000,495.29,495.44,495.22,495.4
1786682700000,495.4,495.4,495.21,495.33
1786683600000,495.31,495.32,494.01,494.97
1786684500000,494.92,495.03,494.89,494.96
1786685400000,494.96,494.96,494.37,494.51
1786686300000,494.54,495.01,494.52,494.94
1786687200000,494.86,494.99,494.62,494.84
1786688100000,494.84,494.84,494.47,494.55
1786689000000,494.58,495.12,494.57,495.12
1786689900000,495.1,495.36,495.04,495.36
1786690800000,495.38,496.59,495.31,495.99
1786691700000,495.92,496.78,495.9,496.02
1786692600000,496.09,496.53,495.82,496.34
1786693500000,496.41,496.75,496.15,496.15
1786694400000,495.835,496.55,495.835,496.442
1786695300000,496.441,496.484,495.815,495.815
1786696200000,495.815,495.815,495.55,495.695
1786697100000,495.695,495.791,495.5,495.631
1786698000000,495.63,495.725,495.53,495.725
1786698900000,495.725,495.725,495.375,495.65
1786699800000,495.65,495.655,495.65,495.65
1786700700000,495.65,495.7,495.55,495.695
1786701600000,495.695,495.695,494.496,494.685
1786702500000,494.685,495.36,494.551,495.36
1786703400000,495.36,495.791,495.227,495.5
1786704300000,495.5,495.99,495.5,495.99
1786705200000,495.99,496.09,494.741,494.8
1786706100000,495,495.25,494.876,495
1786707000000,495.11,495.845,494.981,495.11
1786707900000,495.803,496.259,495.609,496.259
1786708800000,496.26,496.3,495.605,495.873
1786709700000,495.874,497.078,495.87,496.9
1786710600000,496.99,497.588,496.456,496.99
1786711500000,497.81,498.014,497.2,497.81
1786712400000,497.504,497.504,496.45,496.45
1786713300000,496.448,497.048,495.926,496.373
1786714200000,496.425,497.5,493.91,496.255
1786715100000,496.34,498.625,496.16,498.625
1786716000000,498.47,498.72,497.32,497.99
1786716900000,497.959,500,497.4,498.865
1786717800000,498.75,499.655,498.52,499.007
1786718700000,499.15,499.4,498.36,498.515
1786719600000,498.56,498.85,498.05,498.34
1786720500000,498.34,498.51,497.495,497.715
1786721400000,497.696,498.89,497.42,498.822
1786722300000,498.825,499.241,498.09,498.387
1786723200000,498.595,498.595,497.56,497.76
1786724100000,497.51,497.76,496.85,497.66
1786725000000,497.71,497.754,496.91,496.92
1786725900000,496.83,496.99,496.43,496.595
1786726800000,496.615,496.735,495.955,496.039
1786727700000,496.05,496.332,495.67,495.82
1786728600000,495.72,496.07,495.599,495.9
1786729500000,495.91,496.3,495.608,495.875
1786730400000,495.9,496.12,495.608,495.67
1786731300000,495.691,496.21,495.39,495.434
1786732200000,495.455,495.61,495.12,495.395
1786733100000,495.44,495.761,495.182,495.51
1786734000000,495.6,495.76,494.67,495.32
1786734900000,495.23,495.39,495.07,495.36
1786735800000,495.343,495.58,494.66,495.207
1786736700000,495.4,495.4,494.69,495.34
1786737600000,495.183,495.28,494.617,495.15
1786738500000,495.03,495.275,495.03,495.03
1786739400000,495.081,495.199,495.08,495.196
1786740300000,495.195,495.195,495.05,495.05
1786741200000,495.19,495.3,495.045,495.19
1786742100000,495.38,495.5,495.2,495.39
1786743000000,495.5,495.59,495.415,495.59
1786743900000,495.59,495.59,495.255,495.28
1786744800000,495.28,495.51,495.28,495.401
1786745700000,495.401,495.401,495.1,495.235
1786746600000,495.235,495.235,495.11,495.209
1786747500000,495.38,495.43,495.16,495.38
1786748400000,495.205,495.234,495.112,495.234
1786749300000,495.241,495.274,495.164,495.175
1786750200000,495.175,495.289,495.16,495.193
1786751100000,495.192,495.299,495.165,495.219
1786752000000,495.218,495.218,495.217,495.217
1786756500000,495.87,495.87,495.87,495.87
1786772700000,495.87,495.87,495.87,495.87
1786774500000,496.03,496.03,496.03,496.03
1786778100000,496.06,496.06,495.84,495.84
1786779900000,495.84,495.84,495.84,495.84
1786780800000,495.81,495.81,495.81,495.81
1786789800000,495.81,495.81,495.81,495.81
1786795200000,495.81,495.81,495.74,495.74
1786799700000,496.09,496.09,496.09,496.09
1786800600000,496.13,496.13,496.13,496.13
1786806900000,496.15,496.15,496.15,496.15
1786808700000,496.16,496.18,496.16,496.18
1786810500000,496.21,496.21,496.04,496.04
1786815000000,496.21,496.23,496.21,496.23
1786815900000,496.38,496.38,496.08,496.08
1786817700000,496.18,496.18,494.65,494.94
1786818600000,494.65,494.94,494.65,494.94
1786819500000,494.81,494.81,494.81,494.81
1786822200000,494.94,494.94,494.94,494.94
1786823100000,494.6,494.94,494.6,494.94
1786824000000,494.94,494.94,494.57,494.94
1786824900000,494.55,494.55,494.55,494.55
1786825800000,494.94,494.94,494.94,494.94
1786826700000,494.36,494.94,494.36,494.94
1786827600000,494.13,494.94,494.13,494.94
1786828500000,494.42,494.94,494.42,494.94
1786829400000,494.32,494.32,494.32,494.32
1786835700000,494.94,495.05,494.94,495.05
1786836600000,494.78,494.78,494.78,494.78
1786842900000,495.05,495.05,495.05,495.05
1786846500000,495.05,495.05,495.05,495.05
1786847400000,494.68,494.68,494.68,494.68
1786852800000,495.05,495.29,495.05,495.29
1786859100000,494.68,494.68,494.68,494.68
1786860000000,495.29,495.32,495.11,495.32
1786871700000,494.68,494.68,494.68,494.68
1786873500000,494.67,494.67,494.67,494.67
1786878000000,495.32,495.32,495.32,495.32
1786881600000,494.67,494.67,494.67,494.67
1786883400000,495.32,495.32,495.32,495.32
1786886100000,495.32,495.52,495.32,495.52
1786887000000,495.52,495.52,495.52,495.52
1786887900000,495.52,495.62,494.64,495
1786895100000,495,495.56,495,495.56
1786896000000,495.16,495.16,495.16,495.16
1786901400000,495.16,495.16,495.16,495.16
1786903200000,495.16,495.16,495.16,495.16
1786905000000,494.64,494.64,494.64,494.64
1786910400000,495.16,495.16,495.16,495.16
1786911300000,495.16,495.16,495.16,495.16
1786914000000,494.72,494.72,494.72,494.72
1786923000000,495.16,495.16,495.16,495.16
1786924800000,496,496.22,495.13,495.25
1786925700000,495.32,495.32,494.73,495.09
1786926600000,495.11,495.33,495.09,495.16
1786927500000,495.17,495.42,495.13,495.15
1786928400000,495.18,495.38,495.16,495.3
1786929300000,495.19,495.5,495.11,495.5
1786930200000,495.45,495.65,495.15,495.15
1786931100000,495.15,495.22,495.06,495.14
1786932000000,495.21,495.21,495,495.2
1786932900000,495.2,495.21,495,495.1
1786933800000,495.12,495.15,494.85,494.9
1786934700000,494.87,494.88,494.19,494.21
1786935600000,494.22,494.41,493.71,493.8
1786936500000,493.82,494.34,493.81,494.07
1786937400000,494.06,494.06,493.77,493.9
1786938300000,493.84,494.09,493.74,493.74
1786939200000,493.8,494.11,493.73,493.87
1786940100000,493.94,494.12,493.78,493.82
1786941000000,493.81,493.89,493.74,493.75
1786941900000,493.8,493.8,493.52,493.69
1786942800000,493.68,493.91,493.59,493.72
1786943700000,493.92,493.92,493,493.06
1786944600000,493.21,493.6,492.87,492.91
1786945500000,492.9,493.12,492.65,492.98
1786946400000,492.92,492.92,492.52,492.88
1786947300000,492.91,493.02,492.44,492.7
1786948200000,492.77,493.36,492.73,493.05
1786949100000,493.06,493.25,493.04,493.21
1786950000000,493.19,493.19,492.54,492.55
1786950900000,492.64,492.76,492.27,492.6
1786951800000,492.61,493.02,492.58,492.72
1786952700000,492.91,492.97,492.59,492.59
1786953600000,492.47,494.863,491.138,492.6
1786954500000,491.16,491.749,491.005,491.14
1786955400000,491.49,491.61,490.777,490.8
1786956300000,490.773,491.591,490.748,491.31
1786957200000,491.358,491.885,491.358,491.69
1786958100000,491.69,491.826,491.545,491.68
1786959000000,491.667,491.667,491.555,491.61
1786959900000,491.61,491.61,491.415,491.505
1786960800000,491.28,491.579,491.214,491.28
1786961700000,491.35,491.475,491.096,491.475
1786962600000,491.476,491.704,491.347,491.53
1786963500000,491.53,491.969,491.525,491.949
1786964400000,491.95,492.228,491.714,491.97
1786965300000,492.16,492.263,492.09,492.16
1786966200000,492.195,492.66,492.152,492.296
1786967100000,492.297,492.564,492.122,492.219
1786968000000,492.53,492.7,492.22,492.56
1786968900000,492.31,492.395,491.574,492.01
1786969800000,491.18,492.208,490.853,491.99
1786970700000,492.19,492.256,491.28,491.28
1786971600000,491.61,491.8,491.3,491.61
1786972500000,491.8,492.199,490.244,490.75
1786973400000,490.14,492.6,485.66,485.685
1786974300000,485.95,486.68,484.16,484.726
1786975200000,484.92,485.465,484.21,484.565
1786976100000,484.62,485.24,482.55,482.69
1786977000000,482.665,483.71,481.73,483.015
1786977900000,482.93,483.42,481.71,483.18
1786978800000,483.16,484.71,483.05,484.43
1786979700000,484.4,484.915,484.05,484.65
1786980600000,484.66,485.08,483.95,484.79
1786981500000,484.9,485.25,484.64,485
1786982400000,485.01,485.12,483.355,483.899
1786983300000,483.901,484.08,482.55,482.682
1786984200000,482.684,482.8,480.07,480.342
1786985100000,480.36,480.67,479.32,479.605
1786986000000,479.45,480.095,479.36,479.6
1786986900000,479.535,479.965,479.08,479.33
1786987800000,479.35,479.4,478.46,479.323
1786988700000,479.36,479.8,478.86,478.985
1786989600000,478.925,479.78,478.925,479.27
1786990500000,479.205,479.96,479.188,479.41
1786991400000,479.44,479.825,479.23,479.795
1786992300000,479.71,480.29,479.703,480.007
1786993200000,480.045,481.2,479.96,481.17
1786994100000,481.21,481.765,480.82,480.94
1786995000000,481.04,481.075,479.69,480.53
1786995900000,480.46,480.71,479.35,480.66
1786996800000,480.3,480.586,480.059,480.3
1786997700000,480.26,480.354,480.25,480.26
1786998600000,480.264,480.47,480.235,480.401
1786999500000,480.36,480.401,480.2,480.36
1787000400000,480.339,480.355,480.206,480.315
1787001300000,480.315,480.374,480.3,480.357
1787002200000,480.358,480.378,480.27,480.322
1787003100000,480.319,480.319,480.185,480.21
1787004000000,479.99,480.21,479.551,479.72
1787004900000,479.72,479.784,479.545,479.72
1787005800000,479.665,479.765,479.537,479.55
1787006700000,479.55,479.7,479.491,479.522
1787007600000,479.526,479.81,479.526,479.77
1787008500000,479.77,479.779,479.645,479.727
1787009400000,479.726,480.118,479.701,480.118
1787010300000,480.123,480.144,479.9,479.975
1787011200000,480.02,480.02,478.99,479.43
1787012100000,479.39,480.22,479.39,479.85
1787013000000,479.82,479.95,479.66,479.82
1787013900000,479.78,479.9,479.56,479.56
1787014800000,479.56,480.08,479.56,480.04
1787015700000,480,480.05,479.88,479.91
1787016600000,479.89,480.04,479.72,479.75
1787017500000,479.83,479.99,479.51,479.6
1787018400000,479.64,479.96,479.42,479.47
1787019300000,479.65,479.71,479.23,479.57
1787020200000,479.5,480.18,479.5,479.72
1787021100000,479.82,480.58,479.69,480.5
1787022000000,480.5,480.67,480.28,480.44
1787022900000,480.48,480.49,480.02,480.02
1787023800000,480.02,480.25,479.93,480.04
1787024700000,480.01,480.18,479.65,479.75
1787025600000,479.73,479.74,479.39,479.42
1787026500000,479.41,479.79,479.35,479.77
1787027400000,479.77,479.84,479.28,479.53
1787028300000,479.52,479.72,479.4,479.4
1787029200000,479.45,479.59,479.04,479.25
1787030100000,479.18,479.45,479.18,479.34
1787031000000,479.34,479.39,479.01,479.12
1787031900000,479.13,479.32,478.81,479.16
1787032800000,479.09,479.09,478.28,478.68
1787033700000,478.66,478.67,478.29,478.33
1787034600000,478.32,478.99,478.31,478.96
1787035500000,478.88,479,478.76,479
1787036400000,478.91,479.04,478.49,478.71
1787037300000,478.68,479.16,478.62,478.96
1787038200000,479.05,479.27,478.9,479.07
1787039100000,479.04,479.14,478.79,478.82
1787040000000,479.47,480.525,478.735,479.55
1787040900000,480.77,481.71,480.25,481.51
1787041800000,481.16,481.581,480.831,481.16
1787042700000,481.51,482.25,480.8,481.51
1787043600000,482.22,482.901,482.004,482.68
1787044500000,482.06,482.939,482.06,482.93
1787045400000,483.1,483.274,482.53,483.05
1787046300000,483.32,483.32,482.675,482.89
1787047200000,482.975,483.565,482.691,483.461
1787048100000,483.71,484.149,483.35,483.81
1787049000000,483.744,483.744,483.096,483.17
1787049900000,483.25,483.375,482.536,483.25
1787050800000,482.96,483.224,482.508,483
1787051700000,483.19,484.133,483.12,483.75
1787052600000,483.855,484.646,483.6,483.6
1787053500000,483.94,484.3,483.225,483.23
1787054400000,483.44,483.472,482.5,482.52
1787055300000,482.67,482.95,482.4,482.81
1787056200000,482.81,482.845,482,482.38
1787057100000,482.328,483.39,482.22,483.242
1787058000000,483.41,483.637,483.005,483.15
1787058900000,483.88,483.88,481.204,483.19
1787059800000,481.55,484.16,477.18,483.1
1787060700000,482.905,483.38,479.39,479.94
1787061600000,479.91,481.62,479.695,481.319
1787062500000,481.32,483.04,481.045,481.045
1787063400000,481.03,481.54,480.41,481.095
1787064300000,481.095,481.9,479.935,481.45
1787065200000,481.58,482.71,481.15,481.564
1787066100000,481.61,482.66,481.563,481.976
1787067000000,481.985,482.36,481.385,481.724
1787067900000,481.67,481.765,480.61,481.63
1787068800000,481.64,482.795,481.54,482.52
1787069700000,482.484,482.55,481.6,482.016
1787070600000,482.012,482.035,481.216,481.748
1787071500000,481.68,482.36,481.416,482.36
1787072400000,482.235,482.288,481.23,481.76
1787073300000,481.69,481.92,481.364,481.69
1787074200000,481.72,482.33,481.6,481.93
1787075100000,481.905,482.11,481.66,481.949
1787076000000,481.955,482.3,481.69,482.059
1787076900000,482.15,482.76,481.72,482.52
1787077800000,482.56,482.61,481.759,481.775
1787078700000,481.71,482.723,481.31,482.33
1787079600000,482.4,483.605,482.356,483.209
1787080500000,483.21,483.76,482.91,483.172
1787081400000,483.23,483.745,482.07,482.23
1787082300000,482.33,482.36,481.07,481.76
1787083200000,481.554,481.957,481.185,481.185
1787084100000,481.183,481.359,481.013,481.125
1787085000000,481.13,481.359,481.01,481.359
1787085900000,481.355,481.355,481.275,481.28
1787086800000,481.334,481.6,481.236,481.289
1787087700000,481.289,481.29,480.75,480.75
1787088600000,480.75,480.875,480.7,480.7
1787089500000,480.76,480.76,480.643,480.76
1787090400000,481,481.4,480.729,481
1787091300000,481.314,481.6,480.81,480.81
1787092200000,480.81,481.335,480.81,481.24
1787093100000,481.217,481.217,480.711,480.81
1787094000000,480.81,481.314,480.81,481.035
1787094900000,481.035,481.24,480.986,481.225
1787095800000,481.225,481.526,481.045,481.45
1787096700000,481.45,481.49,481.25,481.325
1787097600000,480.71,481.62,480.6,481.59
1787098500000,481.48,482.17,481.47,482
1787099400000,481.99,482.49,481.99,482.04
1787100300000,482.25,482.38,481.9,481.91
1787101200000,481.91,482.1,481.74,482
1787102100000,481.93,482,481.6,481.64
1787103000000,481.65,482,481.64,481.79
1787103900000,481.8,481.8,481.62,481.7
1787104800000,481.7,481.89,481.58,481.8
1787105700000,481.88,482.12,481.76,481.83
1787106600000,481.73,481.73,481.43,481.61
1787107500000,481.61,481.64,481.17,481.17
1787108400000,481.25,481.32,480.91,481.11
1787109300000,481.2,481.38,480.91,481.2
1787110200000,481.2,481.47,481.01,481.39
1787111100000,481.2,481.33,481,481.16
1787112000000,481.16,481.23,481.06,481.18
1787112900000,481.16,481.62,481.14,481.49
1787113800000,481.57,481.57,481.01,481.01
1787114700000,481.09,481.57,480.96,481.53
1787115600000,481.53,481.66,481.09,481.12
1787116500000,481.1,481.1,480.67,481.02
1787117400000,481.02,481.07,480.71,480.74
1787118300000,480.77,481.18,480.7,481.08
1787119200000,481.35,481.67,481,481.65
1787120100000,481.65,482.37,481.64,482.23
1787121000000,482.21,482.43,481.47,481.5
1787121900000,481.77,481.83,480.77,481.21
1787122800000,481.08,481.2,480.47,480.62
1787123700000,480.95,480.95,479.57,479.8
1787124600000,479.9,479.9,479.56,479.69
1787125500000,479.7,479.7,479.01,479.44
1787126400000,477.79,480.969,477.1,477.79
1787127300000,478.15,479.033,478.15,478.625
1787128200000,478.625,479.5,478.625,479.25
1787129100000,479.25,479.375,478.875,479.332
1787130000000,479.329,479.329,478.875,478.9
1787130900000,478.9,479.5,478.9,479.25
1787131800000,479.25,479.25,479.126,479.164
1787132700000,479.164,480,479.164,479.981
1787133600000,480.26,481.063,479.982,480.26
1787134500000,480.992,480.999,480.24,480.395
1787135400000,480.395,480.497,480.001,480.005
1787136300000,480.005,480.25,480.002,480.22
1787137200000,480.2,480.4,478.875,480.2
1787138100000,479.66,479.798,479,479.71
1787139000000,479.499,479.5,478.745,479.129
1787139900000,479.128,479.4,479.03,479.155
1787140800000,479.152,479.43,478.88,479.2
1787141700000,478.5,479.274,477.962,478.01
1787142600000,477.975,478.664,477.975,478.485
1787143500000,478.35,479.4,478.281,478.91
1787144400000,478.91,479.97,478.655,479.97
1787145300000,479.794,481.62,479.59,480.265
1787146200000,479.81,484.16,479.62,482.211
1787147100000,482.11,482.68,480.385,482.504
1787148000000,482.425,484.31,482.145,483.654
1787148900000,483.865,484.81,481.35,481.794
1787149800000,481.875,482.7,481.802,482.445
1787150700000,482.438,484.31,482.41,484.162
1787151600000,484.09,484.95,483.68,484.35
1787152500000,484.316,484.765,483.56,483.872
1787153400000,483.874,486.33,483.65,486.278
1787154300000,486.283,489.19,486.283,488.724
1787155200000,488.68,489.1,488.09,488.508
1787156100000,488.478,488.478,486.935,487.044
1787157000000,486.9,487.02,485.67,485.94
1787157900000,485.89,485.944,483.939,484.35
1787158800000,484.14,484.6,484.123,484.284
1787159700000,484.265,484.265,482.87,483.472
1787160600000,483.468,483.785,482.87,483.565
1787161500000,483.562,484.165,483.275,483.805
1787162400000,483.79,484.635,483.46,484.19
1787163300000,484.14,484.31,483.585,484.11
1787164200000,484.055,484.56,483.74,483.8
1787165100000,483.836,484.085,483.403,483.804
1787166000000,483.812,484.755,483.77,484.269
1787166900000,484.268,484.605,483.708,483.731
1787167800000,483.565,484.25,483.01,483.44
1787168700000,483.38,484.64,482.965,484.42
1787169600000,484.251,484.69,484.234,484.565
1787170500000,484.565,484.565,483.651,484.097
1787171400000,484.096,484.488,483.811,484.26
1787172300000,484.264,484.725,484.224,484.638
1787173200000,484.639,484.874,484.491,484.661
1787174100000,484.66,484.67,484.1,484.2
1787175000000,484.2,484.2,484,484.023
1787175900000,484.029,484.075,483.551,483.785
1787176800000,485.5,485.5,483.781,485.5
1787177700000,485.337,485.598,485.077,485.598
1787178600000,485.599,485.6,485.35,485.38
1787179500000,485.379,485.396,485.2,485.3
1787180400000,485.3,485.8,485.002,485.4
1787181300000,485.51,485.95,485.382,485.95
1787182200000,485.786,485.84,485.531,485.534
1787183100000,485.519,485.519,484.841,484.842
1787184000000,484.839,485.03,483.81,484.28
1787184900000,484.49,484.83,484.33,484.72
1787185800000,484.71,485.31,484.52,484.97
1787186700000,485.02,485.2,484.88,484.99
1787187600000,484.87,485.09,484.48,484.48
1787188500000,484.46,484.71,484.4,484.4
1787189400000,484.51,484.56,484.31,484.39
1787190300000,484.49,484.6,484.4,484.6
1787191200000,484.44,484.88,484.44,484.51
1787192100000,484.62,484.81,484.49,484.5
1787193000000,484.51,484.87,484.47,484.79
1787193900000,484.81,484.81,484.52,484.56
1787194800000,484.64,484.82,484.5,484.68
1787195700000,484.65,484.69,484.46,484.52
1787196600000,484.53,484.68,484.47,484.53
1787197500000,484.42,484.57,484.12,484.34
1787198400000,484.18,484.69,484.1,484.68
1787199300000,484.64,484.81,484.52,484.54
1787200200000,484.51,484.65,484.38,484.46
1787201100000,484.3,484.43,484.1,484.15
1787202000000,484.22,484.34,483.8,483.8
1787202900000,484.13,484.3,484.08,484.24
1787203800000,484.25,484.48,484.17,484.47
1787204700000,484.52,484.52,483.88,484.32
1787205600000,484.36,484.75,484.23,484.41
1787206500000,484.38,484.64,484.28,484.53
1787207400000,484.57,484.92,484.55,484.83
1787208300000,484.82,485.14,484.51,484.73
1787209200000,484.73,484.73,483.24,483.36
1787210100000,483.35,483.46,482.72,483.25
1787211000000,483.28,483.64,483.28,483.42
1787211900000,483.75,483.75,483.13,483.13
1787212800000,484.826,484.826,481.68,481.68
1787213700000,481.68,482.965,481.68,482.785
1787214600000,482.785,482.915,482.785,482.915
1787215500000,482.915,482.915,482.436,482.575
1787216400000,482.575,482.815,482.45,482.73
1787217300000,482.73,482.78,482.685,482.724
1787218200000,482.73,483.11,482.73,483.11
1787219100000,483.11,483.23,483.015,483.015
1787220000000,483.015,483.849,482.84,483.849
1787220900000,483.85,483.85,483.225,483.79
1787221800000,483.742,483.742,483.325,483.325
1787222700000,483.325,483.5,483.325,483.435
1787223600000,483.71,487.725,483.435,484.65
1787224500000,484.24,484.996,484,484.05
1787225400000,484.192,484.375,484,484
1787226300000,484.01,484.304,483.607,484.08
1787227200000,483.66,483.792,482.391,482.69
1787228100000,482.4,483.409,482.4,482.472
1787229000000,482.471,483.435,482.467,483.4
1787229900000,483.1,483.597,482.833,483.09
1787230800000,483.29,483.599,483.152,483.29
1787231700000,482.83,483.404,481.699,483.04
1787232600000,482.41,483.75,479.8,482.95
1787233500000,482.93,484.115,480.89,481.421
1787234400000,481.36,483.02,481.15,481.689
1787235300000,481.8,482.795,481.6,482.235
1787236200000,482.24,483,481,481.31
1787237100000,481.44,481.79,480.94,481.455
1787238000000,481.434,481.785,480.13,480.324
1787238900000,480.302,481.09,479.525,479.835
1787239800000,479.84,481.422,479.81,481.111
1787240700000,481.105,481.564,480.63,480.695
1787241600000,480.715,481.079,480.09,480.09
1787242500000,479.99,481.25,479.988,481.23
1787243400000,481.33,483.99,480.79,483.985
1787244300000,484.01,484.01,481.7,483.091
1787245200000,483.093,483.103,481.82,481.942
1787246100000,481.942,482.386,481.92,481.981
1787247000000,481.984,482.28,481.49,482.067
1787247900000,482.34,482.514,481.4,481.4
1787248800000,481.39,481.47,480.516,480.64
1787249700000,480.73,481.56,480.575,481.55
1787250600000,481.483,481.9,481.225,481.892
1787251500000,481.889,482.515,481.885,482.126
1787252400000,482.123,482.49,481.755,482.092
1787253300000,482.15,482.38,481.56,482.05
1787254200000,482.11,482.38,481.478,481.865
1787255100000,481.77,482.17,480.63,481.22
1787256000000,481.146,481.968,481.049,481.106
1787256900000,481.107,481.199,480.8,481.129
1787257800000,481.3,481.684,480.992,481.51
1787258700000,481.374,481.9,481.138,481.413
1787259600000,481.411,481.627,481.202,481.283
1787260500000,481.282,481.576,481.126,481.285
1787261400000,481.285,481.375,481.23,481.306
1787262300000,481.305,481.375,481.15,481.15
1787263200000,481.15,481.395,481.055,481.395
1787264100000,481.397,481.399,481.001,481.009
1787265000000,481.01,481.215,480.804,481.17
1787265900000,481.17,481.389,481.055,481.275
1787266800000,481.275,481.275,481.17,481.223
1787267700000,481.224,481.375,481.195,481.256
1787268600000,481.26,481.45,481.227,481.369
1787269500000,481.353,481.353,481.135,481.135
1787270400000,481.68,481.8,480.34,481.28
1787271300000,481.17,481.26,480.88,481.09
1787272200000,481.01,481.15,480.77,480.97
1787273100000,480.97,481.27,480.78,481.24
1787274000000,480.94,481.21,480.89,481.14
1787274900000,481.03,481.14,480.9,481.13
1787275800000,481.13,481.4,481.12,481.21
1787276700000,481.22,481.5,481.15,481.5
1787277600000,481.49,481.56,481.3,481.33
1787278500000,481.47,481.57,481.22,481.3
1787279400000,481.31,481.39,481.1,481.1
1787280300000,481.23,481.44,481.14,481.26
1787281200000,481.27,481.37,481.09,481.11
1787282100000,481.03,481.16,480.96,481.01
1787283000000,481.06,481.14,481,481.13
1787283900000,481.07,481.23,481.07,481.16
1787284800000,481.17,481.21,481.09,481.15
1787285700000,481.18,481.25,481.07,481.25
1787286600000,481.19,481.23,481.14,481.21
1787287500000,481.24,481.26,481.04,481.11
1787288400000,481.11,481.22,481.04,481.06
1787289300000,481.17,481.2,481,481.01
1787290200000,481.1,481.25,481,481.22
1787291100000,481.16,481.23,481.03,481.18
1787292000000,481.12,481.21,480.99,480.99
1787292900000,481,481.26,481,481.26
1787293800000,481.26,481.37,481.23,481.25
1787294700000,481.25,481.48,481.25,481.48
1787295600000,481.49,481.49,480.87,480.9
1787296500000,480.93,480.95,480,480.24
1787297400000,480.24,480.64,480.21,480.39
1787298300000,480.49,480.91,480.23,480.91
1787299200000,481.135,481.25,480.6,481.25
1787300100000,481.25,481.44,481.25,481.44
1787301000000,481.44,481.8,481.302,481.8
1787301900000,481.8,481.809,481.6,481.75
1787302800000,481.99,482.91,481.75,481.99
1787303700000,482.55,482.89,482.34,482.55
1787304600000,482.324,482.34,481.94,482.24
1787305500000,482.24,482.24,482.065,482.065
1787306400000,482.095,482.365,481.5,481.94
1787307300000,481.94,481.94,481.82,481.82
1787308200000,481.82,482.09,481.82,481.845
1787309100000,481.829,482.29,481.502,481.61
1787310000000,481.61,482.505,481.57,482.505
1787310900000,482.505,482.537,482.186,482.375
1787311800000,482.383,482.48,481.8,482.156
1787312700000,482.154,482.26,481.606,481.803
1787313600000,481.5,481.805,481.5,481.5
1787314500000,481.805,482.2,481.725,481.847
1787315400000,481.851,482.77,481.851,482.77
1787316300000,482.77,482.778,482.202,482.499
1787317200000,482.5,482.5,481.815,481.815
1787318100000,481.83,483.44,480.853,483.44
1787319000000,480.575,484.535,478.92,482
1787319900000,482.03,482.56,480.755,481.81
1787320800000,481.83,484.81,481.83,484.783
1787321700000,484.802,485.43,482.28,483.338
1787322600000,483.31,483.68,481.123,483.4
1787323500000,483.49,485.148,483.13,485.14
1787324400000,485.24,486.36,484.11,484.33
1787325300000,484.352,484.892,483.57,483.856
1787326200000,483.856,485.32,483.68,485.17
1787327100000,485.155,485.753,484.94,485.43
1787328000000,485.28,485.478,483.99,484.39
1787328900000,484.4,484.89,483.99,484.23
1787329800000,484.24,484.354,483.232,483.526
1787330700000,483.531,484.825,483.083,484.704
1787331600000,484.93,484.94,484.128,484.27
1787332500000,484.29,484.6,483.68,484.43
1787333400000,484.09,484.238,482.59,482.85
1787334300000,481.393,481.393,481.393,481.393
1787335200000,481.388,481.62,480.96,481.334
1787336100000,481.33,481.59,480.765,481.25
1787337000000,481.2,482.18,480.86,482.115
1787337900000,482.13,482.805,481.97,482.78
1787338800000,482.753,483.36,482.699,483.355
1787339700000,483.356,483.45,482.5,483.015
1787340600000,482.96,484.025,482.949,484.025
1787341500000,484,484.33,482.785,483.32
1787342400000,483.313,483.36,482.5,482.5
1787343300000,482.5,482.825,482.5,482.795
1787344200000,482.795,482.814,482.491,482.769
1787345100000,482.741,482.769,482.346,482.43
1787346000000,482.43,482.76,482.401,482.401
1787346900000,482.401,482.793,482.4,482.46
1787347800000,482.46,482.695,482.46,482.497
1787348700000,482.496,482.894,482.495,482.894
1787349600000,482.894,482.925,482.81,482.925
1787350500000,482.925,483.103,482.92,482.963
1787351400000,482.955,483.12,482.92,483.12
1787352300000,483.16,483.195,483.12,483.16
1787353200000,483.14,483.14,482.922,483.05
1787354100000,483.05,483.17,482.965,483.044
1787355000000,483.045,483.294,482.966,483.18
1787355900000,483.178,483.69,483.075,483.69
1787356800000,483.692,483.698,483.692,483.698
1787362200000,483.56,483.56,483.01,483.01
1787364900000,483.23,483.23,483.23,483.23
1787365800000,483.23,483.4,482.88,482.88
1787368500000,482.85,482.85,482.85,482.85
1787377500000,483.49,483.49,483.49,483.49
1787379300000,482.85,482.85,482.79,482.82
1787384700000,483.51,483.51,483.51,483.51
1787386500000,483.51,483.65,482.82,482.82
1787394600000,482.79,482.79,482.7,482.7
1787395500000,482.69,482.69,482.69,482.69
1787400000000,482.58,482.58,482.58,482.58
1787403600000,482.56,482.56,482.56,482.56
1787405400000,482.65,482.65,482.65,482.65
1787407200000,482.65,482.65,482.65,482.65
1787412600000,482.65,482.65,482.65,482.65
1787413500000,482.65,482.65,482.65,482.65
1787414400000,482.65,482.65,482.65,482.65
1787418900000,482.65,482.65,482.65,482.65
1787419800000,482.65,482.65,482.56,482.56
1787420700000,482.84,482.84,482.84,482.84
1787426100000,482.5,482.5,482.5,482.5
1787427000000,482.84,482.98,481.44,481.44
1787427900000,481.95,482.09,481.42,481.42
1787428800000,481.73,481.99,481.39,481.39
1787443200000,481.69,481.69,481.69,481.69
1787456700000,481.68,481.68,481.68,481.68
1787466600000,481.68,482.91,481.68,482.58
1787467500000,482.96,483.29,482.47,482.47
1787472000000,482.59,482.59,482.59,482.59
1787475600000,482.89,482.89,482.64,482.64
1787476500000,482.89,482.89,482.48,482.48
1787478300000,482.89,482.89,482.46,482.46
1787482800000,482.89,482.89,482.46,482.89
1787483700000,482.46,482.46,482.46,482.46
1787484600000,482.8,482.8,482.8,482.8
1787488200000,483.09,483.09,483.09,483.09
1787490900000,483.09,483.25,482.41,483.25
1787491800000,483.25,483.25,482.41,482.41
1787492700000,483.25,483.25,483.25,483.25
1787499000000,482.41,483.4,482.41,482.41
1787499900000,483.21,483.21,483.21,483.21
1787501700000,483.21,484.62,483.21,484.32
1787503500000,484.65,484.65,484.32,484.32
1787504400000,484.71,485.11,484.71,485.11
1787509800000,485.12,485.17,485.03,485.17
1787515200000,485.2,485.2,485.2,485.2
1787521500000,485.03,485.03,485.03,485.03
1787527800000,485.22,485.22,485.22,485.22
1787528700000,485.22,485.53,485.22,485.53
1787529600000,484.11,484.32,482.88,483.38
1787530500000,483.1,483.1,482.19,482.29
1787531400000,482.49,482.69,482.29,482.69
1787532300000,482.79,483.22,482.66,482.91
1787533200000,483.1,483.38,483.1,483.35
1787534100000,483.36,483.51,483.15,483.37
1787535000000,483.35,483.73,483.12,483.66
1787535900000,483.67,483.72,483.41,483.41
1787536800000,483.23,483.44,482.99,483.44
1787537700000,483.51,483.72,483.42,483.72
1787538600000,483.64,483.69,483.46,483.69
1787539500000,483.68,484.03,483.61,483.96
1787540400000,483.78,483.78,483.5,483.5
1787541300000,483.48,483.73,483.44,483.7
1787542200000,483.68,483.87,483.52,483.53
1787543100000,483.59,483.59,483.07,483.15
1787544000000,483.2,483.5,483.13,483.23
1787544900000,483.22,483.32,483.12,483.23
1787545800000,483.21,483.32,483.12,483.25
1787546700000,483.25,483.26,483.1,483.26
1787547600000,483.26,483.55,483.26,483.38
1787548500000,483.26,483.37,483.21,483.22
1787549400000,483.23,483.38,482.99,483.24
1787550300000,483.2,483.2,483.01,483.14
1787551200000,483.08,483.29,482.8,483.05
1787552100000,483.06,483.27,482.51,482.51
1787553000000,482.94,483.78,482.8,483.58
1787553900000,483.64,484.19,483.64,483.9
1787554800000,484.03,484.17,483.61,483.61
1787555700000,483.62,483.87,483.54,483.78
1787556600000,483.74,483.77,483.47,483.48
1787557500000,483.5,484.94,483.44,484.94
1787558400000,483.699,484.698,483.658,484.265
1787559300000,484.12,484.468,483.907,484.12
1787560200000,484.313,484.5,484.215,484.5
1787561100000,484.5,484.5,484.269,484.495
1787562000000,484.42,484.42,483.7,484.15
1787562900000,484.15,484.15,483.575,483.575
1787563800000,483.575,484.263,483.575,484.192
1787564700000,484.185,484.185,483.335,483.335
1787565600000,483.335,483.34,483.245,483.34
1787566500000,483.34,483.5,483.34,483.365
1787567400000,483.365,483.699,483.365,483.696
1787568300000,483.695,483.695,482.56,482.625
1787569200000,482.625,483.475,482.625,483.04
1787570100000,483.041,483.2,482.668,483.199
1787571000000,483.2,483.826,483.2,483.6
1787571900000,483.6,483.625,482.993,483.021
1787572800000,483.02,483.193,482.845,483.188
1787573700000,483.184,483.665,483.165,483.555
1787574600000,483.556,483.645,482.717,483.21
1787575500000,483.221,483.237,482.413,482.53
1787576400000,482.53,483.216,482.53,483.11
1787577300000,483.28,483.396,482.4,483.28
1787578200000,483.22,486.96,481.9,484.02
1787579100000,483.95,486.93,482.97,486.69
1787580000000,486.92,487.865,484.7,486.446
1787580900000,486.37,486.5,485.115,485.58
1787581800000,485.51,488.158,485.28,487.03
1787582700000,487.06,488.71,486.835,488.3
1787583600000,488.279,489.47,486.6,488.108
1787584500000,488.109,489.51,487.21,489.409
1787585400000,489.28,489.393,488.45,489.17
1787586300000,489.15,489.86,488.5,489.38
1787587200000,489.34,490.55,488.59,488.775
1787588100000,488.772,489.16,488.56,489.107
1787589000000,489.15,489.35,488.745,489.05
1787589900000,489.03,489.259,488.56,488.985
1787590800000,488.89,489.51,487.8,489.28
1787591700000,489.26,489.67,488.42,488.819
1787592600000,488.816,488.95,487.77,487.924
1787593500000,487.98,488.19,487.39,487.918
1787594400000,487.94,488.283,487.29,487.565
1787595300000,487.68,488.72,487.51,488.595
1787596200000,488.61,488.91,487.502,487.66
1787597100000,487.69,488.415,487.62,487.916
1787598000000,487.92,488.465,487.38,488.45
1787598900000,488.49,489.15,488.325,488.765
1787599800000,488.72,489.075,488.19,488.66
1787600700000,488.6,489.01,487.27,487.362
1787601600000,487.358,487.422,486.776,486.959
1787602500000,486.959,487.209,486.956,487.035
1787603400000,487.035,487.54,487.035,487.54
1787604300000,487.44,488.001,487.4,487.44
1787605200000,487.62,487.945,487.3,487.49
1787606100000,487.455,487.977,486.955,487.419
1787607000000,487.422,487.473,487.222,487.4
1787607900000,487.4,487.434,487.325,487.407
1787608800000,487.4,487.955,487.4,487.51
1787609700000,487.764,487.765,487.546,487.59
1787610600000,487.59,487.59,487.4,487.4
1787611500000,487.4,487.54,487.4,487.54
1787612400000,487.45,487.525,487.432,487.45
1787613300000,487.45,487.615,487.45,487.615
1787614200000,487.29,487.615,486.876,487.29
1787615100000,486.954,487.546,486.879,487.289
1787616000000,487.1,487.46,486.75,486.99
1787616900000,486.99,487.24,486.58,487.24
1787617800000,487.25,487.29,487.03,487.29
1787618700000,487.28,487.29,486.81,487.07
1787619600000,487.21,487.25,487.08,487.1
1787620500000,487.18,487.44,486.79,486.81
1787621400000,487.21,487.38,486.83,487.24
1787622300000,487.23,487.23,487.08,487.13
1787623200000,487.07,487.3,486.81,486.81
1787624100000,486.84,486.95,486.76,486.78
1787625000000,486.81,487.08,486.55,486.89
1787625900000,486.71,486.91,486.49,486.69
1787626800000,486.69,487,486.6,486.98
1787627700000,486.98,487.3,486.97,487.2
1787628600000,487.22,487.39,487.12,487.27
1787629500000,487.31,487.31,487.18,487.18
1787630400000,487.21,487.3,487.19,487.28
1787631300000,487.28,487.31,487.16,487.28
1787632200000,487.28,487.31,487.11,487.11
1787633100000,487.09,487.15,487,487
1787634000000,487.01,487.45,486.86,486.86
1787634900000,486.85,486.98,486.77,486.77
1787635800000,486.81,486.81,486.3,486.3
1787636700000,486.15,486.54,486.15,486.29
1787637600000,486.5,486.69,486.45,486.45
1787638500000,486.45,486.63,486.45,486.59
1787639400000,486.44,486.88,486.42,486.79
1787640300000,486.72,486.99,486.59,486.99
1787641200000,486.97,487,486.21,486.21
1787642100000,486.41,486.52,486.01,486.18
1787643000000,486.03,486.18,485.88,485.9
1787643900000,485.9,486.17,485.76,486.1
1787644800000,486.16,487.29,485.651,486.16
1787645700000,486.16,486.815,485.8,486.45
1787646600000,486.442,486.442,486.05,486.05
1787647500000,486.05,486.498,485.853,486.365
1787648400000,486.65,486.65,486.365,486.65
1787649300000,486.41,486.6,486.365,486.41
1787650200000,486.365,486.885,486.365,486.65
1787651100000,486.65,486.944,486.602,486.823
1787652000000,486.819,486.819,486.245,486.245
1787652900000,486.245,486.245,485.842,485.842
1787653800000,485.841,486.628,485.84,486.585
1787654700000,486.585,486.585,486.435,486.585
1787655600000,486.585,486.781,486.311,486.357
1787656500000,486.1,486.501,486.076,486.09
1787657400000,486.175,486.467,485.795,486.091
1787658300000,485.92,486.2,484.689,484.99
1787659200000,484.3,485.35,484.29,484.29
1787660100000,484.979,485.518,484.455,484.679
1787661000000,484.59,484.937,484.372,484.59
1787661900000,484.19,484.45,484.147,484.19
1787662800000,484.24,484.589,484.141,484.24
1787663700000,484.204,486.108,483.851,485.584
1787664600000,484.99,488.75,484.435,488.55
1787665500000,488.795,490.15,486.79,487.62
1787666400000,487.62,488.43,485.73,487.295
1787667300000,487.29,487.97,486.28,486.97
1787668200000,486.997,487.877,486.1,487.454
1787669100000,487.375,489.64,487.265,489.315
1787670000000,489.29,490.39,488.452,489.32
1787670900000,489.33,490.35,488.752,489.385
1787671800000,489.41,489.672,488.5,489.656
1787672700000,489.59,489.641,488.69,489.173
1787673600000,489.32,489.515,488.982,489.3
1787674500000,489.28,489.624,488.954,489.55
1787675400000,489.55,489.88,489.297,489.33
1787676300000,489.31,489.72,488.675,489.691
1787677200000,489.686,490.14,489.19,489.989
1787678100000,489.78,490.745,489.762,489.92
1787679000000,489.875,490.25,489.235,489.93
1787679900000,490.035,490.17,489.68,489.88
1787680800000,489.843,491.515,489.53,489.879
1787681700000,489.857,490.09,489.39,489.955
1787682600000,489.98,490.372,489.71,490.24
1787683500000,490.4,490.865,490.275,490.59
1787684400000,490.58,490.67,490.11,490.39
1787685300000,490.4,490.52,490.01,490.17
1787686200000,490.17,491.13,490.09,490.264
1787687100000,490.21,492.37,490.21,491.54
1787688000000,490.67,491.75,490.281,490.8
1787688900000,490.678,491.225,490.655,491
1787689800000,491,491.098,490.31,490.625
1787690700000,490.625,490.915,490.521,490.915
1787691600000,490.89,491,490.63,490.89
1787692500000,490.915,491.214,490.882,491.19
1787693400000,491.138,491.138,490.705,490.705
1787694300000,490.73,490.76,490.615,490.73
1787695200000,490.75,490.889,490.6,490.76
1787696100000,490.76,490.934,490.751,490.899
1787697000000,490.896,491.211,490.885,490.939
1787697900000,490.939,490.94,490.704,490.94
1787698800000,490.61,490.94,490.61,490.61
1787699700000,490.73,490.73,490.111,490.2
1787700600000,490.01,490.2,489.8,490.01
1787701500000,489.61,490.323,489.328,489.61
1787702400000,489.82,489.82,488.65,489.23
1787703300000,489.6,489.63,488.99,489.23
1787704200000,489.05,489.14,488.44,489.03
1787705100000,489.05,489.05,488.53,488.66
1787706000000,488.65,488.97,488.33,488.33
1787706900000,488.28,488.56,487.99,488.21
1787707800000,488.49,488.95,488.09,488.91
1787708700000,488.6,488.78,488.45,488.77
1787709600000,488.76,488.77,488.51,488.7
1787710500000,488.76,488.86,488.61,488.7
1787711400000,488.73,489.48,488.64,489.48
1787712300000,489.5,489.84,489.48,489.67
1787713200000,489.67,489.71,489.47,489.65
1787714100000,489.67,489.72,489.53,489.53
1787715000000,489.57,489.74,489.52,489.74
1787715900000,489.72,490.1,489.68,490.1
1787716800000,490.04,490.58,490.02,490.35
1787717700000,490.37,490.77,490.36,490.37
1787718600000,490.26,490.26,489.95,490.12
1787719500000,490,490,489.51,489.68
1787720400000,489.64,490.11,489.64,489.79
1787721300000,489.78,490.09,489.78,489.79
1787722200000,490,490.13,489.77,489.77
1787723100000,489.91,490.15,489.78,489.78
1787724000000,489.77,489.78,489.59,489.66
1787724900000,489.77,489.95,489.73,489.95
1787725800000,489.74,490.46,489.73,490.46
1787726700000,490.26,490.7,490.02,490.31
1787727600000,490.3,490.3,489.32,489.51
1787728500000,489.48,489.49,488.64,488.84
1787729400000,488.76,488.96,488.62,488.81
1787730300000,488.85,489.25,488.73,489.25
1787731200000,489.663,489.663,487.546,487.76
1787732100000,487.76,488.67,487.664,487.664
1787733000000,487.667,488.443,487.667,488.138
1787733900000,488.141,488.433,487.825,488.26
1787734800000,488.26,488.309,488.01,488.06
1787735700000,488.06,488.26,487.76,487.76
1787736600000,487.76,487.76,487.76,487.76
1787737500000,487.76,488.245,487.76,488.245
1787738400000,488.245,488.245,487.741,487.741
1787739300000,487.74,488.04,487.74,488.04
1787740200000,488.04,488.189,487.86,488.06
1787741100000,488.06,488.161,487.971,488.04
1787742000000,488.57,488.623,487.832,488.62
1787742900000,488.272,488.449,488.2,488.23
1787743800000,488.23,488.576,487.82,488.349
1787744700000,488.349,488.35,487.785,487.905
1787745600000,488.01,488.713,487.856,487.99
1787746500000,488.471,489.184,488.26,489.007
1787747400000,489.016,489.059,488.284,488.284
1787748300000,488.5,488.692,488.163,488.5
1787749200000,488.207,488.45,487.765,487.925
1787750100000,488,488.47,487.276,487.72
1787751000000,487.865,495.15,487.56,494.75
1787751900000,494.93,497.085,494.2,495.175
1787752800000,495.16,495.75,494.71,495.31
1787753700000,495.298,496.74,492.94,493.654
1787754600000,493.78,494.4,493.4,494.33
1787755500000,494.26,495.592,494.04,495.23
1787756400000,495.19,495.44,494.62,495.17
1787757300000,495.175,495.58,494.738,495.02
1787758200000,495,495.422,494.645,495.317
1787759100000,495.285,495.52,493.95,493.995
1787760000000,494.05,494.87,493.945,494.38
1787760900000,494.38,494.56,493.81,493.875
1787761800000,493.884,494.355,493.57,493.955
1787762700000,493.951,494.41,493.799,494.131
1787763600000,494.05,494.36,493.79,494.1
1787764500000,494.1,494.725,494.09,494.72
1787765400000,494.69,495.03,494.28,494.43
1787766300000,494.49,494.619,493.637,494.36
1787767200000,494.323,494.76,494.21,494.351
1787768100000,494.345,494.781,494.26,494.27
1787769000000,494.32,494.63,493.91,494.24
1787769900000,494.29,494.91,494.21,494.86
1787770800000,494.875,496.018,494.846,495.89
1787771700000,495.896,496.59,495.64,496.121
1787772600000,496.13,496.686,495.83,496.65
1787773500000,496.7,497.39,496.085,496.36
1787774400000,496.08,498.065,495.855,498
1787775300000,497.92,498.76,497.257,497.36
1787776200000,497.378,498.198,497.378,497.505
1787777100000,497.5,497.775,497.38,497.5
1787778000000,496.14,497.665,494.799,496.7
1787778900000,496.72,497.238,496.314,496.72
1787779800000,496.688,496.824,495.518,495.891
1787780700000,495.892,495.895,495.33,495.597
1787781600000,495.17,496.6,493.99,493.99
1787782500000,496.61,497.234,496.259,496.61
1787783400000,496.93,496.976,496.6,496.93
1787784300000,496.6,496.728,496.092,496.175
1787785200000,496.172,496.375,496,496.3
1787786100000,496.3,496.402,495.972,496.2
1787787000000,496.1,496.229,495.962,496.1
1787787900000,496.08,496.115,495.75,495.964
1787788800000,495.64,496.49,494.81,495.37
1787789700000,495.45,495.48,494.87,495.01
1787790600000,494.97,495.06,493.44,493.44
1787791500000,493.53,493.99,492.89,493.2
1787792400000,493.34,493.47,492.82,492.84
1787793300000,492.85,493.25,492.56,493.22
1787794200000,493.19,493.23,491.4,491.4
1787795100000,491.77,492.27,491.48,491.83
1787796000000,491.83,492.18,491.49,492.18
1787796900000,492.14,492.44,491.92,492.44
1787797800000,492.24,492.4,492.01,492.01
1787798700000,492.25,492.5,492.09,492.09
1787799600000,492.34,492.64,492.1,492.28
1787800500000,492.36,492.51,492.2,492.49
1787801400000,492.52,493.05,492.46,492.83
1787802300000,492.85,493.13,492.66,492.86
1787803200000,492.84,492.96,492.67,492.69
1787804100000,492.69,492.86,492.39,492.39
1787805000000,492.4,492.46,492.01,492.13
1787805900000,492.18,492.46,492.09,492.1
1787806800000,492.09,492.94,492.09,492.15
1787807700000,492.16,492.56,491.99,491.99
1787808600000,492.01,492.07,491.52,491.57
1787809500000,491.71,491.99,491.19,491.19
1787810400000,491.5,491.98,490.88,491.5
1787811300000,491.54,492,491.3,491.72
1787812200000,491.72,492.01,491.72,492
1787813100000,491.97,492.16,491.73,492.07
1787814000000,491.99,492.2,491.8,492.2
1787814900000,492.18,492.35,492,492.35
1787815800000,492.04,492.37,491.93,492.1
1787816700000,491.84,492.48,491.8,492.48
1787817600000,495.969,495.97,491.475,491.911
1787818500000,491.84,491.92,491.18,491.21
1787819400000,491.73,491.799,491.345,491.73
1787820300000,490.81,491.4,490.152,490.81
1787821200000,490.31,491.225,490.31,491.225
1787822100000,491.225,491.225,490.64,491.225
1787823000000,491.49,491.595,491.06,491.49
1787823900000,491.05,491.654,491,491.65
1787824800000,491.65,491.759,490.971,491.051
1787825700000,491.078,491.687,491.078,491.345
1787826600000,491.345,491.815,491.09,491.769
1787827500000,491.77,491.77,491.355,491.66
1787828400000,492,492.755,491.66,491.99
1787829300000,492.98,492.98,492.326,492.98
1787830200000,492.19,492.75,492.092,492.2
1787831100000,492.09,492.399,491.825,492.1
1787832000000,492.46,492.807,492.231,492.46
1787832900000,492.49,492.684,491.645,492.09
1787833800000,491.931,492.494,491.763,492.139
1787834700000,492.143,493.145,491.916,492.631
1787835600000,492.98,493.48,492.58,493.48
1787836500000,493.24,495.189,493.076,495.1
1787837400000,494.69,497,490.12,495.555
1787838300000,495.97,499.895,495.41,499.27
1787839200000,499.14,504.035,498.6,503.454
1787840100000,504.01,505.49,503.46,505.115
1787841000000,505.02,505.34,502.72,504.5
1787841900000,504.49,505.05,502.535,502.73
1787842800000,502.745,503.765,502.275,502.933
1787843700000,503.015,503.595,499.96,500.275
1787844600000,500.279,500.78,498.065,498.945
1787845500000,498.92,499.86,498.2,499.415
1787846400000,499.45,501.019,498.685,500.935
1787847300000,501.021,502.56,501.021,502.351
1787848200000,502.353,504.63,502.353,504.106
1787849100000,504.145,504.555,503.485,504.1
1787850000000,504.11,504.63,504.014,504.54
1787850900000,504.535,504.69,503.32,503.32
1787851800000,503.4,505.89,503.31,505.81
1787852700000,505.87,505.94,503.85,504.17
1787853600000,504.172,504.44,501.457,501.54
1787854500000,501.535,503,501.401,502.455
1787855400000,502.58,503.06,502.06,502.265
1787856300000,502.255,504.55,502.224,504.45
1787857200000,504.442,505.57,504.265,505.37
1787858100000,505.32,506.41,505.08,505.5
1787859000000,505.47,506.2,504.635,505.185
1787859900000,505.25,506.04,504.505,504.979
1787860800000,504.97,505.841,504.196,504.498
1787861700000,504.499,504.501,503.593,503.735
1787862600000,503.735,504.199,503.708,503.8
1787863500000,503.51,503.818,503.32,503.51
1787864400000,503.32,503.665,503.18,503.354
1787865300000,503.353,503.475,503.13,503.269
1787866200000,503.4,503.75,503.181,503.63
1787867100000,503.73,503.73,503.295,503.469
1787868000000,503.469,503.608,503.201,503.548
1787868900000,503.556,503.658,503.3,503.493
1787869800000,503.49,503.719,503.415,503.49
1787870700000,503.505,503.624,503.345,503.54
1787871600000,503.54,503.728,503.475,503.544
1787872500000,503.538,503.6,503.452,503.515
1787873400000,503.515,503.539,503.4,503.49
1787874300000,503.49,503.49,503.01,503.19
1787875200000,503.42,504.11,502.78,503.99
1787876100000,503.99,504.17,503.86,504.09
1787877000000,503.9,503.97,503.6,503.8
1787877900000,503.81,503.93,503.56,503.72
1787878800000,503.71,504.49,503.62,504.29
1787879700000,504.27,504.49,504.24,504.38
1787880600000,504.29,504.5,504.21,504.24
1787881500000,504.26,504.73,504.24,504.58
1787882400000,504.71,504.9,504.54,504.77
1787883300000,504.76,505.07,504.75,504.84
1787884200000,504.79,504.85,504.49,504.49
1787885100000,504.6,504.77,504.07,504.59
1787886000000,504.51,504.92,504.04,504.43
1787886900000,504.72,505.12,504.72,505.11
1787887800000,505.1,505.11,504.5,504.55
1787888700000,504.55,504.68,504.45,504.61
1787889600000,504.54,504.6,504.3,504.6
1787890500000,504.46,504.58,504.45,504.58
1787891400000,504.57,504.57,504.41,504.41
1787892300000,504.48,504.53,504.4,504.53
1787893200000,504.48,504.49,504.07,504.16
1787894100000,504.12,504.26,504.08,504.2
1787895000000,504.21,504.37,503.81,503.99
1787895900000,503.99,504.25,503.75,503.75
1787896800000,503.8,503.98,503.74,503.94
1787897700000,503.89,503.96,503.68,503.81
1787898600000,503.8,504.22,503.76,504.04
1787899500000,504.07,504.1,503.49,503.85
1787900400000,503.93,504.49,503.8,504.22
1787901300000,504.24,504.43,504.21,504.37
1787902200000,504.37,504.43,504.2,504.39
1787903100000,504.35,504.84,504.23,504.23
1787904000000,504.16,504.795,503.087,504.68
1787904900000,504.52,504.52,504.225,504.41
1787905800000,504.382,504.41,504.175,504.296
1787906700000,504.295,504.539,504.275,504.39
1787907600000,504.35,504.535,504.325,504.35
1787908500000,504.42,504.535,504.357,504.42
1787909400000,504.4,504.4,503.926,503.926
1787910300000,504.01,504.105,503.88,504.01
1787911200000,503.88,503.88,503.475,503.605
1787912100000,503.619,503.69,503.52,503.52
1787913000000,503.52,503.719,503.24,503.24
1787913900000,503.24,503.55,502.556,503.061
1787914800000,502.96,503.34,502.82,502.99
1787915700000,503.27,503.734,503.27,503.715
1787916600000,503.717,504.215,503.717,504.136
1787917500000,504.136,504.323,503.665,504.247
1787918400000,504.27,505.076,504.224,505
1787919300000,505.077,505.791,505.077,505.526
1787920200000,505.81,506.03,505.525,505.8
1787921100000,506,506.299,505.651,505.651
1787922000000,505.648,506.164,505.26,505.26
1787922900000,505.44,505.625,504.206,504.3
1787923800000,505.34,511.905,504.965,511.55
1787924700000,511.62,513.14,509.74,509.99
1787925600000,510.01,511.2,508.2,508.41
1787926500000,508.3,511.29,508.3,510.68
1787927400000,510.65,512.59,510.32,512.26
1787928300000,512.27,515.45,512.114,515.22
1787929200000,514.94,516.29,514.2,514.72
1787930100000,514.831,515.73,514.57,515.333
1787931000000,515.32,515.86,514.296,514.531
1787931900000,514.87,515.35,514.08,514.61
1787932800000,514.6,517.11,514.215,516.75
1787933700000,516.74,516.955,515.315,516.48
1787934600000,516.555,517.75,516.01,516.864
1787935500000,516.84,517.432,516.32,516.965
1787936400000,516.78,517.453,515.81,517.415
1787937300000,517.44,517.68,516.41,517.14
1787938200000,517.264,517.58,515.6,515.643
1787939100000,515.647,516.47,515.29,515.815
1787940000000,515.84,516.3,514.79,514.945
1787940900000,514.89,515.52,514.38,514.69
1787941800000,514.69,515.23,514.21,514.925
1787942700000,514.93,515.02,513.89,513.89
1787943600000,513.895,514.75,513.52,514.343
1787944500000,514.35,514.375,512.985,513.249
1787945400000,513.24,514.495,512.845,513.95
1787946300000,513.905,514.445,512.865,513.66
1787947200000,513.35,513.738,513.023,513.35
1787948100000,513.034,513.334,513.026,513.159
1787949000000,513.16,513.48,512.733,512.733
1787949900000,513.43,513.555,512.724,513.43
1787950800000,513.01,513.4,512.891,513.4
1787951700000,513.303,513.303,512.745,512.853
1787952600000,512.71,512.922,512.536,512.59
1787953500000,512.645,512.744,512.599,512.696
1787954400000,512.695,512.739,512.55,512.55
1787955300000,512.55,512.55,512.275,512.42
1787956200000,512.42,512.42,512.2,512.3
1787957100000,512.3,512.474,512.129,512.245
1787958000000,512.245,512.295,512.136,512.295
1787958900000,512.295,512.37,512.23,512.369
1787959800000,512.383,512.938,512.383,512.93
1787960700000,512.93,513.185,512.906,513.15
1787964300000,513.46,513.46,513.46,513.46
1787984100000,513.51,513.51,513.51,513.51
1787989500000,513.58,513.91,513.58,513.91
1787991300000,513.91,513.91,513.91,513.91
1787995800000,513.91,513.91,513.43,513.43
1787997600000,513.43,513.91,513.39,513.91
1788001200000,513.91,513.91,513.91,513.91
1788004800000,513.91,513.91,513.46,513.46
1788007500000,513.91,513.91,513.91,513.91
1788012900000,513.46,513.46,513.46,513.46
1788013800000,513.91,513.91,513.91,513.91
1788015600000,513.46,513.91,513.46,513.46
1788017400000,513.47,513.47,513.46,513.46
1788018300000,513.91,513.91,513.91,513.91
1788019200000,513.91,513.91,513.31,513.91
1788021000000,513.91,513.91,513.91,513.91
1788026400000,513.91,513.91,513.91,513.91
1788033600000,513.91,513.91,513.91,513.91
1788034500000,513.52,513.52,513.52,513.52
1788037200000,513.91,513.91,513.91,513.91
1788071400000,513.52,513.91,513.09,513.91
1788077700000,513.91,514.17,513.91,514.17
1788083100000,514.09,514.29,514.09,514.29
1788093000000,514.31,514.43,514.31,514.43
1788095700000,514.53,514.66,514.21,514.21
1788098400000,514.51,514.51,514.21,514.21
1788100200000,514.51,514.51,514.51,514.51
1788104700000,514.55,514.55,514.55,514.55
1788105600000,514.62,514.69,514.62,514.69
1788106500000,514.71,515.03,514.39,515.03
1788107400000,515.06,515.06,514.64,514.64
1788116400000,515.06,515.06,515.06,515.06
1788124500000,514.91,515.06,514.91,515.06
1788127200000,514.91,514.91,513.34,513.34
1788129900000,513.72,513.91,513.72,513.91
1788134400000,512.12,512.29,509.32,510.59
1788135300000,510.49,511.29,510.26,510.64
1788136200000,510.73,510.78,510.35,510.41
1788137100000,510.41,510.42,509.77,509.77
1788138000000,509.78,510.06,509.24,509.7
1788138900000,509.65,510.07,509.49,509.62
1788139800000,509.72,509.98,509.5,509.75
1788140700000,509.74,510.08,509.73,510.08
1788141600000,509.85,510.67,509.55,510.67
1788142500000,510.67,511.57,510.25,510.88
1788143400000,510.89,511.04,510.19,510.23
1788144300000,510.22,510.43,510.18,510.42
1788145200000,510.5,511.04,510.25,510.38
1788146100000,510.31,510.66,510.29,510.31
1788147000000,510.31,510.7,509.73,510.24
1788147900000,510.07,510.64,509.74,510.64
1788148800000,510.43,510.71,510.17,510.51
1788149700000,510.59,510.8,510.49,510.7
1788150600000,510.63,511.09,510.38,510.97
1788151500000,510.87,511.32,510.51,511
1788152400000,510.99,511.81,510.94,511.37
1788153300000,511.28,511.76,511.27,511.69
1788154200000,511.71,511.71,509.69,509.69
1788155100000,509.78,510.22,509.76,510.2
1788156000000,510.23,510.3,509.99,510.3
1788156900000,510.43,510.69,510.29,510.5
1788157800000,510.39,510.63,510.33,510.46
1788158700000,510.46,511.88,510.16,511.75
1788159600000,511.76,511.76,510.41,510.42
1788160500000,510.57,511.05,510.34,510.81
1788161400000,510.81,510.81,510.46,510.46
1788162300000,510.48,513.15,510.4,510.99
1788163200000,513.15,513.15,510.09,510.188
1788164100000,510.183,510.183,509.935,509.935
1788165000000,509.935,509.935,509.515,509.606
1788165900000,509.605,509.605,509.428,509.515
1788166800000,509.515,509.6,509.415,509.443
1788167700000,509.442,509.839,509.385,509.54
1788168600000,509.54,510.07,509.54,510.07
1788169500000,510.07,510.07,509.841,510.07
1788170400000,510.07,510.07,509.855,509.924
1788171300000,509.926,510.125,509.855,509.966
1788172200000,509.961,510.2,509.91,509.95
1788173100000,509.95,510.144,509.95,510.144
1788174000000,510.21,510.5,509.775,510.39
1788174900000,509.58,510.558,509.56,509.56
1788175800000,509.5,509.923,508.41,509.01
1788176700000,508.59,508.86,508.501,508.59
1788177600000,508.99,509.084,508.32,509
1788178500000,509.01,509.153,508.602,509.01
1788179400000,508.885,508.974,508.386,508.435
1788180300000,508.26,509.1,508.24,508.36
1788181200000,509.049,509.697,509.049,509.43
1788182100000,510.99,511.694,508.835,510.99
1788183000000,510.33,511.36,507.41,509.36
1788183900000,509.34,511.025,508.49,508.954
1788184800000,508.995,509.13,507.51,508.01
1788185700000,508.12,509.5,507.5,509.31
1788186600000,509.23,509.67,508.765,509.58
1788187500000,509.315,510.935,509.215,510.895
1788188400000,510.9,512.185,510.46,511.19
1788189300000,511.05,511.875,510.4,510.8
1788190200000,510.7,511.27,510.01,511.01
1788191100000,511.005,511.082,509.84,509.86
1788192000000,509.856,510.58,509.272,510.52
1788192900000,510.525,510.834,510.221,510.611
1788193800000,510.63,510.91,509.51,510.6
1788194700000,510.615,511.71,510.51,511.465
1788195600000,511.32,511.425,510.87,511.1
1788196500000,511.17,511.48,510.43,510.43
1788197400000,510.57,510.805,510.07,510.64
1788198300000,510.67,511.206,510.6,511.02
1788199200000,510.94,511.76,510.586,511.65
1788200100000,511.72,512.19,510.869,510.92
1788201000000,510.9,511.045,509.755,510.181
1788201900000,510.18,511.23,509.9,511.04
1788202800000,511.035,511.347,510.38,511.09
1788203700000,511.085,511.215,509.88,510.605
1788204600000,510.57,510.57,508.96,509.97
1788205500000,509.885,510.32,506.39,507.143
1788206400000,507.41,507.806,506.975,507.41
1788207300000,507.254,507.637,507.155,507.637
1788208200000,507.5,508.123,507.4,507.5
1788209100000,507.93,507.93,507.301,507.5
1788210000000,507.5,507.72,507.45,507.65
1788210900000,507.616,507.616,507.401,507.525
1788211800000,507.525,507.531,507.492,507.525
1788212700000,507.51,507.789,507.459,507.65
1788213600000,507.634,507.677,507.443,507.46
1788214500000,507.459,507.7,507.301,507.687
1788215400000,507.689,507.733,507.465,507.48
1788216300000,507.4,507.582,507.359,507.4
1788217200000,507.575,507.575,507.465,507.465
1788218100000,507.465,507.581,507.331,507.515
1788219000000,507.515,507.6,507.375,507.49
1788219900000,507.487,507.984,507.487,507.76
1788220800000,508.37,508.8,507.35,507.76
1788221700000,507.86,508.09,507.42,507.42
1788222600000,507.58,508,507.46,507.72
1788223500000,507.74,507.92,507.5,507.62
1788224400000,507.62,507.71,506.99,507
1788225300000,507.16,507.31,507.01,507.01
1788226200000,507.09,507.37,506.99,507.27
1788227100000,507.28,507.4,507.16,507.34
1788228000000,507.24,507.32,506.92,507
1788228900000,506.97,507.05,506.67,506.75
1788229800000,506.75,506.89,506.52,506.56
1788230700000,506.54,506.9,506.52,506.86
1788231600000,506.88,506.88,506.66,506.75
1788232500000,506.75,506.75,506.38,506.57
1788233400000,506.4,506.57,506.27,506.44
1788234300000,506.32,506.48,506.32,506.44
1788235200000,506.41,506.5,506.11,506.3
1788236100000,506.31,506.34,506,506
1788237000000,505.99,506,505.8,505.96
1788237900000,505.96,506.01,505.76,505.93
1788238800000,505.72,506.21,505.61,506.18
1788239700000,506.21,506.21,505.87,505.99
1788240600000,505.99,506.12,505.67,505.91
1788241500000,505.97,506.76,505.83,506.65
1788242400000,506.73,506.86,505.85,505.85
1788243300000,505.77,506.09,505.61,506.03
1788244200000,506.1,506.32,506.03,506.28
1788245100000,506.3,506.51,506.07,506.21
1788246000000,506.22,506.47,505.64,505.88
1788246900000,505.73,505.89,505.64,505.71
1788247800000,505.71,505.73,504.75,504.97
1788248700000,504.71,505.59,504.17,505.35
1788249600000,505.18,507.76,504.73,504.73
1788250500000,503.41,505.765,503.094,503.41
1788251400000,503.498,503.55,502.611,502.779
1788252300000,502.785,502.891,502.022,502.25
1788253200000,502.25,502.25,501.4,501.59
1788254100000,501.51,501.778,501.06,501.06
1788255000000,501.231,501.25,500.848,501.1
1788255900000,501.43,501.533,500.785,501.43
1788256800000,501.12,501.525,501.12,501.525
1788257700000,501.522,502.625,501.511,502.395
1788258600000,502.395,502.5,502.395,502.395
1788259500000,502.16,502.435,501.85,502.16
1788260400000,501.21,501.87,500.695,501.21
1788261300000,501.321,501.945,501.135,501.39
1788262200000,502.05,502.608,501.288,502.51
1788263100000,502.54,502.715,502.125,502.5
1788264000000,501.5,502.399,501.004,501.5
1788264900000,501.37,501.87,501.177,501.5
1788265800000,500.99,501.724,500.203,500.21
1788266700000,500.61,500.837,500.226,500.61
1788267600000,500.51,501.59,500.197,501.59
1788268500000,500.52,501.667,496.841,497.83
1788269400000,497.835,504.61,497.06,503.623
1788270300000,503.618,505.9,501.263,502.454
1788271200000,502.42,504.5,502.015,503.84
1788272100000,503.81,504.76,503.463,504.32
1788273000000,504.18,504.48,503.31,503.49
1788273900000,503.64,503.64,501.45,501.45
1788274800000,501.608,501.843,499.93,500.42
1788275700000,500.395,501.63,500.394,501.188
1788276600000,501.24,501.305,500.695,501.03
1788277500000,500.94,501.315,500.575,500.82
1788278400000,500.99,501.09,499.9,499.93
1788279300000,499.73,500.945,499.43,500.715
1788280200000,500.83,500.83,499.32,499.55
1788281100000,499.44,501.06,499.02,500.89
1788282000000,500.91,500.949,500.03,500.87
1788282900000,500.81,501.21,500.26,501.08
1788283800000,500.98,501.707,500.9,501.298
1788284700000,501.299,502.07,501.09,501.409
1788285600000,501.63,501.805,500.711,500.76
1788286500000,500.725,501.5,500.532,501.2
1788287400000,501.31,501.385,500.094,500.37
1788288300000,500.44,501.33,500.326,500.95
1788289200000,500.84,501.455,500.645,500.935
1788290100000,500.96,501.15,500.607,500.93
1788291000000,500.905,501.65,500.545,500.755
1788291900000,500.72,501.2,500.085,501.2
1788292800000,501.017,501.385,500.406,501.15
1788293700000,501.154,501.2,500.682,500.885
1788294600000,500.885,501.3,500.713,501.005
1788295500000,501.005,501.305,501.005,501.305
1788296400000,501.305,501.375,501.162,501.324
1788297300000,501.325,501.5,501.25,501.305
1788298200000,501.305,501.305,500.79,501.125
1788299100000,501.125,501.125,500.651,500.79
1788300000000,500.79,501.3,500.702,500.74
1788300900000,500.74,500.999,500.7,500.92
1788301800000,500.922,501.084,500.74,501.03
1788302700000,501.17,501.17,500.656,501.17
1788303600000,500.895,500.895,500.73,500.73
1788304500000,500.73,501,500.7,500.975
1788305400000,501.01,501.11,500.747,501.01
1788306300000,500.977,501,500.7,500.91
1788307200000,500.4,500.95,499.84,500.95
1788308100000,500.96,501.04,500.64,500.68
1788309000000,500.68,500.74,500.55,500.55
1788309900000,500.79,500.86,500.7,500.7
1788310800000,500.71,500.71,500.22,500.34
1788311700000,500.28,500.72,500.2,500.39
1788312600000,500.29,500.54,499.7,499.7
1788313500000,499.54,499.63,499.48,499.6
1788314400000,499.67,499.76,498.81,499.09
1788315300000,499.31,499.44,499.31,499.42
1788316200000,499.42,499.43,499.26,499.29
1788317100000,499.36,499.5,499.35,499.49
1788318000000,499.43,499.53,499.4,499.53
1788318900000,499.56,499.58,499.46,499.48
1788319800000,499.46,499.46,499.3,499.33
1788320700000,499.32,499.33,499,499.18
1788321600000,499.16,499.19,498.79,498.82
1788322500000,498.99,499.32,498.85,499.29
1788323400000,499.26,499.28,498.82,498.82
1788324300000,498.96,499.08,498.8,498.98
1788325200000,498.97,498.97,498.83,498.84
1788326100000,498.82,499.36,498.82,499.09
1788327000000,499.38,499.51,498.86,499.09
1788327900000,499.04,499.15,498.9,499.05
1788328800000,498.82,499.01,498.48,498.81
1788329700000,498.75,499.09,498.3,498.51
1788330600000,498.52,498.66,498.39,498.66
1788331500000,498.65,498.79,498.5,498.69
1788332400000,498.69,498.99,498.12,498.83
1788333300000,498.61,498.73,498.48,498.5
1788334200000,498.67,498.71,498.34,498.5
1788335100000,498.41,498.53,498.02,498.52
1788336000000,500.575,500.575,497.318,497.333
1788336900000,497.48,497.879,497.13,497.13
1788337800000,497.293,497.925,497.156,497.602
1788338700000,497.601,497.601,496.865,496.99
1788339600000,497.08,497.243,496.729,497.08
1788340500000,497.165,497.5,496.75,496.75
1788341400000,496.75,497.25,496.136,496.136
1788342300000,496.135,496.538,496.101,496.25
1788343200000,496.25,496.5,495.695,495.894
1788344100000,495.877,497.639,495.553,496.94
1788345000000,496.94,497.935,496.711,496.835
1788345900000,497,497.4,496.835,497
1788346800000,497,498.307,496.52,497.59
1788347700000,498.277,498.393,497.695,498.289
1788348600000,498.289,498.939,498.017,498.556
1788349500000,498.555,498.897,498.43,498.835
1788350400000,498.835,499.337,498.767,499.289
1788351300000,499.51,499.69,499.187,499.69
1788352200000,499.29,499.584,498.9,499.15
1788353100000,499.05,500.794,499.05,500.021
1788354000000,499.9,500.28,499.399,499.51
1788354900000,499.8,500.234,498.61,499.01
1788355800000,499.79,500.25,495.36,496.46
1788356700000,496.64,499.34,496.52,498.42
1788357600000,498.52,498.97,497.22,498.891
1788358500000,498.888,498.908,497.5,497.748
1788359400000,497.545,497.95,496.558,497.91
1788360300000,497.945,498.734,497.59,498.39
1788361200000,498.37,498.629,496.376,497.08
1788362100000,497.045,497.94,496.5,497.13
1788363000000,497.09,497.201,495.285,495.58
1788363900000,495.495,495.497,493.94,494.76
1788364800000,494.715,495.18,494.425,494.425
1788365700000,494.42,494.64,493.82,494.18
1788366600000,494.26,494.965,493.876,494.56
1788367500000,494.6,496.235,494.556,495.815
1788368400000,496.07,496.95,495.75,496.53
1788369300000,496.39,496.65,495.638,496.43
1788370200000,496.51,497,496.33,496.89
1788371100000,496.95,497.83,496.42,497.645
1788372000000,497.69,497.753,496.1,496.13
1788372900000,496.17,497.02,495.905,496.11
1788373800000,496.075,496.52,495.135,495.201
1788374700000,495.21,495.497,494.863,495.29
1788375600000,495.445,496.435,495.248,496.41
1788376500000,496.405,497.41,496.23,497.26
1788377400000,497.2,497.325,496.387,497.29
1788378300000,497.3,497.44,496.4,496.75
1788379200000,497.01,497.69,495.836,497.69
1788380100000,497.5,498.3,497.25,498
1788381000000,498.4,498.4,497.768,497.99
1788381900000,498.015,498.6,498.015,498.6
1788382800000,498.6,498.675,498.202,498.6
1788383700000,499,499.155,497.61,499
1788384600000,497.675,497.728,497.41,497.705
1788385500000,497.705,497.999,497.701,497.8
1788386400000,497.8,497.83,497.71,497.825
1788387300000,497.825,498.17,497.825,498.085
1788388200000,498.085,498.365,498,498.365
1788389100000,498.28,498.71,498.136,498.28
1788390000000,498.364,498.365,497.857,497.857
1788390900000,497.856,498.109,497.666,498.108
1788391800000,497.96,498.11,497.75,497.96
1788392700000,497.965,498.5,497.855,497.855
1788393600000,497.74,497.98,496.92,497.39
1788394500000,497.34,497.41,496.81,497.03
1788395400000,497.09,497.14,496.81,496.89
1788396300000,496.97,497.2,496.91,497.1
1788397200000,497.2,497.26,497.13,497.16
1788398100000,497.09,497.45,496.82,496.99
1788399000000,497.26,497.43,496.85,496.99
1788399900000,497.01,497.01,496.51,496.51
1788400800000,496.58,497.04,496.51,496.99
1788401700000,497.01,497.44,497.01,497.2
1788402600000,497.23,497.27,497.02,497.02
1788403500000,497,497.26,496.9,497.13
1788404400000,497.13,497.45,497.07,497.45
1788405300000,497.51,497.99,497.51,497.7
1788406200000,497.85,497.88,497.19,497.56
1788407100000,497.51,497.51,497.32,497.32
1788408000000,497.44,497.45,497.32,497.39
1788408900000,497.4,497.9,497.4,497.64
1788409800000,497.79,497.93,497.64,497.7
1788410700000,497.74,497.79,497,497
1788411600000,497.01,497.01,496.35,496.35
1788412500000,496.38,496.43,495.6,495.64
1788413400000,495.84,496.47,495.26,496.3
1788414300000,496.24,497.25,496.23,496.59
1788415200000,496.9,497,496.7,496.72
1788416100000,496.63,496.8,496.63,496.69
1788417000000,496.74,497.28,496.7,497.13
1788417900000,496.98,497.44,496.95,497.42
1788418800000,497.43,498.53,497.42,497.57
1788419700000,497.51,497.79,497.51,497.79
1788420600000,497.74,498.43,497.58,498.43
1788421500000,498.15,498.15,496.49,497.18
1788422400000,497.855,498.585,496.113,498.495
1788423300000,498.495,498.99,498.495,498.975
1788424200000,498.975,499.595,498.7,498.705
1788425100000,498.705,499.309,498.705,499.301
1788426000000,499.301,499.786,499.3,499.73
1788426900000,499.73,499.816,499.598,499.686
1788427800000,499.676,500.524,498.851,499.199
1788428700000,499.2,499.543,498.692,498.97
1788429600000,498.941,498.98,498.5,498.5
1788430500000,498.5,498.69,498.132,498.2
1788431400000,498.2,498.2,497.165,498.025
1788432300000,498.025,498.194,497.955,498.025
1788433200000,498.021,500.061,497.568,499.876
1788434100000,499.872,500.139,499.425,499.721
1788435000000,499.722,500.75,499.499,499.8
1788435900000,499.8,500,499.3,499.715
1788436800000,499.762,500.039,499.381,499.874
1788437700000,499.875,500.434,499.612,500.291
1788438600000,500.29,501.975,500.29,500.99
1788439500000,501.007,501.165,500.595,501.024
1788440400000,501.013,501.013,500.185,500.798
1788441300000,500.799,501.747,500.01,501.747
1788442200000,501.39,511.635,501.39,510.6
1788443100000,510.66,512.37,510.48,511.477
1788444000000,511.59,512.855,510.53,512.767
1788444900000,512.783,512.89,509.93,510.161
1788445800000,510.155,511.3,508.716,508.912
1788446700000,508.97,509.915,507.78,509.876
1788447600000,509.877,512.25,509.61,512.21
1788448500000,512.29,513.21,512.04,512.723
1788449400000,512.718,513.33,512.11,512.745
1788450300000,512.742,514.85,512.64,514.67
1788451200000,514.7,514.965,512.9,513.875
1788452100000,513.879,513.89,512.21,512.258
1788453000000,512.242,512.48,511.93,512.003
1788453900000,512.01,512.145,510.882,511.097
1788454800000,511.05,511.125,510.378,511.034
1788455700000,511.07,511.315,509.724,510.048
1788456600000,510.053,510.28,509.645,510.206
1788457500000,510.202,511.645,510.169,510.974
1788458400000,510.985,515.21,510.985,514.616
1788459300000,514.61,515.54,514.11,514.741
1788460200000,514.74,514.74,513.03,513.294
1788461100000,513.295,513.575,511.99,512.253
1788462000000,512.262,512.53,510.99,511.311
1788462900000,511.312,512.26,510.875,511.334
1788463800000,511.332,511.333,510.39,510.414
1788464700000,510.35,511.23,509.61,509.924
1788465600000,509.948,510.173,509.568,509.6
1788466500000,509.6,509.785,509.211,509.376
1788467400000,509.375,509.814,509.375,509.695
1788468300000,509.695,509.798,509.34,509.4
1788469200000,509.4,509.575,509.249,509.401
1788470100000,509.401,509.623,509.4,509.5
1788471000000,509.5,509.7,509.5,509.69
1788471900000,509.69,509.695,509.69,509.695
1788472800000,509.695,509.695,509.366,509.37
1788473700000,509.37,509.52,509.311,509.374
1788474600000,509.375,509.375,509.25,509.33
1788475500000,509.337,509.445,509.276,509.372
1788476400000,509.376,509.433,509.227,509.245
1788477300000,509.245,509.4,509.225,509.245
1788478200000,509.245,509.598,509.245,509.43
1788479100000,509.43,509.8,509.414,509.649
1788480000000,509.647,509.66,509.39,509.4
1788480900000,509.41,509.52,509.25,509.25
1788481800000,509.22,509.26,508.29,508.88
1788482700000,509.02,509.13,508.78,509.12
1788483600000,509.04,509.18,508.89,508.99
1788484500000,508.99,509.02,508.87,508.99
1788485400000,509.08,509.68,509.05,509.64
1788486300000,509.61,509.89,509.55,509.88
1788487200000,509.96,510.24,509.78,509.78
1788488100000,509.95,510.14,509.95,510.11
1788489000000,510.09,510.22,510.01,510.21
1788489900000,510.11,510.24,509.98,510.1
1788490800000,510.09,510.09,509.91,509.99
1788491700000,510.02,510.18,510.02,510.1
1788492600000,510.1,510.19,510.01,510.07
1788493500000,510.02,510.16,510.01,510.13
1788494400000,510.1,510.1,509.88,509.94
1788495300000,509.93,510.13,509.79,509.96
1788496200000,510.09,510.19,509.75,509.75
1788497100000,509.76,509.86,509.6,509.61
1788498000000,509.66,509.71,509.22,509.31
1788498900000,509.32,509.62,509.19,509.53
1788499800000,509.54,509.54,509.4,509.44
1788500700000,509.48,509.56,509.42,509.46
1788501600000,509.42,509.83,509.4,509.7
1788502500000,509.71,510,509.66,509.9
1788503400000,509.78,509.78,509.54,509.54
1788504300000,509.82,509.82,509.56,509.73
1788505200000,509.75,509.89,509.58,509.88
1788506100000,509.86,509.86,509.46,509.49
1788507000000,509.49,509.63,509.37,509.56
1788507900000,509.41,509.54,509.22,509.22
1788508800000,509.601,509.601,507.652,507.7
1788509700000,507.7,508.495,507.7,508.495
1788510600000,508.496,508.824,508.27,508.5
1788511500000,508.5,508.834,508.5,508.741
1788512400000,508.742,508.75,507.99,508.015
1788513300000,508.015,508.44,507.715,507.8
1788514200000,507.827,508.19,507.827,508.175
1788515100000,508.175,508.175,507.72,507.825
1788516000000,507.827,508.055,507.741,507.981
1788516900000,507.98,508.55,507.98,508.485
1788517800000,508.485,508.505,507.965,508.39
1788518700000,508.408,508.755,508.254,508.75
1788519600000,508.792,509.459,508.5,508.942
1788520500000,508.941,509.456,508.727,508.929
1788521400000,508.908,509.26,508.525,509.2
1788522300000,509.176,509.26,508.63,508.63
1788523200000,508.63,508.63,507.402,507.93
1788524100000,507.93,508.86,507.602,508.86
1788525000000,508.77,509.81,507.201,507.928
1788525900000,507.906,507.948,507.222,507.829
1788526800000,507.829,508.449,507.24,508.449
1788527700000,507.8,510.6,507,509.91
1788528600000,510,510.2,504,504.75
1788529500000,504.88,504.97,502.81,504.67
1788530400000,504.615,504.79,502.71,503.1
1788531300000,503.145,503.502,501.49,501.685
1788532200000,501.735,502.795,501.44,501.8799
1788533100000,501.84,502.595,501.36,501.757
1788534000000,501.865,501.9,500.46,500.61
1788534900000,500.59,501.15,500.1201,500.945
1788535800000,500.99,500.99,499.65,500.77
1788536700000,500.74,501.2,499.8901,501.01
1788537600000,501.01,501.4,500.4685,501.2429
1788538500000,501.26,501.49,500.5701,501.12
1788539400000,501.084,501.73,500.91,501.2
1788540300000,501.2699,501.27,500.3,500.3402
1788541200000,500.36,501,499.94,500.96
1788542100000,500.96,501.16,500.5762,500.905
1788543000000,500.905,500.91,500.08,500.19
1788543900000,500.225,501.19,500.1501,500.62
1788544800000,500.675,500.9,499.8,500.28
1788545700000,500.29,500.4614,499.77,499.9
1788546600000,499.91,500.59,499.7,500.4901
1788547500000,500.57,500.855,500.26,500.72
1788548400000,500.66,500.9099,499.88,500.425
1788549300000,500.44,500.44,499.86,500.02
1788550200000,500.025,500.05,499.43,499.83
1788551100000,499.81,500.68,499.47,499.7
1788552000000,499.6232,499.89,499.36,499.5986
1788552900000,499.7,499.9,499.4995,499.51
1788553800000,499.65,499.7,499.28,499.69
1788554700000,499.6,499.69,496.5975,499.43
1788555600000,499.4,499.44,499.1987,499.28
1788556500000,499.1992,499.69,499,499.44
1788557400000,499.6752,499.69,499.1,499.413
1788558300000,499.5,499.5,499.4,499.48
1788559200000,499.45,499.5,499.4,499.45
1788560100000,499.39,499.62,499.1075,499.5
1788561000000,499.62,499.62,499.4055,499.5295
1788561900000,499.6,499.62,499.41,499.56
1788562800000,499.6,499.62,499.4152,499.62
1788563700000,499.5901,499.62,499.4152,499.62
1788564600000,499.6107,499.62,499.5025,499.59
1788565500000,499.6,499.62,499.4,499.6199
1788569100000,499.53,499.53,499.53,499.53
1788586200000,499.53,499.53,498.33,498.59
1788592500000,498.87,498.9,498.87,498.9
1788595200000,498.25,498.36,498.25,498.36
1788596100000,498.19,498.19,498.19,498.19
1788597900000,498.28,498.95,498.28,498.95
1788600600000,498.36,498.36,498.36,498.36
1788613200000,498.36,498.95,498.36,498.95
1788615000000,498.93,499.53,498.3,499.53
1788618600000,499.53,499.68,499.53,499.53
1788621300000,499.78,499.78,499.78,499.78
1788623100000,499.78,499.78,499.78,499.78
1788627600000,499.79,499.79,499.79,499.79
1788631200000,499.53,499.53,499.53,499.53
1788638400000,499.83,499.83,499.83,499.83
1788649200000,499.83,501.37,499.83,501.37
1788651900000,501.29,501.31,501.29,501.31
1788676200000,501.4,501.4,501.4,501.4
1788705000000,501.4,501.4,501.4,501.4
1788709500000,501.4,501.5,500.93,501.19
1788710400000,501.69,501.69,500.53,501.27
1788711300000,501.17,501.17,501.17,501.17
1788716700000,501.36,501.36,500.95,500.95
1788720300000,500.95,500.95,500.95,500.95
1788721200000,500.95,501.28,500.95,501.28
1788737400000,501.28,501.28,500.8,500.84
1788740100000,500.84,500.84,498.74,498.74
1788750900000,500.12,500.18,500.12,500.18
1788791400000,500.25,500.25,498.69,498.69
1788793200000,498.59,498.59,498.26,498.26
1788795900000,498.84,498.84,497.87,497.87
1788796800000,497.78,497.78,497.77,497.77
1788801300000,497.93,497.93,497.93,497.93
1788803100000,497.93,497.93,497.93,497.93
1788806700000,497.93,497.93,497.93,497.93
1788811200000,497.99,497.99,497.99,497.99
1788825600000,499.23,499.23,494.25,495.54
1788826500000,495.51,496.8,494.32,496.35
1788827400000,496.17,497.35,495.75,496.96
1788828300000,496.74,496.79,495.81,495.81
1788829200000,495.91,496.41,495.5,496.17
1788830100000,496.11,497.03,496.02,497.03
1788831000000,496.84,497.52,496.84,497.41
1788831900000,497.11,497.84,497.06,497.84
1788832800000,497.84,498.1,497.27,497.28
1788833700000,497.43,497.99,497.25,497.5
1788834600000,497.49,497.49,497.2,497.25
1788835500000,497.29,497.29,496.2,496.4
1788836400000,496.48,497.23,496.31,497.07
1788837300000,497.24,497.25,496.65,497.24
1788838200000,497.24,497.24,496.64,496.76
1788839100000,496.76,497.16,496.51,496.75
1788840000000,496.86,496.96,496.51,496.76
1788840900000,496.92,497.58,496.75,497.53
1788841800000,497.52,497.96,497.3,497.8
1788842700000,497.78,497.78,497.29,497.44
1788843600000,497.44,497.49,497.01,497.27
1788844500000,497.25,497.41,496.84,496.84
1788845400000,496.85,497.09,496.31,496.39
1788846300000,496.45,496.45,495.75,496.04
1788847200000,495.96,496.21,495.6,496.2
1788848100000,496.27,496.99,496.2,496.67
1788849000000,496.44,497.04,495.86,497.03
1788849900000,497.18,497.55,496.34,496.57
1788850800000,496.5,497.4,496.5,496.79
1788851700000,496.79,496.96,496.25,496.37
1788852600000,496.39,496.39,495.7,495.76
1788853500000,495.9,495.99,495.56,495.99
1788854400000,496.125,498,495.41,497
1788855300000,496.9,497.2,496.44,496.83
1788856200000,496.5012,497,496.501,496.88
1788857100000,496.86,497.504,496.076,496.6666
1788858000000,496.67,496.92,496.12,496.5
1788858900000,496.5,496.8388,496.183,496.6681
1788859800000,496.56,496.8488,496.0112,496.8488
1788860700000,496.52,496.92,496.52,496.909
1788861600000,496.9,497.3788,496.7,497
1788862500000,496.95,497.7,496.45,496.64
1788863400000,496.53,497.1015,496.3033,496.9488
1788864300000,496.95,496.973,496,496
1788865200000,496.17,496.42,495.26,495.3784
1788866100000,495.39,496.28,495.15,495.73
1788867000000,495.6168,496.28,495.54,496.064
1788867900000,496.0711,496.44,495.78,496.4
1788868800000,496.34,496.94,496.1,496.11
1788869700000,496.11,498.451,496.11,496.7387
1788870600000,496.57,497.2396,495.62,495.991
1788871500000,496,496.17,495.13,495.4
1788872400000,495.2,496,494.65,494.9312
1788873300000,494.94,495.235,492.4,493.41
1788874200000,493.01,495.19,491.3,493.025
1788875100000,492.95,493.73,491.2,492.96
1788876000000,492.89,493.07,491.18,491.51
1788876900000,491.545,492.97,490.19,490.5159
1788877800000,490.46,492.6,490.25,492.305
1788878700000,492.35,492.68,491.52,492.04
1788879600000,492.08,493.63,491.9901,493.37
1788880500000,493.32,494.14,492.4,493.08
1788881400000,493.11,493.34,492.53,493
1788882300000,493.06,493.14,492.55,492.71
1788883200000,492.71,493.1999,492.25,492.4449
1788884100000,492.5,492.56,491.13,491.295
1788885000000,491.29,491.97,491.2,491.8701
1788885900000,491.91,492.1099,491.2,491.5981
1788886800000,491.575,492.925,491.57,492.57
1788887700000,492.5651,492.88,491.8,492.33
1788888600000,492.3,492.6,492.17,492.26
1788889500000,492.26,492.9,492.24,492.51
1788890400000,492.55,492.724,492.21,492.34
1788891300000,492.37,492.49,491.62,491.91
1788892200000,491.95,492,491.34,491.8253
1788893100000,491.85,491.95,490.15,491.2421
1788894000000,491.21,492.33,491.18,492.21
1788894900000,492.19,493.08,492,493.08
1788895800000,493.055,493.8999,492.84,493.66
1788896700000,493.65,494.175,493,493.95
1788897600000,494.02,494.69,493.25,493.81
1788898500000,493.95,494.05,493.26,493.85
1788899400000,493.664,494.02,492.96,493.86
1788900300000,493.81,494.03,493.5,493.5
1788901200000,493.6,493.9988,493.4,493.57
1788902100000,493.5629,493.8,493.1588,493.5887
1788903000000,493.56,493.7945,493.1588,493.67
1788903900000,493.65,493.7,493.5,493.59
1788904800000,493.55,493.6727,493,493.6
1788905700000,493.6,493.9138,493.4137,493.8398
1788906600000,493.84,494.02,493.549,493.8635
1788907500000,493.86,493.9965,493.83,493.84
1788908400000,493.844,493.92,493.39,493.64
1788909300000,493.63,493.75,493.04,493.4245
1788910200000,493.12,493.35,493.12,493.21
1788911100000,493.21,493.403,492.92,493.25
1788912000000,493.63,494.06,493.43,493.83
1788912900000,493.83,493.98,493.61,493.98
1788913800000,493.91,493.91,493.7,493.72
1788914700000,493.84,494.18,493.78,494.09
1788915600000,494.2,494.37,494.18,494.2
1788916500000,494.19,494.29,494.06,494.1
1788917400000,494.18,494.46,494.07,494.37
1788918300000,494.45,494.75,494.36,494.54
1788919200000,494.61,494.8,494.54,494.58
1788920100000,494.63,494.83,494.57,494.76
1788921000000,494.76,494.86,494.63,494.63
1788921900000,494.6,494.66,494.31,494.5
1788922800000,494.5,494.5,494.35,494.38
1788923700000,494.5,494.76,494.41,494.76
1788924600000,494.68,494.74,494.58,494.63
1788925500000,494.67,494.69,494.51,494.6
1788926400000,494.55,494.74,494.46,494.47
1788927300000,494.47,494.59,494.4,494.4
1788928200000,494.36,494.64,494.31,494.59
1788929100000,494.62,494.84,494.62,494.8
1788930000000,494.79,494.82,494.63,494.75
1788930900000,494.74,494.74,494.62,494.69
1788931800000,494.69,494.72,494.52,494.66
1788932700000,494.62,494.83,494.57,494.83
1788933600000,494.87,494.9,494.59,494.66
1788934500000,494.73,494.92,494.64,494.64
1788935400000,494.72,495,494.61,494.96
1788936300000,494.96,495.04,494.3,494.3
1788937200000,494.26,494.79,494.2,494.5
1788938100000,494.24,494.5,494.17,494.41
1788939000000,494.43,494.55,494.26,494.38
1788939900000,494.3,494.37,493.74,493.8
1788940800000,494.19,495.06,493.3662,493.9675
1788941700000,494.23,494.6345,493.9575,493.96
1788942600000,494.06,494.65,494,494
1788943500000,493.96,494.65,493.96,494.6325
1788944400000,494.44,494.65,494,494.41
1788945300000,494.27,494.6488,494,494.2
1788946200000,494.2,494.4713,494.0475,494.4286
1788947100000,494.4875,494.5,493.7,493.99
1788948000000,493.77,494.44,493.7,494
1788948900000,494.32,494.44,493.7867,494.05
1788949800000,493.81,494.44,493.7,493.7
1788950700000,493.94,494,493.23,493.36
1788951600000,493.53,494.38,493.07,494.33
1788952500000,494.33,494.49,493.66,494.45
1788953400000,494,494.4388,493.66,493.9145
1788954300000,493.6612,494.5,493.2,493.48
1788955200000,493.81,494.33,493,493.02
1788956100000,493.06,493.52,493,493.15
1788957000000,493.08,493.8,493.08,493.59
1788957900000,493.74,494.39,493.5,493.8324
1788958800000,493.92,494.55,493.41,494.4
1788959700000,494.43,494.55,492.26,492.5
1788960600000,493.07,494.26,491.14,492.68
1788961500000,492.59,494.39,491.5,491.655
1788962400000,491.74,492.4,490.52,490.8892
1788963300000,490.85,492.26,489.8,492.1308
1788964200000,492.16,493.69,491.45,493.1094
1788965100000,493.08,493.71,492.89,493.4323
1788966000000,493.49,493.8,491.59,491.7501
1788966900000,491.804,492.38,491.54,492.14
1788967800000,492.14,493.14,491.45,491.7989
1788968700000,491.805,492.27,491.226,492.14
1788969600000,492.085,492.37,491.42,491.545
1788970500000,491.536,491.66,491.1,491.52
1788971400000,491.5,492.13,491.38,492.105
1788972300000,492.11,493.415,492.07,493.216
1788973200000,493.2514,493.56,492.465,492.76
1788974100000,492.77,493.165,492.7,493.105
1788975000000,493.11,493.3817,492.5,493.04
1788975900000,493.07,493.34,492.65,493.07
1788976800000,493.07,493.27,492.09,492.115
1788977700000,492.1,492.59,491.9,492.46
1788978600000,492.46,492.6,491.8,492.2454
1788979500000,492.25,492.42,491.73,491.96
1788980400000,491.97,492.07,491.355,491.39
1788981300000,491.42,491.9906,491.11,491.715
1788982200000,491.75,491.8699,491.17,491.38
1788983100000,491.37,491.94,490.89,491.65
1788984000000,491.81,492.1,491.01,492.1
1788984900000,492,492.1,491.39,491.705
1788985800000,491.79,492.08,491.51,491.85
1788986700000,492,492.33,491.51,492.18
1788987600000,492.05,492.2,488.7695,492.005
1788988500000,492.0296,492.2,488.7695,492.11
1788989400000,492,492.15,492,492.08
1788990300000,492.08,492.1462,492,492.0006
1788991200000,492.01,492.28,492,492.07
1788992100000,492.05,492.5,492,492.25
1788993000000,492,492.2437,492,492.17
1788993900000,492.2106,492.25,492,492.15
1788994800000,492.1817,492.25,492.17,492.1824
1788995700000,492.22,492.5,492,492.43
1788996600000,492.17,492.4252,492,492.2345
1788997500000,492.21,492.85,492.15,492.1816
1788998400000,492.67,493.71,492.24,492.72
1788999300000,492.69,492.7,492.31,492.43
1789000200000,492.46,492.46,492,492.39
1789001100000,492.36,492.36,491.92,492
1789002000000,491.92,492,491.86,491.99
1789002900000,491.99,492.02,491.77,491.91
1789003800000,491.98,492.09,491.71,491.77
1789004700000,491.77,492.1,491.77,492.1
1789005600000,492.11,492.18,491.86,491.86
1789006500000,491.88,491.98,491.51,491.83
1789007400000,491.89,492.11,491.8,492.01
1789008300000,492,492.07,491.99,492
1789009200000,492.13,492.2,492.08,492.19
1789010100000,492.13,492.14,492,492
1789011000000,492.04,492.17,491.87,492.17
1789011900000,492.16,492.22,492.02,492.13
1789012800000,492.17,492.25,492.05,492.11
1789013700000,492.12,492.28,492.12,492.2
1789014600000,492.2,492.31,492.12,492.12
1789015500000,492.11,492.25,492.06,492.25
1789016400000,492.25,492.28,492.16,492.18
1789017300000,492.21,492.6,492.2,492.6
1789018200000,492.58,492.58,492.09,492.32
1789019100000,492.58,492.59,492.3,492.31
1789020000000,492.41,492.58,492.31,492.36
1789020900000,492.2,492.41,491.92,492.35
1789021800000,492.45,492.82,492.42,492.6
1789022700000,492.71,492.86,492.7,492.73
1789023600000,492.78,492.8,491.5,491.9
1789024500000,492.1,492.23,492.1,492.12
1789025400000,492.19,492.21,491.67,491.82
1789026300000,491.86,491.91,491.5,491.5
1789027200000,491.9122,492.875,491.51,492.4045
1789028100000,492.5788,492.8527,492.1112,492.6
1789029000000,492.58,492.86,491.9987,492.7
1789029900000,492.8512,492.8512,491.8329,492.2
1789030800000,492,492.6888,491.95,492.13
1789031700000,492.6888,492.7688,491.97,492.4867
1789032600000,491.99,492.4575,491.5,491.68
1789033500000,491.67,492.34,491.5012,491.9
1789034400000,492.1888,492.1888,491.51,491.7497
1789035300000,491.7,492.1224,491.55,491.56
1789036200000,491.56,491.9,491.52,491.6
1789037100000,491.6,491.7,491.0152,491.18
1789038000000,491.4,492,491.06,491.3
1789038900000,491.35,491.76,491.3,491.55
1789039800000,491.62,491.62,491.3,491.3045
1789040700000,491.47,491.64,490.61,491
1789041600000,490.62,491.2888,490.12,490.52
1789042500000,490.51,490.8,490.2612,490.49
1789043400000,490.45,490.73,488.166,488.4
1789044300000,488.16,489.05,487.88,488.053
1789045200000,488.2,489.07,488.0403,488.831
1789046100000,488.9665,490.18,487.8951,488.06
1789047000000,488.32,489.7,486,488.665
1789047900000,488.75,491.67,488.5,489.366
1789048800000,489.5,490.88,488.44,490.175
1789049700000,490.15,491.19,488.965,490.88
1789050600000,490.88,493.4018,490.88,492.17
1789051500000,492,492.925,491.44,492.71
1789052400000,492.75,492.82,491.22,491.545
1789053300000,491.49,492.5,491.3113,492.33
1789054200000,492.39,493.03,491.55,492.1046
1789055100000,492.18,492.69,491.28,491.39
1789056000000,491.35,492.54,491.1117,491.8
1789056900000,491.8,493.1768,491.74,493.0185
1789057800000,492.99,493.46,492.3532,492.955
1789058700000,492.9205,494.02,492.91,493.69
1789059600000,493.7,494.5,493.57,494.18
1789060500000,494.18,494.52,492.62,492.64
1789061400000,492.615,492.7794,491.74,492.48
1789062300000,492.48,492.85,492.07,492.14
1789063200000,492.11,492.31,491.03,491.088
1789064100000,491.03,491.49,490.33,490.865
1789065000000,490.865,491.49,490.69,491.38
1789065900000,491.37,491.68,490.7897,490.82
1789066800000,490.81,491.28,490.4,491.075
1789067700000,491.08,491.16,490.12,490.27
1789068600000,490.27,491.63,490.14,491.595
1789069500000,491.57,492.86,491.248,492.44
1789070400000,492.55,492.8397,491.34,492.28
1789071300000,492.44,493.1887,492,492.45
1789072200000,492.5,492.85,491.92,492.35
1789073100000,492.631,492.64,491.3685,492.6
1789074000000,492.48,494.3799,489.0262,489.5
1789074900000,489.47,490.9999,488.5,490
1789075800000,489.99,490.2,489.4,489.4147
1789076700000,489.9752,490,489.4,489.7
1789077600000,489.9,490.67,489.4412,490.5
1789078500000,490.25,490.65,489.9,489.9
1789079400000,489.9,490.1988,489.9,490.01
1789080300000,490.1537,490.3,490.01,490.01
1789081200000,490.0172,490.5,490.01,490.01
1789082100000,490.1867,490.5,490.01,490.44
1789083000000,490.43,490.49,490.01,490.48
1789083900000,490.3001,490.5,490.01,490.188
1789084800000,490.32,491,490.32,491
1789085700000,491.08,491.3,490.91,491.28
1789086600000,491.19,491.5,490.85,490.85
1789087500000,491.12,491.49,490.95,491.4
1789088400000,491.34,491.6,491.31,491.41
1789089300000,491.31,491.51,491.07,491.5
1789090200000,491.19,491.34,491,491.11
1789091100000,490.93,491.09,490.81,491.09
1789092000000,491.1,491.3,491.07,491.23
1789092900000,491.15,491.21,490.86,490.99
1789093800000,490.98,491.09,490.75,490.86
1789094700000,490.85,491.14,490.85,490.89
1789095600000,490.83,490.92,490.73,490.89
1789096500000,490.85,490.99,490.71,490.99
1789097400000,490.85,491.1,490.68,490.92
1789098300000,490.82,491.09,490.79,491.09
1789099200000,491.06,491.29,490.8,491.29
1789100100000,491.28,491.29,490.92,491.29
1789101000000,491.29,491.41,490.96,491.13
1789101900000,491.03,491.28,491.02,491.16
1789102800000,491.05,491.41,491.03,491.12
1789103700000,491.28,491.31,491.11,491.3
1789104600000,491.21,491.6,491.21,491.57
1789105500000,491.51,491.75,491.38,491.39
1789106400000,491.39,491.49,491.13,491.38
1789107300000,491.49,491.49,491.05,491.11
1789108200000,491.21,491.45,491.09,491.18
1789109100000,491.18,491.69,491.08,491.59
1789110000000,491.59,491.8,491.32,491.68
1789110900000,491.67,492.31,491.39,491.8
1789111800000,491.83,491.85,491.28,491.44
1789112700000,491.35,491.47,491,491.42
1789113600000,491.01,492.44,490.2612,491.3052
1789114500000,491.31,493,491.31,492.1867
1789115400000,492.36,493,492.36,492.74
1789116300000,492.74,493.16,492.5245,493.16
1789117200000,493.16,493.4875,492.9,492.95
1789118100000,492.9488,493.1888,492.6867,492.78
1789119000000,492.79,493.2035,492.79,493.2035
1789119900000,493.22,493.34,493.01,493.145
1789120800000,493.14,493.7372,493.08,493.44
1789121700000,493.25,493.5988,493.25,493.34
1789122600000,493.34,493.4645,493.2512,493.41
1789123500000,493.34,493.69,493.2711,493.518
1789124400000,493.44,494.9988,492.44,494.85
1789125300000,494.86,494.95,494,494.34
1789126200000,494.4,495,494.2,494.9799
1789127100000,494.9875,495.4962,494.8004,495.3012
1789128000000,495.469,496.38,494.8012,495.99
1789128900000,495.99,497.07,495.95,496.745
1789129800000,496.2,496.91,494.8,495.7
1789130700000,495.7,496.6411,495.5012,496.51
1789131600000,496.51,496.99,495.6912,496.4628
1789132500000,496.4285,497.5,495.59,495.59
1789133400000,495.625,498.97,493.316,495.51
1789134300000,495.615,498.6,494.8805,498.48
1789135200000,498.525,498.53,495.59,495.655
1789136100000,495.7199,496,494.62,495.13
1789137000000,495.09,495.73,493.79,494.24
1789137900000,494.23,494.3751,492.58,493.0031
1789138800000,493.03,494.53,492.66,494.44
1789139700000,494.49,496.87,494.3301,496.78
1789140600000,496.66,497.23,495.9616,496.72
1789141500000,496.6,496.79,494.27,494.565
1789142400000,494.565,496.54,494.545,495.72
1789143300000,495.765,496,495,495.275
1789144200000,495.34,495.8599,495.03,495.59
1789145100000,495.5901,495.7603,494.155,494.19
1789146000000,494.23,495.1,494.2101,494.55
1789146900000,494.54,495.71,494.54,495.28
1789147800000,495.3,495.55,494.795,494.88
1789148700000,494.9,495.4,494.65,495.2437
1789149600000,495.2475,495.7299,495.2475,495.7299
1789150500000,495.73,495.9999,495.19,495.915
1789151400000,495.97,496.26,495.6,496.095
1789152300000,496.09,496.73,495.85,496.62
1789153200000,496.67,497.24,496.62,497.175
1789154100000,497.19,497.38,496.645,497.14
1789155000000,497.07,497.18,496.82,496.82
1789155900000,496.8143,497.5,495.54,495.63
1789156800000,495.59,496.48,492.36,495.3218
1789157700000,495.47,495.63,495.3,495.4
1789158600000,495.4542,495.62,495.31,495.49
1789159500000,495.4,495.4999,495.0612,495.43
1789160400000,495.4692,495.48,494.7155,495.09
1789161300000,495.0967,495.4,494.7,495.4
1789162200000,494.96,495.2,494.685,495.0108
1789163100000,495.0337,495.2,495.01,495.0101
1789164000000,495.1981,495.5,495.01,495.022
1789164900000,495.4888,495.49,495.01,495.16
1789165800000,495.3734,495.3734,494.8001,494.8001
1789166700000,494.825,495.04,494.8,494.82
1789167600000,495,495.03,494.8,494.8412
1789168500000,494.8447,495.2387,494.8,494.9454
1789169400000,494.92,494.95,494.8,494.82
1789170300000,494.82,495,494.1,494.89
1789177500000,495.21,495.3,494.72,494.72
1789178400000,495.12,495.24,494.77,494.77
1789186500000,494.77,494.77,494.77,494.77
1789191000000,495.22,495.22,495.22,495.22
1789202700000,495.22,495.22,494.77,494.77
1789203600000,495.38,495.38,494.72,494.72
1789215300000,495.39,495.39,495.39,495.39
1789223400000,495.39,495.39,495.39,495.39
1789224300000,495.43,495.43,495.43,495.43
1789232400000,495.46,495.46,494.72,494.72
1789234200000,494.72,494.72,494.72,494.72
1789238700000,495.46,495.46,495.46,495.46
1789242300000,495.56,495.56,495.56,495.56
1789243200000,495.59,495.59,495.59,495.59
1789255800000,494.72,495.59,494.72,495.59
1789266600000,495.59,495.59,495.59,495.59
1789267500000,495.7,495.7,495.59,495.59
1789269300000,495.71,495.71,494.72,494.72
1789279200000,495.68,495.68,495.68,495.68
1789297200000,495.62,495.62,492.25,492.25
1789309800000,492.78,492.78,492.78,492.78
1789311600000,492.78,492.78,492.48,492.48
1789314300000,492.9,492.9,492.3,492.3
1789315200000,492.9,492.9,492.9,492.9
1789317000000,492.9,492.9,492.9,492.9
1789322400000,492.3,492.3,492.3,492.3
1789326000000,492.73,492.73,492.73,492.73
1789329600000,492.73,492.73,492.73,492.73
1789342200000,492.73,492.73,492.73,492.73
1789344000000,492.33,493.45,492.03,492.9
1789344900000,492.9,493.34,492.46,492.86
1789345800000,492.9,492.94,492.28,492.69
1789346700000,492.77,492.88,492.26,492.27
1789347600000,492.26,493.34,492.24,492.56
1789348500000,492.56,493.42,492.43,493.26
1789349400000,493.25,494.56,493.25,494.2
1789350300000,494.22,494.38,493.9,494.2
1789351200000,494.02,494.02,493.4,493.76
1789352100000,493.69,493.92,493.59,493.59
1789353000000,493.74,493.95,493.74,493.75
1789353900000,493.89,494.01,493.87,494.01
1789354800000,493.98,494.07,493.52,493.52
1789355700000,493.43,493.47,492.92,493.44
1789356600000,493.31,493.33,492.97,493.02
1789357500000,493,493.28,493,493.26
1789358400000,493.09,493.42,493.09,493.2
1789359300000,493.16,493.43,493.16,493.43
1789360200000,493.41,493.59,493.21,493.27
1789361100000,493.5,493.65,493.45,493.65
1789362000000,493.56,493.85,493.56,493.83
1789362900000,493.88,494.23,493.85,494.02
1789363800000,493.98,494.03,493.45,493.56
1789364700000,493.56,493.65,492.9,493.19
1789365600000,493.21,493.21,492.51,492.75
1789366500000,492.54,493.47,492.42,493.47
1789367400000,493.37,493.41,493,493.39
1789368300000,493.39,493.49,493,493.01
1789369200000,493.01,493.85,492.28,493.66
1789370100000,493.68,494.16,493.68,494.03
1789371000000,494,494,493.5,493.62
1789371900000,493.62,493.69,493.09,493.37
1789372800000,493.47,494.3315,492,492.5125
1789373700000,492.69,493,492.0162,492.12
1789374600000,492.48,492.9837,492,492.5
1789375500000,492.38,492.5487,490.75,490.96
1789376400000,490.96,491.6988,490.7366,491.1
1789377300000,490.98,491.9792,490.7,491.8
1789378200000,491.88,492.31,491.61,492
1789379100000,491.98,492.82,491.93,492.52
1789380000000,492.61,492.88,492.3823,492.8
1789380900000,492.64,493.45,492.36,493.12
1789381800000,493.4354,494.5,492.97,494.37
1789382700000,494.4877,496.03,494.1,495.4875
1789383600000,495.21,497.73,495,496.86
1789384500000,496.9542,499.11,496.71,498.7
1789385400000,498.4927,499,496.66,497
1789386300000,497,498.29,496.6,497.9299
1789387200000,497.4729,499.1007,497,498.6
1789388100000,498.78,499.3,495.63,498.95
1789389000000,498.95,499,497.532,498.9
1789389900000,498.85,499.1,497.81,498.5099
1789390800000,498.47,498.57,497.01,497.1945
1789391700000,497.5,499.1,496.69,497.0487
1789392600000,497.5,499.8,495.3416,496.465
1789393500000,496.465,501.67,496,501.285
1789394400000,501.395,502.4175,499.8,500.774
1789395300000,500.7215,500.9,498.6501,499.555
1789396200000,499.55,500.53,498.39,499.35
1789397100000,499.355,501.8,499.27,501.72
1789398000000,501.78,504.07,501.13,503.27
1789398900000,503.26,504.47,502.74,503.715
1789399800000,503.65,505.68,502.4301,505.4561
1789400700000,505.4301,505.5428,503.89,504.055
1789401600000,504.1,505.3895,503.94,505.04
1789402500000,505.05,505.84,504.91,505.295
1789403400000,505.295,507.17,505.105,507.15
1789404300000,507.1401,508.8,506.6701,508.24
1789405200000,508.185,508.39,507.5,508.025
1789406100000,508.025,509.1,507.9301,508.98
1789407000000,508.96,509.74,508.3,509.34
1789407900000,509.38,509.93,508.83,509.14
1789408800000,509.14,509.7,508.3,508.46
1789409700000,508.39,508.5199,507.45,507.4507
1789410600000,507.52,507.855,506.95,507.135
1789411500000,507.125,507.28,505.8,505.8
1789412400000,505.85,506.81,505.61,506.445
1789413300000,506.445,507.355,506.1705,507.295
1789414200000,507.3157,507.665,506.86,506.905
1789415100000,506.87,507.47,504.7,505.41
1789416000000,505.41,506.4285,504.8,505.1367
1789416900000,505.4,505.41,504.85,504.85
1789417800000,504.8359,505.53,504.8359,504.91
1789418700000,504.95,506.9006,504.64,504.7
1789419600000,504.96,505.1,504.7,505.02
1789420500000,505,505.0292,504.64,504.7235
1789421400000,504.75,505,504.7,504.9947
1789422300000,504.64,505,504.64,504.92
1789423200000,504.9997,505.03,504.77,504.8
1789424100000,504.77,505,504.45,504.5
1789425000000,504.5188,504.7,504.25,504.28
1789425900000,504.4,504.6,504,504.16
1789426800000,504.17,504.2472,504,504.1
1789427700000,504.03,504.093,503.56,504
1789428600000,504.0155,504.6,504,504.31
1789429500000,504.26,504.6,504,504
1789430400000,504.65,504.99,503.97,504.69
1789431300000,504.62,504.62,504.3,504.35
1789432200000,504.38,504.6,504.17,504.39
1789433100000,504.48,504.52,504.22,504.48
1789434000000,504.43,504.49,504.23,504.4
1789434900000,504.41,504.49,504.2,504.26
1789435800000,504.16,504.23,503.67,503.75
1789436700000,503.84,504,503.71,503.71
1789437600000,503.78,503.83,503.64,503.7
1789438500000,503.76,503.76,503.48,503.53
1789439400000,503.53,503.53,503.29,503.3
1789440300000,503.31,503.4,503.23,503.23
1789441200000,503.29,503.29,503.08,503.25
1789442100000,503.16,503.3,503.15,503.3
1789443000000,503.38,503.4,503.3,503.35
1789443900000,503.36,503.38,502.47,502.54
1789444800000,502.53,502.73,502.34,502.57
1789445700000,502.54,502.54,502.11,502.13
1789446600000,502.1,502.16,501.95,502.04
1789447500000,502,502.15,501.66,501.88
1789448400000,501.92,501.95,501.24,501.24
1789449300000,501.24,501.67,501,501.53
1789450200000,501.64,502.05,501.5,501.98
1789451100000,502.05,502.18,501.77,502.01
1789452000000,501.97,502.17,501.67,501.69
1789452900000,501.69,501.9,501.61,501.78
1789453800000,501.78,502.08,501.7,501.75
1789454700000,501.92,501.97,501.45,501.45
1789455600000,501.42,501.63,501.08,501.32
1789456500000,501.11,501.24,499.88,499.97
1789457400000,500.08,500.15,499.61,500
1789458300000,500.1,500.1,499.23,499.31
1789459200000,499.56,505.41,498.1,498.5
1789460100000,498.78,499.654,498.5,499.1472
1789461000000,499.14,499.4617,498.5,499.06
1789461900000,498.89,499.2875,498.57,499.0154
1789462800000,499.07,499.89,498.5612,499.42
1789463700000,499.25,499.6988,499,499.177
1789464600000,499.14,500.38,499.1012,500.2
1789465500000,500.26,500.9555,500,500.37
1789466400000,500.32,500.74,499.5616,500.2267
1789467300000,500.31,500.9384,499.5012,500.2
1789468200000,500.11,500.685,500.1,500.5487
1789469100000,500.2,500.98,500.1,500.95
1789470000000,500.78,500.99,499.2175,499.9465
1789470900000,499.9,500.5888,499.5122,500.5888
1789471800000,500.4,500.9,500.11,500.9
1789472700000,500.79,500.99,500.15,500.25
1789473600000,500.4,500.8,500.25,500.76
1789474500000,500.55,500.97,500,500.6
1789475400000,500.4881,500.97,500,500.2001
1789476300000,500.2512,501.39,500.25,500.89
1789477200000,500.8509,501,500.5,500.6208
1789478100000,500.8451,502.34,500.03,500.76
1789479000000,500.405,505.9,499.1,504.395
1789479900000,504.395,504.57,500.73,501.25
1789480800000,501.2,501.2,498.61,499.61
1789481700000,499.627,499.68,498.2,499.125
1789482600000,499.041,499.58,498.53,499.05
1789483500000,499.05,500.2,499,499.865
1789484400000,499.89,502.13,499.45,501.21
1789485300000,501.155,501.26,499.77,499.985
1789486200000,500.01,500.08,499.05,499.71
1789487100000,499.69,501.68,499.2025,501.0307
1789488000000,501.045,501.47,499.61,499.94
1789488900000,499.97,501.235,499.88,500.275
1789489800000,500.255,501.39,500.095,500.4675
1789490700000,500.46,501.385,500.35,500.8
1789491600000,500.89,501.2,499.8001,499.94
1789492500000,499.8834,499.93,499.09,499.16
1789493400000,499.17,499.7,499,499.42
1789494300000,499.425,499.56,498.4522,498.63
1789495200000,498.615,498.8,497.58,498.52
1789496100000,498.535,498.73,497.93,498.7123
1789497000000,498.63,498.98,498.29,498.53
1789497900000,498.53,498.565,497.53,498.1
1789498800000,498.055,498.206,497.11,497.325
1789499700000,497.24,497.2501,496.39,496.46
1789500600000,496.475,497.06,495.59,496.2
1789501500000,496.17,497.63,495.54,497.12
1789502400000,497.12,498.7645,496.617,497.5
1789503300000,497.35,497.8,497.12,497.5
1789504200000,497.5,498,497.2,497.5873
1789505100000,497.5312,497.9499,497.53,497.6624
1789506000000,497.6,497.95,497.2,497.7862
1789506900000,497.12,498.5346,494.6608,497.56
1789507800000,497.3352,498.5346,494.6608,497.32
1789508700000,497.266,497.8,497.26,497.45
1789509600000,498,498.46,497.32,498.45
1789510500000,498.15,498.5,498.15,498.24
1789511400000,498.15,499,498.15,498.51
1789512300000,498.61,498.79,498.1662,498.7
1789513200000,498.7,498.7,498.16,498.6957
1789514100000,498.54,498.7,498.2,498.5
1789515000000,498.16,498.7,498.16,498.6
1789515900000,498.7,498.8,498.2807,498.8
1789516800000,498.3,498.67,498.12,498.67
1789517700000,498.44,498.47,498.06,498.4
1789518600000,498.4,498.4,497.69,497.7
1789519500000,497.84,497.98,497.75,497.94
1789520400000,497.92,498.19,497.45,498.06
1789521300000,498.14,498.14,497.92,497.94
1789522200000,497.81,497.95,497.65,497.95
1789523100000,497.94,498.19,497.52,497.75
1789524000000,497.91,498.03,497.69,497.87
1789524900000,497.87,497.97,497.79,497.97
1789525800000,497.96,497.99,497.78,497.78
1789526700000,497.78,497.99,497.73,497.99
1789527600000,497.95,498.2,497.92,498.2
1789528500000,498.16,499.01,498.16,498.9
1789529400000,498.73,498.73,498.38,498.59
1789530300000,498.54,498.66,498.47,498.47
1789531200000,498.56,498.62,498.38,498.38
1789532100000,498.39,498.39,497.96,497.98
1789533000000,497.85,497.87,497.8,497.8
1789533900000,497.86,497.86,497.8,497.81
1789534800000,497.8,498,497.65,497.97
1789535700000,497.96,497.96,497.82,497.88
1789536600000,497.88,497.98,497.7,497.98
1789537500000,497.92,497.94,497.62,497.71
1789538400000,497.76,498.25,497.67,498.23
1789539300000,498.18,498.24,497.82,497.82
1789540200000,497.77,497.88,497.71,497.75
1789541100000,497.72,497.92,497.62,497.79
1789542000000,497.81,498.03,497.34,497.34
1789542900000,497.4,497.4,496.55,496.66
1789543800000,496.68,496.69,496.19,496.19
1789544700000,496.23,496.29,495.8,496.02
1789545600000,496.32,498.8725,495.21,496.02
1789546500000,496.02,496.28,495.8,495.94
1789547400000,495.6017,495.95,495.5,495.51
1789548300000,495.9387,495.9661,495.23,495.72
1789549200000,495.6,495.7776,495.41,495.45
1789550100000,495.5817,495.5988,495.2255,495.59
1789551000000,495.25,495.6,495.2295,495.55
1789551900000,495.47,496.08,495.36,495.76
1789552800000,495.52,496.14,495.52,495.54
1789553700000,495.6,495.9855,495.524,495.6
1789554600000,495.96,496.15,495.6237,495.6237
1789555500000,495.98,496.1497,495.75,496.04
1789556400000,496.043,497.12,495.6112,495.86
1789557300000,495.86,496.32,495.37,495.5212
1789558200000,495.8488,496.3,495.5412,496
1789559100000,496.005,496.3,495.85,496.27
1789560000000,496.28,497,496.01,496.45
1789560900000,496.25,496.4399,495.5,496.0113
1789561800000,495.81,496.25,495.61,495.8678
1789562700000,495.86,496.04,495.5,495.66
1789563600000,495.65,495.88,495,495.5358
1789564500000,495.36,495.36,493,493.1
1789565400000,493.15,495.92,491.13,493.85
1789566300000,493.8,495.8599,493.15,495.61
1789567200000,495.67,495.86,492.0301,492.55
1789568100000,492.585,493.56,492.43,492.565
1789569000000,492.62,493.7291,492.01,493.39
1789569900000,493.425,493.53,492.095,493.17
1789570800000,493.17,494.88,492.72,494.276
1789571700000,494.47,494.8,493.48,494.29
1789572600000,494.28,494.41,493.58,493.72
1789573500000,493.72,494.75,493.58,494.04
1789574400000,494.065,494.37,493.52,493.85
1789575300000,493.83,494.19,493.11,493.585
1789576200000,493.585,493.9578,493.15,493.72
1789577100000,493.75,494,493.27,493.49
1789578000000,493.49,493.7,493.2101,493.625
1789578900000,493.59,494.3,493.3315,493.8
1789579800000,493.825,493.93,493.32,493.445
1789580700000,493.445,493.74,492.78,493.66
1789581600000,493.61,494.46,492.84,493.365
1789582500000,493.42,494,493.13,493.65
1789583400000,493.6101,494.47,490.89,493.84
1789584300000,493.8121,494.14,490.61,490.61
1789585200000,490.665,492.25,489.37,489.505
1789586100000,489.505,489.87,487.23,488.64
1789587000000,488.64,489.55,488.28,488.945
1789587900000,488.95,490.79,488.75,490.3
1789588800000,490.56,491,490,490.45
1789589700000,490.45,490.7,490,490.31
1789590600000,490.25,490.7,490,490.3
1789591500000,490.26,490.7,487.1828,490.35
1789592400000,490.36,490.89,487.1828,490.8187
1789593300000,490.84,490.9,490.4905,490.8
1789594200000,490.85,491.67,490.75,491.4815
1789595100000,491.55,491.8,491.06,491.5999
1789596000000,491.49,491.5,490.5055,491.24
1789596900000,490.84,491.6,490.55,491.46
1789597800000,491.23,492.8,491.2,491.98
1789598700000,491.87,492.4,491.22,491.89
1789599600000,491.89,492.49,491.5247,492.1117
1789600500000,492.2765,492.29,491.7,492.2
1789601400000,492.28,492.49,491.9,492.49
1789602300000,492.49,492.8,492.12,492.52
1789603200000,492.26,493.12,492.25,492.63
1789604100000,492.61,492.97,492.48,492.68
1789605000000,492.69,493.34,492.6,493.13
1789605900000,493.17,493.19,492.84,493.1
1789606800000,493.09,493.17,492.91,493.1
1789607700000,493.14,493.14,492.9,492.99
1789608600000,493.08,493.1,492.72,492.98
1789609500000,492.98,492.98,492.55,492.55
1789610400000,492.57,492.77,492.55,492.77
1789611300000,492.84,492.9,492.65,492.84
1789612200000,492.84,493.03,492.82,492.97
1789613100000,492.95,493.33,492.85,493.27
1789614000000,493.35,493.44,493.26,493.29
1789614900000,493.3,493.47,493.26,493.47
1789615800000,493.47,493.5,493.38,493.44
1789616700000,493.49,493.64,493.39,493.6
1789617600000,493.55,493.63,493.47,493.47
1789618500000,493.47,493.47,493.25,493.43
1789619400000,493.4,493.52,493.3,493.48
1789620300000,493.45,493.56,493.36,493.43
1789621200000,493.43,493.49,493.27,493.28
1789622100000,493.28,493.36,493.24,493.29
1789623000000,493.25,493.25,492.86,492.96
1789623900000,492.89,493.07,492.58,492.58
1789624800000,492.57,492.8,492.51,492.6
1789625700000,492.79,493.56,492.79,493.56
1789626600000,493.59,493.8,493.32,493.75
1789627500000,493.8,493.99,493.74,493.81
1789628400000,493.97,494.55,493.97,494.48
1789629300000,494.57,494.87,494.55,494.74
1789630200000,494.74,495.84,494.74,495.44
1789631100000,495.5,495.56,495.11,495.48
1789632000000,495.93,495.93,490.3,494.13
1789632900000,494.13,494.1902,493.39,493.7988
1789633800000,493.8,494.4305,493.6,494.26
1789634700000,494.35,495,494.06,494.7447
1789635600000,494.43,494.55,494.0612,494.0612
1789636500000,494.0697,494.3488,493.7712,494.1842
1789637400000,494.3,494.55,494.05,494.22
1789638300000,494.22,494.525,493.5612,493.5612
1789639200000,493.68,494.1388,493.5612,494.1388
1789640100000,494,494,493.1857,493.54
1789641000000,493.66,497.8,493.54,494.0012
1789641900000,494.1,494.7488,494.05,494.37
1789642800000,494.21,495,493.4,494.61
1789643700000,494.61,495,494.5,494.77
1789644600000,494.89,494.9,494.11,494.52
1789645500000,494.8618,496.09,494.13,495.92
1789646400000,495.91,496.2,495.234,495.45
1789647300000,495.6045,496.38,495.0775,495.3
1789648200000,496.2,496.4902,495.3612,496.4245
1789649100000,496.36,496.6,495.8122,496.16
1789650000000,496.2,496.91,494.75,495.14
1789650900000,495.2,499.99,494.5,498.14
1789651800000,498,501.47,493.275,496.72
1789652700000,496.635,498.5,495.15,496.325
1789653600000,496.325,497.59,494.88,496.09
1789654500000,496.035,498.7,495.5601,498.215
1789655400000,498.29,499.36,497.18,497.3801
1789656300000,497.38,497.67,495.98,496.19
1789657200000,496.19,496.4799,494.6,496.0101
1789658100000,496.12,496.8,495.58,495.81
1789659000000,495.795,497.49,495.63,497.385
1789659900000,497.3801,497.6464,496.5,497.04
1789660800000,497.06,497.065,495.38,496.04
1789661700000,495.969,496.09,495.3701,495.73
1789662600000,495.725,496.1,495.06,495.845
1789663500000,495.845,496.24,495.465,495.9202
1789664400000,495.955,496.13,495.4,495.62
1789665300000,495.55,495.59,494.53,495.0399
1789666200000,495.05,495.57,494.88,495.4
1789667100000,495.4,496.18,495.19,495.99
1789668000000,495.985,495.985,494.9,495.345
1789668900000,495.3,495.67,495.061,495.24
1789669800000,495.28,495.395,494.6,494.9
1789670700000,494.87,495.2799,494.79,495.07
1789671600000,495.05,496.37,494.9801,496.215
1789672500000,496.215,496.67,495.2,496.04
1789673400000,495.99,497.17,495.75,497.09
1789674300000,497.06,499.05,496.82,497.75
1789675200000,497.68,498.25,497.15,497.46
1789676100000,497.6,497.75,497.25,497.251
1789677000000,497.25,497.4999,496.1,496.6
1789677900000,497,497,496.33,496.65
1789678800000,496.63,497.25,496.33,496.8
1789679700000,496.35,496.8,496.35,496.65
1789680600000,496.8,497,496.4,497
1789681500000,496.75,497,496.61,496.97
1789682400000,496.7,496.99,495.2,495.8
1789683300000,495.99,496.7488,495.3,496.1988
1789684200000,495.98,496.62,495.6187,496.54
1789685100000,495.99,496.55,495.8,496.4752
1789686000000,496.5337,496.719,495.915,496.32
1789686900000,496.0732,496.583,495.9,496.05
1789687800000,496.05,496.75,496,496.158
1789688700000,496.0101,496.75,496.01,496.75
1789689600000,496.05,496.89,496.05,496.89
1789690500000,496.8,497.12,496.77,496.95
1789691400000,496.89,497.47,496.83,497.47
1789692300000,497.33,497.33,497.01,497.03
1789693200000,497.02,497.13,496.88,496.88
1789694100000,496.89,497.01,496.83,496.95
1789695000000,496.89,496.91,496.7,496.7
1789695900000,496.75,496.96,496.75,496.96
1789696800000,496.81,497.15,496.81,497.08
1789697700000,497.08,497.21,497.04,497.1
1789698600000,497.04,497.15,496.9,496.9
1789699500000,496.95,497.02,496.57,496.81
1789700400000,496.89,497.06,496.83,497.02
1789701300000,497.02,497.19,496.87,497.13
1789702200000,496.95,497.07,496.75,497.03
1789703100000,497.1,497.19,496.9,496.93
1789704000000,496.91,497.1,496.69,496.72
1789704900000,496.8,496.93,496.43,496.5
1789705800000,496.57,496.85,496.57,496.8
1789706700000,496.8,497.32,496.8,497.32
1789707600000,497.32,497.38,497.1,497.16
1789708500000,497.29,497.55,497.23,497.43
1789709400000,497.49,497.74,497.49,497.67
1789710300000,497.65,498.26,497.63,498.25
1789711200000,498.4,498.47,498.28,498.33
1789712100000,498.34,498.69,498.31,498.69
1789713000000,498.64,499.31,498.64,499.07
1789713900000,499.12,499.12,498.83,498.95
1789714800000,498.95,499.17,498.69,498.97
1789715700000,498.97,499.43,498.95,499.21
1789716600000,499.21,499.37,499.05,499.05
1789717500000,499.05,499.43,498.91,499.43
1789718400000,498.76,499.45,496.45,498.36
1789719300000,498.2,498.3661,497.4448,497.67
1789720200000,497.9701,497.9988,497.6396,497.8537
1789721100000,497.9,498.663,497.9,498
1789722000000,498.1859,498.2,497.8713,498.1864
1789722900000,497.9536,498.1988,497.72,497.79
1789723800000,497.76,497.82,497,497.451
1789724700000,497.1,497.46,497.1,497.275
1789725600000,497.32,497.443,497.11,497.25
1789726500000,497.3527,497.4588,496.8512,496.92
1789727400000,496.92,497.9988,496.5168,497.9988
1789728300000,497.3075,498,497.21,497.21
1789729200000,497.38,497.85,496.7112,497.39
1789730100000,497.3455,497.95,497,497.76
1789731000000,497.85,498.2425,497.27,497.56
1789731900000,497.838,497.95,497,497.013
1789732800000,497.0235,497.4,496.65,496.85
1789733700000,496.655,496.9888,496.05,496.34
1789734600000,496.1,496.77,496.1,496.66
1789735500000,496.65,497.54,496.5912,497.0232
1789736400000,497.47,497.94,497.05,497.58
1789737300000,497.54,498.4122,495,497.33
1789738200000,497.47,498.5,492.88,493.625
1789739100000,493.68,494.98,493.29,493.71
1789740000000,493.71,494.16,492.25,492.305
1789740900000,492.26,492.88,491.7518,492.415
1789741800000,492.35,492.68,491.1,491.775
1789742700000,491.7616,493.64,491.31,493.31
1789743600000,493.325,494.3599,493.1101,493.3
1789744500000,493.305,494.26,493.06,493.98
1789745400000,493.96,494.26,493.4392,494.2
1789746300000,494.2,494.27,493.57,493.575
1789747200000,493.61,494.31,493.42,493.82
1789748100000,493.7,493.94,493,493.535
1789749000000,493.53,493.7199,492.83,493.5
1789749900000,493.53,493.67,493.12,493.3019
1789750800000,493.25,494.39,493.17,494.35
1789751700000,494.34,494.59,493.91,494.24
1789752600000,494.21,495.19,493.817,495.18
1789753500000,495.165,495.4499,494.57,494.665
1789754400000,494.62,495.05,494.43,494.535
1789755300000,494.535,495.6,494.5,495.27
1789756200000,495.27,495.48,494.89,495.405
1789757100000,495.405,496.9,495.39,496.0505
1789758000000,496.13,496.605,495.78,496.055
1789758900000,496.07,496.07,495.08,495.15
1789759800000,495.14,495.23,494.24,495.16
1789760700000,495.155,495.74,492.02,493.78
1789761600000,493.28,494.99,492.995,493.51
1789762500000,493.78,494.8,493.51,494.67
1789763400000,494.57,495.88,494.11,495.48
1789764300000,495.12,495.851,494.6775,494.81
1789765200000,495.1,496.5975,494.8,494.8
1789766100000,494.82,495.145,494.805,495.14
1789767000000,495.1381,495.2,494.45,495
1789767900000,495.0853,495.19,494.45,494.9867
1789768800000,494.9888,494.99,494.51,494.5582
1789769700000,494.7994,494.9988,494.5,494.5
1789770600000,494.5,495,494.5,494.6925
1789771500000,494.89,494.95,494.65,494.9425
1789772400000,494.6925,494.9499,494.51,494.63
1789773300000,494.7342,494.7447,494.3,494.3
1789774200000,494.45,494.48,493.8,493.8
1789775100000,493.9,494,493.78,493.99
1789776000000,493.84,493.84,493.84,493.84
1789788600000,494.14,494.14,493.74,493.74
1789790400000,494.09,494.09,494.09,494.09
1789801200000,494.19,494.19,494.19,494.19
1789815600000,494.19,494.19,494.19,494.19
1789828200000,494.19,494.19,494.19,494.19
1789829100000,494,494.19,494,494
1789830000000,494.19,494.19,494.19,494.19
1789834500000,494.19,494.19,494.19,494.19
1789835400000,494.18,494.18,494.18,494.18
1789839900000,494.19,494.26,494,494.26
1789844400000,494.35,494.35,494.35,494.35
1789848000000,494.4,494.53,494.4,494.53
1789858800000,494.54,494.54,494.54,494.54
1789869600000,494.57,494.57,494.57,494.57
1789873200000,494.21,494.21,494.21,494.21
1789885800000,494,494,494,494
1789886700000,494.07,494.07,494.07,494.07
1789887600000,494.36,494.36,494.36,494.36
1789888500000,494.57,494.57,494.57,494.57
1789896600000,494,494,494,494
1789897500000,494,494,494,494
1789902000000,494.16,494.16,494.16,494.16
1789905600000,494,494,494,494
1789909200000,494.14,494.14,494.14,494.14
1789914600000,494.14,494.14,494.14,494.14
1789916400000,494.14,494.14,494.14,494.14
1789919100000,494.14,494.14,494,494.14
1789922700000,494.14,494.14,494.14,494.14
1789930800000,494.35,494.35,494.35,494.35
1789934400000,494.37,494.37,494.37,494.37
1789941600000,494.4,494.94,494.4,494.94
1789942500000,495.07,495.07,495.07,495.07
1789943400000,495.15,495.81,495.15,495.56
1789944300000,495.58,495.9,495.58,495.9
1789945200000,496.03,496.03,496.03,496.03
1789947000000,496,496,496,496
1789948800000,494.99,495.56,494.28,494.66
1789949700000,494.66,495.02,494.43,494.66
1789950600000,494.88,495.18,494.67,494.93
1789951500000,494.92,494.96,494.58,494.69
1789952400000,494.75,495.02,494.75,494.98
1789953300000,494.86,494.93,494.78,494.81
1789954200000,494.8,495.06,494.78,495.06
1789955100000,495.06,495.17,495.01,495.01
1789956000000,495.01,495.01,494.71,494.71
1789956900000,494.73,494.74,494.45,494.5
1789957800000,494.45,494.75,494.4,494.73
1789958700000,494.74,494.79,494.54,494.54
1789959600000,494.64,494.91,494.56,494.84
1789960500000,494.87,494.97,494.8,494.81
1789961400000,494.81,495.75,494.68,495.01
1789962300000,495.01,495.47,494.91,494.91
1789963200000,494.93,495.07,494.8,494.99
1789964100000,494.99,495.07,494.83,494.91
1789965000000,494.88,494.88,494.56,494.61
1789965900000,494.61,494.9,494.5,494.5
1789966800000,494.67,494.86,494.55,494.8
1789967700000,494.61,494.75,494.5,494.5
1789968600000,494.59,494.69,494.5,494.52
1789969500000,494.53,494.59,494.34,494.44
1789970400000,494.5,494.61,494.44,494.59
1789971300000,494.58,494.62,494.55,494.55
1789972200000,494.55,494.69,494.55,494.68
1789973100000,494.7,494.93,494,494
1789974000000,494.63,494.69,493.81,494.42
1789974900000,494.48,494.62,494.07,494.2
1789975800000,494.4,494.61,494.29,494.42
1789976700000,494.52,494.75,494.23,494.23
1789977600000,494,495.8,493.7855,494.49
1789978500000,494.38,495,493.9,494.3
1789979400000,494.13,494.495,494,494.3
1789980300000,494.36,494.6,494.0637,494.25
1789981200000,494.2,494.591,494.0012,494.1572
1789982100000,494.22,494.58,494.11,494.21
1789983000000,494.21,494.5415,494.16,494.37
1789983900000,494.37,494.812,494.3012,494.55
1789984800000,494.45,494.83,494.37,494.77
1789985700000,494.8,494.98,494.51,494.7942
1789986600000,494.62,495.2692,494.5712,494.9962
1789987500000,494.9787,495.58,494.8712,495.36
1789988400000,495.43,496.61,495.15,495.5617
1789989300000,495.5,496.11,495.47,495.86
1789990200000,495.9783,496.22,495.5062,495.75
1789991100000,495.75,495.75,495.2101,495.63
1789992000000,495.7437,495.75,495,495.5
1789992900000,495.5,495.6,495.0012,495.55
1789993800000,495.521,495.75,495.12,495.45
1789994700000,495.14,495.6,494.8,495.5472
1789995600000,495.31,495.6,495.07,495.4473
1789996500000,495.46,495.75,494.32,494.5
1789997400000,495.58,496,491.5,493.61
1789998300000,493.6899,495.95,493,495.84
1789999200000,495.895,497.39,494.131,494.225
1790000100000,494.27,494.96,493.3,493.47
1790001000000,493.475,494.42,492.75,493.0777
1790001900000,493.0757,494.19,492.72,493.69
1790002800000,493.7625,493.8799,492.71,493.065
1790003700000,493.08,493.3,491.73,491.86
1790004600000,491.8027,493.1799,491.33,493.0499
1790005500000,493.05,494.06,493.05,493.99
1790006400000,493.99,494.79,493.7,493.7
1790007300000,493.79,494.54,493.165,494.42
1790008200000,494.38,495.75,494.38,495.605
1790009100000,495.6171,496.89,495.47,496.41
1790010000000,496.44,497.02,496.0501,496.955
1790010900000,496.955,498.04,496.9,497.25
1790011800000,497.25,497.95,496.43,497.925
1790012700000,497.94,498.98,497.87,498.98
1790013600000,498.955,499.48,498.69,498.77
1790014500000,498.8,498.82,497.75,498.31
1790015400000,498.335,498.45,497.48,498.09
1790016300000,498.11,499.42,497.87,497.91
1790017200000,497.9215,499.53,497.82,499.45
1790018100000,499.42,500.38,499.355,500.34
1790019000000,500.305,501.3,499.5216,499.97
1790019900000,499.97,501.87,499.6,501.61
1790020800000,501.61,501.9,501.02,501.5509
1790021700000,501.6,501.85,501.48,501.74
1790022600000,501.7415,501.95,501.74,501.8
1790023500000,501.8,501.8,501.25,501.25
1790024400000,501.35,501.48,501.25,501.402
1790025300000,501.4,501.4843,501.25,501.445
