ts_ms,open,high,low,close
1780272000000,213.77,215,213.13,214
1780272900000,214.06,214.7,214.04,214.67
1780273800000,214.67,214.91,214.58,214.89
1780274700000,214.89,215.41,214.89,215.08
1780275600000,215.09,215.09,214.66,214.79
1780276500000,214.79,215,214.4,214.67
1780277400000,214.67,214.76,214.5,214.66
1780278300000,214.68,214.94,214.64,214.88
1780279200000,214.89,214.9,214.5,214.57
1780280100000,214.58,214.95,214.51,214.75
1780281000000,214.78,215.09,214.72,214.9
1780281900000,214.87,215.18,214.84,215.07
1780282800000,215.08,215.4,215.07,215.14
1780283700000,215.13,215.24,214.83,215.07
1780284600000,215.07,215.29,214.81,214.99
1780285500000,214.99,215.97,214.99,215.97
1780286400000,215.96,217,215.91,216.54
1780287300000,216.56,216.68,216.04,216.48
1780288200000,216.48,217.18,216.46,217.18
1780289100000,217.18,217.3,216.77,216.94
1780290000000,216.91,217,216.56,216.78
1780290900000,216.78,216.88,216.45,216.45
1780291800000,216.48,216.55,215.89,216.18
1780292700000,216.22,216.33,216.09,216.18
1780293600000,216.16,216.29,215.95,216.04
1780294500000,216.05,216.06,215.29,215.31
1780295400000,215.3,215.72,215.09,215.56
1780296300000,215.56,215.9,215.44,215.9
1780297200000,215.89,216.41,215.81,216.37
1780298100000,216.37,216.46,215.84,216.06
1780299000000,216.1,216.3,215.66,215.72
1780299900000,215.76,216.19,215.64,216.03
1780300800000,213.053,215.89,213.053,214.903
1780301700000,214.901,215.225,214.72,214.836
1780302600000,214.837,214.837,214.379,214.488
1780303500000,214.485,215.254,214.32,215.205
1780304400000,215.205,215.71,215.01,215.094
1780305300000,215.095,215.501,214.769,214.978
1780306200000,214.975,215.29,214.801,215.036
1780307100000,215.033,215.044,214.47,214.62
1780308000000,214.615,215.155,214.468,215.155
1780308900000,215.156,215.423,215.01,215.163
1780309800000,215.162,216.247,215.156,216.238
1780310700000,216.237,216.31,215.8,216.011
1780311600000,216.01,216.12,215.445,215.673
1780312500000,215.666,216,215.617,215.957
1780313400000,215.956,216.624,215.915,216.545
1780314300000,216.553,216.585,215.72,215.77
1780315200000,215.77,215.959,215.69,215.691
1780316100000,215.698,215.99,215.69,215.82
1780317000000,215.816,216.29,215.7,216.1
1780317900000,216.1,216.41,216.061,216.061
1780318800000,216.06,216.5,215.48,215.851
1780319700000,215.857,216.27,215.15,215.689
1780320600000,215.79,220.76,215.708,219.11
1780321500000,219.068,220.82,218.88,219.15
1780322400000,219.155,220.91,218.54,220.61
1780323300000,220.59,222.18,220.52,221.37
1780324200000,221.387,222.1,220.25,220.478
1780325100000,220.476,220.91,219.32,219.661
1780326000000,219.625,219.85,218.98,219.104
1780326900000,219.103,220.29,218.99,219.39
1780327800000,219.39,220.65,219.35,220.12
1780328700000,220.077,220.3,219.575,219.654
1780329600000,219.64,220.54,219.64,220.406
1780330500000,220.38,222.36,220.38,221.96
1780331400000,221.976,222.39,220.97,221.443
1780332300000,221.465,222.32,221.19,222.1
1780333200000,222.13,222.25,221.5,221.687
1780334100000,221.692,222,221.36,221.96
1780335000000,221.97,223.39,221.55,223.13
1780335900000,223.124,224.02,222.87,223.532
1780336800000,223.53,224.46,223.08,223.173
1780337700000,223.179,224.65,223.15,224.612
1780338600000,224.615,224.8,224.044,224.523
1780339500000,224.528,224.76,223.765,224.01
1780340400000,224.007,224.86,224.001,224.698
1780341300000,224.701,224.705,223.67,223.99
1780342200000,223.99,224.05,223.18,223.583
1780343100000,223.56,224.42,222.48,224.41
1780344000000,224.342,224.86,224.266,224.545
1780344900000,224.537,224.625,224.127,224.353
1780345800000,224.355,224.557,224.3,224.324
1780346700000,224.323,224.79,224.207,224.41
1780347600000,224.408,224.84,224.237,224.325
1780348500000,224.325,224.343,224.136,224.231
1780349400000,224.231,224.5,224.177,224.452
1780350300000,224.451,224.99,224.362,224.876
1780351200000,224.877,224.882,224.253,224.675
1780352100000,224.675,224.76,224.451,224.473
1780353000000,224.474,224.537,223.946,224.022
1780353900000,224.022,224.198,223.558,224.076
1780354800000,224.076,224.131,223.798,223.798
1780355700000,223.795,223.932,223.588,223.85
1780356600000,223.85,224.158,223.845,223.97
1780357500000,223.97,224.094,223.83,223.952
1780358400000,223.949,224.18,222.59,222.8
1780359300000,222.8,222.97,222.44,222.81
1780360200000,222.78,223.12,221.89,222.2
1780361100000,222.21,222.22,220.87,221.39
1780362000000,221.46,222.62,221.42,222.53
1780362900000,222.52,222.53,221.98,222.07
1780363800000,222.2,222.89,222.07,222.82
1780364700000,222.84,222.91,222.11,222.36
1780365600000,222.32,222.8,221.97,222.36
1780366500000,222.36,222.59,222.31,222.51
1780367400000,222.52,223.03,222.46,222.87
1780368300000,222.87,223.02,222.62,222.84
1780369200000,222.84,222.94,222.24,222.48
1780370100000,222.45,222.62,222.24,222.44
1780371000000,222.44,222.65,222.26,222.65
1780371900000,222.62,222.65,222.34,222.5
1780372800000,222.55,222.77,222.44,222.5
1780373700000,222.47,223,222.43,222.96
1780374600000,222.98,223.57,222.89,223.57
1780375500000,223.57,225.56,223.44,224.69
1780376400000,224.69,225.23,224.47,225.21
1780377300000,225.18,225.22,224.67,224.8
1780378200000,224.79,225.2,224.78,224.85
1780379100000,224.85,224.99,224.52,224.95
1780380000000,224.94,225.03,224.69,224.91
1780380900000,224.9,225.05,224.88,224.97
1780381800000,224.98,225.82,224.81,225.74
1780382700000,225.78,226.29,225.62,226.15
1780383600000,226.19,226.31,225.4,225.49
1780384500000,225.48,225.77,225.23,225.51
1780385400000,225.52,225.73,225.39,225.64
1780386300000,225.64,225.64,224.75,225.07
1780387200000,223.936,227.54,223.935,227.002
1780388100000,227.003,227.569,226.955,227.233
1780389000000,227.225,227.659,227.201,227.333
1780389900000,227.328,227.431,226.82,226.94
1780390800000,226.943,227.553,226.578,227.534
1780391700000,227.534,227.914,227.477,227.693
1780392600000,227.701,228.574,227.701,228.362
1780393500000,228.361,228.79,228.294,228.527
1780394400000,228.526,229.075,228.25,228.951
1780395300000,228.951,229.191,228.54,228.54
1780396200000,228.54,228.58,227.608,227.672
1780397100000,227.672,227.89,227.287,227.287
1780398000000,227.282,227.533,226.747,227.509
1780398900000,227.518,228.213,227.518,228.213
1780399800000,228.217,228.515,227.168,227.22
1780400700000,227.223,227.601,227,227.322
1780401600000,227.321,227.472,226.986,227.1
1780402500000,227.101,227.362,226.907,227.262
1780403400000,227.261,227.261,226.838,226.851
1780404300000,226.862,226.946,226.5,226.896
1780405200000,226.896,227.164,226.03,226.132
1780406100000,226.119,227.51,226,227.299
1780407000000,227.18,227.49,225.06,226.56
1780407900000,226.62,232.28,226.46,231.47
1780408800000,231.58,231.785,229.07,229.844
1780409700000,229.765,230.14,228.35,228.542
1780410600000,228.536,228.95,226.87,227.045
1780411500000,227.045,227.34,225.36,226.075
1780412400000,226.082,227.14,225.99,226.75
1780413300000,226.72,226.91,225.685,225.897
1780414200000,225.904,226.865,225.37,225.54
1780415100000,225.48,225.99,224.72,225.424
1780416000000,225.48,225.945,225.16,225.685
1780416900000,225.63,225.68,224.15,224.85
1780417800000,224.849,225.57,224.69,225.09
1780418700000,225.093,225.37,224.56,225.27
1780419600000,225.26,225.62,224.915,225.466
1780420500000,225.45,225.47,223.87,224.155
1780421400000,224.159,224.205,222.88,222.99
1780422300000,223.01,223.2,222.59,223.19
1780423200000,223.132,223.635,223.065,223.288
1780424100000,223.283,223.283,222.58,222.97
1780425000000,223.003,223.18,221.9,222.41
1780425900000,222.4,222.66,222.28,222.624
1780426800000,222.64,223.265,222.615,222.958
1780427700000,222.958,223.45,222.6,222.624
1780428600000,222.625,222.785,221.93,221.938
1780429500000,222.7,222.935,222.7,222.81
1780430400000,222.87,223.58,222.715,223.059
1780431300000,223.052,223.16,222.67,222.67
1780432200000,222.665,222.884,222.548,222.688
1780433100000,222.689,222.895,222.573,222.87
1780434000000,222.867,222.88,222.512,222.731
1780434900000,222.733,222.771,222.29,222.419
1780435800000,222.42,222.51,222.282,222.455
1780436700000,222.454,222.622,222.415,222.424
1780437600000,222.424,222.549,222.25,222.375
1780438500000,222.371,222.495,222.231,222.256
1780439400000,222.257,222.419,222.215,222.245
1780440300000,222.247,222.373,221.668,221.674
1780441200000,221.81,221.81,221.454,221.576
1780442100000,221.578,221.585,220.834,220.978
1780443000000,220.978,221.808,220.958,221.808
1780443900000,221.809,221.863,221.55,221.794
1780444800000,221.794,222.41,221.54,221.64
1780445700000,221.66,221.7,221.1,221.41
1780446600000,221.4,221.73,221.15,221.44
1780447500000,221.44,221.51,221.09,221.21
1780448400000,221.22,221.4,220.96,220.97
1780449300000,220.95,221.42,220.82,221.39
1780450200000,221.4,221.67,221.24,221.41
1780451100000,221.45,221.8,221.34,221.74
1780452000000,221.74,221.76,221.44,221.55
1780452900000,221.57,221.57,221.21,221.37
1780453800000,221.37,221.47,221.31,221.34
1780454700000,221.34,221.38,221.12,221.36
1780455600000,221.37,221.48,221.17,221.42
1780456500000,221.45,221.57,221.26,221.27
1780457400000,221.27,221.47,221.27,221.4
1780458300000,221.4,221.56,221.24,221.52
1780459200000,221.54,221.94,221.48,221.91
1780460100000,221.92,222.16,221.91,222.1
1780461000000,222.1,222.6,222.08,222.57
1780461900000,222.59,222.69,222.18,222.18
1780462800000,222.15,222.39,221.79,222.34
1780463700000,222.34,223.25,222.32,222.83
1780464600000,222.82,222.92,222.51,222.79
1780465500000,222.8,222.84,222.44,222.44
1780466400000,222.45,222.93,222.12,222.25
1780467300000,222.24,222.31,222.08,222.27
1780468200000,222.24,222.46,222.07,222.31
1780469100000,222.29,222.57,222.13,222.57
1780470000000,222.52,223.01,222.22,222.86
1780470900000,222.89,223,222.51,222.56
1780471800000,222.57,222.63,222.22,222.3
1780472700000,222.29,222.76,222.29,222.55
1780473600000,221.918,222.73,221.918,222.47
1780474500000,222.466,222.466,221.74,222.227
1780475400000,222.228,222.349,221.832,221.94
1780476300000,221.94,222.056,221.637,221.719
1780477200000,221.716,221.8,221.084,221.084
1780478100000,221.092,221.482,221.073,221.482
1780479000000,221.485,221.657,220.859,221.042
1780479900000,221.049,221.437,220.947,221.111
1780480800000,221.11,221.33,220.739,221.249
1780481700000,221.25,221.714,221.122,221.33
1780482600000,221.323,221.927,221.237,221.254
1780483500000,221.255,221.425,221.205,221.384
1780484400000,221.383,222.593,221.383,222.408
1780485300000,222.406,223.43,222.38,223.08
1780486200000,223.082,223.8,223.082,223.506
1780487100000,223.509,224.162,223.268,224.048
1780488000000,224.01,224.37,223.512,223.523
1780488900000,223.526,223.573,222.981,223.299
1780489800000,223.299,223.299,222.28,222.517
1780490700000,222.516,222.75,222.333,222.616
1780491600000,222.616,222.73,222.351,222.518
1780492500000,222.517,223.196,221.62,221.675
1780493400000,221.76,222.79,218.03,218.09
1780494300000,218.085,218.13,216.06,217.245
1780495200000,217.2,217.6,215.88,216.293
1780496100000,216.296,216.8,215.39,216.16
1780497000000,216.18,216.24,214.6,215.395
1780497900000,215.412,215.8,215.11,215.643
1780498800000,215.725,216.77,215.661,216.388
1780499700000,216.405,216.68,215.76,216.25
1780500600000,216.237,216.91,216,216.861
1780501500000,216.864,217.55,216.81,216.925
1780502400000,216.94,217.18,216.04,216.359
1780503300000,216.32,216.58,215.46,215.604
1780504200000,215.609,215.845,214.83,215.153
1780505100000,215.15,216.07,215.15,216.025
1780506000000,216.031,216.105,215.35,215.388
1780506900000,215.386,215.94,215.155,215.76
1780507800000,215.763,215.928,215.57,215.81
1780508700000,215.812,215.84,215.465,215.67
1780509600000,215.65,215.69,215.24,215.432
1780510500000,215.434,216.07,215.235,216
1780511400000,215.992,216.03,215.63,215.78
1780512300000,215.776,216.17,215.65,216.089
1780513200000,216.089,216.25,215.55,215.73
1780514100000,215.734,216.09,215.02,215.31
1780515000000,215.306,215.935,215.09,215.772
1780515900000,215.762,215.8,214.53,214.85
1780516800000,214.718,214.94,214.627,214.906
1780517700000,214.903,215.05,214.575,214.845
1780518600000,214.845,215.081,214.785,214.951
1780519500000,214.951,215.165,214.8,214.966
1780520400000,214.963,215.089,214.871,215.058
1780521300000,215.054,215.474,214.5,214.583
1780522200000,214.578,214.578,213.306,213.569
1780523100000,213.566,214.365,213.364,214.365
1780524000000,214.371,214.81,213.633,213.762
1780524900000,213.763,214.025,213.384,213.944
1780525800000,213.943,214.123,213.56,213.614
1780526700000,213.616,213.772,213.167,213.619
1780527600000,213.619,213.791,213.417,213.61
1780528500000,213.573,213.598,213.154,213.354
1780529400000,213.355,213.83,213.34,213.567
1780530300000,213.565,214.39,213.565,214.316
1780531200000,213.46,215.39,213.46,214.84
1780532100000,214.85,214.95,214.31,214.31
1780533000000,214.39,215.59,214.32,215.25
1780533900000,215.29,215.31,215.07,215.2
1780534800000,215.16,215.49,215.03,215.31
1780535700000,215.31,215.31,214.64,214.8
1780536600000,214.8,215.01,214.48,214.55
1780537500000,214.56,214.62,213.88,214.23
1780538400000,214.2,214.2,213.55,213.61
1780539300000,213.6,213.93,213.25,213.83
1780540200000,213.82,214.28,213.71,214.21
1780541100000,214.21,214.5,214.14,214.31
1780542000000,214.3,214.5,214.21,214.34
1780542900000,214.37,214.7,214.37,214.44
1780543800000,214.5,214.73,214.5,214.71
1780544700000,214.63,215.3,214.61,215.3
1780545600000,215.31,215.47,215,215.32
1780546500000,215.39,215.55,215.22,215.22
1780547400000,215.21,215.41,215.11,215.21
1780548300000,215.19,215.2,214.87,215.08
1780549200000,215.09,215.12,214.67,214.79
1780550100000,214.8,214.98,214.74,214.79
1780551000000,214.76,215.09,214.74,215.04
1780551900000,215.08,215.08,214.8,215
1780552800000,215.05,215.15,214.98,214.98
1780553700000,214.99,215.06,214.9,214.94
1780554600000,214.94,215.21,214.89,215.21
1780555500000,215.18,215.27,215.14,215.27
1780556400000,215.24,215.51,215.11,215.48
1780557300000,215.48,215.49,215.2,215.35
1780558200000,215.34,215.51,215.3,215.45
1780559100000,215.38,215.51,215.28,215.44
1780560000000,214.437,215.341,214.305,214.318
1780560900000,214.319,214.58,213.46,213.76
1780561800000,213.76,214.126,213.675,213.703
1780562700000,213.698,213.72,213.269,213.553
1780563600000,213.553,213.554,212.189,212.214
1780564500000,212.204,212.72,211.849,212.642
1780565400000,212.643,213.13,212.517,212.709
1780566300000,212.698,213.191,212.633,212.983
1780567200000,212.984,213.176,212.79,212.981
1780568100000,212.979,213.01,212.66,212.66
1780569000000,212.657,213,212.525,212.605
1780569900000,212.605,212.955,212.394,212.8
1780570800000,212.806,212.863,212.391,212.51
1780571700000,212.507,212.747,211.39,212.366
1780572600000,212.365,212.525,211.543,212.085
1780573500000,212.086,212.26,212.01,212.144
1780574400000,212.148,212.81,211.955,212.398
1780575300000,212.387,212.387,211.725,211.738
1780576200000,211.738,212.62,211.737,212.62
1780577100000,212.621,213.44,212.36,213.332
1780578000000,213.327,213.419,212.977,213.419
1780578900000,213.423,214.73,213.377,213.952
1780579800000,213.94,215.71,212.73,213.016
1780580700000,212.925,213.79,212.11,212.321
1780581600000,212.327,212.82,210.97,212.675
1780582500000,212.71,213.61,212.655,213.484
1780583400000,213.483,214.61,213.225,214.28
1780584300000,214.32,215.42,214.246,215.41
1780585200000,215.41,215.91,215.19,215.838
1780586100000,215.9,216.21,215.44,215.979
1780587000000,216,216.805,215.71,216.67
1780587900000,216.67,217.85,216.13,217.596
1780588800000,217.62,217.85,217.25,217.786
1780589700000,217.78,218.28,217.55,217.647
1780590600000,217.645,218.43,217.3,218.37
1780591500000,218.41,218.92,218.13,218.255
1780592400000,218.25,219.12,217.99,219
1780593300000,219.019,219.445,218.54,218.853
1780594200000,218.854,219.75,218.75,219.307
1780595100000,219.311,219.78,219.15,219.64
1780596000000,219.78,220.65,219.661,220.33
1780596900000,220.28,220.94,219.93,220.773
1780597800000,220.766,220.875,219.97,220.63
1780598700000,220.69,220.825,220.17,220.463
1780599600000,220.48,221.6,220.475,220.903
1780600500000,220.895,220.895,219.96,220.252
1780601400000,220.22,220.415,219.72,219.968
1780602300000,219.93,219.965,218.56,218.58
1780603200000,218.648,218.72,217.845,218.179
1780604100000,218.176,218.189,217.82,217.859
1780605000000,217.859,217.95,217.646,217.651
1780605900000,217.651,217.949,217.25,217.388
1780606800000,217.386,217.57,216.89,217.536
1780607700000,217.533,217.559,217.33,217.54
1780608600000,217.54,217.74,217.489,217.553
1780609500000,217.554,217.565,217.37,217.38
1780610400000,217.38,217.401,216.779,216.794
1780611300000,216.798,216.965,216.565,216.685
1780612200000,216.685,216.861,216.6,216.817
1780613100000,216.816,216.978,216.726,216.965
1780614000000,216.965,217,216.726,216.784
1780614900000,216.783,216.788,216.648,216.747
1780615800000,216.737,216.737,216.46,216.462
1780616700000,216.462,216.623,216.314,216.325
1780617600000,216.323,216.64,215.69,215.83
1780618500000,215.77,215.89,214.81,215.2
1780619400000,215.2,215.46,214.78,215.09
1780620300000,215.09,215.39,214.9,215.03
1780621200000,215.01,215.25,214.54,215.04
1780622100000,215.08,215.1,214.12,214.56
1780623000000,214.58,215.87,214.58,215.71
1780623900000,215.75,216.04,215.29,215.99
1780624800000,216,216.42,215.79,216.41
1780625700000,216.33,216.42,215.89,216.15
1780626600000,216.15,216.21,215.88,215.93
1780627500000,215.98,216.02,215.64,215.65
1780628400000,215.67,215.81,215.24,215.81
1780629300000,215.8,215.96,215.56,215.6
1780630200000,215.6,215.78,215.32,215.32
1780631100000,215.34,215.35,214.92,215.1
1780632000000,215.12,215.27,214.77,214.84
1780632900000,214.85,215.26,214.8,215.19
1780633800000,215.18,215.39,215.07,215.35
1780634700000,215.41,215.96,215.23,215.81
1780635600000,215.81,215.83,215.58,215.66
1780636500000,215.65,216.08,215.6,215.81
1780637400000,215.8,215.98,215.6,215.64
1780638300000,215.64,215.66,215.11,215.38
1780639200000,215.39,215.82,215.29,215.29
1780640100000,215.29,215.3,215,215.07
1780641000000,215.07,215.23,214.87,214.88
1780641900000,214.88,215.17,214.84,215.04
1780642800000,215.04,215.06,214.59,214.59
1780643700000,214.59,215.02,214.49,214.99
1780644600000,214.99,215.51,214.94,215.23
1780645500000,215.26,215.53,215.12,215.38
1780646400000,216.152,216.152,214.937,215.376
1780647300000,215.379,216.204,215.026,216.154
1780648200000,216.162,216.202,215.598,215.669
1780649100000,215.669,215.838,215.525,215.525
1780650000000,215.525,216.4,215.385,215.97
1780650900000,215.982,216.091,215.708,215.708
1780651800000,215.707,215.827,215.555,215.734
1780652700000,215.734,216.017,215.731,215.97
1780653600000,215.97,216.168,215.836,215.955
1780654500000,215.956,216.309,215.916,216.237
1780655400000,216.235,216.235,215.879,215.941
1780656300000,215.941,216.064,215.855,215.913
1780657200000,215.914,216.227,215.82,216.129
1780658100000,216.12,216.12,215.57,215.826
1780659000000,215.83,215.907,215.742,215.813
1780659900000,215.815,215.886,215.471,215.477
1780660800000,215.476,215.488,215.108,215.193
1780661700000,215.194,215.557,215.153,215.24
1780662600000,215.254,215.671,214.691,215.38
1780663500000,215.374,215.394,214.61,214.681
1780664400000,214.681,214.734,214.387,214.444
1780665300000,214.442,215.004,214.442,214.766
1780666200000,214.565,214.82,212.88,213.38
1780667100000,213.33,213.76,211.96,212.025
1780668000000,212,212.53,211.57,212.37
1780668900000,212.395,212.95,210.99,211.197
1780669800000,211.206,212.125,210.87,211.066
1780670700000,211.09,211.52,210.45,210.81
1780671600000,210.83,210.93,209.35,209.35
1780672500000,209.418,209.68,208.49,208.75
1780673400000,208.692,208.85,207.55,208.14
1780674300000,208.155,209.37,208.06,209.33
1780675200000,209.337,209.337,208.23,208.81
1780676100000,208.8,209.21,208.24,208.765
1780677000000,208.76,208.8,207.14,207.406
1780677900000,207.38,208.31,206.63,208.124
1780678800000,208.128,208.14,206.84,207.187
1780679700000,207.25,207.92,206.82,207.746
1780680600000,207.742,208.96,207.54,207.906
1780681500000,207.98,208.23,207.63,207.961
1780682400000,207.97,208.06,206.36,206.7
1780683300000,206.645,206.75,205.78,206.044
1780684200000,206,206.14,204.85,205.428
1780685100000,205.4,206.01,204.71,205.92
1780686000000,205.939,206.3,204.84,205.128
1780686900000,205.095,206.35,204.33,206.311
1780687800000,206.405,206.76,205.6,206.1
1780688700000,206.075,206.765,205.1,205.1
1780689600000,205.242,205.39,204.134,204.616
1780690500000,204.619,205.056,204.43,204.939
1780691400000,204.937,205.09,204.784,204.98
1780692300000,204.98,205.025,204.805,205.013
1780693200000,205.008,205.178,204.881,205.026
1780694100000,205.026,205.63,205.02,205.383
1780695000000,205.381,205.53,205.115,205.443
1780695900000,205.444,205.619,205.355,205.614
1780696800000,205.617,205.87,205.26,205.26
1780697700000,205.259,205.395,205.017,205.263
1780698600000,205.264,205.32,204.825,204.915
1780699500000,204.916,205.207,204.91,205.206
1780700400000,205.206,205.214,204.917,204.956
1780701300000,204.955,205.023,204.83,204.866
1780702200000,204.865,204.865,204.28,204.28
1780703100000,204.279,204.453,204.04,204.098
1780704000000,204.092,204.092,204.066,204.066
1780876800000,205.73,207.51,204.8,207.22
1780877700000,207.22,209.14,207.21,209.04
1780878600000,209.06,209.39,208.5,208.78
1780879500000,208.73,208.8,206.86,207.8
1780880400000,207.8,208.46,207.18,207.24
1780881300000,207.25,207.5,205.98,206.38
1780882200000,206.49,207.29,205.64,207.1
1780883100000,207.14,207.45,206.7,207.32
1780884000000,207.34,207.55,206.49,207.23
1780884900000,207.23,207.86,206.9,207.71
1780885800000,207.69,208.34,207.28,208.31
1780886700000,208.31,208.33,207.64,207.76
1780887600000,207.78,208.06,207.5,207.79
1780888500000,207.8,207.99,207.43,207.98
1780889400000,207.94,208.1,207.82,207.84
1780890300000,207.84,207.98,207.66,207.94
1780891200000,207.95,208.01,207.43,207.46
1780892100000,207.51,207.64,207.17,207.54
1780893000000,207.58,207.67,206.79,206.8
1780893900000,206.84,207.39,206.76,206.85
1780894800000,206.88,207.59,206.39,206.4
1780895700000,206.48,206.87,206.4,206.71
1780896600000,206.71,206.72,205.72,205.89
1780897500000,205.82,206.36,205.3,205.54
1780898400000,205.58,206.19,205.37,205.78
1780899300000,205.79,207.06,205.57,207
1780900200000,207,207.2,206.39,206.61
1780901100000,206.61,206.61,206.01,206.61
1780902000000,206.58,207.32,206.33,207.06
1780902900000,207.06,208,206.89,207.84
1780903800000,207.83,208.18,207.65,207.91
1780904700000,207.92,208.47,204.066,208.16
1780905600000,204.692,208.507,204.692,208.043
1780906500000,208.056,208.392,207.805,207.909
1780907400000,207.911,208.481,207.812,208.054
1780908300000,208.062,208.1,207.399,207.399
1780909200000,207.396,207.478,207.169,207.477
1780910100000,207.477,208.243,207.475,208.007
1780911000000,208.002,208.29,207.755,208.1
1780911900000,208.1,208.53,208.035,208.53
1780912800000,208.531,208.663,208.03,208.582
1780913700000,208.582,208.674,208.44,208.588
1780914600000,208.588,209.326,208.558,209.199
1780915500000,209.201,209.28,208.682,208.682
1780916400000,208.58,209.411,208.506,209.411
1780917300000,209.417,210.27,209.417,209.737
1780918200000,209.737,209.798,209.37,209.412
1780919100000,209.41,209.828,209.27,209.691
1780920000000,209.65,210.01,209.61,209.843
1780920900000,209.844,210.31,209.79,210.12
1780921800000,210.12,210.622,210.12,210.56
1780922700000,210.559,210.63,210.19,210.335
1780923600000,210.335,210.68,210.3,210.577
1780924500000,210.578,210.78,209.97,210.001
1780925400000,209.9,210.37,208.2,208.738
1780926300000,208.89,209.19,206.2,206.26
1780927200000,206.27,207.43,205.99,207.131
1780928100000,207.14,207.98,206.55,207.837
1780929000000,207.8,208.69,207.5,208.149
1780929900000,208.045,208.77,208.045,208.55
1780930800000,208.544,208.91,208.34,208.584
1780931700000,208.584,208.84,207.54,207.69
1780932600000,207.7,208.66,207.19,208.603
1780933500000,208.69,209.36,208.18,208.274
1780934400000,208.305,209.15,208.17,208.897
1780935300000,208.9,209.74,208.5,208.557
1780936200000,208.56,208.93,208.21,208.497
1780937100000,208.499,208.83,208.425,208.611
1780938000000,208.607,208.611,207.84,208.37
1780938900000,208.39,208.63,207.66,208.615
1780939800000,208.59,208.865,208.07,208.423
1780940700000,208.42,209.23,208.39,208.809
1780941600000,208.81,209.62,208.81,208.999
1780942500000,208.99,209.36,208.83,209.254
1780943400000,209.26,209.36,208.72,208.851
1780944300000,208.852,209.2,208.795,208.84
1780945200000,208.82,208.94,207.83,207.83
1780946100000,207.909,208.065,207.38,207.762
1780947000000,207.82,208.42,207.71,207.74
1780947900000,207.72,208.76,207.715,208.67
1780948800000,208.68,208.736,208.26,208.325
1780949700000,208.325,208.459,208.1,208.192
1780950600000,208.191,208.315,208.072,208.072
1780951500000,208.072,208.173,207.97,208.059
1780952400000,208.054,208.18,208.033,208.092
1780953300000,208.091,208.128,208.065,208.095
1780954200000,208.095,208.314,208.09,208.195
1780955100000,208.195,208.254,208.175,208.205
1780956000000,208.205,208.205,207.594,207.621
1780956900000,207.622,207.636,207.127,207.185
1780957800000,207.185,207.52,207.185,207.33
1780958700000,207.33,207.745,207.33,207.738
1780959600000,207.739,208.088,207.59,207.939
1780960500000,207.94,207.951,207.732,207.88
1780961400000,207.88,208.125,207.81,207.913
1780962300000,207.914,207.914,207.55,207.663
1780963200000,208.09,208.22,207.25,207.34
1780964100000,207.32,207.63,207.2,207.54
1780965000000,207.57,207.61,207.11,207.4
1780965900000,207.42,207.7,207.21,207.42
1780966800000,207.49,207.74,207.3,207.61
1780967700000,207.54,208.44,207.52,208.21
1780968600000,208.25,208.78,208.15,208.53
1780969500000,208.53,209.11,208.23,208.34
1780970400000,208.32,208.67,208.24,208.49
1780971300000,208.49,208.68,208.17,208.68
1780972200000,208.69,208.86,208.45,208.58
1780973100000,208.55,208.71,208.5,208.66
1780974000000,208.65,209,208.6,208.97
1780974900000,208.97,209.08,208.85,209.04
1780975800000,209.06,209.44,209,209.43
1780976700000,209.44,209.47,209.18,209.28
1780977600000,209.28,209.84,209.21,209.78
1780978500000,209.76,210.08,209.7,209.9
1780979400000,209.92,210.08,209.79,209.91
1780980300000,209.92,210.02,209.8,209.91
1780981200000,209.91,209.92,209.6,209.74
1780982100000,209.72,209.82,209.61,209.74
1780983000000,209.76,209.95,209.65,209.68
1780983900000,209.69,210.02,209.66,209.86
1780984800000,209.86,210.06,209.86,209.99
1780985700000,210.01,210.02,209.81,209.88
1780986600000,209.88,210.08,209.82,209.94
1780987500000,209.95,209.96,209.71,209.73
1780988400000,209.73,210.38,209.7,210.09
1780989300000,210.1,210.36,209.82,210.02
1780990200000,210.03,210.16,209.85,210.02
1780991100000,210.04,210.14,209.72,209.86
1780992000000,208.055,210.603,208.055,210.545
1780992900000,210.545,210.622,210.282,210.614
1780993800000,210.615,210.64,210.33,210.378
1780994700000,210.381,210.47,210.256,210.343
1780995600000,210.343,210.409,210.032,210.247
1780996500000,210.25,210.354,210.174,210.212
1780997400000,210.211,210.244,210.101,210.222
1780998300000,210.223,210.254,210.173,210.235
1780999200000,210.235,210.434,209.804,210.075
1781000100000,210.076,210.131,209.85,209.867
1781001000000,209.868,209.911,209.6,209.788
1781001900000,209.78,209.909,209.612,209.887
1781002800000,209.865,210.055,209.67,209.743
1781003700000,209.743,209.743,209.4,209.5
1781004600000,209.499,209.57,209.108,209.542
1781005500000,209.543,209.561,209.19,209.235
1781006400000,209.235,209.34,209.126,209.131
1781007300000,209.131,209.196,208.825,208.965
1781008200000,208.965,209.41,208.954,209.214
1781009100000,209.221,209.517,209.085,209.512
1781010000000,209.511,209.84,209.429,209.497
1781010900000,209.504,210.704,209.337,210.582
1781011800000,210.74,211.39,208.84,210.204
1781012700000,210.13,210.95,209.06,209.12
1781013600000,209.1,209.17,206.81,206.914
1781014500000,206.89,207.36,205.9,206.947
1781015400000,206.94,207.57,206.15,206.28
1781016300000,206.278,206.54,204.86,206.277
1781017200000,206.35,206.77,205.42,206.353
1781018100000,206.337,206.337,203.31,203.428
1781019000000,203.43,204.92,203.24,204.716
1781019900000,204.76,205.5,202.85,203.066
1781020800000,203,203.71,201.5,201.759
1781021700000,201.765,201.95,200.05,201.5
1781022600000,201.43,201.89,199.35,200.75
1781023500000,200.8,201.98,200.2,201.92
1781024400000,202,203.5,201.67,203.36
1781025300000,203.346,204.23,202.84,203.89
1781026200000,203.889,205.42,203.67,205.098
1781027100000,205.092,205.42,204.18,205.024
1781028000000,205.027,205.58,204.925,205.434
1781028900000,205.42,206.47,205.18,206.426
1781029800000,206.42,207.08,206.07,206.17
1781030700000,206.19,207.34,206.14,207.101
1781031600000,207.097,207.43,205.75,205.794
1781032500000,205.82,206.015,204.54,205.909
1781033400000,205.88,206.51,205.44,206.191
1781034300000,206.198,208.24,205.43,208.2
1781035200000,208.113,208.95,207.674,207.813
1781036100000,207.826,207.989,207.59,207.775
1781037000000,207.774,207.846,207.535,207.697
1781037900000,207.696,207.76,207.356,207.46
1781038800000,207.461,207.76,207.296,207.39
1781039700000,207.39,207.425,206.75,207.1
1781040600000,207.03,207.1,206.758,206.857
1781041500000,206.852,206.922,206.815,206.885
1781042400000,206.96,207.069,206.831,206.956
1781043300000,206.956,207.149,206.855,206.858
1781044200000,206.859,206.879,206.302,206.437
1781045100000,206.437,206.438,206.017,206.157
1781046000000,206.159,206.786,206.142,206.597
1781046900000,206.598,206.599,206,206.084
1781047800000,206.082,206.101,205.786,205.96
1781048700000,205.961,206.492,205.961,206.492
1781049600000,206.493,207.38,206.42,206.81
1781050500000,206.84,206.9,206.33,206.81
1781051400000,206.81,206.88,205.49,205.81
1781052300000,205.76,206.4,205.61,206.3
1781053200000,206.37,206.69,206.16,206.58
1781054100000,206.58,206.86,206.2,206.37
1781055000000,206.36,206.82,206.12,206.45
1781055900000,206.46,206.53,206.2,206.38
1781056800000,206.37,206.54,205.95,206.29
1781057700000,206.3,206.72,206.07,206.63
1781058600000,206.66,206.77,206.08,206.2
1781059500000,206.15,206.47,205.79,205.8
1781060400000,205.81,206.29,205.71,206.08
1781061300000,206.07,206.35,205.75,205.96
1781062200000,205.97,206.11,205.74,205.82
1781063100000,205.84,206.1,205.75,206.06
1781064000000,206.02,206.1,205.77,205.77
1781064900000,205.82,205.97,205.51,205.56
1781065800000,205.62,205.62,205.1,205.11
1781066700000,205.07,205.45,204.94,205.16
1781067600000,205.15,205.59,205,205.18
1781068500000,205.21,205.52,204.89,205.52
1781069400000,205.52,205.6,205.16,205.49
1781070300000,205.51,205.95,205.24,205.7
1781071200000,205.78,206.1,205.57,205.77
1781072100000,205.87,205.93,205.41,205.74
1781073000000,205.74,205.79,205.34,205.61
1781073900000,205.64,205.81,205.59,205.7
1781074800000,205.69,205.98,205.55,205.89
1781075700000,205.85,205.98,205.59,205.75
1781076600000,205.73,205.99,205.63,205.81
1781077500000,205.83,205.95,205.64,205.8
1781078400000,206.381,206.381,205.39,205.496
1781079300000,205.503,205.743,205.25,205.395
1781080200000,205.395,205.773,204.464,204.464
1781081100000,204.464,205,204.156,204.252
1781082000000,204.257,204.38,203.412,203.416
1781082900000,203.412,204.203,203.18,204.203
1781083800000,204.205,204.695,203.909,204.187
1781084700000,204.191,204.302,203.915,204.048
1781085600000,204.044,204.044,203.55,203.865
1781086500000,203.857,204.049,203.405,203.952
1781087400000,203.949,204.4,203.87,204.343
1781088300000,204.351,204.534,204.095,204.502
1781089200000,204.501,204.528,203.01,203.578
1781090100000,203.582,203.93,202.911,203.184
1781091000000,203.187,203.423,202.93,202.93
1781091900000,202.929,203.458,202.787,203.437
1781092800000,203.43,203.871,203.312,203.703
1781093700000,203.704,204.084,203.436,203.978
1781094600000,203.987,206.58,203.7,205.421
1781095500000,205.423,205.675,204.75,204.775
1781096400000,204.772,205.303,204.689,205.078
1781097300000,205.082,205.268,203.989,204.445
1781098200000,204.295,207.2,204.29,206.238
1781099100000,206.17,206.68,204.81,204.935
1781100000000,204.95,206.51,204.85,206.332
1781100900000,206.29,206.79,205.23,206.227
1781101800000,206.209,206.8,205.44,205.864
1781102700000,205.77,206.35,203.79,203.947
1781103600000,203.94,204.51,202.37,202.37
1781104500000,202.34,203.51,201.62,202.787
1781105400000,202.735,203.67,202.19,203.536
1781106300000,203.5,203.7,201.89,203.485
1781107200000,203.479,203.87,202.53,202.629
1781108100000,202.67,203.04,202.38,202.871
1781109000000,202.867,203.94,202.59,203.175
1781109900000,203.12,203.162,202.39,202.862
1781110800000,202.86,203.61,202.19,202.259
1781111700000,202.255,202.61,202.01,202.487
1781112600000,202.492,202.54,201.89,201.942
1781113500000,201.92,203.44,201.88,203.172
1781114400000,203.19,203.41,202.615,202.704
1781115300000,202.705,203,202.13,202.303
1781116200000,202.297,202.35,201.64,201.83
1781117100000,201.8,201.826,200.91,201.154
1781118000000,201.15,201.435,200.61,200.72
1781118900000,200.75,200.75,199.93,200.255
1781119800000,200.21,201.53,200.12,201.256
1781120700000,201.247,201.865,200.33,200.33
1781121600000,200.445,200.729,199.476,200.149
1781122500000,200.148,200.268,199.87,199.982
1781123400000,199.982,200.36,199.89,200.039
1781124300000,200.039,200.246,199.89,199.996
1781125200000,199.997,200.14,199.91,200.075
1781126100000,200.075,200.159,199.95,200.065
1781127000000,200.065,200.083,199.905,200.044
1781127900000,200.045,200.078,199.965,200.017
1781128800000,200.018,200.02,199.56,199.699
1781129700000,199.702,199.89,199.465,199.87
1781130600000,199.87,200.196,199.77,199.783
1781131500000,199.786,199.908,199.515,199.556
1781132400000,199.556,199.78,198.941,198.943
1781133300000,198.944,199.83,198.908,199.827
1781134200000,199.828,200.003,199.575,199.928
1781135100000,199.927,199.927,199.084,199.194
1781136000000,199.32,200,199,199.43
1781136900000,199.43,201.16,199.43,200.18
1781137800000,200.23,200.25,199.61,199.9
1781138700000,199.93,201.01,199.93,200.91
1781139600000,200.92,203.21,200.9,202.91
1781140500000,202.88,203.08,202.28,202.69
1781141400000,202.66,202.72,202.02,202.12
1781142300000,202.12,202.21,201.38,201.71
1781143200000,201.66,202.13,201.5,201.56
1781144100000,201.58,201.63,200.87,200.93
1781145000000,200.94,201.41,200.68,201.01
1781145900000,200.99,201.73,200.95,201.73
1781146800000,201.74,202.01,201.31,201.52
1781147700000,201.54,201.67,201.29,201.6
1781148600000,201.66,202.19,201.48,202.16
1781149500000,202.17,202.27,201.91,201.94
1781150400000,201.94,202.04,201.68,201.86
1781151300000,201.86,202.2,201.63,202.03
1781152200000,202,202.14,201.79,202.08
1781153100000,202.08,202.26,202.07,202.17
1781154000000,202.15,202.19,201.62,201.78
1781154900000,201.74,201.94,201.59,201.66
1781155800000,201.69,201.83,201.53,201.81
1781156700000,201.79,201.99,201.7,201.94
1781157600000,201.96,202.07,201.64,202
1781158500000,202.01,202.38,202,202.37
1781159400000,202.38,202.4,201.99,202.35
1781160300000,202.36,202.45,202.16,202.37
1781161200000,202.39,202.51,202.02,202.14
1781162100000,202.14,202.83,202.07,202.82
1781163000000,202.77,202.83,202.54,202.72
1781163900000,202.64,202.73,202.52,202.66
1781164800000,199.751,203.548,199.751,203.486
1781165700000,203.489,203.506,203.135,203.246
1781166600000,203.251,203.618,203.17,203.44
1781167500000,203.44,203.443,203.085,203.25
1781168400000,203.248,203.364,202.85,202.913
1781169300000,202.915,203.176,202.84,203.08
1781170200000,203.08,203.08,202.486,202.743
1781171100000,202.742,203.098,202.673,202.823
1781172000000,202.834,203.2,202.67,202.709
1781172900000,202.713,202.936,202.686,202.792
1781173800000,202.787,202.919,202.526,202.591
1781174700000,202.59,202.649,202.396,202.486
1781175600000,202.479,202.479,201.665,202.066
1781176500000,202.066,202.166,201.871,202.124
1781177400000,202.124,202.374,202.106,202.285
1781178300000,202.284,202.63,202.265,202.519
1781179200000,202.523,203.15,202.523,203.05
1781180100000,203.05,203.107,202,202.109
1781181000000,202.109,202.165,201.28,201.677
1781181900000,201.674,202.065,201.62,201.988
1781182800000,201.987,202.25,201.51,201.926
1781183700000,201.938,202.16,201.486,201.487
1781184600000,201.34,202.84,201.1,202.282
1781185500000,202.31,203.565,202.04,202.756
1781186400000,202.82,203.625,201.97,202.106
1781187300000,202.096,202.96,201.22,202.419
1781188200000,202.38,203.01,201.88,202.161
1781189100000,202.13,202.21,199.87,200.214
1781190000000,200.22,201.42,199.54,201.28
1781190900000,201.24,201.85,200.625,200.761
1781191800000,200.67,201.94,200.5,201.161
1781192700000,201.167,201.6,200.85,201.357
1781193600000,201.32,201.96,201.06,201.737
1781194500000,201.77,202.02,201.2,201.32
1781195400000,201.316,201.98,201.135,201.381
1781196300000,201.382,201.57,200.29,200.335
1781197200000,200.32,200.71,199.95,200.109
1781198100000,200.09,202.76,199.73,202.76
1781199000000,202.646,204.18,201.73,204.096
1781199900000,204.115,204.45,202.55,202.994
1781200800000,202.98,203.14,201.66,202.788
1781201700000,202.789,203.27,202.61,202.759
1781202600000,202.758,203.05,201.97,202.168
1781203500000,202.166,202.9,202.075,202.823
1781204400000,202.86,203.135,202.01,203.089
1781205300000,203.15,204.67,203.09,204.505
1781206200000,204.49,205.61,204.46,205.541
1781207100000,205.01,205.1,204.7,204.7
1781208000000,204.82,204.915,204.6,204.846
1781208900000,204.85,205.197,204.85,205.122
1781209800000,205.125,205.271,204.842,204.868
1781210700000,204.87,205.195,204.869,205.195
1781211600000,205.195,205.196,205.097,205.153
1781212500000,205.152,205.18,205.066,205.132
1781213400000,205.135,205.17,205.035,205.055
1781214300000,205.055,205.194,205.055,205.122
1781215200000,205.121,205.593,205.081,205.593
1781216100000,205.594,205.769,205.56,205.725
1781217000000,205.725,205.995,205.656,205.99
1781217900000,205.99,206.41,205.99,206.041
1781218800000,206.042,206.075,205.7,205.87
1781219700000,205.871,205.965,205.53,205.602
1781220600000,205.6,205.89,205.595,205.813
1781221500000,205.815,206.048,205.79,205.967
1781222400000,205.969,206.51,205.52,205.99
1781223300000,206,206.43,205.74,206.29
1781224200000,206.29,206.9,206.28,206.36
1781225100000,206.4,206.66,206.2,206.41
1781226000000,206.39,206.55,205.96,206.13
1781226900000,206.11,206.18,205.39,205.55
1781227800000,205.55,206.14,205.44,205.7
1781228700000,205.65,205.99,205.65,205.8
1781229600000,205.85,206.05,205.75,205.91
1781230500000,205.91,205.95,205.53,205.57
1781231400000,205.55,205.69,205.37,205.65
1781232300000,205.64,205.75,205.61,205.75
1781233200000,205.73,205.76,205.47,205.56
1781234100000,205.56,205.65,205.32,205.59
1781235000000,205.6,205.71,205.46,205.63
1781235900000,205.64,205.69,205.41,205.46
1781236800000,205.5,205.54,205.37,205.54
1781237700000,205.54,205.71,205.46,205.7
1781238600000,205.7,205.75,205.48,205.68
1781239500000,205.74,205.88,205.62,205.88
1781240400000,205.87,205.91,205.51,205.63
1781241300000,205.62,205.72,205.55,205.68
1781242200000,205.68,205.68,205.11,205.28
1781243100000,205.24,205.24,204.43,204.57
1781244000000,204.52,205.23,204.49,205.23
1781244900000,205.22,205.22,204.59,204.69
1781245800000,204.63,204.68,204.02,204.11
1781246700000,204.13,204.34,203.86,204.04
1781247600000,204.04,204.11,203.16,203.53
1781248500000,203.52,204.11,203.39,203.67
1781249400000,203.62,204.44,203.58,204.39
1781250300000,204.4,204.86,204.24,204.75
1781251200000,205.979,205.979,204.785,205.758
1781252100000,205.759,206.227,205.449,205.657
1781253000000,205.656,205.725,205.075,205.147
1781253900000,205.143,205.742,205.091,205.45
1781254800000,205.45,205.659,205.45,205.648
1781255700000,205.65,206.01,205.638,206.001
1781256600000,206.002,206.367,205.949,206.133
1781257500000,206.141,206.215,205.916,206.084
1781258400000,206.083,206.587,206.055,206.253
1781259300000,206.255,206.265,205.6,205.635
1781260200000,205.631,205.929,205.616,205.705
1781261100000,205.707,205.979,205.566,205.585
1781262000000,205.601,206.077,205.601,205.872
1781262900000,205.873,206.275,205.86,206.211
1781263800000,206.213,206.249,205.84,206.105
1781264700000,206.105,206.143,205.89,205.983
1781265600000,205.989,206.11,205.85,205.899
1781266500000,205.899,206.295,205.478,205.478
1781267400000,205.476,205.575,205.114,205.16
1781268300000,205.161,205.42,204.573,204.643
1781269200000,204.642,204.642,203.961,204.511
1781270100000,204.517,204.895,204.13,204.84
1781271000000,204.73,206.245,203.45,204.357
1781271900000,204.29,204.68,203.58,203.99
1781272800000,204,206.24,203.925,205.525
1781273700000,205.51,206.63,205.42,205.796
1781274600000,205.68,206.24,204.47,204.505
1781275500000,204.46,206.01,203.945,205.77
1781276400000,205.745,206.33,205.2,206.258
1781277300000,206.36,207.08,206.271,206.94
1781278200000,206.96,207,205.18,205.202
1781279100000,205.16,205.65,203.925,204.082
1781280000000,204.093,205.51,203.95,205.181
1781280900000,205.178,205.77,204.78,204.997
1781281800000,205.01,205.13,204.35,204.577
1781282700000,204.595,205.21,204.52,205.178
1781283600000,205.18,205.54,204.66,205.01
1781284500000,204.926,205.28,204.83,205.068
1781285400000,205.05,205.225,204.7,205.012
1781286300000,205.01,205.3,204.81,205.1
1781287200000,205.12,205.55,204.79,204.849
1781288100000,204.843,204.99,204.19,204.927
1781289000000,204.928,205.29,204.928,205.186
1781289900000,205.188,205.325,204.59,204.673
1781290800000,204.675,205.13,204.62,204.871
1781291700000,204.868,205.08,204.7,204.739
1781292600000,204.736,204.75,203.91,204.382
1781293500000,204.31,205.28,204.17,205.18
1781294400000,205.196,205.29,204.926,205.175
1781295300000,205.175,205.304,205.12,205.125
1781296200000,205.125,205.324,205.125,205.295
1781297100000,205.295,205.335,205.26,205.32
1781298000000,205.32,205.334,205.28,205.29
1781298900000,205.29,205.36,205.27,205.295
1781299800000,205.294,205.377,205.285,205.318
1781300700000,205.319,205.34,205.31,205.325
1781301600000,205.325,205.325,205.162,205.185
1781302500000,205.185,205.299,205.185,205.295
1781303400000,205.295,205.305,205.079,205.079
1781304300000,205.078,205.275,205.066,205.252
1781305200000,205.251,205.31,205.205,205.305
1781306100000,205.305,205.418,205.3,205.385
1781307000000,205.385,205.49,205.385,205.475
1781307900000,205.475,205.536,205.288,205.416
1781308800000,205.419,205.46,205.22,205.46
1781309700000,205.22,205.22,205.22,205.22
1781338500000,205.29,205.49,205.29,205.49
1781339400000,205.52,205.52,205.52,205.52
1781341200000,205.54,205.56,205.54,205.56
1781344800000,205.56,205.56,205.44,205.44
1781355600000,205.43,205.43,205.28,205.3
1781356500000,205.4,205.4,205.4,205.4
1781358300000,205.44,205.44,205.44,205.44
1781359200000,205.56,205.56,205.56,205.56
1781368200000,205.56,205.56,205.42,205.42
1781396100000,205.47,205.47,205.28,205.28
1781397000000,205.57,205.57,205.38,205.38
1781397900000,205.48,205.57,205.32,205.32
1781398800000,205.45,205.57,205.45,205.57
1781401500000,205.57,205.57,205.32,205.32
1781406900000,205.32,205.32,205.32,205.32
1781407800000,205.28,205.28,205.27,205.27
1781411400000,205.27,205.27,205.27,205.27
1781416800000,205.57,205.57,205.4,205.4
1781418600000,205.57,205.57,205.42,205.42
1781419500000,205.59,205.59,205.45,205.45
1781425800000,205.54,205.59,205.45,205.45
1781426700000,205.46,205.46,205.09,205.09
1781427600000,205.25,205.4,205.25,205.4
1781428500000,205.09,205.24,205.01,205.24
1781429400000,205.2,205.3,205.2,205.3
1781430300000,205.31,205.41,205.31,205.41
1781434800000,205,205.26,204.91,205.26
1781435700000,205.27,205.59,205.14,205.59
1781436600000,205.59,205.66,205.59,205.66
1781437500000,205.5,205.82,205.4,205.82
1781442000000,205.63,205.63,205.63,205.63
1781481600000,207.89,209.83,205.51,209.76
1781482500000,209.72,209.84,209.04,209.23
1781483400000,209.2,209.27,209.03,209.21
1781484300000,209.2,209.23,208.8,209.04
1781485200000,209.04,209.28,208.87,209.27
1781486100000,209.27,209.49,209.16,209.46
1781487000000,209.47,209.69,209.4,209.66
1781487900000,209.68,209.68,209.48,209.58
1781488800000,209.59,209.76,209.54,209.72
1781489700000,209.7,209.86,209.7,209.85
1781490600000,209.85,209.88,209.7,209.82
1781491500000,209.82,210.01,209.79,209.99
1781492400000,209.99,209.99,209.7,209.98
1781493300000,209.97,210.38,209.95,210.31
1781494200000,210.28,210.33,210.14,210.21
1781495100000,210.19,210.31,210.08,210.3
1781496000000,210.3,210.34,210.14,210.26
1781496900000,210.27,210.66,210.26,210.61
1781497800000,210.6,211.37,210.59,211.1
1781498700000,211.11,211.18,210.82,210.88
1781499600000,210.85,210.95,210.7,210.8
1781500500000,210.8,211.06,210.71,210.9
1781501400000,210.9,210.93,210.47,210.53
1781502300000,210.51,210.57,210.26,210.53
1781503200000,210.54,210.59,210.09,210.09
1781504100000,210.11,210.79,209.91,210.57
1781505000000,210.52,210.55,210.01,210.32
1781505900000,210.37,210.47,209.96,210.1
1781506800000,210.08,210.17,209.8,210
1781507700000,209.99,210.11,209.82,210.06
1781508600000,210.04,210.3,209.88,210.28
1781509500000,210.28,210.29,209.91,210.09
1781510400000,206.176,210.553,206.176,210.295
1781511300000,210.299,210.476,210.25,210.457
1781512200000,210.457,210.536,210.151,210.361
1781513100000,210.362,210.436,210.039,210.061
1781514000000,210.061,210.22,209.802,209.836
1781514900000,209.831,209.854,209.623,209.648
1781515800000,209.649,209.653,209.256,209.444
1781516700000,209.444,209.682,209.336,209.643
1781517600000,209.639,209.703,209.51,209.678
1781518500000,209.678,209.678,209.426,209.588
1781519400000,209.588,209.59,209.272,209.37
1781520300000,209.37,209.419,209.037,209.057
1781521200000,208.99,209.07,208.687,209.053
1781522100000,209.053,209.38,209.052,209.329
1781523000000,209.33,209.384,208.35,208.356
1781523900000,208.354,208.878,208.01,208.749
1781524800000,208.748,208.979,208.42,208.512
1781525700000,208.509,208.534,207.791,207.979
1781526600000,207.98,208.219,207.859,207.859
1781527500000,207.856,208,207.723,207.973
1781528400000,207.974,208.481,207.842,208.302
1781529300000,208.304,209.05,208.304,208.95
1781530200000,208.875,210.98,208.71,208.977
1781531100000,208.95,209.96,208.73,208.786
1781532000000,208.8,209.385,208.34,209.33
1781532900000,209.29,209.62,208.61,209.364
1781533800000,209.39,210.08,209.23,209.58
1781534700000,209.581,210.45,209.5,210.36
1781535600000,210.367,211.38,210.35,211.335
1781536500000,211.335,211.39,210.86,211.179
1781537400000,211.177,211.92,210.87,211.743
1781538300000,211.745,212.7,211.745,212.275
1781539200000,212.254,212.62,212.25,212.487
1781540100000,212.476,212.53,211.96,212.353
1781541000000,212.352,212.57,212.02,212.24
1781541900000,212.2,212.38,211.87,212.317
1781542800000,212.32,212.45,211.94,212.205
1781543700000,212.2,212.675,212.085,212.543
1781544600000,212.52,212.65,212.11,212.181
1781545500000,212.176,212.38,211.79,211.829
1781546400000,211.829,212.31,211.42,212.157
1781547300000,212.158,212.26,211.89,211.946
1781548200000,211.945,212.34,211.785,212.31
1781549100000,212.32,212.57,212.18,212.28
1781550000000,212.289,212.34,211.83,212.001
1781550900000,211.97,212.13,211.625,211.687
1781551800000,211.679,211.85,211.3,211.652
1781552700000,211.63,212.61,211.51,212.46
1781553600000,212.452,212.471,212.067,212.384
1781554500000,212.383,212.388,211.975,211.99
1781555400000,211.99,212.3,211.95,211.969
1781556300000,211.971,212.15,211.971,212.09
1781557200000,212.09,212.109,212.025,212.05
1781558100000,212.05,212.24,212.03,212.237
1781559000000,212.236,212.37,212.1,212.186
1781559900000,212.187,212.22,212.03,212.07
1781560800000,212.07,212.11,211.518,211.597
1781561700000,211.596,211.649,211.44,211.499
1781562600000,211.498,211.61,211.432,211.5
1781563500000,211.504,211.7,211.5,211.535
1781564400000,211.535,211.541,211.35,211.371
1781565300000,211.372,211.7,211.33,211.675
1781566200000,211.673,211.837,211.6,211.837
1781567100000,211.838,211.942,211.767,211.925
1781568000000,211.925,212.01,211.54,211.66
1781568900000,211.7,211.85,211.37,211.72
1781569800000,211.73,212.01,211.27,211.36
1781570700000,211.35,211.41,210.84,210.92
1781571600000,210.94,211.07,210.5,210.79
1781572500000,210.75,211.13,210.75,211.02
1781573400000,211.04,211.16,210.9,211.06
1781574300000,211.06,211.17,210.81,210.86
1781575200000,210.85,210.91,210.59,210.74
1781576100000,210.73,210.91,210.62,210.62
1781577000000,210.62,211.2,210.61,211.07
1781577900000,211.02,211.05,210.76,210.89
1781578800000,210.89,211.17,210.88,210.98
1781579700000,210.98,211.3,210.96,211.16
1781580600000,211.19,211.58,211.14,211.29
1781581500000,211.29,211.34,211.09,211.26
1781582400000,211.28,211.43,211.18,211.39
1781583300000,211.44,211.48,211.12,211.17
1781584200000,211.17,211.38,211.04,211.1
1781585100000,211.12,211.2,210.9,211.17
1781586000000,211.2,211.49,211.14,211.39
1781586900000,211.4,211.44,211.01,211.36
1781587800000,211.36,211.42,211.06,211.09
1781588700000,211.14,211.3,211.04,211.17
1781589600000,211.22,211.46,211.09,211.37
1781590500000,211.35,211.46,211.28,211.46
1781591400000,211.46,211.46,211.12,211.18
1781592300000,211.16,211.3,211.12,211.29
1781593200000,211.3,211.5,211.22,211.22
1781594100000,211.23,211.4,211.17,211.39
1781595000000,211.35,211.37,211.15,211.15
1781595900000,211.15,211.3,211.15,211.24
1781596800000,211.848,211.848,211.221,211.538
1781597700000,211.536,211.749,211.28,211.547
1781598600000,211.556,211.644,211.331,211.44
1781599500000,211.44,211.848,211.34,211.607
1781600400000,211.612,211.612,211.441,211.441
1781601300000,211.44,211.489,211.15,211.216
1781602200000,211.212,211.425,211.196,211.201
1781603100000,211.201,211.456,211.149,211.28
1781604000000,211.28,211.435,211.09,211.374
1781604900000,211.376,211.425,211.265,211.374
1781605800000,211.374,211.454,211.348,211.417
1781606700000,211.416,211.641,211.251,211.632
1781607600000,211.61,211.99,211.501,211.97
1781608500000,211.97,212.421,211.868,212.201
1781609400000,212.201,212.283,211.975,212.07
1781610300000,212.065,212.079,211.848,212.022
1781611200000,212.021,212.213,211.88,212.002
1781612100000,212.003,212.07,211.23,211.415
1781613000000,211.416,211.454,211.007,211.056
1781613900000,211.056,211.17,210.82,210.955
1781614800000,210.954,211.085,210.84,211.028
1781615700000,211.028,211.21,210.904,210.945
1781616600000,211.125,211.49,208.87,209.49
1781617500000,209.46,210.07,208.65,208.687
1781618400000,208.705,210.34,208.702,209.545
1781619300000,209.615,209.65,208.55,209.137
1781620200000,209.126,209.61,208.545,209.372
1781621100000,209.37,209.8,208.75,209.287
1781622000000,209.33,210.305,209.145,209.668
1781622900000,209.673,209.79,208.7,209.131
1781623800000,209.17,209.66,208.9,209.015
1781624700000,209.09,209.555,208.52,209.205
1781625600000,209.15,209.72,209.15,209.395
1781626500000,209.36,209.56,209.17,209.288
1781627400000,209.288,209.288,208.29,208.765
1781628300000,208.765,209.18,208.58,209.108
1781629200000,209.113,209.287,208.74,209.198
1781630100000,209.18,209.31,208.72,209.08
1781631000000,209.115,209.335,208.88,209.18
1781631900000,209.181,209.7,209.13,209.426
1781632800000,209.41,209.8,209.38,209.504
1781633700000,209.502,209.57,209.19,209.459
1781634600000,209.46,209.51,208.8,208.927
1781635500000,208.926,209.09,208.77,208.99
1781636400000,208.976,209.4,208.49,208.613
1781637300000,208.605,208.98,208.07,208.938
1781638200000,208.96,209.11,208.2,208.701
1781639100000,207.86,207.925,207.29,207.36
1781640000000,207.382,207.597,206.99,207.415
1781640900000,207.415,207.415,207.136,207.235
1781641800000,207.233,207.79,207.211,207.728
1781642700000,207.728,207.744,207.595,207.656
1781643600000,207.657,207.904,207.653,207.855
1781644500000,207.855,207.94,207.64,207.897
1781645400000,207.896,207.9,207.69,207.745
1781646300000,207.745,207.803,207.713,207.77
1781647200000,207.77,207.85,207.662,207.741
1781648100000,207.74,207.815,207.642,207.725
1781649000000,207.725,207.928,207.72,207.811
1781649900000,207.81,208.04,207.76,207.94
1781650800000,207.94,207.949,207.603,207.735
1781651700000,207.735,207.735,207.558,207.652
1781652600000,207.655,207.695,207.45,207.478
1781653500000,207.478,207.66,207.403,207.535
1781654400000,207.64,207.94,207.537,207.8
1781655300000,207.77,207.87,207.53,207.75
1781656200000,207.73,207.94,207.69,207.78
1781657100000,207.73,207.77,207.56,207.65
1781658000000,207.62,207.92,207.55,207.89
1781658900000,207.87,208.04,207.8,207.98
1781659800000,207.98,208.22,207.93,208.13
1781660700000,208.13,208.45,208.11,208.37
1781661600000,208.37,208.49,208.28,208.47
1781662500000,208.47,208.51,208.35,208.46
1781663400000,208.46,208.46,208.23,208.36
1781664300000,208.37,208.41,208.25,208.31
1781665200000,208.27,208.42,208.26,208.28
1781666100000,208.31,208.54,208.21,208.47
1781667000000,208.5,208.82,208.45,208.74
1781667900000,208.71,209,208.67,208.82
1781668800000,208.84,208.89,208.68,208.76
1781669700000,208.75,208.84,208.64,208.66
1781670600000,208.69,208.81,208.59,208.68
1781671500000,208.68,208.88,208.68,208.88
1781672400000,208.86,208.92,208.61,208.72
1781673300000,208.72,208.85,208.7,208.74
1781674200000,208.71,208.84,208.64,208.77
1781675100000,208.76,208.81,208.55,208.57
1781676000000,208.58,208.7,208.45,208.6
1781676900000,208.63,208.74,208.43,208.48
1781677800000,208.46,208.79,208.46,208.77
1781678700000,208.77,208.89,208.67,208.85
1781679600000,208.84,208.96,208.71,208.91
1781680500000,208.92,209.01,208.61,208.72
1781681400000,208.75,208.98,208.72,208.84
1781682300000,208.87,208.88,208.67,208.75
1781683200000,207.539,208.875,207.539,208.58
1781684100000,208.58,208.725,208.42,208.438
1781685000000,208.436,208.675,208.175,208.218
1781685900000,208.215,208.34,207.918,208.32
1781686800000,208.323,208.424,208.209,208.25
1781687700000,208.251,208.517,208.176,208.481
1781688600000,208.481,208.499,208.208,208.385
1781689500000,208.385,208.385,208.055,208.11
1781690400000,208.114,208.19,207.926,208.114
1781691300000,208.113,208.308,208.065,208.17
1781692200000,208.171,208.251,208.03,208.251
1781693100000,208.254,208.265,207.996,208.027
1781694000000,208.019,208.019,207.746,207.946
1781694900000,207.947,208.027,207.78,207.835
1781695800000,207.832,208,207.753,207.914
1781696700000,207.913,207.916,207.623,207.786
1781697600000,207.791,208.1,207.75,208.067
1781698500000,208.064,208.224,207.95,208.042
1781699400000,208.041,208.668,208.036,208.569
1781700300000,208.572,208.662,208.425,208.427
1781701200000,208.427,208.668,208.28,208.35
1781702100000,208.351,209.095,208.216,208.464
1781703000000,208.59,208.85,207.56,208.495
1781703900000,208.65,209.21,207.14,207.22
1781704800000,207.13,207.58,206.76,207.451
1781705700000,207.445,208.23,207.275,207.895
1781706600000,207.915,207.915,206.72,207.371
1781707500000,207.42,207.89,206.37,206.455
1781708400000,206.49,206.98,205.91,206.889
1781709300000,206.87,207.045,206.12,206.457
1781710200000,206.456,206.72,206.21,206.468
1781711100000,206.471,206.67,206.04,206.399
1781712000000,206.401,207.18,206.401,207.166
1781712900000,207.18,207.655,207.07,207.437
1781713800000,207.43,207.63,207.17,207.305
1781714700000,207.3,207.41,207.085,207.11
1781715600000,207.115,207.27,206.68,206.948
1781716500000,206.944,207.5,206.725,207.383
1781717400000,207.382,207.56,207.07,207.344
1781718300000,207.33,207.9,207.305,207.718
1781719200000,207.84,207.84,205.32,206.227
1781720100000,206.195,206.69,205.39,205.982
1781721000000,205.915,207.66,205.5,207.607
1781721900000,207.595,207.602,205.61,206.003
1781722800000,206,206.45,205.39,206.375
1781723700000,206.405,206.45,204.44,204.724
1781724600000,204.736,205.12,203.47,203.833
1781725500000,203.844,204.88,203.5,204.64
1781726400000,204.671,205,204.42,204.54
1781727300000,204.54,205.08,204.501,205.025
1781728200000,205.025,205.14,204.885,204.885
1781729100000,204.89,205.14,204.87,205.095
1781730000000,205.095,205.235,205,205.018
1781730900000,205.018,205.124,205.018,205.04
1781731800000,205.04,205.175,205.027,205.151
1781732700000,205.153,205.43,205.153,205.43
1781733600000,205.43,205.43,205.208,205.389
1781734500000,205.387,205.7,205.376,205.615
1781735400000,205.615,205.67,205.535,205.555
1781736300000,205.555,205.638,205.31,205.403
1781737200000,205.403,205.73,205.403,205.689
1781738100000,205.689,205.885,205.689,205.866
1781739000000,205.866,205.88,205.705,205.869
1781739900000,205.868,206.353,205.822,206.333
1781740800000,206.08,207.16,206.07,207.16
1781741700000,207.16,207.34,206.86,207.08
1781742600000,207.05,207.7,206.99,207.7
1781743500000,207.66,207.73,206.96,207.01
1781744400000,207,207.38,206.98,207.28
1781745300000,207.29,207.34,207.07,207.21
1781746200000,207.21,207.28,207.1,207.11
1781747100000,207.12,207.13,206.63,206.68
1781748000000,206.68,207.05,206.65,206.94
1781748900000,206.93,206.93,206.62,206.66
1781749800000,206.68,206.79,206.52,206.67
1781750700000,206.69,206.74,206.51,206.71
1781751600000,206.72,206.87,206.62,206.65
1781752500000,206.66,206.73,206.61,206.7
1781753400000,206.7,206.8,206.34,206.43
1781754300000,206.47,206.59,206.42,206.42
1781755200000,206.45,206.51,206.1,206.13
1781756100000,206.2,206.3,205.79,205.82
1781757000000,205.84,205.84,205.24,205.28
1781757900000,205.28,206,205.19,205.96
1781758800000,205.95,206.03,205.72,205.8
1781759700000,205.82,206.13,205.78,205.99
1781760600000,206.05,206.15,205.76,205.83
1781761500000,205.83,206.11,205.69,206.09
1781762400000,206.06,206.11,205.73,206.1
1781763300000,206.03,206.36,205.98,206.36
1781764200000,206.32,206.37,206.05,206.19
1781765100000,206.19,206.39,206.11,206.24
1781766000000,206.24,206.85,206.15,206.23
1781766900000,206.24,206.62,206.14,206.57
1781767800000,206.57,206.77,206.47,206.66
1781768700000,206.62,206.62,206.35,206.59
1781769600000,206.326,207.31,206.325,207.155
1781770500000,207.155,207.155,206.705,206.914
1781771400000,206.914,207.01,206.681,206.757
1781772300000,206.754,206.862,206.605,206.605
1781773200000,206.604,206.765,206.435,206.674
1781774100000,206.674,206.965,206.555,206.93
1781775000000,206.921,206.944,206.691,206.84
1781775900000,206.841,207.196,206.841,207.127
1781776800000,207.126,207.126,206.861,207.03
1781777700000,207.03,207.199,206.917,207.194
1781778600000,207.187,207.32,206.94,206.98
1781779500000,206.983,207.005,206.71,206.71
1781780400000,206.71,207.275,206.7,206.915
1781781300000,206.915,206.968,206.687,206.897
1781782200000,206.897,207.015,206.464,206.683
1781783100000,206.684,207.109,206.637,206.977
1781784000000,206.976,207.056,206.799,207.054
1781784900000,207.055,207.14,206.919,207.105
1781785800000,207.105,207.753,207.091,207.637
1781786700000,207.637,207.833,207.53,207.728
1781787600000,207.727,207.94,207.254,207.872
1781788500000,207.873,208.1,207.29,207.29
1781789400000,207.32,207.99,206.5,207.205
1781790300000,207.199,208.33,207.06,207.792
1781791200000,207.86,208.76,207.49,208.396
1781792100000,208.405,209.865,208.31,209.124
1781793000000,209.11,209.44,208.59,209.005
1781793900000,209.003,209.775,208.93,209.353
1781794800000,209.34,209.64,208.59,209.29
1781795700000,209.288,209.65,208.75,208.829
1781796600000,208.84,209.085,208.15,208.192
1781797500000,208.191,209.04,207.66,208.948
1781798400000,208.952,209.62,208.952,209.201
1781799300000,209.22,210.11,209.13,209.997
1781800200000,209.985,211.18,209.965,210.714
1781801100000,210.714,210.8,209.935,210.044
1781802000000,210.046,210.48,209.93,209.983
1781802900000,209.945,210.52,209.875,210.055
1781803800000,210.048,210.51,210.04,210.215
1781804700000,210.203,210.28,209.85,209.931
1781805600000,209.937,210.045,209.61,209.69
1781806500000,209.697,210.52,209.68,210.237
1781807400000,210.232,210.51,209.93,210.137
1781808300000,210.142,210.215,209.6,209.714
1781809200000,209.712,210.19,209.71,210.041
1781810100000,210.046,210.16,209.83,209.855
1781811000000,209.85,210.27,209.52,210.159
1781811900000,210.98,211.08,210.34,210.37
1781812800000,210.532,210.573,210.03,210.139
1781813700000,210.139,210.18,209.929,210.118
1781814600000,210.118,210.171,209.963,209.973
1781815500000,209.974,210.24,209.935,210.192
1781816400000,210.193,210.263,210.15,210.195
1781817300000,210.195,210.666,210.155,210.666
1781818200000,210.667,210.775,210.636,210.755
1781819100000,210.755,210.81,210.646,210.646
1781820000000,210.646,210.646,210.177,210.313
1781820900000,210.311,210.311,209.957,209.957
1781821800000,209.957,210.1,209.895,210.06
1781822700000,210.06,210.2,210.05,210.128
1781823600000,210.129,210.155,210.08,210.086
1781824500000,210.086,210.165,210.085,210.105
1781825400000,210.105,210.219,210.011,210.175
1781826300000,210.175,210.307,210.175,210.296
1781827200000,210.297,210.32,210.297,210.32
1781828100000,210.32,210.32,210.2,210.2
1781829000000,210.19,210.19,210.19,210.19
1781829900000,210.19,210.19,210.18,210.18
1781830800000,210.23,210.23,210.17,210.17
1781833500000,210.23,210.29,210.23,210.29
1781837100000,210.17,210.17,210.17,210.17
1781838000000,210.29,210.32,210.17,210.17
1781840700000,210.18,210.18,210.17,210.17
1781844300000,210.32,210.32,208.54,208.54
1781845200000,208.34,208.34,208.23,208.23
1781850600000,208.42,208.42,208.42,208.42
1781851500000,208.42,208.43,208.42,208.43
1781856000000,208.22,208.22,208.12,208.12
1781857800000,208.19,208.19,208.19,208.19
1781860500000,208.26,208.26,208.26,208.26
1781863200000,208.26,208.74,208.26,208.74
1781864100000,208.72,208.92,208.7,208.72
1781872200000,208.72,208.72,208.72,208.72
1781873100000,208.58,208.58,208.58,208.58
1781874000000,208.57,208.72,208.54,208.54
1781874900000,208.54,208.68,208.54,208.54
1781875800000,208.54,208.54,208.54,208.54
1781876700000,208.68,208.68,208.52,208.52
1781877600000,208.67,208.76,208.67,208.76
1781878500000,208.76,208.76,208.52,208.52
1781879400000,208.72,208.72,208.48,208.48
1781880300000,208.48,208.57,208.47,208.47
1781881200000,208.47,208.47,208.47,208.47
1781882100000,208.54,208.64,208.45,208.64
1781883000000,208.53,208.64,208.43,208.43
1781883900000,208.51,208.57,208.43,208.52
1781884800000,208.56,208.65,208.43,208.43
1781885700000,208.43,208.56,208.43,208.43
1781886600000,208.43,208.57,208.42,208.57
1781889300000,208.57,208.65,208.57,208.65
1781891100000,208.42,208.42,208.42,208.42
1781892000000,208.56,208.66,208.41,208.56
1781894700000,208.56,208.56,208.56,208.56
1781895600000,208.56,208.56,208.41,208.41
1781897400000,208.55,208.55,208.41,208.41
1781901000000,208.41,208.41,208.41,208.41
1781901900000,208.4,208.4,208.4,208.4
1781906400000,208.38,208.48,208.33,208.33
1781907300000,208.47,208.48,208.33,208.33
1781908200000,208.47,208.47,208.47,208.47
1781915400000,208.54,208.69,208.54,208.69
1781916300000,208.76,208.76,208.31,208.31
1781919000000,208.4,208.4,208.4,208.4
1781920800000,208.44,208.51,208.44,208.51
1781921700000,208.76,208.76,208.41,208.41
1781922600000,208.4,208.4,208.19,208.19
1781924400000,208.21,208.31,208.21,208.31
1781926200000,208.42,208.42,208.42,208.42
1781927100000,208.23,208.79,208.23,208.79
1781929800000,208.79,208.83,208.35,208.35
1781930700000,208.34,208.34,208.34,208.34
1781932500000,208.32,208.32,208.32,208.32
1781933400000,208.43,208.43,208.3,208.3
1781937900000,208.36,208.36,208.3,208.3
1781938800000,208.36,208.36,208.28,208.28
1781939700000,208.36,208.36,208.28,208.28
1781940600000,208.36,208.36,208.36,208.36
1781941500000,208.25,208.33,208.21,208.21
1781943300000,208.3,208.3,208.19,208.19
1781944200000,208.32,208.32,208.19,208.19
1781945100000,208.32,208.35,208.32,208.35
1781946000000,208.19,208.19,208.18,208.18
1781947800000,208.17,208.31,208.03,208.1
1781948700000,208.23,208.23,208.23,208.23
1781950500000,208.31,208.36,208.23,208.23
1781951400000,208.36,208.36,208.36,208.36
1781952300000,208.23,208.36,208.23,208.36
1781954100000,208.36,208.36,208.03,208.03
1781955000000,207.99,207.99,207.99,207.99
1781955900000,207.97,207.97,207.91,207.91
1781956800000,208.07,208.07,208.07,208.07
1781957700000,208.22,208.23,208.22,208.23
1781960400000,207.92,207.92,207.89,207.89
1781962200000,207.86,207.86,207.86,207.86
1781966700000,207.86,207.89,207.64,207.64
1781968500000,207.44,207.44,207.44,207.44
1781969400000,207.5,207.61,207.36,207.36
1781972100000,207.52,207.52,207.52,207.52
1781973900000,207.62,207.62,207.37,207.37
1781975700000,207.51,207.8,207.51,207.8
1781982900000,207.8,207.8,207.8,207.8
1781983800000,207.92,207.92,207.8,207.8
1781987400000,207.8,207.8,207.35,207.35
1781991000000,207.52,208.36,207.52,208.36
1781991900000,208.36,208.36,208.36,208.36
1781992800000,208.36,208.36,208.36,208.36
1781993700000,207.67,207.67,207.66,207.66
1781999100000,207.8,208.33,207.8,208.33
1782002700000,208.36,208.36,208.36,208.36
1782003600000,208.36,208.36,208.36,208.36
1782005400000,207.64,207.78,207.64,207.78
1782009900000,207.78,207.78,207.78,207.78
1782010800000,207.79,207.79,207.78,207.78
1782011700000,207.79,207.84,207.62,207.62
1782016200000,207.78,207.85,207.78,207.85
1782017100000,207.62,207.62,207.62,207.62
1782019800000,207.82,207.82,207.61,207.61
1782021600000,207.61,207.61,207.56,207.56
1782023400000,207.55,207.55,207.55,207.55
1782026100000,207.67,207.67,207.67,207.67
1782028800000,207.67,207.67,207.52,207.52
1782030600000,207.65,207.65,207.52,207.52
1782031500000,207.65,207.7,207.65,207.7
1782032400000,207.52,207.52,207.52,207.52
1782033300000,207.7,207.7,207.7,207.7
1782034200000,207.7,207.7,207.7,207.7
1782035100000,207.45,207.72,207.45,207.72
1782036000000,207.45,207.57,207.45,207.57
1782039600000,207.57,207.57,207.43,207.43
1782041400000,207.57,207.62,207.42,207.42
1782042300000,207.56,207.56,207.56,207.56
1782043200000,207.56,207.56,207.56,207.56
1782044100000,207.42,207.42,207.42,207.42
1782045900000,207.64,207.64,207.41,207.41
1782046800000,207.4,207.4,207.4,207.4
1782048600000,207.54,207.54,207.39,207.39
1782050400000,207.54,207.57,207.54,207.57
1782054900000,207.64,207.64,207.64,207.64
1782055800000,207.39,207.39,207.39,207.39
1782056700000,207.39,207.39,207.38,207.38
1782058500000,207.51,207.51,207.37,207.37
1782059400000,207.51,207.56,207.37,207.37
1782060300000,207.56,207.56,207.36,207.36
1782061200000,207.53,207.53,207.36,207.36
1782062100000,207.53,207.53,207.53,207.53
1782063000000,207.53,207.53,207.36,207.36
1782063900000,207.53,207.53,207.36,207.36
1782064800000,207.53,207.53,207.36,207.36
1782065700000,207.53,207.56,207.53,207.56
1782066600000,207.57,207.57,207.36,207.36
1782069300000,207.57,207.57,207.32,207.32
1782070200000,207.49,207.49,207.49,207.49
1782071100000,207.32,207.32,207.32,207.32
1782072000000,207.49,207.52,207.31,207.31
1782074700000,207.52,207.64,207.05,207.05
1782081000000,207.3,207.3,207.3,207.3
1782083700000,207.3,207.32,207.02,207.02
1782085500000,207.21,207.25,207.02,207.02
1782086400000,208.28,209.78,207.69,208.36
1782087300000,208.31,208.75,207.99,208.3
1782088200000,208.3,208.45,207.98,208.03
1782089100000,208.03,208.31,207.96,207.98
1782090000000,207.97,209.54,207.97,209.22
1782090900000,209.22,209.24,208.36,208.7
1782091800000,208.74,209.28,208.48,208.94
1782092700000,208.96,209.04,208.59,208.65
1782093600000,208.61,208.89,208.36,208.71
1782094500000,208.68,208.94,208.56,208.56
1782095400000,208.56,208.75,208.49,208.71
1782096300000,208.74,208.74,208.53,208.66
1782097200000,208.64,208.9,208.45,208.84
1782098100000,208.85,208.99,208.76,208.86
1782099000000,208.88,208.94,208.68,208.76
1782099900000,208.78,208.82,208.35,208.52
1782100800000,208.5,208.59,208.42,208.47
1782101700000,208.46,208.51,208.27,208.33
1782102600000,208.32,208.83,208.31,208.79
1782103500000,208.79,209.09,208.78,209.04
1782104400000,209.03,209.4,208.91,209.38
1782105300000,209.36,209.45,209.22,209.31
1782106200000,209.32,209.32,209.02,209.11
1782107100000,209.13,209.24,209.03,209.08
1782108000000,209.06,209.4,209.05,209.38
1782108900000,209.37,209.79,209.23,209.66
1782109800000,209.65,209.71,209.48,209.6
1782110700000,209.6,209.71,209.55,209.64
1782111600000,209.63,209.96,209.61,209.83
1782112500000,209.82,210,209.82,210
1782113400000,209.98,210.02,209.66,209.73
1782114300000,209.71,209.95,209.7,209.74
1782115200000,210.226,210.226,208.949,209.468
1782116100000,209.468,209.595,209.25,209.288
1782117000000,209.289,209.751,209.25,209.751
1782117900000,209.753,209.78,209.447,209.68
1782118800000,209.68,209.68,209.368,209.485
1782119700000,209.485,209.579,209.31,209.375
1782120600000,209.39,209.444,209.121,209.32
1782121500000,209.313,209.375,209.15,209.251
1782122400000,209.252,209.725,209.252,209.668
1782123300000,209.663,209.888,209.491,209.589
1782124200000,209.5,209.593,209.296,209.49
1782125100000,209.49,209.607,209.43,209.545
1782126000000,209.549,210.54,209.549,210.107
1782126900000,210.108,210.272,210.084,210.145
1782127800000,210.145,210.379,210.145,210.286
1782128700000,210.284,210.284,210.02,210.076
1782129600000,210.075,210.19,210.01,210.032
1782130500000,210.027,210.315,209.882,210.299
1782131400000,210.296,211.01,210.251,210.58
1782132300000,210.577,210.768,210.353,210.743
1782133200000,210.755,211.129,210.65,211.105
1782134100000,211.107,211.448,210.89,211.309
1782135000000,211.45,213.98,210.82,212.348
1782135900000,212.31,213.33,211.605,213.09
1782136800000,213.08,214,212.67,212.694
1782137700000,212.65,212.92,211.13,211.163
1782138600000,211.14,211.156,209.22,209.467
1782139500000,209.46,209.87,208.63,209.1
1782140400000,209.115,210.08,209.055,209.838
1782141300000,209.844,210.38,209.67,209.804
1782142200000,209.84,210.88,209.809,210.577
1782143100000,210.574,210.64,209.43,209.48
1782144000000,209.475,209.8,209.17,209.64
1782144900000,209.64,209.96,209.245,209.76
1782145800000,209.76,209.79,209.175,209.42
1782146700000,209.42,209.91,209.2,209.395
1782147600000,209.396,209.59,208.88,208.998
1782148500000,209.006,209.38,208.98,209.011
1782149400000,208.985,209.04,208.495,208.51
1782150300000,208.526,208.93,208.46,208.57
1782151200000,208.568,209.06,208.46,208.99
1782152100000,208.99,209.26,208.61,208.747
1782153000000,208.755,209.14,208.71,208.727
1782153900000,208.724,209.005,208.55,208.603
1782154800000,208.607,208.92,208.305,208.711
1782155700000,208.695,208.75,207.95,207.986
1782156600000,208.005,208.16,207.74,207.793
1782157500000,207.82,208.87,207.73,208.61
1782158400000,208.698,208.92,208.355,208.378
1782159300000,208.372,208.39,208.095,208.172
1782160200000,208.172,208.242,208.066,208.108
1782161100000,208.109,208.167,208.015,208.094
1782162000000,208.094,208.096,207.945,207.98
1782162900000,207.98,208.129,207.978,208.015
1782163800000,208.015,208.12,208.01,208.078
1782164700000,208.077,208.077,208.007,208.045
1782165600000,208.045,208.287,207.93,207.99
1782166500000,207.99,208.122,207.9,207.961
1782167400000,207.961,207.961,207.658,207.688
1782168300000,207.689,207.82,207.655,207.695
1782169200000,207.692,207.714,207.64,207.648
1782170100000,207.647,207.931,207.645,207.926
1782171000000,207.926,207.926,207.84,207.885
1782171900000,207.885,207.885,207.715,207.805
1782172800000,208.03,208.25,207.53,207.54
1782173700000,207.55,208.08,207.36,207.77
1782174600000,207.78,208.5,207.72,208.41
1782175500000,208.43,208.5,208.1,208.17
1782176400000,208.22,208.44,208.13,208.19
1782177300000,208.26,208.26,208.05,208.12
1782178200000,208.13,208.21,207.49,207.52
1782179100000,207.49,207.51,206.61,206.94
1782180000000,206.95,207.03,206.37,206.42
1782180900000,206.51,206.89,206.41,206.69
1782181800000,206.69,206.71,206.37,206.46
1782182700000,206.46,206.53,206.24,206.34
1782183600000,206.35,206.51,206.03,206.18
1782184500000,206.18,206.37,205.78,206.33
1782185400000,206.29,206.51,205.51,205.74
1782186300000,205.74,206,205.56,205.96
1782187200000,205.95,206.28,205.64,205.69
1782188100000,205.7,205.7,205.28,205.64
1782189000000,205.61,205.77,205.44,205.68
1782189900000,205.68,205.71,205.09,205.17
1782190800000,205.19,205.38,204.94,205.08
1782191700000,205.1,205.47,205.04,205.22
1782192600000,205.22,205.22,204.61,204.98
1782193500000,204.96,205.02,204.63,204.74
1782194400000,204.78,204.89,203.51,203.73
1782195300000,203.72,203.94,202.96,203.39
1782196200000,203.35,203.69,203.15,203.36
1782197100000,203.36,203.64,203.01,203.02
1782198000000,203.02,203.61,202.81,203.25
1782198900000,203.25,203.32,202.5,202.87
1782199800000,202.78,202.98,202.39,202.45
1782200700000,202.49,202.56,202.05,202.19
1782201600000,206.953,206.953,202.101,202.532
1782202500000,202.518,202.518,201.702,201.875
1782203400000,201.875,202.52,201.875,202.27
1782204300000,202.268,202.537,201.93,202.389
1782205200000,202.389,202.879,202.389,202.769
1782206100000,202.766,202.877,202.444,202.706
1782207000000,202.704,202.889,202.637,202.705
1782207900000,202.703,202.703,202.2,202.42
1782208800000,202.42,202.62,202.142,202.214
1782209700000,202.21,202.665,202.134,202.175
1782210600000,202.183,202.214,201.854,202.184
1782211500000,202.182,202.594,202.116,202.571
1782212400000,202.7,203.233,202.25,203.2
1782213300000,203.2,203.299,202.98,203.162
1782214200000,203.165,204.089,203.107,204.005
1782215100000,204.004,204.087,203.717,203.885
1782216000000,203.885,203.98,203.408,203.445
1782216900000,203.444,203.49,202.948,203.214
1782217800000,203.219,203.255,202.683,202.933
1782218700000,202.931,203.049,202.747,202.99
1782219600000,202.993,203.237,202.833,202.906
1782220500000,202.906,203.327,201.6,202.067
1782221400000,202.08,202.51,200.04,201.717
1782222300000,201.65,203.75,201.61,203.395
1782223200000,203.35,203.56,202.79,203.193
1782224100000,203.192,203.39,202.55,202.979
1782225000000,202.996,203.43,202.62,202.786
1782225900000,202.8,202.91,201.91,202.2
1782226800000,202.25,202.49,200.69,201.06
1782227700000,201.065,201.18,200.42,200.751
1782228600000,200.752,201.49,200.64,201.4
1782229500000,201.399,202.11,201.2,201.829
1782230400000,201.83,202.97,201.8,202.799
1782231300000,202.797,202.87,202.01,202.256
1782232200000,202.254,202.515,201.9,202.478
1782233100000,202.49,202.55,201.95,202.31
1782234000000,202.32,202.41,201.74,202.154
1782234900000,202.165,202.78,201.96,202.501
1782235800000,202.501,202.63,202.07,202.176
1782236700000,202.172,202.32,201.6,201.633
1782237600000,201.62,202.01,201.48,201.74
1782238500000,201.715,201.82,201.46,201.666
1782239400000,201.63,201.663,200.73,200.75
1782240300000,200.75,200.98,200.32,200.617
1782241200000,200.619,201.41,200.54,200.896
1782242100000,200.87,201.45,200.725,201.232
1782243000000,201.234,201.475,200.57,200.804
1782243900000,200.82,201.21,199.99,200.06
1782244800000,200.124,200.46,200.016,200.33
1782245700000,200.331,200.655,200.322,200.582
1782246600000,200.581,200.788,200.486,200.788
1782247500000,200.788,200.789,200.446,200.491
1782248400000,200.49,200.745,200.465,200.625
1782249300000,200.625,200.625,200.557,200.6
1782250200000,200.6,200.79,200.6,200.729
1782251100000,200.731,201.079,200.725,200.953
1782252000000,200.953,201.136,200.812,201.042
1782252900000,201.041,201.135,200.68,200.763
1782253800000,200.758,200.763,200.422,200.485
1782254700000,200.486,200.728,200.486,200.545
1782255600000,200.543,200.635,200.201,200.543
1782256500000,200.53,200.635,200.348,200.625
1782257400000,200.625,200.625,200.275,200.435
1782258300000,200.435,200.891,200.429,200.885
1782259200000,200.67,201.4,200.43,201.23
1782260100000,201.22,201.84,201.21,201.61
1782261000000,201.61,201.76,201.2,201.52
1782261900000,201.54,201.74,201.48,201.63
1782262800000,201.63,201.75,201.29,201.69
1782263700000,201.67,201.7,201.33,201.54
1782264600000,201.55,201.68,201.48,201.59
1782265500000,201.59,201.73,201.48,201.53
1782266400000,201.51,201.55,201.38,201.43
1782267300000,201.42,201.53,201.11,201.27
1782268200000,201.28,201.42,200.74,200.91
1782269100000,200.93,201.15,200.52,200.62
1782270000000,200.69,201.4,200.54,201.28
1782270900000,201.27,201.28,200.73,201.09
1782271800000,201.12,201.3,200.97,201.02
1782272700000,201.02,201.19,200.83,201.08
1782273600000,201.03,201.06,200.78,200.84
1782274500000,200.87,200.92,200.6,200.78
1782275400000,200.81,201.41,200.8,201.15
1782276300000,201.2,201.31,201,201.2
1782277200000,201.22,201.56,201.14,201.47
1782278100000,201.47,201.71,201.42,201.6
1782279000000,201.61,201.81,201.52,201.55
1782279900000,201.52,201.58,201.1,201.31
1782280800000,201.28,201.41,201.08,201.38
1782281700000,201.35,201.36,200.99,201.13
1782282600000,201.15,201.49,201.12,201.35
1782283500000,201.31,201.34,201.16,201.17
1782284400000,201.19,201.26,200.86,200.92
1782285300000,200.95,201.19,200.83,201.01
1782286200000,201.02,201.16,200.76,201.11
1782287100000,201.09,201.21,200.85,200.93
1782288000000,200.914,201.56,200.914,201.56
1782288900000,201.56,201.56,201.194,201.388
1782289800000,201.388,201.5,201.239,201.323
1782290700000,201.322,201.38,201.21,201.3
1782291600000,201.3,201.654,201.177,201.645
1782292500000,201.645,201.645,201.35,201.404
1782293400000,201.402,201.444,201.322,201.419
1782294300000,201.417,201.42,201.205,201.4
1782295200000,201.4,201.437,201.282,201.374
1782296100000,201.374,201.497,201.345,201.497
1782297000000,201.498,201.678,201.47,201.578
1782297900000,201.576,201.586,201.31,201.373
1782298800000,201.365,201.553,201.086,201.092
1782299700000,201.093,201.114,200.85,200.952
1782300600000,200.951,201.417,200.95,201.349
1782301500000,201.349,201.669,201.336,201.532
1782302400000,201.526,201.56,201.3,201.558
1782303300000,201.567,201.608,201.367,201.42
1782304200000,201.42,201.44,201.15,201.19
1782305100000,201.189,201.189,200.89,200.929
1782306000000,200.931,200.966,199.01,199.495
1782306900000,199.496,200.72,199.4,200.188
1782307800000,200.13,201.58,199.48,200.768
1782308700000,200.7,201.21,199.7,200.274
1782309600000,200.272,200.52,199.07,199.564
1782310500000,199.6,200.19,198.59,199.864
1782311400000,199.865,200.77,199.865,200.734
1782312300000,200.76,201.3,200.56,201.195
1782313200000,201.17,201.5,200.775,201.02
1782314100000,201.071,201.35,200.35,200.886
1782315000000,200.94,201.13,200.51,200.721
1782315900000,200.77,201.24,200.43,200.799
1782316800000,200.78,201.01,200.54,200.863
1782317700000,200.868,201.03,200.58,200.728
1782318600000,200.729,200.729,199.52,199.672
1782319500000,199.65,199.81,199.13,199.228
1782320400000,199.23,199.54,198.65,198.89
1782321300000,198.86,199.025,197.86,197.965
1782322200000,197.97,198.33,197.46,197.743
1782323100000,197.743,198.165,197.4,197.446
1782324000000,197.452,198.28,197.32,197.603
1782324900000,197.604,198.77,197.604,198.582
1782325800000,198.6,198.72,197.705,197.874
1782326700000,197.9,197.91,197.05,197.177
1782327600000,197.24,197.73,196.575,196.989
1782328500000,196.988,198,196.83,197.75
1782329400000,197.8,197.97,196.96,197.258
1782330300000,198.19,199.16,198.19,198.88
1782331200000,199.058,200.625,198.14,200.403
1782332100000,200.409,200.498,200.01,200.356
1782333000000,200.351,200.65,200.061,200.573
1782333900000,200.576,201.21,200.15,200.399
1782334800000,200.399,200.45,199.9,199.974
1782335700000,200.02,200.479,199.98,200.475
1782336600000,200.474,200.474,200.162,200.162
1782337500000,200.162,200.488,200.16,200.488
1782338400000,200.491,200.85,200.465,200.541
1782339300000,200.539,200.668,200.36,200.36
1782340200000,200.358,200.377,200.115,200.155
1782341100000,200.155,200.159,199.776,199.907
1782342000000,199.907,200.679,199.797,200.592
1782342900000,200.592,200.592,200.319,200.319
1782343800000,200.317,200.742,200.314,200.712
1782344700000,200.714,200.864,200.625,200.674
1782345600000,200.57,201.02,200.03,200.54
1782346500000,200.52,200.68,200.29,200.35
1782347400000,200.36,200.41,199.89,200.03
1782348300000,200.01,200.34,199.96,200.24
1782349200000,200.27,200.36,199.97,200.03
1782350100000,200.1,200.15,199.71,199.92
1782351000000,199.92,200.1,199.8,200
1782351900000,200,200.19,199.95,200.07
1782352800000,200.05,200.16,199.47,199.47
1782353700000,199.48,199.95,199.3,199.92
1782354600000,199.94,200.16,199.86,199.93
1782355500000,199.9,200.13,199.81,200.1
1782356400000,200.11,200.14,199.88,199.93
1782357300000,199.98,200.11,199.87,200.01
1782358200000,200.02,200.25,200.01,200.02
1782359100000,200.03,200.36,199.99,200.25
1782360000000,200.25,200.29,199.91,200.09
1782360900000,200.11,200.24,200,200.13
1782361800000,200.19,200.22,200,200.11
1782362700000,200.13,200.2,200,200.04
1782363600000,200.04,200.27,199.93,200.18
1782364500000,200.18,200.44,200.18,200.43
1782365400000,200.37,200.61,200.24,200.56
1782366300000,200.48,200.69,200.44,200.57
1782367200000,200.55,200.78,200.45,200.52
1782368100000,200.51,200.73,200.49,200.62
1782369000000,200.62,200.66,200.34,200.4
1782369900000,200.41,200.51,200.11,200.11
1782370800000,200.16,200.6,200.09,200.53
1782371700000,200.51,200.99,200.51,200.68
1782372600000,200.7,201,200.57,200.99
1782373500000,200.99,201.09,200.73,201.07
1782374400000,200.712,201.721,200.33,201.556
1782375300000,201.554,201.632,201.371,201.568
1782376200000,201.573,201.716,201.551,201.698
1782377100000,201.697,201.71,201.656,201.707
1782378000000,201.709,202.142,201.709,201.976
1782378900000,201.977,202.013,201.747,201.848
1782379800000,201.847,202.049,201.845,201.854
1782380700000,201.841,201.841,201.605,201.605
1782381600000,201.605,201.841,201.601,201.73
1782382500000,201.736,201.904,201.281,201.324
1782383400000,201.321,201.494,200.934,200.937
1782384300000,200.94,201.26,200.808,200.947
1782385200000,201.06,201.447,200.947,200.952
1782386100000,200.951,201.044,200.594,200.638
1782387000000,200.635,200.699,200.415,200.638
1782387900000,200.644,200.75,200.483,200.566
1782388800000,200.563,201.142,200.5,200.817
1782389700000,200.821,200.885,200.693,200.856
1782390600000,200.858,201.517,200.858,201.504
1782391500000,201.499,201.81,201.462,201.766
1782392400000,201.766,201.766,201.41,201.499
1782393300000,201.5,201.562,200,200.085
1782394200000,200.08,200.8,195.91,196.135
1782395100000,196.135,196.4,192.15,192.307
1782396000000,192.319,195.88,192.319,194.443
1782396900000,194.44,194.93,193.63,194.542
1782397800000,194.535,195.59,194.34,194.578
1782398700000,194.6,196.43,194.27,195.43
1782399600000,195.48,196.67,195.2,195.543
1782400500000,195.58,195.76,194.775,195.132
1782401400000,195.2,195.88,195.14,195.767
1782402300000,195.768,196.39,195.6,195.62
1782403200000,195.645,196.93,195.575,196.732
1782404100000,196.735,197.12,195.75,195.988
1782405000000,195.989,195.99,194.94,194.967
1782405900000,195,195.202,194.52,194.867
1782406800000,194.87,195.37,194.56,195.22
1782407700000,195.219,195.74,194.825,195.395
1782408600000,195.41,195.65,194.94,195.032
1782409500000,195.033,195.033,194.37,194.805
1782410400000,194.77,194.792,193.72,194.34
1782411300000,194.332,195.82,194.27,195.777
1782412200000,195.778,195.778,194.79,195.1
1782413100000,195.08,195.098,194.13,194.41
1782414000000,194.41,194.64,194.09,194.09
1782414900000,194.06,194.57,193.71,194.38
1782415800000,194.38,194.82,193.89,194.762
1782416700000,195.29,195.95,195.29,195.895
1782417600000,195.758,196.77,195.7,195.815
1782418500000,195.815,196.123,195.379,195.432
1782419400000,195.431,195.463,194.99,195.245
1782420300000,195.245,195.348,195.109,195.325
1782421200000,195.325,195.473,195.285,195.425
1782422100000,195.424,195.424,195.26,195.313
1782423000000,195.312,195.455,195.277,195.429
1782423900000,195.43,195.525,195.426,195.51
1782424800000,195.514,195.74,194.88,195.045
1782425700000,195.045,195.065,194.498,194.51
1782426600000,194.502,194.584,194.302,194.443
1782427500000,194.444,194.849,194.431,194.745
1782428400000,194.747,194.876,194.546,194.862
1782429300000,194.861,195.579,194.86,195.552
1782430200000,195.551,195.673,195.09,195.105
1782431100000,195.104,195.104,194.55,194.821
1782432000000,194.822,195.22,194.77,195.1
1782432900000,195.1,195.2,194.56,195
1782433800000,195,195.13,194.48,194.8
1782434700000,194.82,195.03,194.43,194.47
1782435600000,194.41,194.63,194.03,194.15
1782436500000,194.15,194.54,194.07,194.07
1782437400000,194.09,194.09,192.86,192.93
1782438300000,192.86,193.14,192.57,192.81
1782439200000,192.86,193.16,192.64,192.92
1782440100000,192.9,193.26,192.45,192.5
1782441000000,192.57,192.69,191.69,191.96
1782441900000,191.96,191.96,190.99,191.43
1782442800000,191.37,191.65,191.27,191.47
1782443700000,191.43,192.25,191.41,191.92
1782444600000,191.92,191.98,191.32,191.81
1782445500000,191.8,193.13,191.74,193.09
1782446400000,193.11,193.28,192.5,192.84
1782447300000,192.84,192.95,191.89,191.99
1782448200000,191.99,192.01,191.7,191.82
1782449100000,191.8,191.83,191.22,191.48
1782450000000,191.5,192.45,191.43,192.26
1782450900000,192.25,192.44,191.86,192.19
1782451800000,192.23,192.79,192.21,192.41
1782452700000,192.37,192.73,192.26,192.34
1782453600000,192.34,192.47,191.66,191.84
1782454500000,191.94,192.34,191.71,192.3
1782455400000,192.35,192.53,192.17,192.45
1782456300000,192.5,193.24,192.42,193.16
1782457200000,193.16,193.29,192.51,193.06
1782458100000,193,193.5,193,193.48
1782459000000,193.5,193.76,193.01,193.5
1782459900000,193.52,193.86,193.42,193.69
1782460800000,193.82,194.824,193.04,193.51
1782461700000,192.99,193.51,192.977,193.35
1782462600000,193.03,193.454,192.908,193.1
1782463500000,192.994,193.084,192.595,192.801
1782464400000,192.8,193.168,192.65,193
1782465300000,193,193.173,192.732,193.025
1782466200000,193.05,193.695,192.953,193.05
1782467100000,194.01,194.035,193.455,194.01
1782468000000,193.57,193.85,193.506,193.57
1782468900000,193.788,193.874,193.515,193.74
1782469800000,193.7,193.74,193.53,193.6
1782470700000,193.68,193.78,193.548,193.68
1782471600000,193.75,193.84,193.669,193.8
1782472500000,193.69,193.828,193.66,193.7
1782473400000,193.69,193.846,193.675,193.83
1782474300000,193.69,193.699,193.21,193.4
1782475200000,193.45,193.839,193.346,193.741
1782476100000,193.86,193.908,193.2,193.2
1782477000000,193.34,193.432,192.292,192.34
1782477900000,192.25,192.78,192.189,192.65
1782478800000,192.48,192.706,192.275,192.41
1782479700000,192.23,193.131,191.976,192.51
1782480600000,193.1,193.51,191.23,193.025
1782481500000,193.04,194.01,192.27,193.61
1782482400000,193.555,194.23,193.38,194.01
1782483300000,193.954,194.49,193.28,193.693
1782484200000,193.73,193.93,192.65,192.848
1782485100000,192.895,193.56,192.69,193.09
1782486000000,193.095,193.59,192.65,192.67
1782486900000,192.69,193.66,192.49,193.62
1782487800000,193.61,195.25,193.602,195.1
1782488700000,195.13,195.18,193.81,194.35
1782489600000,194.34,194.368,193.64,193.78
1782490500000,193.75,194.385,193.645,194.17
1782491400000,194.17,194.55,194.16,194.22
1782492300000,194.241,194.39,193.95,194.128
1782493200000,194.08,194.83,194.04,194.64
1782494100000,194.69,195.18,194.15,195.04
1782495000000,195.06,195.55,194.71,194.9
1782495900000,194.87,194.98,194.32,194.59
1782496800000,194.595,195.31,194.43,194.61
1782497700000,194.69,194.71,193.92,194.02
1782498600000,194.03,194.37,193.76,193.995
1782499500000,193.97,194.015,193.4,193.72
1782500400000,193.714,194.51,193.55,194.5
1782501300000,194.51,194.51,193.88,193.928
1782502200000,194,194.77,193.74,194.71
1782503100000,194.74,195.18,191.75,191.8
1782504000000,192.22,192.586,191.964,192.28
1782504900000,192.4,192.44,192.091,192.44
1782505800000,192.27,192.414,191.87,192.06
1782506700000,192.1,192.425,192.08,192.38
1782507600000,192.29,192.31,192.146,192.23
1782508500000,192.31,192.325,192.15,192.19
1782509400000,192.28,192.29,192.16,192.2
1782510300000,192.22,192.419,192.165,192.24
1782511200000,192.45,192.45,192.341,192.36
1782512100000,192.36,192.395,192.23,192.36
1782513000000,192.51,192.668,192.39,192.58
1782513900000,192.81,193.09,192.665,193
1782514800000,192.79,192.912,192.656,192.79
1782515700000,192.82,192.825,192.65,192.81
1782516600000,192.772,192.925,192.772,192.88
1782517500000,192.84,192.96,192.726,192.75
1782518400000,192.755,192.768,192.755,192.768
1782519300000,192.46,192.69,192.46,192.69
1782520200000,192.7,192.7,192.7,192.7
1782521100000,192.71,192.77,192.43,192.6
1782522000000,192.62,192.85,192.34,192.34
1782523800000,192.53,192.53,192.53,192.53
1782524700000,192.34,192.64,192.14,192.14
1782525600000,192.15,192.55,192.02,192.02
1782526500000,192.21,192.26,192.18,192.18
1782527400000,192.02,192.28,192,192
1782528300000,192.22,192.79,192.04,192.35
1782529200000,192.35,192.79,191.92,192.28
1782530100000,192.39,192.71,191.82,192.04
1782531000000,192.19,192.19,192.19,192.19
1782531900000,191.82,192.59,191.67,191.67
1782533700000,191.67,191.67,191.67,191.67
1782534600000,191.66,191.92,191.63,191.87
1782535500000,191.63,191.96,191.6,191.6
1782537300000,191.73,191.86,191.52,191.52
1782538200000,191.7,191.7,191.7,191.7
1782539100000,191.72,192.98,191.5,191.71
1782540000000,191.73,191.73,191.48,191.5
1782540900000,191.51,191.51,191.51,191.51
1782541800000,191.63,192.98,191.55,191.55
1782542700000,191.48,191.48,191.46,191.46
1782544500000,191.88,192.98,191.3,191.3
1782545400000,191.63,191.63,191.16,191.16
1782549900000,191.29,191.63,191.13,191.13
1782550800000,191.35,191.36,190.89,190.89
1782551700000,191.13,191.19,191.13,191.19
1782553500000,191.19,191.63,190.9,190.9
1782555300000,190.92,191.64,190.89,190.9
1782556200000,190.92,190.92,190.89,190.89
1782557100000,190.92,191.65,190.89,191.65
1782558900000,191.65,191.72,191.65,191.72
1782559800000,191.5,191.5,191.01,191.01
1782560700000,191.5,191.5,190.98,190.99
1782561600000,190.99,191.05,190.98,191.05
1782562500000,191.06,191.09,191.05,191.09
1782563400000,191.09,191.8,190.9,190.9
1782564300000,190.91,191.73,190.76,190.76
1782565200000,190.73,190.89,190.51,190.79
1782566100000,190.55,190.79,190.5,190.5
1782567000000,190.79,190.79,190.79,190.79
1782567900000,190.84,190.97,190.47,190.47
1782568800000,190.63,190.66,190.6,190.64
1782569700000,190.69,192.92,189.88,190.28
1782570600000,190.28,192.19,190.01,191.16
1782571500000,190.19,191.39,190.05,190.06
1782572400000,190.06,192.87,189.94,190
1782573300000,189.9,190.5,189.9,190.5
1782574200000,190.5,192.17,189.74,191.2
1782575100000,190.2,191.2,190.2,190.2
1782576000000,191.2,192.84,189.49,189.82
1782576900000,192.84,192.84,189.5,189.5
1782577800000,189.85,192.7,189.85,192.7
1782578700000,189.6,192.7,189.49,189.49
1782579600000,190.5,190.5,189.47,189.47
1782580500000,189.65,191.26,189.51,189.51
1782581400000,189.5,190.5,189.46,190.5
1782586800000,189.44,191.04,189.34,191.04
1782588600000,189.35,189.35,189.35,189.35
1782590400000,191.04,191.58,191.04,191.58
1782591300000,189.92,189.92,189.92,189.92
1782594000000,189.35,189.35,189.3,189.35
1782594900000,189.3,191.24,189,189.17
1782595800000,188.98,188.98,188.98,188.98
1782597600000,189.18,189.28,188.95,189.21
1782598500000,189.21,189.3,189.21,189.3
1782599400000,189.3,189.54,189.18,189.54
1782604800000,189,189.85,188.99,189.85
1782606600000,189.85,189.85,188.95,188.95
1782607500000,190.1,190.1,188.97,188.97
1782609300000,190.4,192.88,188.96,188.96
1782610200000,192.78,192.88,188.96,188.96
1782611100000,190.2,190.5,189.05,189.05
1782612900000,191.3,191.5,189.05,189.05
1782615600000,191.2,191.2,189.05,191.2
1782617400000,189.06,191.2,189.06,191.2
1782618300000,189.06,191.2,188.96,188.96
1782619200000,191.2,191.2,191.2,191.2
1782620100000,189.11,192.88,189.1,192.88
1782623700000,192.5,192.5,189.5,189.5
1782624600000,192.5,192.5,192.5,192.5
1782625500000,192.5,192.5,189.62,189.65
1782627300000,192.49,192.49,192.44,192.44
1782628200000,192.24,192.25,190,192.24
1782629100000,192.23,192.23,190,190
1782630000000,192.23,192.23,189.62,189.62
1782631800000,192.3,192.4,189.27,192.4
1782632700000,192.4,192.52,192.3,192.3
1782633600000,189.26,192.25,189.25,189.25
1782638100000,192.6,192.6,189.6,189.6
1782639000000,192.6,192.6,192.6,192.6
1782640800000,192.6,192.6,192.6,192.6
1782641700000,192.6,192.6,189.63,192.6
1782643500000,192.6,192.6,189.65,189.65
1782644400000,192.6,192.6,192.6,192.6
1782645300000,192.6,192.6,192.6,192.6
1782646200000,192.6,192.6,192.6,192.6
1782647100000,192.81,192.81,192.81,192.81
1782648000000,192.87,192.87,192.81,192.81
1782648900000,192.8,192.8,189.75,189.75
1782649800000,191,191,191,191
1782650700000,192,192,192,192
1782651600000,189.9,192.91,189.9,189.95
1782652500000,189.95,192.8,189.95,189.97
1782654300000,190,190,190,190
1782655200000,190.01,192.8,190.01,192
1782656100000,192,192.91,192,192.91
1782658800000,192.85,192.91,190.5,192.88
1782659700000,192.89,192.91,190.57,190.66
1782660600000,190.67,191,190.67,191
1782661500000,190.8,192.69,189.22,189.78
1782662400000,189.78,192,189.18,190.51
1782663300000,190.51,192,190.51,190.84
1782664200000,190.84,192,190.84,192
1782665100000,192,192.5,192,192
1782666000000,192,192,189.1,189.1
1782668700000,189.89,189.95,189.89,189.95
1782670500000,189.8,192,189.8,192
1782671400000,189.5,192,189.5,191.5
1782672300000,191.9,191.9,191.5,191.5
1782673200000,191.5,191.5,191.5,191.5
1782674100000,191.5,191.5,191.5,191.5
1782675000000,192,192,191.56,191.56
1782677700000,192,192,191.56,191.56
1782684000000,191.56,191.56,191.56,191.56
1782684900000,191.56,192.09,191.56,192.09
1782685800000,192.09,192.5,189.2,189.2
1782687600000,189.2,189.2,189.2,189.2
1782689400000,192.1,192.69,191.8,191.8
1782690300000,190,192.89,190,190
1782691200000,193.74,194.51,192.91,193.41
1782692100000,193.39,193.42,192.16,192.4
1782693000000,192.48,193.17,192.19,193.01
1782693900000,193.01,193.25,192.33,193.12
1782694800000,193.14,193.41,192.86,193.01
1782695700000,193.06,193.11,192.64,192.7
1782696600000,192.68,193.38,192.56,193.27
1782697500000,193.29,193.34,193.1,193.25
1782698400000,193.26,193.31,192.44,192.46
1782699300000,192.47,193.51,192.36,193.4
1782700200000,193.43,193.44,193.08,193.2
1782701100000,193.24,193.26,192.98,193.06
1782702000000,193.08,193.31,193.08,193.16
1782702900000,193.14,193.36,193,193.22
1782703800000,193.22,193.3,192.7,192.88
1782704700000,192.88,193.79,192.87,193.6
1782705600000,193.61,193.82,193.54,193.71
1782706500000,193.73,193.78,193.41,193.73
1782707400000,193.73,193.86,193.43,193.53
1782708300000,193.52,193.86,193.32,193.5
1782709200000,193.53,193.56,193.17,193.37
1782710100000,193.37,193.5,193.25,193.38
1782711000000,193.36,194,193.34,194
1782711900000,193.99,194.55,193.92,194.53
1782712800000,194.53,194.56,194.14,194.21
1782713700000,194.22,194.57,194.17,194.49
1782714600000,194.45,194.98,194.45,194.86
1782715500000,194.86,194.9,194.29,194.45
1782716400000,194.43,194.53,194,194.47
1782717300000,194.54,194.84,194.53,194.76
1782718200000,194.74,195,194.66,194.89
1782719100000,194.84,195.06,194.53,194.53
1782720000000,192.769,195.188,192.769,195.056
1782720900000,195.059,195.284,194.825,194.908
1782721800000,194.96,195.022,194.79,194.95
1782722700000,194.65,194.898,194.454,194.65
1782723600000,194.531,194.762,194.501,194.679
1782724500000,194.72,194.815,194.538,194.69
1782725400000,194.51,194.687,194.305,194.42
1782726300000,194.45,194.507,194.109,194.46
1782727200000,194.445,194.655,194.295,194.389
1782728100000,194.24,194.397,194.141,194.24
1782729000000,194.42,194.583,194.203,194.42
1782729900000,194.41,194.523,194.401,194.41
1782730800000,194.53,194.799,194.41,194.41
1782731700000,194.5,194.69,194.244,194.46
1782732600000,194.45,194.79,194.25,194.42
1782733500000,194.46,194.614,194.361,194.42
1782734400000,194.37,194.577,194.33,194.56
1782735300000,194.532,194.59,194.36,194.451
1782736200000,194.29,194.459,193.93,193.96
1782737100000,194.01,194.443,193.988,194.42
1782738000000,194.43,194.7,194.416,194.7
1782738900000,194.61,194.756,193.5,193.5
1782739800000,193.86,195.83,191.99,195.81
1782740700000,195.81,196.16,193.04,193.31
1782741600000,193.33,193.65,190.93,190.93
1782742500000,190.83,192.75,189.81,192.735
1782743400000,192.71,194.72,192.58,194.42
1782744300000,194.47,194.945,193.53,194.91
1782745200000,194.83,195,194.16,194.75
1782746100000,194.77,195.09,193.72,194.25
1782747000000,194.29,194.37,193.7,194.22
1782747900000,194.2,194.248,193.6,193.98
1782748800000,194.01,194.235,193.55,193.645
1782749700000,193.665,193.87,192.76,192.84
1782750600000,192.86,193.17,192.73,193.1
1782751500000,193.104,194,193.01,193.83
1782752400000,193.87,194.71,193.809,194.57
1782753300000,194.58,194.78,194.26,194.68
1782754200000,194.63,195.06,194.15,194.37
1782755100000,194.31,194.47,193.74,193.95
1782756000000,193.96,194.045,193.69,193.96
1782756900000,193.93,194.025,193.73,193.81
1782757800000,193.82,194.29,193.76,194.05
1782758700000,194.06,194.23,193.87,193.97
1782759600000,193.982,194.41,193.81,194.279
1782760500000,194.295,194.87,194.27,194.725
1782761400000,194.735,194.93,194.515,194.76
1782762300000,194.82,195.18,194.53,194.93
1782763200000,195,195.25,194.82,194.93
1782764100000,194.92,194.969,194.805,194.92
1782765000000,194.76,194.857,194.655,194.8
1782765900000,194.88,194.886,194.811,194.88
1782766800000,194.92,195.029,194.835,195
1782767700000,194.977,195.009,194.845,194.86
1782768600000,194.86,194.93,194.86,194.93
1782769500000,194.93,194.94,194.895,194.905
1782770400000,195.05,195.07,194.79,195.07
1782771300000,194.925,194.979,194.835,194.925
1782772200000,194.926,195.098,194.845,195.098
1782773100000,195.04,195.233,195.013,195.04
1782774000000,195.26,195.5,195.234,195.5
1782774900000,195.37,195.419,195.326,195.38
1782775800000,195.21,195.407,195.17,195.22
1782776700000,195.17,195.225,195.034,195.05
1782777600000,195.01,195.57,194.99,195.53
1782778500000,195.53,195.7,194.93,195.04
1782779400000,195.09,195.12,194.45,194.53
1782780300000,194.47,194.89,194.39,194.73
1782781200000,194.78,194.8,194.41,194.54
1782782100000,194.54,195.26,194.43,195.1
1782783000000,195.26,195.36,194.89,195.14
1782783900000,195.18,195.21,194.85,194.97
1782784800000,194.96,194.96,194.62,194.66
1782785700000,194.66,194.98,194.4,194.97
1782786600000,194.98,195.13,194.9,194.9
1782787500000,194.9,195.13,194.84,194.89
1782788400000,194.91,195.14,194.86,195.07
1782789300000,195.12,195.35,195.12,195.23
1782790200000,195.23,195.69,195.09,195.59
1782791100000,195.59,195.62,195.2,195.2
1782792000000,195.24,195.55,195.21,195.53
1782792900000,195.55,195.62,195.42,195.54
1782793800000,195.54,195.95,195.5,195.93
1782794700000,195.93,195.95,195.66,195.74
1782795600000,195.74,195.88,195.62,195.84
1782796500000,195.82,195.85,195.49,195.51
1782797400000,195.56,195.65,195.29,195.56
1782798300000,195.54,195.6,195.44,195.56
1782799200000,195.52,195.62,195.26,195.3
1782800100000,195.31,195.33,195.07,195.3
1782801000000,195.3,195.3,194.95,195.12
1782801900000,195.06,195.31,195.04,195.31
1782802800000,195.29,195.47,195.18,195.3
1782803700000,195.3,195.6,195.18,195.59
1782804600000,195.59,195.64,195.45,195.47
1782805500000,195.46,195.5,195.13,195.39
1782806400000,195.69,195.698,195.175,195.645
1782807300000,195.507,195.507,195.225,195.37
1782808200000,195.13,195.46,194.786,195.01
1782809100000,194.839,195.07,194.575,195.07
1782810000000,195.07,195.1,194.801,194.933
1782810900000,194.94,195.045,194.775,194.94
1782811800000,194.79,195.229,194.685,195.176
1782812700000,195.29,195.379,195.139,195.29
1782813600000,195.28,195.77,195.15,195.28
1782814500000,195.75,195.879,195.643,195.79
1782815400000,195.67,195.879,195.652,195.85
1782816300000,195.91,196.224,195.749,196.155
1782817200000,196.16,197.27,195.99,197.1
1782818100000,196.98,197.176,196.424,196.47
1782819000000,196.81,197.784,196.722,197.66
1782819900000,197.73,197.99,197.461,197.52
1782820800000,197.15,197.46,196.735,196.91
1782821700000,196.7,196.749,196.5,196.63
1782822600000,196.41,196.784,196.36,196.74
1782823500000,196.51,196.647,195.998,196
1782824400000,195.86,196.15,195.73,196
1782825300000,196.03,197.2,195.787,196.97
1782826200000,197.12,199.03,195.1,197.05
1782827100000,197.06,198.01,196.35,197.87
1782828000000,197.84,198.75,196.69,196.98
1782828900000,196.97,198.26,196.85,197.71
1782829800000,197.71,198.35,197.365,197.89
1782830700000,197.86,197.97,196.45,197.06
1782831600000,197.07,198.65,197.015,198.3
1782832500000,198.25,198.31,197.74,198.25
1782833400000,198.22,198.35,197.82,198.05
1782834300000,198.04,198.65,197.9,198.2
1782835200000,198.24,198.6,197.92,198.24
1782836100000,198.21,198.53,197.83,197.97
1782837000000,197.95,198.5,197.645,197.84
1782837900000,197.87,198.39,197.665,198.265
1782838800000,198.285,198.49,197.99,198.22
1782839700000,198.2,198.56,198.01,198.22
1782840600000,198.18,198.82,198.05,198.71
1782841500000,198.72,198.75,198.11,198.34
1782842400000,198.41,198.76,198.3,198.74
1782843300000,198.67,199.47,198.67,198.93
1782844200000,198.94,198.945,198.09,198.48
1782845100000,198.505,199.09,198.482,198.835
1782846000000,198.85,199.22,198.75,198.87
1782846900000,198.88,199.41,198.85,199.26
1782847800000,199.285,199.615,198.94,199.165
1782848700000,199.18,200.63,198.01,199.93
1782849600000,199.745,200.209,199.542,199.79
1782850500000,199.925,199.94,199.724,199.76
1782851400000,199.77,199.83,199.54,199.57
1782852300000,199.5,199.622,199.391,199.6
1782853200000,199.65,199.678,199.21,199.21
1782854100000,199.29,199.428,199.226,199.285
1782855000000,199.32,199.39,199.267,199.32
1782855900000,199.29,199.439,199.25,199.33
1782856800000,199.65,199.776,199.417,199.65
1782857700000,199.595,199.718,199.575,199.672
1782858600000,199.6,199.699,199.426,199.49
1782859500000,199.39,199.465,199.225,199.27
1782860400000,199.36,199.475,199.245,199.26
1782861300000,199.34,199.52,199.284,199.52
1782862200000,199.48,199.525,199.36,199.36
1782863100000,199.36,199.494,199.36,199.37
1782864000000,199.67,199.76,199.33,199.34
1782864900000,199.37,199.42,199.06,199.25
1782865800000,199.25,199.34,199.17,199.3
1782866700000,199.29,199.38,199.19,199.2
1782867600000,199.18,199.31,198.68,198.9
1782868500000,198.9,198.98,198.51,198.57
1782869400000,198.62,198.72,198.43,198.62
1782870300000,198.62,198.78,198.24,198.25
1782871200000,198.28,198.35,197.44,197.66
1782872100000,197.68,198.09,197.48,197.91
1782873000000,197.95,198.2,197.83,198.17
1782873900000,198.18,198.25,198.09,198.22
1782874800000,198.22,198.57,198.14,198.49
1782875700000,198.45,198.46,198.2,198.25
1782876600000,198.25,198.56,198.21,198.43
1782877500000,198.41,198.76,198.41,198.6
1782878400000,198.58,198.59,198.31,198.35
1782879300000,198.3,198.51,198.29,198.48
1782880200000,198.45,198.49,198.26,198.32
1782881100000,198.34,198.52,198.22,198.23
1782882000000,198.3,198.46,198.01,198.11
1782882900000,198.11,198.3,198.08,198.25
1782883800000,198.24,198.38,198.19,198.33
1782884700000,198.33,198.39,198.22,198.26
1782885600000,198.27,198.35,197.92,197.93
1782886500000,197.93,197.97,197.64,197.89
1782887400000,197.9,197.93,197.49,197.77
1782888300000,197.7,197.87,197.6,197.63
1782889200000,197.63,197.68,197.05,197.15
1782890100000,197.2,197.89,196.99,197.78
1782891000000,197.77,198.05,197.68,197.89
1782891900000,197.97,198.19,197.9,198.05
1782892800000,198.19,199.49,197.942,198.19
1782893700000,198.13,198.379,198.015,198.13
1782894600000,198.11,198.3,198.033,198.13
1782895500000,198.3,198.587,198.3,198.425
1782896400000,198.425,198.6,198.375,198.407
1782897300000,198.406,198.545,198.327,198.378
1782898200000,198.48,198.604,198.381,198.47
1782899100000,198.585,198.71,198.471,198.704
1782900000000,198.702,198.834,198.58,198.701
1782900900000,199,199.12,198.7,199.12
1782901800000,198.96,199.108,198.683,199.04
1782902700000,198.681,199.04,198.672,198.781
1782903600000,199.37,199.494,198.782,198.99
1782904500000,198.997,199.033,198.806,198.896
1782905400000,198.76,198.907,198.6,198.66
1782906300000,198.7,198.901,198.676,198.7
1782907200000,198.59,198.935,198.59,198.9
1782908100000,198.71,199.045,198.709,198.71
1782909000000,198.18,198.74,196.66,196.69
1782909900000,196.58,196.99,194.491,195.75
1782910800000,195.67,196.01,195.11,195.36
1782911700000,195.38,196.151,195.01,195.32
1782912600000,195.99,196.12,193.46,194.45
1782913500000,194.586,195.69,194.29,195.47
1782914400000,195.46,196.42,195.03,196.2
1782915300000,196.2,196.58,195.66,196.18
1782916200000,196.17,196.35,195.21,195.3
1782917100000,195.25,195.955,194.48,195.69
1782918000000,195.615,196.34,195.585,196.165
1782918900000,196.18,196.98,196.171,196.95
1782919800000,196.955,197.21,196.75,197.035
1782920700000,197.04,197.21,196.63,197.09
1782921600000,197.13,197.27,196.685,196.746
1782922500000,196.75,197.355,196.56,197.07
1782923400000,197.07,197.46,196.975,197.14
1782924300000,197.16,197.62,196.915,197.15
1782925200000,197.19,197.8,196.94,197.705
1782926100000,197.73,198.46,197.66,198.2
1782927000000,198.19,198.82,198.025,198.72
1782927900000,198.735,198.935,198.47,198.665
1782928800000,198.67,198.85,197.855,197.905
1782929700000,197.93,198.27,197.68,198.09
1782930600000,198.09,198.485,198.02,198.335
1782931500000,198.38,198.385,197.9,198.36
1782932400000,198.38,199.85,198.329,199.24
1782933300000,199.22,199.56,199.03,199.29
1782934200000,199.29,199.7,198.24,198.27
1782935100000,198.26,198.78,197.24,197.54
1782936000000,197.29,197.68,196.853,197.01
1782936900000,197.145,197.273,196.97,197.12
1782937800000,197.14,197.49,197.113,197.18
1782938700000,197.242,197.243,197.146,197.215
1782939600000,197.215,197.435,197.2,197.416
1782940500000,197.416,197.535,197.388,197.518
1782941400000,197.49,197.715,197.44,197.66
1782942300000,197.7,197.803,197.606,197.73
1782943200000,197.705,197.842,197.369,197.67
1782944100000,197.62,197.799,197.319,197.69
1782945000000,197.675,197.719,197.585,197.705
1782945900000,197.597,197.872,197.523,197.87
1782946800000,197.87,197.87,197.564,197.564
1782947700000,197.45,197.574,197.386,197.45
1782948600000,197.448,197.448,197.331,197.348
1782949500000,197.349,197.35,197.033,197.061
1782950400000,196.96,197.15,196.37,196.48
1782951300000,196.45,196.9,196.16,196.89
1782952200000,196.89,197.23,196.6,196.65
1782953100000,196.65,197.96,196.63,197.68
1782954000000,197.67,198.65,197.67,198.54
1782954900000,198.55,198.81,198.27,198.54
1782955800000,198.57,198.84,198.48,198.76
1782956700000,198.76,198.81,198.44,198.51
1782957600000,198.48,198.65,198.37,198.59
1782958500000,198.58,198.68,198.29,198.3
1782959400000,198.29,198.43,198.08,198.38
1782960300000,198.38,198.43,198.09,198.21
1782961200000,198.2,198.22,197.72,197.81
1782962100000,197.81,197.91,197.52,197.74
1782963000000,197.75,198.06,197.75,197.86
1782963900000,197.88,198.14,197.72,198.06
1782964800000,198.08,198.27,197.75,197.75
1782965700000,197.74,197.84,197.58,197.77
1782966600000,197.79,197.79,197.28,197.32
1782967500000,197.31,197.97,197.21,197.89
1782968400000,197.92,198.19,197.8,198.05
1782969300000,198.05,198.32,197.96,198.09
1782970200000,198.09,198.11,197.77,197.81
1782971100000,197.83,197.91,197.66,197.86
1782972000000,197.83,198.02,197,197.07
1782972900000,197.02,197.26,196.79,196.85
1782973800000,196.82,197.21,196.82,196.92
1782974700000,196.9,196.9,196.27,196.57
1782975600000,196.56,196.6,195.58,195.77
1782976500000,195.73,195.89,195.25,195.47
1782977400000,195.47,196.19,195.42,196.19
1782978300000,196.17,196.25,195.86,195.86
1782979200000,195.84,196.923,195.02,195.09
1782980100000,195.12,195.805,195.076,195.12
1782981000000,195.88,196.245,195.55,196.1
1782981900000,195.93,196.237,195.863,196.237
1782982800000,196.01,196.24,195.87,196.01
1782983700000,195.91,196.055,195.851,195.91
1782984600000,196.17,196.213,195.98,195.98
1782985500000,196.005,196.025,195.716,195.756
1782986400000,195.55,195.821,195.542,195.55
1782987300000,195.49,195.731,195.451,195.56
1782988200000,195.87,196.067,195.61,196.03
1782989100000,195.78,196.14,195.78,195.95
1782990000000,196.32,196.602,196.043,196.5
1782990900000,196.49,196.622,196.277,196.58
1782991800000,196.5,196.642,196.279,196.58
1782992700000,196.59,197.007,196.46,196.99
1782993600000,196.894,197.743,196.795,197.713
1782994500000,197.79,197.814,197.275,197.5
1782995400000,197.75,198.65,197.594,198.26
1782996300000,198.21,198.388,197.49,197.62
1782997200000,197.7,197.901,197.258,197.31
1782998100000,197.4,197.709,196.99,196.99
1782999000000,197.13,198.65,196.79,198.12
1782999900000,198.075,198.93,197.5,198.9
1783000800000,198.88,200.055,198.535,199.05
1783001700000,199.05,199.365,197.43,197.903
1783002600000,197.87,198.21,196.07,196.455
1783003500000,196.48,196.835,195.215,196.23
1783004400000,196.27,196.46,194.73,195.27
1783005300000,195.22,195.445,194.42,194.78
1783006200000,194.84,196,194.77,195.05
1783007100000,195.09,195.365,194.02,194.47
1783008000000,194.49,194.65,193.89,194.54
1783008900000,194.59,194.59,193.62,193.78
1783009800000,193.82,194.15,193.2,194.05
1783010700000,194.055,194.15,193.16,193.52
1783011600000,193.51,193.71,192.88,193.08
1783012500000,193.05,193.41,192.76,193.065
1783013400000,193.04,193.27,192.34,192.935
1783014300000,192.97,193.15,192.38,192.555
1783015200000,192.555,193.69,192.5,193.2
1783016100000,193.23,193.85,192.6,193.77
1783017000000,193.75,193.94,193.21,193.25
1783017900000,193.22,193.76,192.9,193.38
1783018800000,193.42,193.52,192.54,192.893
1783019700000,192.88,193.335,192.66,193.1
1783020600000,193.13,193.79,193.09,193.65
1783021500000,193.7,195.01,193.42,194.51
1783022400000,194.88,195.06,194.578,194.71
1783023300000,194.64,194.749,194.52,194.62
1783024200000,194.74,194.79,194.46,194.62
1783025100000,194.59,194.605,194.47,194.52
1783026000000,194.36,194.559,194.128,194.36
1783026900000,194.265,194.549,194.2,194.439
1783027800000,194.39,194.475,194.355,194.39
1783028700000,194.425,194.56,194.423,194.553
1783029600000,194.56,194.749,194.497,194.52
1783030500000,194.67,194.687,194.52,194.67
1783031400000,194.73,194.745,194.568,194.73
1783032300000,194.55,194.67,194.475,194.49
1783033200000,194.62,194.623,194.36,194.36
1783034100000,194.34,194.595,194.29,194.45
1783035000000,194.568,194.569,194.402,194.43
1783035900000,194.46,194.555,194.386,194.46
1783036800000,194.41,194.48,194.41,194.48
1783039500000,194.48,194.48,194.48,194.48
1783041300000,194.48,194.53,194.16,194.16
1783044900000,194.54,194.54,194.54,194.54
1783045800000,194.56,194.56,194.16,194.16
1783047600000,194.39,194.39,194.36,194.36
1783048500000,194.51,194.51,194.51,194.51
1783050300000,194.51,194.52,194.51,194.52
1783053000000,194.36,194.36,194.36,194.36
1783054800000,194.38,194.38,194.35,194.35
1783055700000,194.54,194.54,194.54,194.54
1783057500000,194.55,194.55,194.55,194.55
1783059300000,194.57,194.57,194.57,194.57
1783060200000,194.57,194.57,194.55,194.55
1783061100000,194.61,194.63,194.61,194.63
1783062000000,194.61,194.61,194.55,194.55
1783062900000,194.64,194.64,194.64,194.64
1783065600000,194.64,194.64,194.64,194.64
1783066500000,194.64,194.64,194.64,194.64
1783072800000,194.55,194.65,194.55,194.65
1783073700000,194.65,194.65,194.65,194.65
1783074600000,194.66,194.67,194.66,194.67
1783077300000,194.55,194.69,194.55,194.55
1783081800000,194.71,194.71,194.58,194.58
1783082700000,194.71,194.73,194.58,194.58
1783083600000,194.69,194.69,194.55,194.55
1783086300000,194.73,194.78,194.73,194.78
1783087200000,194.85,194.85,194.85,194.85
1783088100000,194.9,194.9,194.9,194.9
1783089000000,194.9,194.95,194.71,194.71
1783090800000,195.01,195.01,194.89,194.89
1783091700000,195.01,195.01,195.01,195.01
1783094400000,194.89,195.1,194.73,194.97
1783095300000,195.03,195.1,194.75,194.95
1783096200000,195.1,195.1,194.75,195.1
1783097100000,195.12,195.15,195.12,195.15
1783098900000,195.18,195.32,194.85,195.09
1783099800000,195.08,195.08,195.08,195.08
1783110600000,195.35,195.35,195.35,195.35
1783112400000,195.35,195.35,195.05,195.05
1783116000000,195.38,195.38,195.38,195.38
1783120500000,195.25,195.25,195.25,195.25
1783122300000,195.25,195.25,195.25,195.25
1783123200000,195.25,195.25,195.14,195.14
1783125000000,195.13,195.13,195.13,195.13
1783125900000,195.09,195.13,195.06,195.06
1783126800000,195.06,195.06,194.72,194.72
1783127700000,195.13,195.13,195.13,195.13
1783131300000,195.13,195.13,195.13,195.13
1783133100000,195.13,195.13,194.72,194.72
1783135800000,194.71,194.71,194.71,194.71
1783138500000,195.13,195.13,195.13,195.13
1783143000000,195.13,195.13,195.13,195.13
1783144800000,194.7,194.7,194.63,194.63
1783146600000,194.63,194.63,194.63,194.63
1783147500000,194.63,194.63,194.55,194.55
1783148400000,194.55,194.55,194.55,194.55
1783149300000,194.7,195.32,194.7,194.86
1783150200000,195.35,195.44,195.08,195.2
1783164600000,195.08,195.08,195.07,195.07
1783165500000,195.07,195.46,195.07,195.46
1783166400000,195.2,195.5,195.2,195.37
1783170000000,195.08,195.5,194.88,195.5
1783171800000,195.51,195.51,195.51,195.51
1783172700000,195.28,195.28,195.28,195.28
1783173600000,195.21,195.21,195.21,195.21
1783175400000,195.21,195.21,194.66,194.66
1783176300000,195.21,195.21,194.55,194.55
1783177200000,195.21,195.28,195.21,195.28
1783180800000,195.28,195.28,194.55,194.55
1783183500000,195.28,195.28,195.28,195.28
1783187100000,194.55,194.55,194.55,194.55
1783188000000,195.28,195.28,195.28,195.28
1783191600000,195.28,195.55,195.28,195.55
1783192500000,195.62,195.62,195.62,195.62
1783196100000,195.48,195.48,195.41,195.41
1783213200000,195.67,195.69,195.41,195.41
1783216800000,195.69,195.69,195.69,195.69
1783217700000,195.41,195.41,195.41,195.41
1783219500000,195.71,195.71,195.71,195.71
1783223100000,195.58,195.58,195.58,195.58
1783226700000,195.73,195.73,195.73,195.73
1783228500000,195.6,195.6,195.6,195.6
1783229400000,195.73,195.73,195.6,195.6
1783231200000,195.73,195.73,195.73,195.73
1783233900000,195.6,195.6,195.6,195.6
1783236600000,195.74,195.74,195.74,195.74
1783237500000,195.74,195.74,195.74,195.74
1783238400000,195.74,195.74,195.74,195.74
1783242900000,195.74,195.75,195.6,195.75
1783245600000,195.75,195.75,195.75,195.75
1783247400000,195.75,195.79,195.75,195.79
1783248300000,195.84,195.84,195.84,195.84
1783249200000,195.88,195.88,195.88,195.88
1783255500000,195.63,195.63,195.63,195.63
1783260900000,195.89,196.2,195.89,196.2
1783261800000,195.96,196.31,195.96,196.18
1783263600000,196.35,196.35,196.2,196.2
1783264500000,196.37,196.42,196.05,196.05
1783265400000,196.44,196.47,196.11,196.47
1783266300000,196.53,196.53,196.36,196.36
1783267200000,196.54,196.54,196.3,196.37
1783269900000,196.54,196.55,196.54,196.55
1783276200000,196.56,196.56,196.35,196.35
1783293300000,196.34,196.34,196.34,196.34
1783295100000,196.59,196.79,196.59,196.61
1783296000000,197.19,197.77,195.51,196.1
1783296900000,196.08,196.21,195.25,195.25
1783297800000,195.25,195.81,195.05,195.72
1783298700000,195.74,196.09,195.6,195.65
1783299600000,195.67,195.87,195.57,195.79
1783300500000,195.79,195.81,195.3,195.56
1783301400000,195.56,195.68,195.47,195.48
1783302300000,195.44,195.5,195.13,195.42
1783303200000,195.39,195.58,195.19,195.21
1783304100000,195.22,195.47,194.83,194.85
1783305000000,194.86,195.08,194.7,194.72
1783305900000,194.72,195.01,194.64,195
1783306800000,195.02,195.45,194.96,195.26
1783307700000,195.31,195.52,195.22,195.42
1783308600000,195.46,195.54,194.94,194.95
1783309500000,194.99,195.12,194.8,195
1783310400000,195,195.14,194.79,195.08
1783311300000,195.08,195.38,195.08,195.36
1783312200000,195.36,195.44,195.24,195.3
1783313100000,195.28,195.3,195.17,195.25
1783314000000,195.25,195.25,194.97,195.09
1783314900000,195.11,195.16,194.78,194.8
1783315800000,194.79,194.99,194.57,194.94
1783316700000,194.92,195.04,194.69,194.91
1783317600000,194.89,194.98,194.17,194.3
1783318500000,194.3,194.53,194.07,194.46
1783319400000,194.47,195.12,194.36,195.01
1783320300000,195.01,195.02,194.73,194.76
1783321200000,194.76,194.96,194.69,194.86
1783322100000,194.85,194.95,194.75,194.77
1783323000000,194.74,195.25,194.74,195.23
1783323900000,195.24,195.38,195.23,195.29
1783324800000,195.51,195.524,194.558,195
1783325700000,194.79,195.125,194.67,194.79
1783326600000,195.125,195.27,195.004,195.22
1783327500000,195.22,195.314,195.099,195.219
1783328400000,195.2,195.34,195.122,195.2
1783329300000,195.125,195.33,195.105,195.33
1783330200000,195.39,195.406,195.207,195.39
1783331100000,195.206,195.21,194.881,195.078
1783332000000,195.16,195.384,195.079,195.16
1783332900000,195.325,195.534,195.325,195.325
1783333800000,195.49,195.49,195.317,195.49
1783334700000,195.27,195.35,195.16,195.24
1783335600000,195.31,195.657,195.18,195.225
1783336500000,195.23,195.864,195.21,195.86
1783337400000,195.8,195.935,195.546,195.69
1783338300000,195.85,195.865,195.21,195.56
1783339200000,195.415,195.72,195.302,195.465
1783340100000,195.5,195.625,195.175,195.23
1783341000000,195.33,195.508,194.89,194.89
1783341900000,195.01,195.355,194.958,195.21
1783342800000,195.23,195.392,194.94,194.94
1783343700000,194.93,195.006,194.4,194.645
1783344600000,194.4,195.47,193.99,195.37
1783345500000,195.33,196.65,194.58,196.28
1783346400000,196.29,197.41,196.04,196.6
1783347300000,196.57,196.75,195.9,196.53
1783348200000,196.58,196.74,195.97,196.55
1783349100000,196.55,196.74,195.67,196.04
1783350000000,196.01,196.12,195.59,195.67
1783350900000,195.65,196.55,195.37,196.51
1783351800000,196.52,196.66,196.184,196.19
1783352700000,196.26,196.45,196.03,196.41
1783353600000,196.41,197.53,196.23,197.2
1783354500000,197.19,197.38,196.9,196.99
1783355400000,196.996,197.24,196.61,196.701
1783356300000,196.69,196.72,196.29,196.45
1783357200000,196.45,196.875,196.38,196.52
1783358100000,196.54,196.56,195.85,195.955
1783359000000,195.975,196.06,195.73,195.85
1783359900000,195.86,196.08,195.635,195.7
1783360800000,195.69,196.46,195.69,196.295
1783361700000,196.31,196.66,196.26,196.28
1783362600000,196.275,196.475,196.05,196.3
1783363500000,196.319,196.65,196.31,196.603
1783364400000,196.69,196.95,196.51,196.855
1783365300000,196.87,197.13,196.8,196.85
1783366200000,196.85,196.94,196.47,196.65
1783367100000,196.67,197.03,195.425,195.58
1783368000000,195.533,195.574,195.277,195.474
1783368900000,195.51,195.535,195.365,195.51
1783369800000,195.51,195.51,195.3,195.3
1783370700000,195.5,195.57,195.215,195.34
1783371600000,195.31,195.409,195.27,195.31
1783372500000,195.385,195.41,195.375,195.38
1783373400000,195.395,195.589,195.375,195.49
1783374300000,195.51,195.565,195.42,195.42
1783375200000,195.45,195.525,195.442,195.45
1783376100000,195.525,195.63,195.45,195.504
1783377000000,195.42,195.65,195.42,195.5
1783377900000,195.41,195.527,195.266,195.29
1783378800000,195.4,195.42,195.315,195.39
1783379700000,195.385,195.385,195.203,195.26
1783380600000,195.27,195.28,195.191,195.26
1783381500000,195.17,195.28,194.69,194.755
1783382400000,194.84,195.24,194.69,194.81
1783383300000,194.81,195.24,194.74,195.1
1783384200000,195.1,195.15,194.58,194.8
1783385100000,194.85,194.87,194.63,194.68
1783386000000,194.65,194.78,194.63,194.68
1783386900000,194.69,194.73,194.11,194.27
1783387800000,194.29,194.47,194.13,194.47
1783388700000,194.5,194.66,194.39,194.39
1783389600000,194.4,194.69,194.38,194.64
1783390500000,194.61,194.67,194.37,194.4
1783391400000,194.4,194.46,194.24,194.46
1783392300000,194.46,194.51,194.26,194.35
1783393200000,194.35,194.65,194.26,194.55
1783394100000,194.53,194.57,194,194.06
1783395000000,194.05,194.27,193.99,194.15
1783395900000,194.06,194.45,193.99,194.43
1783396800000,194.37,194.59,193.93,193.98
1783397700000,193.98,194.09,193.84,194.04
1783398600000,194.07,194.17,193.81,193.83
1783399500000,193.85,193.89,193.5,193.58
1783400400000,193.58,193.81,193.32,193.39
1783401300000,193.36,193.63,193.27,193.39
1783402200000,193.41,193.89,193.38,193.56
1783403100000,193.57,194.23,193.46,194.09
1783404000000,194,194.08,193.85,193.99
1783404900000,193.98,194.08,193.92,193.99
1783405800000,193.92,194.13,193.91,194.08
1783406700000,194.1,194.21,194,194.15
1783407600000,194.16,194.47,194.1,194.36
1783408500000,194.36,194.54,194.16,194.3
1783409400000,194.26,194.37,194.11,194.35
1783410300000,194.35,194.49,194.21,194.24
1783411200000,194.04,194.69,193.956,194.21
1783412100000,194.06,194.155,193.949,194
1783413000000,193.949,194.094,193.937,193.961
1783413900000,194.01,194.044,193.809,193.92
1783414800000,193.97,194.044,193.753,193.97
1783415700000,193.99,194.043,193.9,193.97
1783416600000,193.9,193.996,193.755,193.79
1783417500000,193.98,194.11,193.766,194
1783418400000,194.1,194.13,193.901,193.901
1783419300000,194.39,194.39,193.9,194.39
1783420200000,193.89,193.941,192.33,192.33
1783421100000,192.41,193.03,192.135,192.38
1783422000000,192.265,192.48,190.7,191.16
1783422900000,191.21,191.35,191,191
1783423800000,191.066,191.31,190.61,191.256
1783424700000,191.4,191.592,191.192,191.41
1783425600000,191.53,192.214,191.417,192.11
1783426500000,192.16,192.656,191.88,192.64
1783427400000,192.61,192.786,192.384,192.5
1783428300000,192.52,192.537,192.273,192.36
1783429200000,192.26,192.574,192.085,192.42
1783430100000,192.45,192.65,192.11,192.18
1783431000000,192.25,193.21,191.44,192.54
1783431900000,192.57,192.86,191.6,192.645
1783432800000,192.625,193.49,192.57,192.96
1783433700000,193.01,193.05,191.45,191.85
1783434600000,191.88,192.15,191.15,191.66
1783435500000,191.645,192.79,191.61,192.62
1783436400000,192.59,193.33,192.32,193.03
1783437300000,193.02,193.19,192.545,193.04
1783438200000,193.05,193.48,192.82,193.44
1783439100000,193.45,194.785,193.415,194.71
1783440000000,194.711,196.14,194.61,196.101
1783440900000,196.09,197.59,195.98,197.39
1783441800000,197.41,198.12,196.79,197.3
1783442700000,197.3,197.51,196.64,197.44
1783443600000,197.475,198.41,197.36,197.445
1783444500000,197.44,198.01,197.32,197.419
1783445400000,197.45,198.25,197.39,197.905
1783446300000,197.945,198.12,197.64,197.95
1783447200000,197.93,197.94,197.3,197.51
1783448100000,197.54,197.78,197.23,197.26
1783449000000,197.31,197.64,196.97,197.1
1783449900000,197.09,197.35,196.32,196.4
1783450800000,196.41,196.9,196.17,196.52
1783451700000,196.47,196.499,195.7,196.105
1783452600000,196.13,196.67,195.47,196.02
1783453500000,196.04,197.01,195.86,196.98
1783454400000,196.94,197.074,196.742,196.765
1783455300000,196.75,196.793,196.495,196.685
1783456200000,196.52,196.571,196.381,196.49
1783457100000,196.54,196.7,196.43,196.585
1783458000000,196.64,196.891,196.58,196.64
1783458900000,196.42,196.63,195.809,196.13
1783459800000,196.03,196.145,195.866,195.96
1783460700000,195.915,195.965,195.7,195.7
1783461600000,195.59,195.845,195.59,195.73
1783462500000,195.75,195.86,195.575,195.74
1783463400000,195.94,195.97,195.615,195.945
1783464300000,195.85,195.975,195.724,195.92
1783465200000,195.935,196.179,195.845,195.974
1783466100000,196.15,196.349,195.907,196.21
1783467000000,196.21,196.354,195.88,195.88
1783467900000,195.92,196.057,195.62,195.87
1783468800000,195.85,196.87,195.69,196.7
1783469700000,196.7,197.27,196.38,196.84
1783470600000,196.86,197.72,196.71,197.51
1783471500000,197.59,197.8,197.39,197.58
1783472400000,197.56,197.91,197.23,197.84
1783473300000,197.83,197.85,197.44,197.59
1783474200000,197.59,197.75,196.81,197.03
1783475100000,197.02,197.59,197.02,197.09
1783476000000,197.04,197.07,196.36,196.57
1783476900000,196.53,196.92,196.45,196.59
1783477800000,196.64,196.84,196.38,196.78
1783478700000,196.8,197.09,196.8,196.92
1783479600000,196.95,197.46,196.95,197.4
1783480500000,197.39,197.67,197.21,197.65
1783481400000,197.6,197.72,197.39,197.47
1783482300000,197.45,197.54,197.18,197.3
1783483200000,197.33,197.46,197.16,197.27
1783484100000,197.27,197.39,197.04,197.08
1783485000000,197.1,197.1,196.7,196.88
1783485900000,196.88,196.99,196.55,196.72
1783486800000,196.77,196.98,196.67,196.67
1783487700000,196.68,196.79,196.34,196.5
1783488600000,196.46,196.46,195.87,196
1783489500000,196,196.06,195.74,195.89
1783490400000,195.87,195.91,195.67,195.74
1783491300000,195.75,196.03,195.72,195.73
1783492200000,195.72,195.8,195.49,195.49
1783493100000,195.52,196,195.4,195.9
1783494000000,195.86,195.89,195.51,195.65
1783494900000,195.61,195.99,195.38,195.98
1783495800000,196,196.32,195.92,196.21
1783496700000,196.24,196.48,196.22,196.22
1783497600000,196.36,196.78,195.973,196.75
1783498500000,196.7,196.78,193.896,194.03
1783499400000,193.89,194.383,193.49,193.69
1783500300000,194.44,194.639,193.903,194.44
1783501200000,193.96,194.1,192.975,193.69
1783502100000,193.07,193.384,192.971,193.19
1783503000000,193.46,193.65,193.15,193.46
1783503900000,193.51,193.635,193.335,193.49
1783504800000,193.29,193.511,193.093,193.14
1783505700000,193.77,193.89,193.251,193.89
1783506600000,193.91,194.255,193.627,194.19
1783507500000,193.86,194.175,193.695,193.86
1783508400000,193.74,194.149,193.634,193.92
1783509300000,193.71,193.937,193.677,193.71
1783510200000,194,194.588,193.63,194.57
1783511100000,194.47,194.737,194.27,194.41
1783512000000,194.6,195.224,194.263,195.08
1783512900000,194.95,195.07,194.658,195.07
1783513800000,195.07,195.141,194.777,194.94
1783514700000,195.17,195.412,194.806,195.36
1783515600000,195.01,195.519,194.822,195.5
1783516500000,195.87,195.887,194.79,194.89
1783517400000,195.22,198.4,195.127,198.24
1783518300000,198.28,199.85,197.11,197.61
1783519200000,197.58,197.7,196.37,197.37
1783520100000,197.335,197.59,196.54,197.06
1783521000000,196.99,197.32,196.78,197.24
1783521900000,197.275,199.29,196.04,198.77
1783522800000,198.775,199.435,197.175,197.255
1783523700000,197.22,197.43,196.405,196.625
1783524600000,196.6,197.84,196.6,197.44
1783525500000,197.43,197.61,196.875,197.22
1783526400000,197.26,198.7,197.244,198.7
1783527300000,198.72,200.1,198.45,199.272
1783528200000,199.27,199.87,198.93,199.59
1783529100000,199.56,201.19,199.36,201.03
1783530000000,201,201.13,200.27,200.63
1783530900000,200.62,203.11,200.62,203.04
1783531800000,203.095,203.705,202.505,202.61
1783532700000,202.615,202.67,201.93,202.195
1783533600000,202.11,202.795,201.94,202.53
1783534500000,202.58,202.955,202.195,202.2
1783535400000,202.244,203.22,202.11,203.073
1783536300000,203.074,204.195,202.925,204.122
1783537200000,204.165,204.83,204.12,204.355
1783538100000,204.355,204.55,204.07,204.43
1783539000000,204.46,205.15,203.77,204.43
1783539900000,204.42,204.92,203.87,204.06
1783540800000,204.05,204.227,203.51,203.51
1783541700000,203.49,203.65,203.45,203.5
1783542600000,203.45,203.494,202.61,202.82
1783543500000,202.67,202.95,202.535,202.75
1783544400000,202.91,202.923,202.68,202.79
1783545300000,202.67,202.805,202.585,202.68
1783546200000,202.95,202.974,202.703,202.95
1783547100000,202.95,203.43,202.935,203.39
1783548000000,203.17,203.409,203.047,203.1
1783548900000,203.24,203.39,203.06,203.19
1783549800000,203.08,203.15,202.696,202.81
1783550700000,202.694,202.909,202.609,202.903
1783551600000,202.902,203.414,202.872,203.155
1783552500000,203.22,203.236,202.855,203.09
1783553400000,203.35,203.439,203.027,203.35
1783554300000,203.46,203.626,203.305,203.46
1783555200000,203.59,204.75,203.48,204.38
1783556100000,204.37,204.55,204.23,204.26
1783557000000,204.3,204.55,203.44,203.7
1783557900000,203.65,204.19,203.52,203.61
1783558800000,203.59,204.01,203.26,203.87
1783559700000,203.83,204.26,203.78,204.01
1783560600000,203.99,204.03,203.68,203.88
1783561500000,203.88,203.92,203.09,203.13
1783562400000,203.17,203.99,202.91,203.8
1783563300000,203.8,204.15,203.71,203.86
1783564200000,203.9,204.12,203.33,203.4
1783565100000,203.33,203.49,203,203.03
1783566000000,202.98,203.22,202.81,203.02
1783566900000,203.01,203.42,202.81,203.42
1783567800000,203.42,203.77,203.4,203.74
1783568700000,203.74,203.84,203.56,203.68
1783569600000,203.7,203.78,203.57,203.68
1783570500000,203.7,203.77,203.4,203.48
1783571400000,203.52,204.16,203.51,204.16
1783572300000,204.16,204.46,204.06,204.46
1783573200000,204.44,204.85,204.14,204.57
1783574100000,204.57,204.66,204.15,204.15
1783575000000,204.19,204.24,203.64,204.07
1783575900000,204.06,204.55,203.98,204.33
1783576800000,204.33,204.65,204.3,204.58
1783577700000,204.61,205.08,204.58,205
1783578600000,205,205.07,204.7,204.97
1783579500000,204.93,205.04,204.81,204.92
1783580400000,204.9,205.09,204.82,205
1783581300000,205.01,205.28,204.98,205.22
1783582200000,205.23,205.41,205.1,205.38
1783583100000,205.38,205.51,205.26,205.45
1783584000000,205.52,205.845,203.918,205.74
1783584900000,205.34,205.405,204.658,204.89
1783585800000,204.657,205.01,204.396,204.579
1783586700000,204.01,204.583,203.92,204.01
1783587600000,204.462,204.635,204.28,204.306
1783588500000,204.304,204.56,204.296,204.347
1783589400000,204.25,204.371,204.086,204.3
1783590300000,204.56,204.603,204.138,204.56
1783591200000,204.57,204.6,204.505,204.57
1783592100000,204.503,204.783,204.501,204.58
1783593000000,204.6,204.908,204.362,204.87
1783593900000,204.54,204.734,203.846,204.01
1783594800000,204.47,204.66,204.168,204.66
1783595700000,204.95,205.31,204.507,205.26
1783596600000,205.28,205.706,205.189,205.6
1783597500000,205.37,205.757,205.282,205.37
1783598400000,205.67,206.053,205.603,205.77
1783599300000,205.741,206.182,205.702,205.79
1783600200000,206.09,206.303,205.746,206.1
1783601100000,205.79,205.842,205.246,205.55
1783602000000,205.31,205.86,204.94,205.16
1783602900000,205.28,205.445,204.331,204.4
1783603800000,204.46,204.46,201.56,201.675
1783604700000,201.665,202.64,201.32,202.09
1783605600000,202.04,202.13,199.68,200.2
1783606500000,200.23,200.27,198.97,200.25
1783607400000,200.225,200.85,199.32,200.76
1783608300000,200.755,201.66,200.51,201.287
1783609200000,201.3,202.02,201.13,201.41
1783610100000,201.35,202.2,201,201.73
1783611000000,201.69,201.77,201.17,201.4
1783611900000,201.34,202.13,201.33,201.74
1783612800000,201.72,202.49,201.7,202.025
1783613700000,202.02,202.36,201.93,202.19
1783614600000,202.22,202.57,201.73,201.77
1783615500000,201.77,201.977,201.64,201.7
1783616400000,201.717,203.23,201.695,203.129
1783617300000,203.08,203.32,202.76,202.84
1783618200000,202.84,203.3,202.785,203.19
1783619100000,203.155,203.53,203.15,203.345
1783620000000,203.3,203.565,203.04,203.22
1783620900000,203.23,203.53,202.92,203.53
1783621800000,203.54,204.2,203.472,203.99
1783622700000,203.97,204.016,203.415,203.465
1783623600000,203.49,203.52,202.97,203.4
1783624500000,203.408,204.585,203.33,203.79
1783625400000,203.76,204.13,203.5,203.97
1783626300000,203.975,204.1,202.58,202.705
1783627200000,202.41,202.947,202.401,202.88
1783628100000,202.86,202.875,202.5,202.5
1783629000000,202.629,203.031,202.552,202.847
1783629900000,202.78,202.852,202.541,202.64
1783630800000,202.61,202.8,202.54,202.68
1783631700000,202.8,202.93,202.632,202.641
1783632600000,202.641,202.82,202.63,202.8
1783633500000,202.69,202.8,202.685,202.69
1783634400000,202.74,202.76,202.49,202.49
1783635300000,202.52,202.624,202.19,202.46
1783636200000,202.19,202.371,202.161,202.19
1783637100000,202.3,202.435,202.266,202.3
1783638000000,202.36,202.662,202.287,202.6
1783638900000,202.6,202.664,202.453,202.66
1783639800000,202.6,202.613,202.3,202.311
1783640700000,202.312,202.352,202.169,202.296
1783641600000,202.9,203.1,201.52,201.92
1783642500000,201.93,201.96,201.2,201.47
1783643400000,201.48,201.64,201.21,201.56
1783644300000,201.6,201.98,201.43,201.95
1783645200000,201.91,201.92,201.47,201.62
1783646100000,201.62,201.97,201.57,201.85
1783647000000,201.83,202.38,201.82,202.12
1783647900000,202.12,202.69,202.05,202.28
1783648800000,202.28,202.39,202.13,202.18
1783649700000,202.14,202.36,202.09,202.36
1783650600000,202.38,202.53,202.35,202.4
1783651500000,202.41,202.89,202.38,202.89
1783652400000,202.91,202.99,202.76,202.85
1783653300000,202.8,203,202.79,202.83
1783654200000,202.82,203.1,202.74,203.04
1783655100000,203.04,203.04,202.83,202.93
1783656000000,202.93,203.09,202.9,203.07
1783656900000,203.04,203.07,202.9,202.95
1783657800000,202.9,202.95,202.74,202.89
1783658700000,202.92,202.95,202.66,202.7
1783659600000,202.73,202.79,202.61,202.78
1783660500000,202.77,202.82,202.69,202.78
1783661400000,202.74,202.8,202.66,202.75
1783662300000,202.77,202.77,202.25,202.26
1783663200000,202.26,202.41,201.68,201.68
1783664100000,201.73,201.84,201.5,201.6
1783665000000,201.65,201.93,201.65,201.75
1783665900000,201.74,201.96,201.66,201.78
1783666800000,201.83,201.86,201.34,201.48
1783667700000,201.42,201.61,201.36,201.41
1783668600000,201.36,201.48,201.27,201.27
1783669500000,201.28,201.38,201.16,201.29
1783670400000,201.5,202.113,201.285,201.54
1783671300000,201.896,201.947,201.435,201.465
1783672200000,201.465,201.675,201.426,201.673
1783673100000,201.695,201.864,201.55,201.55
1783674000000,201.02,201.614,201.01,201.01
1783674900000,201.67,201.76,201.6,201.67
1783675800000,201.69,201.825,201.68,201.79
1783676700000,201.79,201.81,201.651,201.743
1783677600000,201.738,201.87,201.72,201.81
1783678500000,201.81,201.894,201.705,201.771
1783679400000,201.769,202.055,201.723,202.002
1783680300000,202.001,202.127,201.935,202.097
1783681200000,202.2,202.284,201.99,201.99
1783682100000,202.16,202.222,201.775,201.79
1783683000000,201.8,201.876,201.561,201.69
1783683900000,201.724,201.746,201.311,201.313
1783684800000,201.28,201.562,201.017,201.44
1783685700000,201.3,201.646,201.276,201.63
1783686600000,201.58,201.67,201.406,201.54
1783687500000,201.4,201.741,201.378,201.51
1783688400000,201.567,201.72,201.467,201.695
1783689300000,201.75,202.723,201.6,201.6
1783690200000,202.04,204.99,201.891,204.61
1783691100000,204.635,207.42,204.38,207.34
1783692000000,207.32,208.135,205.91,208.03
1783692900000,207.986,208.035,206.24,207.381
1783693800000,207.29,207.85,205.75,206.92
1783694700000,206.87,207.2,205.93,206.11
1783695600000,206.1,207.42,205.86,207.195
1783696500000,207.21,208.79,207.19,208.57
1783697400000,208.6,209.46,207.66,207.99
1783698300000,207.99,209.39,207.83,209.035
1783699200000,209.04,209.59,208.92,209.08
1783700100000,209.08,210.57,209.01,209.805
1783701000000,209.795,210.4,209.67,209.8
1783701900000,209.8,210.03,209.42,209.64
1783702800000,209.615,210.2,209.5,209.87
1783703700000,209.875,210.315,209.65,210.19
1783704600000,210.225,210.78,210.075,210.76
1783705500000,210.76,210.88,210.33,210.39
1783706400000,210.4,210.855,209.97,210.08
1783707300000,210.06,210.52,209.95,210.32
1783708200000,210.33,210.42,209.8,209.96
1783709100000,209.975,210.245,209.83,210.135
1783710000000,210.15,210.74,210.1,210.235
1783710900000,210.23,210.235,209.74,209.921
1783711800000,209.98,210.295,209.63,209.63
1783712700000,209.63,211.01,209.57,210.99
1783713600000,210.965,211.08,210.77,210.79
1783714500000,210.81,210.84,210.713,210.72
1783715400000,210.77,210.813,210.436,210.505
1783716300000,210.52,210.656,210.467,210.62
1783717200000,210.51,210.637,210.368,210.39
1783718100000,210.38,210.433,210.32,210.37
1783719000000,210.415,210.415,210.266,210.314
1783719900000,210.34,210.42,210.31,210.32
1783720800000,210.42,210.55,210.35,210.51
1783721700000,210.545,210.545,210.415,210.509
1783722600000,210.48,210.53,210.35,210.39
1783723500000,210.42,210.62,210.385,210.42
1783724400000,210.61,210.62,210.492,210.52
1783725300000,210.52,210.525,210.416,210.487
1783726200000,210.488,210.58,210.475,210.545
1783727100000,210.545,210.638,210.545,210.575
1783728000000,210.575,210.575,210.575,210.575
1783728900000,210.5,210.5,210.13,210.13
1783729800000,210.44,210.44,209.82,209.82
1783730700000,210.1,210.1,209.72,209.72
1783731600000,209.71,209.71,209.71,209.71
1783732500000,209.85,210.02,209.71,209.71
1783733400000,209.71,209.71,209.71,209.71
1783734300000,209.88,209.88,209.17,209.17
1783735200000,209.31,209.31,208.98,208.98
1783737000000,209.2,209.2,208.98,208.98
1783737900000,209.2,209.2,208.97,208.97
1783738800000,209.2,209.2,208.95,208.95
1783739700000,209.08,209.08,209.08,209.08
1783741500000,209.08,209.46,209.08,209.46
1783742400000,209.46,209.63,209.46,209.54
1783743300000,209.54,209.67,209.17,209.17
1783746000000,209.67,209.67,208.55,208.55
1783746900000,208.73,208.73,208.46,208.46
1783747800000,208.69,209.67,208.46,208.46
1783748700000,208.57,209.67,208.46,208.46
1783749600000,209.67,209.67,208.46,208.76
1783750500000,209.67,209.67,208.39,208.39
1783751400000,208.6,209.81,208.29,208.29
1783753200000,208.56,208.59,208.25,208.25
1783754100000,208.43,210.25,208.13,210.25
1783755000000,208.03,208.03,208.03,208.03
1783755900000,208.26,208.26,208.01,208.26
1783756800000,208.29,210.5,207.95,207.95
1783758600000,208.08,208.11,207.9,207.9
1783759500000,208.04,208.32,208.04,208.32
1783762200000,210.06,210.54,207.76,207.76
1783763100000,207.96,209.66,207.76,208.15
1783764900000,207.96,210.57,207.75,210.57
1783765800000,207.75,210.67,207.75,207.95
1783768500000,210.65,210.66,208.53,208.53
1783769400000,210.65,210.66,208.53,210.66
1783770300000,210.65,210.67,208.2,208.2
1783771200000,210.62,210.62,208.22,208.22
1783772100000,210.6,210.67,208.22,210.55
1783773000000,210.55,210.69,210.49,210.69
1783773900000,210.69,210.71,210.65,210.71
1783774800000,210.71,210.71,210.49,210.58
1783775700000,210.78,210.83,210.58,210.83
1783776600000,210.96,210.96,210.36,210.36
1783777500000,210.62,210.7,210.26,210.26
1783778400000,210.25,210.29,210.05,210.29
1783779300000,209.98,210.11,209.75,209.75
1783780200000,209.99,210.11,209.64,209.64
1783781100000,209.82,209.82,209.82,209.82
1783782000000,209.82,209.85,209.62,209.62
1783782900000,209.76,209.76,209.59,209.59
1783784700000,209.58,210.26,209.19,209.19
1783785600000,209.45,209.45,209.11,209.11
1783786500000,209.12,209.45,208.97,208.97
1783787400000,209.23,209.3,208.8,208.8
1783788300000,209.01,209.19,208.65,208.65
1783789200000,208.85,208.91,208.7,208.75
1783790100000,208.9,209.55,208.75,209.5
1783791000000,208.76,210.96,207.19,210.6
1783791900000,210.54,210.96,207.66,209.15
1783792800000,209.15,210.26,208.2,208.32
1783793700000,208.32,209.88,208.3,208.31
1783794600000,209.49,209.6,208.3,209.6
1783795500000,209.6,210.34,208.3,208.3
1783796400000,209.6,209.6,208.3,209.6
1783797300000,209.6,209.6,208.31,208.31
1783798200000,208.31,209.6,208.3,209.6
1783799100000,209.6,209.6,208.3,208.3
1783800000000,209.6,210.52,208.31,208.31
1783800900000,208.31,210.52,208.31,208.31
1783801800000,210.58,210.84,208.31,208.31
1783802700000,209.6,209.6,208.3,208.3
1783803600000,209.6,209.6,208.3,208.3
1783804500000,208.3,208.3,208.3,208.3
1783806300000,209.3,209.3,208.3,208.3
1783811700000,208.3,208.3,208.14,208.14
1783812600000,208.33,208.61,208.06,208.06
1783816200000,208.61,208.61,208.06,208.06
1783817100000,208.61,208.78,208.06,208.06
1783818000000,208.78,209.01,208.06,208.06
1783818900000,209,209,209,209
1783819800000,209,209,208.06,208.06
1783822500000,209,209,208.06,208.06
1783823400000,209,209,208.06,208.06
1783824300000,209,209,208.06,208.06
1783825200000,209,209,209,209
1783826100000,209,209.01,208.06,208.06
1783827000000,208.06,209.6,208.06,208.06
1783827900000,209.5,209.5,208.06,208.06
1783828800000,209.3,209.3,208.07,208.07
1783829700000,208.1,210.96,207.48,210.32
1783830600000,210.3,210.96,208.76,209.1
1783831500000,208.98,210.81,208.77,210.18
1783832400000,210.16,210.3,210.09,210.09
1783833300000,210.3,210.3,210.04,210.04
1783834200000,210.19,210.33,210.04,210.33
1783835100000,210.37,210.96,210.04,210.58
1783836000000,210.83,210.83,210.24,210.24
1783836900000,210.42,210.5,210.15,210.33
1783837800000,210.15,210.28,210,210
1783839600000,210.2,210.23,209.98,209.98
1783840500000,210.23,210.29,210,210
1783841400000,210.01,210.34,210,210.01
1783842300000,210,210.44,210,210.01
1783843200000,210.02,210.34,210.01,210.05
1783844100000,210.05,210.34,210.05,210.07
1783845000000,210.08,210.34,210.07,210.11
1783845900000,210.08,210.12,209.93,210.08
1783846800000,209.93,210.08,209.69,209.69
1783847700000,209.84,209.86,209.7,209.7
1783848600000,209.71,209.87,209.71,209.71
1783849500000,209.85,209.88,209.71,209.88
1783851300000,209.88,209.88,209.75,209.75
1783852200000,209.88,209.88,209.75,209.88
1783853100000,209.88,209.88,209.75,209.88
1783854000000,209.88,209.88,209.76,209.88
1783854900000,209.88,211.25,209.76,210.59
1783855800000,210.57,210.57,210.21,210.35
1783856700000,210.21,210.51,210.21,210.21
1783857600000,210.5,210.51,210.06,210.06
1783858500000,210.34,210.36,210.06,210.06
1783860300000,210.3,210.59,210.3,210.59
1783861200000,210.06,211.11,210.06,211.11
1783862100000,211.13,212.36,211.03,212.36
1783863000000,212.22,212.23,212.02,212.04
1783863900000,212.26,212.27,212.06,212.06
1783864800000,212.25,212.39,212.15,212.3
1783865700000,212.3,212.49,212.13,212.13
1783866600000,212.21,212.4,211.99,212.31
1783867500000,212.3,212.37,211.9,211.9
1783868400000,212.35,212.35,212.12,212.3
1783869300000,212.3,212.55,212.2,212.54
1783870200000,212.54,212.9,212.41,212.51
1783871100000,212.51,212.88,211.66,212.43
1783872000000,212.37,212.6,211.75,212.6
1783872900000,212.6,212.6,211.8,212.59
1783873800000,212.6,213.09,212.58,212.6
1783874700000,212.6,212.6,212.12,212.6
1783875600000,211.81,212.93,211.71,211.71
1783876500000,211.71,212.6,211.71,211.75
1783877400000,211.75,212.6,211.67,211.72
1783878300000,212.6,212.63,212.59,212.59
1783879200000,212.68,212.86,212.68,212.86
1783880100000,212.85,212.91,212.59,212.85
1783881000000,212.6,212.6,212.51,212.56
1783881900000,212.61,212.61,212.61,212.61
1783882800000,212.56,212.61,211.88,211.9
1783883700000,212.45,212.45,211.6,211.6
1783890000000,212.45,212.5,211.57,211.57
1783890900000,212.51,212.53,212.37,212.37
1783900800000,210.1,211.95,209.3,211.86
1783901700000,211.9,212.1,210.73,211.08
1783902600000,211.08,211.09,209.59,209.83
1783903500000,209.86,210.21,209.11,209.4
1783904400000,209.37,209.67,208.93,209.14
1783905300000,209.14,209.6,208.98,209.06
1783906200000,209.05,209.13,208.69,208.8
1783907100000,208.76,208.77,208.02,208.11
1783908000000,208.09,208.41,207.74,208.32
1783908900000,208.36,208.88,208.26,208.58
1783909800000,208.58,208.58,208.09,208.29
1783910700000,208.36,208.46,207.78,207.81
1783911600000,207.8,207.93,207.41,207.62
1783912500000,207.63,207.78,207.35,207.69
1783913400000,207.66,208.06,207.4,207.7
1783914300000,207.65,207.97,207.59,207.74
1783915200000,207.75,207.77,207.32,207.47
1783916100000,207.42,207.77,207.37,207.62
1783917000000,207.6,207.67,207.27,207.29
1783917900000,207.29,207.41,207.05,207.41
1783918800000,207.39,208.15,207.2,208.14
1783919700000,208.14,208.35,206.84,206.85
1783920600000,206.86,207.61,206.57,207.4
1783921500000,207.33,207.74,207.24,207.63
1783922400000,207.7,208.12,207.36,207.41
1783923300000,207.42,207.51,206.97,207.03
1783924200000,207.03,207.23,206.79,207.08
1783925100000,207.08,207.08,206.69,206.74
1783926000000,206.75,207.34,206.67,207.32
1783926900000,207.32,207.4,207.13,207.21
1783927800000,207.21,207.21,206.58,206.61
1783928700000,206.61,206.76,206.51,206.59
1783929600000,206.87,209.971,205.907,206.79
1783930500000,206.8,207.244,206.8,207.18
1783931400000,207.04,207.485,206.769,207.04
1783932300000,207.338,207.599,207.207,207.401
1783933200000,207.415,207.531,207.195,207.315
1783934100000,207.64,208.183,207.315,207.83
1783935000000,208.05,208.49,207.861,208.29
1783935900000,208,208.326,207.886,208
1783936800000,208.115,208.209,207.559,207.668
1783937700000,207.84,207.871,207.318,207.84
1783938600000,207.5,207.751,207.365,207.56
1783939500000,207.486,207.92,207.471,207.768
1783940400000,207.91,208.762,207.794,208.67
1783941300000,208.61,208.644,208.075,208.24
1783942200000,208.437,208.545,208.224,208.224
1783943100000,208.11,208.424,208.056,208.1
1783944000000,208.08,208.308,207.81,207.81
1783944900000,208.02,208.295,207.79,207.81
1783945800000,207.53,207.81,207.435,207.66
1783946700000,207.77,207.998,207.76,207.8
1783947600000,208.12,208.281,207.822,208
1783948500000,207.83,208.792,207.781,208.73
1783949400000,208.66,210.58,207.65,208.12
1783950300000,208.13,208.81,207.02,208.81
1783951200000,208.71,209.555,208.42,209.13
1783952100000,209.085,209.27,207.77,208.58
1783953000000,208.585,208.88,207.06,207.335
1783953900000,207.285,207.61,206.655,207.38
1783954800000,207.44,207.66,207.06,207.37
1783955700000,207.39,208.025,207.32,207.76
1783956600000,207.83,208.01,207.11,207.15
1783957500000,207.156,207.185,206.67,206.768
1783958400000,206.75,206.83,205.81,206.24
1783959300000,206.225,206.23,205.58,205.87
1783960200000,205.9,205.9,204.51,205.1
1783961100000,205.17,205.24,204.33,204.67
1783962000000,204.67,205.16,204.49,204.726
1783962900000,204.76,204.777,203.85,204.24
1783963800000,204.24,204.34,203.72,203.99
1783964700000,204.04,204.13,203.47,203.645
1783965600000,203.64,204.45,203.615,204.16
1783966500000,204.147,204.21,203.64,203.647
1783967400000,203.63,204.28,203.355,204.11
1783968300000,204.12,204.15,203.55,203.78
1783969200000,203.79,204.5,203.6,203.89
1783970100000,203.86,204.03,203.54,203.81
1783971000000,203.86,204.355,203.62,204.035
1783971900000,204.05,204.49,203.41,203.475
1783972800000,203.81,203.898,202.8,203.3
1783973700000,203.39,203.553,203.21,203.51
1783974600000,203.45,203.66,203.25,203.365
1783975500000,203.61,203.7,203.419,203.61
1783976400000,203.69,203.894,203.63,203.63
1783977300000,203.65,203.72,203.535,203.54
1783978200000,203.565,203.6,203.415,203.565
1783979100000,203.612,203.694,203.525,203.655
1783980000000,203.65,203.959,203.629,203.85
1783980900000,203.84,203.874,203.62,203.84
1783981800000,203.67,203.732,203.545,203.67
1783982700000,203.62,203.755,203.32,203.41
1783983600000,203.445,203.604,203.295,203.305
1783984500000,203.45,203.497,203.262,203.435
1783985400000,203.1,203.357,202.962,202.99
1783986300000,202.945,203.275,202.774,202.81
1783987200000,203.69,203.98,203.05,203.94
1783988100000,203.95,204.07,203.32,203.6
1783989000000,203.69,204.69,203.6,204.16
1783989900000,204.16,205.02,204.13,204.97
1783990800000,204.95,205.03,204.46,204.5
1783991700000,204.5,204.83,204.39,204.57
1783992600000,204.57,204.68,204,204.34
1783993500000,204.33,204.77,203.99,203.99
1783994400000,204.05,204.24,203.63,203.63
1783995300000,203.66,203.7,203.03,203.26
1783996200000,203.32,203.94,203.1,203.78
1783997100000,203.81,203.99,203.4,203.55
1783998000000,203.49,203.49,202.95,203.02
1783998900000,202.99,203.14,202.46,203.14
1783999800000,203,203.46,202.77,203.05
1784000700000,202.99,203.92,202.91,203.88
1784001600000,203.84,203.9,203.11,203.52
1784002500000,203.47,204.14,203.37,204.04
1784003400000,204.05,204.31,203.94,204.18
1784004300000,204.18,204.48,204.15,204.48
1784005200000,204.41,204.97,204.25,204.97
1784006100000,204.97,205.29,204.8,205.18
1784007000000,205.25,205.5,204.99,205.19
1784007900000,205.25,205.31,204.93,205.04
1784008800000,205.04,205.27,205,205.13
1784009700000,205.21,205.34,205,205.15
1784010600000,205.15,205.22,204.9,204.96
1784011500000,204.93,204.99,204.64,204.67
1784012400000,204.64,205.01,204.55,204.84
1784013300000,204.86,205.29,204.71,205.17
1784014200000,205.18,205.25,204.85,204.87
1784015100000,204.94,205.45,204.79,205.01
1784016000000,205.26,205.32,203.225,205.26
1784016900000,205.01,205.274,204.882,205.01
1784017800000,205.17,205.255,204.975,205.08
1784018700000,204.8,205.075,204.706,204.85
1784019600000,204.87,204.95,204.76,204.87
1784020500000,204.65,204.95,204.475,204.5
1784021400000,204.52,204.715,204.475,204.52
1784022300000,204.56,204.623,204.405,204.56
1784023200000,204.64,204.675,204.501,204.64
1784024100000,204.59,204.639,204.468,204.545
1784025000000,204.45,204.64,204.395,204.45
1784025900000,204.477,204.625,204.437,204.569
1784026800000,204.56,205.367,204.374,205.35
1784027700000,205.36,206.25,205.265,206.17
1784028600000,206.05,206.15,205.825,206.02
1784029500000,206.1,206.602,205.98,206.22
1784030400000,206.19,206.27,205.618,205.77
1784031300000,206,206.463,205.675,206.38
1784032200000,206.6,207.863,206.337,207.41
1784033100000,207.55,207.76,206.997,207.05
1784034000000,207.11,207.152,206.79,206.92
1784034900000,206.9,208.46,206.85,208.01
1784035800000,208.25,208.25,203.79,204.23
1784036700000,204.27,205.54,204.176,204.96
1784037600000,204.98,205.11,204.07,204.7
1784038500000,204.675,206.06,204.235,205.55
1784039400000,205.555,207.41,205.27,206.515
1784040300000,206.51,207.67,206.385,207.5
1784041200000,207.5,208.33,207.215,207.785
1784042100000,207.79,209.15,207.75,209.08
1784043000000,209.115,209.3,208.43,209.09
1784043900000,209.15,209.305,208.34,209.19
1784044800000,209.235,209.28,208.31,208.57
1784045700000,208.58,209.58,208.38,209.56
1784046600000,209.57,210.25,209.29,210.075
1784047500000,210.08,210.91,209.79,210.86
1784048400000,210.88,211.5,210.8,211.2
1784049300000,211.24,211.5,210.91,211.05
1784050200000,211.04,211.24,210.52,210.77
1784051100000,210.77,211.495,210.7,211.3
1784052000000,211.31,212.02,211.17,211.9
1784052900000,211.93,212.09,211.59,211.77
1784053800000,211.78,212.55,211.725,212.08
1784054700000,212.1,212.43,211.94,212.31
1784055600000,212.34,212.34,211.46,211.74
1784056500000,211.72,212.225,211.3,211.3
1784057400000,211.28,211.88,211.02,211.74
1784058300000,211.74,212.29,211.51,211.8
1784059200000,211.725,211.873,211.278,211.76
1784060100000,211.81,211.91,211.698,211.845
1784061000000,211.6,211.834,211.56,211.6
1784061900000,211.63,211.685,211.61,211.63
1784062800000,211.65,211.675,211.624,211.65
1784063700000,211.61,211.655,211.546,211.55
1784064600000,211.56,211.565,211.432,211.44
1784065500000,211.51,211.535,211.425,211.51
1784066400000,211.55,211.632,211.281,211.52
1784067300000,211.47,211.579,211.36,211.36
1784068200000,211.54,211.544,211.46,211.515
1784069100000,211.508,211.566,211.365,211.451
1784070000000,211.32,211.475,211.276,211.42
1784070900000,211.41,211.629,211.29,211.53
1784071800000,211.75,211.84,211.607,211.65
1784072700000,211.61,211.87,211.538,211.83
1784073600000,211.87,212.39,211.69,212.26
1784074500000,212.23,212.49,212.06,212.31
1784075400000,212.35,212.42,211.79,211.87
1784076300000,211.87,212.15,211.82,212.12
1784077200000,212.12,212.12,211.7,211.79
1784078100000,211.79,212.07,211.79,212
1784079000000,212.02,212.24,211.78,211.78
1784079900000,211.77,212.26,211.73,212.25
1784080800000,212.27,212.43,212.17,212.18
1784081700000,212.2,212.35,212.13,212.33
1784082600000,212.35,212.42,212.26,212.39
1784083500000,212.39,212.41,212.18,212.27
1784084400000,212.27,212.28,212,212.2
1784085300000,212.25,212.41,212.2,212.29
1784086200000,212.36,212.51,212.27,212.31
1784087100000,212.32,212.77,212.31,212.74
1784088000000,212.72,212.92,212.68,212.8
1784088900000,212.84,212.85,212.69,212.72
1784089800000,212.68,212.68,212.01,212.43
1784090700000,212.42,212.55,212.32,212.4
1784091600000,212.4,213.22,212.29,212.55
1784092500000,212.59,212.9,212.38,212.43
1784093400000,212.45,212.65,212.35,212.5
1784094300000,212.45,212.85,212.39,212.79
1784095200000,212.79,213.11,212.73,213.09
1784096100000,213.07,213.11,212.92,213.07
1784097000000,213.1,213.12,212.6,212.67
1784097900000,212.69,212.8,212.44,212.56
1784098800000,212.6,212.61,212.19,212.21
1784099700000,212.21,212.28,211.35,211.7
1784100600000,211.7,212.14,211.49,212.03
1784101500000,212.06,212.29,211.99,212.16
1784102400000,212.18,212.463,210.752,210.78
1784103300000,210.56,210.984,210.54,210.69
1784104200000,210.86,210.957,210.594,210.88
1784105100000,211.12,211.413,210.82,211.12
1784106000000,211.18,211.271,210.935,211.09
1784106900000,211.16,211.36,210.792,211.16
1784107800000,211.205,211.249,210.83,210.99
1784108700000,210.99,211.043,210.86,210.86
1784109600000,211.04,211.164,210.905,210.93
1784110500000,210.75,211.2,210.65,210.98
1784111400000,211.02,211.485,210.825,211.48
1784112300000,211.37,211.8,211.225,211.8
1784113200000,211.71,212.01,211.435,211.64
1784114100000,211.54,211.68,211.44,211.44
1784115000000,211.63,211.825,211.454,211.63
1784115900000,211.36,211.595,211.243,211.36
1784116800000,211.33,211.379,210.99,211.188
1784117700000,211.15,211.332,210.942,211
1784118600000,211.14,211.632,210.951,211.24
1784119500000,211.01,211.444,211.01,211.3
1784120400000,211.5,211.608,210.901,210.96
1784121300000,211.08,211.902,210.861,211.675
1784122200000,211.97,213.77,211.225,211.98
1784123100000,212.01,212.045,210.71,211.96
1784124000000,212.01,212.08,210.29,211.36
1784124900000,211.365,211.96,209.42,210.683
1784125800000,210.68,210.82,209.41,209.97
1784126700000,209.93,210.67,209.59,210.055
1784127600000,210.01,210.21,209.09,209.15
1784128500000,209.12,209.53,208.37,209.495
1784129400000,209.515,209.71,208.79,208.896
1784130300000,208.895,208.98,208.375,208.65
1784131200000,208.58,208.76,206.84,206.925
1784132100000,206.945,207.27,206.53,206.885
1784133000000,206.855,207.07,206.03,206.675
1784133900000,206.655,207.72,206.49,207.268
1784134800000,207.31,208.36,207.21,207.96
1784135700000,207.91,209.09,207.91,209.02
1784136600000,209.11,209.41,208.87,209.13
1784137500000,209.145,209.8,209.065,209.66
1784138400000,209.58,210.5,209.58,210.395
1784139300000,210.41,210.745,209.92,210.455
1784140200000,210.48,210.695,210.23,210.34
1784141100000,210.39,210.66,209.89,210.27
1784142000000,210.28,212,210.2,211.67
1784142900000,211.66,211.735,210.415,210.935
1784143800000,211.055,211.85,210.91,211.73
1784144700000,211.69,212.565,211.26,212.49
1784145600000,212.38,212.519,212.2,212.3
1784146500000,212.3,212.394,212.27,212.35
1784147400000,212.4,212.5,212.369,212.49
1784148300000,212.42,212.423,212.012,212.31
1784149200000,212.1,212.299,212.03,212.08
1784150100000,212.09,212.255,211.78,211.79
1784151000000,211.85,211.889,211.753,211.889
1784151900000,211.91,211.955,211.8,211.91
1784152800000,211.89,212.14,211.812,212.1
1784153700000,212.02,212.067,211.86,211.92
1784154600000,211.76,211.898,211.5,211.55
1784155500000,211.5,211.684,211.27,211.35
1784156400000,211.65,211.784,211.551,211.65
1784157300000,211.605,211.619,211.385,211.56
1784158200000,211.44,211.574,211.393,211.44
1784159100000,211.553,211.553,211.115,211.258
1784160000000,211.02,211.6,211.02,211.54
1784160900000,211.49,211.68,210.83,210.83
1784161800000,210.86,211.12,210.4,210.5
1784162700000,210.48,210.87,210.4,210.55
1784163600000,210.54,210.87,210.27,210.4
1784164500000,210.39,210.47,210.24,210.47
1784165400000,210.34,210.85,210.33,210.67
1784166300000,210.68,211.44,210.64,211.11
1784167200000,211.11,211.18,210.71,210.95
1784168100000,210.97,211.45,210.9,211.35
1784169000000,211.38,211.45,211.12,211.23
1784169900000,211.2,211.66,211.17,211.56
1784170800000,211.61,211.88,211.48,211.88
1784171700000,211.88,211.92,211.51,211.56
1784172600000,211.6,211.73,211.46,211.47
1784173500000,211.48,211.55,211.24,211.48
1784174400000,211.56,211.64,211.42,211.64
1784175300000,211.64,211.64,211.28,211.33
1784176200000,211.3,211.36,211.06,211.14
1784177100000,211.16,211.29,211.1,211.1
1784178000000,211.12,211.52,211.09,211.52
1784178900000,211.53,211.88,211.46,211.81
1784179800000,211.8,212.03,211.02,211.27
1784180700000,211.22,211.45,211.06,211.27
1784181600000,211.26,212.93,210.81,211.45
1784182500000,211.43,211.75,211.02,211.03
1784183400000,211.04,211.12,210.64,210.82
1784184300000,210.82,211.1,210.76,211.05
1784185200000,211,211.05,210.63,210.69
1784186100000,210.64,210.85,210.57,210.65
1784187000000,210.65,210.77,210.35,210.65
1784187900000,210.66,210.8,210.52,210.6
1784188800000,210.06,211.17,209.05,209.99
1784189700000,209.37,209.654,208.925,209.44
1784190600000,209.6,209.81,209.353,209.81
1784191500000,209.449,210.03,209.4,210.026
1784192400000,210.027,210.439,209.965,210.152
1784193300000,210.39,210.43,210.026,210.25
1784194200000,210.12,210.249,209.86,210
1784195100000,209.64,209.996,209.318,209.64
1784196000000,209.317,209.79,209.216,209.675
1784196900000,209.678,209.688,209.356,209.548
1784197800000,209.587,210.409,209.587,209.839
1784198700000,209.88,209.941,209.51,209.51
1784199600000,209.894,209.894,208.79,209.184
1784200500000,208.81,209.441,208.79,209.18
1784201400000,209.13,209.301,208.743,208.76
1784202300000,208.84,209.244,208.5,209
1784203200000,208.94,209.258,208.798,208.92
1784204100000,208.969,209.335,208.948,209.335
1784205000000,209.15,209.393,208.781,208.82
1784205900000,208.7,209.335,208.69,208.95
1784206800000,209.12,209.665,208.957,209.54
1784207700000,209.52,210.71,209.459,210.11
1784208600000,210.25,211.03,207.48,207.75
1784209500000,207.855,208.46,207.195,207.51
1784210400000,207.45,208.645,207.3,208.58
1784211300000,208.6,209.26,207.96,208.94
1784212200000,208.95,209.14,207.66,207.849
1784213100000,207.84,207.99,206,206.485
1784214000000,206.49,206.75,205.84,206.06
1784214900000,206.025,207.1,205.91,207.05
1784215800000,207.06,207.86,206.725,207.43
1784216700000,207.469,207.92,207.05,207.621
1784217600000,207.635,208.18,206.46,206.65
1784218500000,206.65,207.26,206.51,207.225
1784219400000,207.24,207.8,207.09,207.355
1784220300000,207.29,207.58,206.84,207.195
1784221200000,207.21,207.71,206.63,207.085
1784222100000,207.085,207.34,206.76,207.34
1784223000000,207.34,207.46,206.01,206.175
1784223900000,206.13,206.815,205.89,206.68
1784224800000,206.665,207.22,206.27,206.81
1784225700000,206.838,207.38,206.59,206.9
1784226600000,206.88,206.975,206.51,206.93
1784227500000,206.89,207.41,206.89,207.03
1784228400000,207.085,207.64,206.695,206.81
1784229300000,206.785,207.195,206.15,206.47
1784230200000,206.44,206.58,205.95,206.09
1784231100000,206.05,207.54,205.98,207.47
1784232000000,207.33,207.463,206.97,206.99
1784232900000,206.99,207.186,206.832,206.895
1784233800000,206.862,207.044,206.791,206.905
1784234700000,206.96,207.03,206.891,206.96
1784235600000,206.86,206.923,206.836,206.86
1784236500000,206.88,206.937,206.725,206.87
1784237400000,206.7,206.875,206.7,206.745
1784238300000,206.726,206.727,206.551,206.701
1784239200000,206.625,206.889,206.624,206.625
1784240100000,206.5,206.62,206.188,206.26
1784241000000,206.25,206.389,206.141,206.18
1784241900000,206.27,206.454,206.175,206.27
1784242800000,206.17,206.37,206.153,206.17
1784243700000,206.22,206.255,205.612,205.74
1784244600000,205.69,205.961,205.32,205.925
1784245500000,205.8,206.065,205.717,206.03
1784246400000,206,206.66,205.38,205.63
1784247300000,205.61,205.94,205.26,205.5
1784248200000,205.49,205.72,205.01,205.51
1784249100000,205.42,205.89,205.34,205.71
1784250000000,205.75,206.18,205.42,205.53
1784250900000,205.43,205.54,205.1,205.45
1784251800000,205.45,205.45,204.42,204.53
1784252700000,204.5,204.86,204.35,204.61
1784253600000,204.64,204.77,204.09,204.12
1784254500000,204.14,204.15,203.64,203.9
1784255400000,203.85,203.89,203.32,203.79
1784256300000,203.76,203.81,203.29,203.74
1784257200000,203.75,204.21,203.62,204.19
1784258100000,204.23,204.86,204.13,204.76
1784259000000,204.71,204.71,203.74,203.93
1784259900000,203.91,203.93,203.52,203.73
1784260800000,203.7,203.7,202.8,203.06
1784261700000,203.01,203.31,202.58,202.58
1784262600000,202.57,203.16,202.31,202.99
1784263500000,202.99,203.2,202.48,202.51
1784264400000,202.52,202.61,202.01,202.28
1784265300000,202.27,202.68,202.02,202.19
1784266200000,202.24,202.57,201.42,201.85
1784267100000,201.78,202.27,201.56,202.13
1784268000000,202.11,202.43,201.8,202.4
1784268900000,202.4,203.12,202.37,203
1784269800000,202.99,203.08,202.2,202.27
1784270700000,202.28,202.29,201.9,202.01
1784271600000,201.98,202.06,201.63,201.88
1784272500000,201.84,202.06,201.46,201.92
1784273400000,201.96,201.99,201.03,201.37
1784274300000,201.34,201.34,200.86,201.11
1784275200000,201.77,205.222,200.913,200.99
1784276100000,200.61,201.011,200.237,200.52
1784277000000,200.82,200.865,200.315,200.51
1784277900000,201.06,201.577,200.693,201.21
1784278800000,201.09,201.517,200.977,201.24
1784279700000,201.21,201.424,200.834,201.2
1784280600000,201.26,201.674,201.148,201.53
1784281500000,201.66,201.953,201.482,201.71
1784282400000,201.71,202.348,201.642,201.93
1784283300000,202.01,202.373,201.666,201.83
1784284200000,202.29,202.708,202.149,202.22
1784285100000,202.43,202.43,201.742,201.81
1784286000000,201.77,202.326,201.74,202.08
1784286900000,202.17,202.35,201.925,202.24
1784287800000,202.34,202.529,202.03,202.03
1784288700000,202.178,202.692,202.04,202.468
1784289600000,202.21,202.529,201.71,201.71
1784290500000,201.81,201.989,201.51,201.89
1784291400000,202.05,202.304,201.745,202.28
1784292300000,202.25,202.486,202,202.38
1784293200000,202.301,202.32,201.705,201.711
1784294100000,201.85,202.49,201.49,202.49
1784295000000,202.74,203.42,197.98,198.34
1784295900000,198.37,201.725,198.265,201.725
1784296800000,201.647,205.52,201.525,204.51
1784297700000,204.506,206.18,203.61,203.731
1784298600000,203.85,204.63,202.93,203.25
1784299500000,203.23,204.27,202.79,203.01
1784300400000,203.04,203.45,202.41,203.27
1784301300000,203.28,204.05,203.1,203.93
1784302200000,203.875,205,203.86,204.42
1784303100000,204.4,205.39,204.305,205.12
1784304000000,205.13,205.37,204.03,205.04
1784304900000,205.04,205.265,204.16,204.855
1784305800000,204.841,205.31,204.57,205.269
1784306700000,205.277,206.17,205.185,205.601
1784307600000,205.62,206.63,205.58,206.17
1784308500000,206.165,206.37,205.38,206.12
1784309400000,206.13,206.23,205.12,205.315
1784310300000,205.325,205.48,204.26,204.4
1784311200000,204.47,204.71,203.61,203.64
1784312100000,203.66,203.71,203,203.38
1784313000000,203.37,203.9,202.8,203.075
1784313900000,203.05,203.66,202.98,203.335
1784314800000,203.325,203.375,202.105,202.286
1784315700000,202.281,203.11,201.64,202.952
1784316600000,203.01,203.34,202.52,203.06
1784317500000,203.01,203.82,202.59,202.81
1784318400000,202.75,202.822,202.23,202.29
1784319300000,202.44,202.53,202.35,202.5
1784320200000,202.52,202.596,202.484,202.53
1784321100000,202.565,202.81,202.5,202.8
1784322000000,202.75,202.804,202.602,202.68
1784322900000,202.629,202.705,202.59,202.69
1784323800000,202.68,202.773,202.637,202.68
1784324700000,202.661,202.77,202.636,202.68
1784325600000,202.679,202.696,202.625,202.663
1784326500000,202.664,202.754,202.595,202.596
1784327400000,202.585,202.79,202.585,202.79
1784328300000,202.76,202.76,202.71,202.73
1784329200000,202.69,202.75,202.615,202.69
1784330100000,202.62,202.68,202.558,202.59
1784331000000,202.52,202.6,202.436,202.52
1784331900000,202.465,202.636,202.43,202.509
1784332800000,202.511,202.513,202.511,202.513
1784333700000,202.73,202.77,202.43,202.51
1784334600000,202.78,202.84,202.51,202.51
1784336400000,202.85,202.88,202.64,202.64
1784337300000,202.92,203.01,202.54,202.85
1784338200000,202.98,202.98,202.98,202.98
1784339100000,203.04,203.09,202.85,203.09
1784340000000,203.18,203.27,202.89,203.12
1784340900000,203.27,203.27,203.01,203.01
1784341800000,203.3,203.3,202.91,202.91
1784342700000,203.36,203.46,202.9,203.11
1784343600000,203.21,203.51,203.21,203.51
1784344500000,203.33,203.34,203.2,203.2
1784345400000,203.27,203.64,203.22,203.4
1784346300000,203.64,203.67,203.32,203.32
1784347200000,203.54,203.78,203.32,203.78
1784348100000,203.61,203.78,203.55,203.78
1784349000000,203.6,203.8,203,203
1784349900000,203.8,203.82,203,203
1784350800000,203.8,203.88,203,203.62
1784351700000,203.73,203.73,203.73,203.73
1784352600000,203.73,203.73,203,203
1784353500000,203.8,203.8,203,203
1784354400000,203.8,203.8,203.8,203.8
1784355300000,203.89,203.92,203.69,203.69
1784356200000,203.93,204,203.69,203.69
1784357100000,203.76,204,203,204
1784358000000,203.5,204,203,204
1784358900000,203,204,203,203
1784363400000,203.9,203.9,203,203
1784364300000,203.9,203.9,203,203
1784365200000,203.9,203.9,203,203.9
1784366100000,203,203.9,203,203
1784367900000,203,203,203,203
1784368800000,203.9,203.9,203,203
1784369700000,203.9,203.9,203,203.9
1784370600000,203,204,203,204
1784371500000,203,203,203,203
1784373300000,203.95,203.95,203,203.95
1784374200000,203,203,203,203
1784375100000,203.95,204,203,203.96
1784376000000,203,203.95,203,203
1784376900000,203.95,203.95,203,203
1784378700000,203.95,203.95,203,203
1784379600000,203,203.96,202.09,202.09
1784380500000,202.41,202.75,202.1,202.1
1784381400000,202.75,202.75,202.1,202.1
1784382300000,202.75,202.75,202.75,202.75
1784383200000,202.75,202.75,202.75,202.75
1784384100000,202.75,202.75,202.11,202.75
1784385000000,202.75,202.75,202.11,202.75
1784385900000,202.15,202.79,202.15,202.79
1784386800000,202.42,202.61,202.37,202.61
1784387700000,202.51,202.6,202.3,202.3
1784388600000,202.25,202.25,202.25,202.25
1784390400000,202.42,202.43,202.15,202.15
1784391300000,202.34,202.44,202.15,202.15
1784392200000,202.4,202.4,202.15,202.35
1784393100000,202.35,202.35,202.15,202.15
1784394900000,202.3,202.35,202.15,202.15
1784395800000,202.3,202.3,202.15,202.15
1784396700000,202.3,202.3,202.15,202.15
1784399400000,202.3,202.3,202.3,202.3
1784401200000,202.15,202.15,202.15,202.15
1784402100000,202.3,202.3,202.15,202.15
1784403000000,202.3,202.3,202.15,202.15
1784405700000,202.3,202.3,202.13,202.13
1784407500000,202.26,202.26,202.13,202.13
1784408400000,202.13,202.13,202.13,202.13
1784410200000,202.27,202.3,202.11,202.11
1784415600000,202.35,202.35,202.35,202.35
1784420100000,202.33,202.35,202.09,202.09
1784421900000,202.03,202.15,202.03,202.15
1784422800000,202.15,202.16,202.02,202.02
1784424600000,202.02,202.32,202.02,202.02
1784425500000,202.27,202.32,202.27,202.32
1784426400000,202.31,202.35,202.02,202.02
1784429100000,202.32,202.32,202.01,202.01
1784430000000,202.24,202.32,201.9,201.9
1784431800000,202.12,202.32,202.12,202.32
1784432700000,201.9,201.9,201.87,201.87
1784433600000,202,202.11,201.87,201.87
1784435400000,202.03,202.03,201.85,201.85
1784436300000,201.77,201.77,201.68,201.68
1784437200000,201.85,201.94,201.62,201.62
1784438100000,201.76,201.76,201.59,201.59
1784439000000,201.75,201.75,201.59,201.75
1784439900000,201.59,201.75,201.54,201.75
1784440800000,201.49,201.49,201.49,201.49
1784441700000,201.75,201.75,201.45,201.48
1784442600000,201.75,201.75,201.48,201.48
1784443500000,201.46,201.69,201.3,201.3
1784445300000,201.47,201.53,201.31,201.31
1784446200000,201.53,201.6,201.31,201.31
1784447100000,201.62,201.68,201.31,201.31
1784448000000,201.68,201.75,201.3,201.3
1784448900000,201.45,201.65,201.23,201.23
1784449800000,201.4,201.4,201.17,201.17
1784450700000,201.37,201.49,201.14,201.14
1784451600000,201.49,201.8,201.04,201.8
1784452500000,201.8,201.8,201.8,201.8
1784453400000,201.02,202,201,202
1784454300000,202,202.56,201,202.4
1784455200000,202.4,202.4,202.4,202.4
1784456100000,202.4,202.4,202.4,202.4
1784457000000,202.4,202.4,202.4,202.4
1784457900000,202.4,202.4,201.01,201.01
1784459700000,202.4,202.4,201.01,201.01
1784460600000,202.4,202.4,202.4,202.4
1784461500000,202.4,202.83,201.01,202.27
1784462400000,202.39,202.6,202.39,202.6
1784463300000,202.28,202.28,202.27,202.28
1784464200000,202.25,202.38,202.23,202.23
1784465100000,202.38,202.38,202.21,202.21
1784466000000,202.37,202.49,202.37,202.49
1784466900000,202.38,202.45,202.15,202.15
1784467800000,202.37,202.49,202.15,202.15
1784469600000,202.48,202.48,202.15,202.15
1784470500000,202.48,202.72,202.15,202.54
1784471400000,202.76,202.76,202.76,202.76
1784472300000,202.82,202.89,202.65,202.65
1784473200000,202.89,202.94,202.63,202.66
1784474100000,202.96,202.97,202.65,202.97
1784475000000,202.9,202.9,202.74,202.74
1784476800000,202.95,203.17,202.73,203.04
1784477700000,203.18,203.21,203.03,203.21
1784478600000,203.22,203.3,203.03,203.08
1784479500000,203.08,203.36,203.07,203.12
1784480400000,203.38,203.59,203.07,203.28
1784481300000,203.59,203.59,203.26,203.26
1784482200000,203.26,203.64,202.78,203.64
1784483100000,203.7,203.7,203.32,203.32
1784486700000,203.38,203.38,203.28,203.28
1784487600000,203.71,203.71,202.73,202.73
1784493000000,203.75,203.75,203.19,203.19
1784493900000,203.8,203.8,203.19,203.19
1784497500000,203.8,203.8,202.73,202.73
1784500200000,203.8,203.87,203.8,203.87
1784501100000,203.9,203.9,203.9,203.9
1784502000000,203.93,203.93,203.93,203.93
1784503800000,203.95,203.95,203.95,203.95
1784504700000,203.95,203.95,203.79,203.79
1784505600000,203,204.54,202.56,204.26
1784506500000,204.23,204.47,203.69,203.72
1784507400000,203.78,203.78,202.9,203.18
1784508300000,203.13,203.2,202.78,202.9
1784509200000,202.91,203.8,202.83,203.11
1784510100000,203.14,203.39,202.9,202.95
1784511000000,202.93,203.07,202.62,202.74
1784511900000,202.73,202.8,202.45,202.71
1784512800000,202.71,203.47,202.71,203.06
1784513700000,203,203.07,202.67,202.72
1784514600000,202.78,203.62,202.72,203.38
1784515500000,203.38,203.74,203.27,203.41
1784516400000,203.41,203.45,203.14,203.32
1784517300000,203.39,203.59,203.17,203.22
1784518200000,203.21,203.56,203.05,203.4
1784519100000,203.42,203.89,203.36,203.54
1784520000000,203.58,203.81,203.48,203.51
1784520900000,203.47,203.63,203.2,203.63
1784521800000,203.63,203.87,203.58,203.73
1784522700000,203.73,203.86,203.55,203.63
1784523600000,203.65,203.65,202.74,203.21
1784524500000,203.18,203.46,203.02,203.1
1784525400000,203.11,203.11,202.88,202.95
1784526300000,202.93,202.93,202.64,202.64
1784527200000,202.71,202.89,202.54,202.67
1784528100000,202.61,202.8,202.53,202.78
1784529000000,202.74,202.85,202.57,202.73
1784529900000,202.73,202.83,202.6,202.73
1784530800000,202.73,203.03,202.73,203.01
1784531700000,202.96,203.47,202.79,203.41
1784532600000,203.41,203.98,203.41,203.79
1784533500000,203.76,203.88,203.59,203.84
1784534400000,203.47,203.738,202.417,203.32
1784535300000,203.91,204.05,203.701,203.8
1784536200000,203.841,203.841,203.3,203.43
1784537100000,203.43,203.695,203.326,203.62
1784538000000,203.49,203.641,203.374,203.49
1784538900000,203.513,203.83,203.462,203.787
1784539800000,203.786,204.045,203.75,203.891
1784540700000,204.09,204.259,203.893,204.09
1784541600000,203.967,203.979,203.829,203.89
1784542500000,203.84,204.142,203.731,203.84
1784543400000,204.39,204.692,203.985,204.62
1784544300000,204.692,204.875,204.55,204.58
1784545200000,204.61,205.315,204.58,205.17
1784546100000,205.3,205.3,205.012,205.08
1784547000000,205.61,206.33,205.057,206.29
1784547900000,206.17,206.256,205.632,205.82
1784548800000,205.28,205.74,205.269,205.37
1784549700000,205.68,205.957,205.485,205.54
1784550600000,206.01,206.59,205.712,205.76
1784551500000,206.06,206.326,205.706,205.98
1784552400000,205.62,205.979,205.171,205.254
1784553300000,205.2,206.16,205.095,206.13
1784554200000,205.615,207.72,205.105,207.185
1784555100000,207.205,207.26,205.59,205.85
1784556000000,205.865,206.56,205.27,205.715
1784556900000,205.725,205.97,204.69,205.97
1784557800000,205.92,206.23,205.22,205.5
1784558700000,205.47,205.87,204.57,204.87
1784559600000,204.86,206.08,204.71,205.79
1784560500000,205.83,206.51,205.67,206.451
1784561400000,206.49,206.545,205.49,206.13
1784562300000,206.17,206.19,204.77,205.93
1784563200000,205.935,206.33,205.75,205.87
1784564100000,205.905,205.905,205.13,205.27
1784565000000,205.27,205.35,204.3,204.32
1784565900000,204.3,204.81,203.665,204.02
1784566800000,204.03,204.09,203.13,203.2
1784567700000,203.17,203.905,203.05,203.75
1784568600000,203.769,204.24,203.655,203.985
1784569500000,204,204.715,203.972,204.405
1784570400000,204.45,204.89,204.403,204.84
1784571300000,204.83,205.01,204.26,204.33
1784572200000,204.3,204.325,203.64,203.64
1784573100000,203.61,203.72,203.16,203.34
1784574000000,203.34,203.44,202.4,202.5
1784574900000,202.48,203.02,202.28,202.99
1784575800000,202.95,203.34,202.72,203.06
1784576700000,203.045,203.42,202.66,203.321
1784577600000,203.23,203.344,202.701,202.75
1784578500000,202.66,202.7,202.438,202.66
1784579400000,202.64,202.725,202.425,202.51
1784580300000,202.61,202.8,202.48,202.71
1784581200000,202.69,202.745,202.52,202.52
1784582100000,202.57,202.7,202.57,202.64
1784583000000,202.692,202.812,202.655,202.81
1784583900000,202.81,202.92,202.732,202.79
1784584800000,202.92,202.92,202.475,202.571
1784585700000,202.45,202.584,202.43,202.43
1784586600000,202.45,202.473,202.305,202.46
1784587500000,202.46,202.51,202.332,202.46
1784588400000,202.386,202.805,202.332,202.68
1784589300000,202.99,203.119,202.688,202.94
1784590200000,203.08,203.165,202.982,203.01
1784591100000,203.04,203.13,202.78,203.01
1784592000000,203.16,203.16,202.3,202.61
1784592900000,202.62,203.27,202.4,203.09
1784593800000,203.12,203.42,203.11,203.28
1784594700000,203.29,203.48,203.09,203.11
1784595600000,203.16,203.54,202.99,203.35
1784596500000,203.35,203.4,203.09,203.35
1784597400000,203.36,203.63,203.32,203.42
1784598300000,203.39,203.59,203.36,203.41
1784599200000,203.43,203.74,203.34,203.41
1784600100000,203.37,203.49,203.08,203.36
1784601000000,203.42,203.85,203.4,203.79
1784601900000,203.83,203.84,203.63,203.78
1784602800000,203.78,204.17,203.78,204.1
1784603700000,204.1,204.36,204.08,204.35
1784604600000,204.38,204.68,204.31,204.46
1784605500000,204.42,204.95,204.42,204.55
1784606400000,204.6,204.99,204.47,204.82
1784607300000,204.82,204.89,204.68,204.74
1784608200000,204.71,204.76,204.5,204.71
1784609100000,204.7,204.72,204.5,204.56
1784610000000,204.56,204.74,204.42,204.42
1784610900000,204.39,204.65,204.21,204.65
1784611800000,204.57,204.72,204.29,204.62
1784612700000,204.63,204.69,204.5,204.64
1784613600000,204.6,204.94,204.53,204.92
1784614500000,204.88,205.04,204.77,204.79
1784615400000,204.83,205.12,204.75,205.04
1784616300000,205.03,205.04,204.81,204.91
1784617200000,204.92,205.2,204.74,204.89
1784618100000,204.91,205.1,204.84,204.87
1784619000000,204.93,205.14,204.8,204.86
1784619900000,204.82,204.93,204.75,204.82
1784620800000,204.94,205.415,203.064,204.97
1784621700000,205.415,205.555,205.33,205.509
1784622600000,205.57,205.78,205.464,205.58
1784623500000,205.58,205.715,205.54,205.67
1784624400000,205.695,205.803,205.543,205.589
1784625300000,205.76,205.86,205.534,205.73
1784626200000,205.52,205.699,205.468,205.52
1784627100000,205.55,205.565,205.364,205.55
1784628000000,205.53,205.717,205.444,205.64
1784628900000,205.62,205.676,205.443,205.52
1784629800000,205.524,205.798,205.465,205.634
1784630700000,205.635,205.679,205.383,205.414
1784631600000,205.61,205.61,205.161,205.48
1784632500000,205.451,205.461,205.198,205.386
1784633400000,205.51,205.7,205.381,205.57
1784634300000,205.73,206.093,205.568,206
1784635200000,206.07,206.18,205.794,206.12
1784636100000,206.11,206.15,205.631,205.8
1784637000000,205.79,205.838,205.505,205.53
1784637900000,206,206.329,205.799,206.17
1784638800000,206.03,206.159,205.848,205.99
1784639700000,205.84,207.45,205.709,207.45
1784640600000,207.49,208.61,206.265,206.69
1784641500000,206.66,207.04,204.84,205.45
1784642400000,205.445,205.92,204.04,204.53
1784643300000,204.44,205.44,204.01,205.35
1784644200000,205.35,205.52,204.72,205.44
1784645100000,205.42,205.9,205.095,205.841
1784646000000,205.79,206.55,205.47,206.175
1784646900000,206.165,206.73,205.705,206.615
1784647800000,206.58,206.81,206.12,206.12
1784648700000,206.12,206.5,205.71,205.78
1784649600000,205.79,206.55,205.6,205.86
1784650500000,205.81,206.09,205.03,205.085
1784651400000,205.085,205.37,204.83,205.335
1784652300000,205.335,205.51,204.965,205.45
1784653200000,205.441,206.35,205.29,206.345
1784654100000,206.32,206.345,205.67,206.135
1784655000000,206.14,206.95,206.096,206.75
1784655900000,206.77,206.93,206.195,206.24
1784656800000,206.27,206.65,206.17,206.18
1784657700000,206.2,206.45,205.96,206.25
1784658600000,206.27,207.06,206.22,206.99
1784659500000,206.98,207.32,206.92,207.21
1784660400000,207.16,207.295,206.5,206.72
1784661300000,206.728,207.185,206.62,206.78
1784662200000,206.825,207.21,206.64,206.94
1784663100000,206.94,207.82,206.49,207.24
1784664000000,207.04,207.302,206.518,207.26
1784664900000,207.16,207.256,206.82,206.82
1784665800000,206.9,207.015,206.802,206.97
1784666700000,206.76,206.88,206.73,206.76
1784667600000,206.74,206.987,206.74,206.91
1784668500000,206.99,207.027,206.8,207.01
1784669400000,207.033,207.064,206.86,206.875
1784670300000,206.79,206.885,206.775,206.79
1784671200000,206.69,206.8,206.588,206.61
1784672100000,206.65,206.72,206.45,206.45
1784673000000,206.487,206.525,206.351,206.351
1784673900000,206.35,206.472,206.205,206.41
1784674800000,206.41,206.45,206.355,206.41
1784675700000,206.45,206.502,206.362,206.502
1784676600000,206.502,206.577,206.315,206.34
1784677500000,206.32,206.412,206.252,206.32
1784678400000,206.21,206.78,206.12,206.66
1784679300000,206.62,206.81,206.21,206.38
1784680200000,206.4,206.57,206.13,206.22
1784681100000,206.23,206.66,206.19,206.59
1784682000000,206.59,206.6,206.16,206.3
1784682900000,206.26,206.49,206.23,206.36
1784683800000,206.28,206.34,205.94,206.09
1784684700000,206.13,206.48,206.07,206.3
1784685600000,206.32,206.45,206.18,206.28
1784686500000,206.28,206.38,206.2,206.38
1784687400000,206.34,206.37,206.01,206.05
1784688300000,206.04,206.25,205.95,206.03
1784689200000,206.01,206.07,205.83,206
1784690100000,206.03,206.37,205.95,206.33
1784691000000,206.33,206.41,205.99,206.15
1784691900000,206.15,206.22,205.85,205.92
1784692800000,205.95,206.16,205.91,206.08
1784693700000,206,206.14,206,206.14
1784694600000,206.17,206.21,205.71,205.96
1784695500000,205.91,206.01,205.79,205.96
1784696400000,205.97,206.01,205.29,205.38
1784697300000,205.38,205.56,205.12,205.33
1784698200000,205.29,205.56,205.12,205.19
1784699100000,205.24,205.39,205.14,205.36
1784700000000,205.3,205.33,204.9,205.06
1784700900000,205.03,205.12,204.66,205.04
1784701800000,204.99,205.4,204.9,205.22
1784702700000,205.22,205.41,205.02,205.29
1784703600000,205.31,205.54,205.17,205.49
1784704500000,205.46,205.78,205.41,205.7
1784705400000,205.7,205.77,205.12,205.44
1784706300000,205.47,205.51,205.33,205.51
1784707200000,205.4,206.213,204.679,205.4
1784708100000,205.04,205.4,204.863,205.25
1784709000000,205.185,205.254,204.936,204.957
1784709900000,204.963,205.2,204.963,205.136
1784710800000,205.132,205.483,205.1,205.365
1784711700000,205.365,205.475,205.29,205.444
1784712600000,205.06,205.445,205.002,205.07
1784713500000,205.042,205.436,205.041,205.233
1784714400000,205.48,205.663,205.234,205.48
1784715300000,205.36,205.755,205.255,205.62
1784716200000,205.73,205.91,205.396,205.91
1784717100000,205.454,205.961,205.383,205.708
1784718000000,205.9,206.061,205.26,205.39
1784718900000,205.24,205.402,205.159,205.3
1784719800000,205.19,205.255,204.863,204.96
1784720700000,205.11,205.11,204.8,204.91
1784721600000,204.86,204.942,204.49,204.82
1784722500000,204.64,204.998,204.56,204.98
1784723400000,204.69,205.348,204.69,205.34
1784724300000,205.33,205.339,204.821,205.01
1784725200000,205.047,205.515,205.047,205.424
1784726100000,205.424,205.825,205.09,205.755
1784727000000,205.875,207.4,205.01,207.19
1784727900000,207.26,208.2,206.77,207.77
1784728800000,207.71,207.73,206.54,207.075
1784729700000,207.063,207.56,206.47,206.8
1784730600000,206.81,208.145,206.46,207.265
1784731500000,207.27,209.495,207.215,209.18
1784732400000,209.19,213.12,209.1,213.02
1784733300000,213.02,213.56,212.12,212.19
1784734200000,212.22,212.67,211.84,211.98
1784735100000,211.995,213.61,211.89,213.23
1784736000000,213.19,213.695,212.91,213.48
1784736900000,213.44,214.27,213.42,213.49
1784737800000,213.52,214.32,213.4,213.61
1784738700000,213.61,214.142,213.315,214.01
1784739600000,214.02,214.4,213.46,213.48
1784740500000,213.49,213.83,213.19,213.75
1784741400000,213.76,214.37,213.705,213.83
1784742300000,213.855,214.13,213.465,213.603
1784743200000,213.58,213.96,213.52,213.52
1784744100000,213.54,213.81,213.49,213.75
1784745000000,213.735,213.79,213.47,213.67
1784745900000,213.66,213.975,213.57,213.76
1784746800000,213.76,214.195,213.31,213.315
1784747700000,213.33,213.585,212.91,213.33
1784748600000,213.33,213.39,212.355,212.48
1784749500000,212.49,212.99,211.72,212.06
1784750400000,212.123,212.732,211.812,212.591
1784751300000,212.69,212.914,212.513,212.76
1784752200000,212.44,212.706,212.377,212.41
1784753100000,212.49,212.859,212.43,212.74
1784754000000,212.99,214.472,212.756,213.52
1784754900000,213.38,213.853,212.904,212.99
1784755800000,212.78,212.903,210.25,210.79
1784756700000,210.59,211.389,210.376,210.81
1784757600000,211.36,211.36,210.367,210.79
1784758500000,210.798,211.397,210.713,211.181
1784759400000,211.179,211.409,210.899,210.899
1784760300000,210.84,211.23,210.73,211.23
1784761200000,210.91,211.15,210.825,210.91
1784762100000,210.91,211.161,210.83,210.91
1784763000000,211.19,211.627,210.891,211.39
1784763900000,211.85,212.03,211.603,212.03
1784764800000,212.31,212.67,211.94,212.31
1784765700000,212.25,213,212.19,212.79
1784766600000,212.74,213.14,212.67,212.86
1784767500000,212.85,213.3,212.72,212.97
1784768400000,212.99,213.27,212.82,213.12
1784769300000,213.2,213.26,212.8,212.98
1784770200000,213.05,213.06,212.12,212.13
1784771100000,212.14,212.6,212.09,212.2
1784772000000,212.19,212.39,211.86,211.9
1784772900000,211.91,211.94,211.3,211.7
1784773800000,211.65,211.88,211.04,211.21
1784774700000,211.28,211.66,211.11,211.63
1784775600000,211.66,211.66,211.01,211.19
1784776500000,211.13,211.48,211.12,211.47
1784777400000,211.42,211.71,211.38,211.57
1784778300000,211.54,211.77,211.48,211.64
1784779200000,211.61,211.76,211.21,211.73
1784780100000,211.74,212.32,211.64,212.2
1784781000000,212.21,212.39,212.11,212.15
1784781900000,212.15,212.31,211.97,212.13
1784782800000,212.1,212.14,211.77,211.81
1784783700000,211.8,212.45,211.65,212.44
1784784600000,212.45,212.49,212.07,212.1
1784785500000,212.1,212.17,211.75,211.84
1784786400000,211.83,211.99,211.65,211.72
1784787300000,211.69,211.71,211.49,211.63
1784788200000,211.62,211.64,211.28,211.29
1784789100000,211.32,211.62,211.26,211.38
1784790000000,211.38,211.39,209.99,210.83
1784790900000,210.84,211.11,210.75,210.92
1784791800000,210.91,210.91,210.11,210.16
1784792700000,210.15,210.79,210.03,210.79
1784793600000,211.81,211.81,210.607,211.499
1784794500000,211,211.599,210.77,211.01
1784795400000,211.24,211.24,210.875,211.07
1784796300000,210.975,211.661,210.843,211.612
1784797200000,211.36,211.795,211.348,211.36
1784798100000,210.99,211.525,210.918,210.99
1784799000000,210.79,211.04,210.77,210.9
1784799900000,210.89,211.046,210.777,210.795
1784800800000,210.795,210.839,210.43,210.432
1784801700000,210.431,210.512,210.325,210.325
1784802600000,210.39,210.935,210.325,210.39
1784803500000,210.69,210.94,210.625,210.94
1784804400000,210.9,211.089,210.742,211.01
1784805300000,210.9,211.214,210.475,210.56
1784806200000,210.605,210.68,209.76,209.87
1784807100000,210.06,210.647,209.913,210.23
1784808000000,210.48,210.653,210.203,210.41
1784808900000,210.11,210.344,209.587,209.67
1784809800000,209.6,209.853,208.969,209.01
1784810700000,209.14,209.515,209.104,209.16
1784811600000,209.01,209.42,208.697,208.77
1784812500000,208.63,209.402,208.298,208.84
1784813400000,209.42,210.84,208.5,209.737
1784814300000,209.67,210.35,208.73,208.96
1784815200000,208.98,209.94,208.48,208.65
1784816100000,208.54,209.2,208.07,208.56
1784817000000,208.57,209.12,207.355,208.205
1784817900000,208.246,208.7,207.21,207.378
1784818800000,207.3,207.369,206.53,206.65
1784819700000,206.61,207.77,206.06,206.37
1784820600000,206.36,207.49,205.95,207.235
1784821500000,207.22,208.25,207.12,208.18
1784822400000,208.23,209.425,208.045,208.895
1784823300000,208.91,209.805,208.71,209.64
1784824200000,209.65,210.39,209.25,209.99
1784825100000,209.96,209.99,209.41,209.91
1784826000000,209.82,210.42,209.21,210.15
1784826900000,210.04,210.41,209.825,210.14
1784827800000,210.11,210.2,209.15,209.455
1784828700000,209.38,209.83,209,209.07
1784829600000,209.06,209.1,208.27,208.46
1784830500000,208.479,208.725,208.17,208.581
1784831400000,208.565,208.83,207.57,207.62
1784832300000,207.66,207.99,207.345,207.685
1784833200000,207.7,207.81,207.125,207.39
1784834100000,207.375,208.17,207.375,207.81
1784835000000,207.85,207.9,206.89,206.96
1784835900000,206.97,208.94,206.91,208.77
1784836800000,208.94,210,208.747,209.58
1784837700000,209.51,209.611,209.087,209.18
1784838600000,209.281,209.316,208.965,208.965
1784839500000,208.94,209.195,208.94,209.15
1784840400000,209.01,209.194,208.81,209.03
1784841300000,208.61,208.823,208.216,208.64
1784842200000,208.18,208.459,208.07,208.4
1784843100000,208.405,208.454,208.304,208.4
1784844000000,208.26,208.441,207.701,207.89
1784844900000,207.8,207.899,207.6,207.79
1784845800000,207.99,208.14,207.815,208.14
1784846700000,208.12,208.379,208.1,208.379
1784847600000,208.42,208.43,208.096,208.42
1784848500000,208.12,208.284,208.008,208.008
1784849400000,208.008,208.036,207.806,207.955
1784850300000,208,208.1,207.79,207.93
1784851200000,208.2,208.31,207.43,207.64
1784852100000,207.64,207.9,207.36,207.73
1784853000000,207.73,207.96,207.56,207.85
1784853900000,207.9,207.94,207.69,207.9
1784854800000,207.93,208.22,207.84,207.88
1784855700000,207.87,208.11,207.69,207.96
1784856600000,207.91,208.07,207.78,207.91
1784857500000,207.9,207.95,207.36,207.47
1784858400000,207.48,207.53,207.25,207.42
1784859300000,207.4,207.42,206.89,206.89
1784860200000,206.88,207.02,206.55,206.65
1784861100000,206.64,206.79,206.5,206.64
1784862000000,206.64,207.02,206.62,207.01
1784862900000,207,207.21,206.87,207.17
1784863800000,207.12,207.17,206.6,206.61
1784864700000,206.58,206.83,206.52,206.54
1784865600000,206.57,206.62,206.11,206.44
1784866500000,206.47,206.92,206.35,206.88
1784867400000,206.85,206.85,206.49,206.73
1784868300000,206.73,207.09,206.55,207.09
1784869200000,207.1,207.41,207.03,207.29
1784870100000,207.27,207.33,207.08,207.18
1784871000000,207.16,207.26,207.05,207.2
1784871900000,207.22,207.28,206.93,206.94
1784872800000,206.96,206.96,206.41,206.62
1784873700000,206.59,206.99,206.59,206.91
1784874600000,206.84,207,206.42,206.42
1784875500000,206.44,206.5,206.18,206.5
1784876400000,206.52,207.45,206.52,207.44
1784877300000,207.42,207.82,207.39,207.69
1784878200000,207.74,207.83,207.38,207.51
1784879100000,207.48,207.59,207.46,207.53
1784880000000,206.99,207.888,206.905,207.14
1784880900000,207.19,207.341,207.016,207.341
1784881800000,207.61,207.61,207.251,207.61
1784882700000,207.44,207.455,207.38,207.41
1784883600000,207.69,207.95,207.38,207.79
1784884500000,208.04,208.267,207.507,208.2
1784885400000,208.37,208.475,208.093,208.37
1784886300000,208.451,208.451,208.055,208.358
1784887200000,208.359,208.365,207.775,207.859
1784888100000,207.867,208.026,207.542,207.935
1784889000000,207.94,208,207.577,207.785
1784889900000,207.785,207.995,207.721,207.944
1784890800000,208.11,208.329,207.941,208.29
1784891700000,208.228,208.406,208.157,208.267
1784892600000,208.12,208.399,208.06,208.37
1784893500000,208.39,208.7,208.035,208.65
1784894400000,208.484,208.93,208.229,208.875
1784895300000,208.7,208.863,208.462,208.67
1784896200000,208.35,208.473,208.167,208.19
1784897100000,208.19,208.26,207.922,207.97
1784898000000,207.957,207.994,207.834,207.97
1784898900000,207.97,208.14,207,207.37
1784899800000,207.49,208.57,206.75,207.78
1784900700000,207.74,208.47,205.67,206.23
1784901600000,206.35,208.27,206.24,207.9
1784902500000,207.93,208.33,206.51,208.2
1784903400000,208.09,208.24,207.14,207.48
1784904300000,207.43,209.565,207.09,209.52
1784905200000,209.52,210.03,208.64,209.74
1784906100000,209.69,210.36,209.1,209.205
1784907000000,209.23,209.84,208.99,209.26
1784907900000,209.28,210.3,209.14,210.19
1784908800000,210.15,211.9,210.015,210.875
1784909700000,210.87,211.09,210.68,210.75
1784910600000,210.765,210.89,209.99,210.2
1784911500000,210.15,210.43,209.78,210.25
1784912400000,210.24,210.32,209.54,209.79
1784913300000,209.76,210.345,209.61,210.265
1784914200000,210.26,210.53,209.82,209.91
1784915100000,209.81,210.3,209.69,209.69
1784916000000,209.7,209.9,209.02,209.27
1784916900000,209.265,209.33,207.72,207.86
1784917800000,207.87,207.88,206.17,206.23
1784918700000,206.23,207.07,206.02,206.27
1784919600000,206.26,206.71,204.95,205.1
1784920500000,205.073,205.84,204.84,205.61
1784921400000,205.63,206.13,205.39,205.79
1784922300000,205.78,207.16,205.31,206.95
1784923200000,206.87,207.13,206.807,206.93
1784924100000,206.97,207.039,206.787,206.86
1784925000000,206.75,206.845,206.598,206.74
1784925900000,206.86,207.07,206.725,207.07
1784926800000,207.005,207.005,206.716,206.725
1784927700000,206.9,206.914,206.7,206.9
1784928600000,206.9,206.96,206.815,206.84
1784929500000,206.817,206.925,206.761,206.905
1784930400000,206.905,206.955,206.78,206.78
1784931300000,206.64,206.802,206.615,206.64
1784932200000,206.655,206.92,206.655,206.825
1784933100000,206.825,206.835,206.75,206.815
1784934000000,206.64,206.855,206.64,206.64
1784934900000,206.64,206.685,206.615,206.66
1784935800000,206.66,206.675,206.455,206.618
1784936700000,206.66,206.785,206.6,206.75
1784937600000,206.787,206.793,206.787,206.793
1784938500000,204.75,204.78,204.75,204.77
1784939400000,205.97,206.4,204.77,204.77
1784940300000,206.4,211.47,204.77,204.77
1784943000000,204.81,211.47,204.8,207.89
1784944800000,207.4,207.4,207.4,207.4
1784945700000,207.4,211.47,204.94,204.94
1784946600000,206.64,206.64,206.64,206.64
1784947500000,206.72,211.47,204.91,205.6
1784948400000,204.91,206.14,204.81,205.07
1784949300000,206.14,206.14,204.77,204.77
1784950200000,206.12,206.65,204.77,204.82
1784951100000,204.82,208.33,204.72,204.72
1784953800000,206.91,206.91,206.8,206.91
1784954700000,206.5,206.5,204.63,204.93
1784955600000,205.61,206.5,204.57,204.83
1784956500000,204.67,206.91,204.57,204.73
1784957400000,204.73,208.33,204.5,204.5
1784958300000,208.33,208.33,204.5,204.5
1784960100000,210.6,210.6,204.5,208.84
1784961000000,210.6,210.6,202.92,202.92
1784961900000,202.92,206.59,202.92,206.23
1784962800000,207.17,207.17,202.92,206.7
1784963700000,207.17,207.38,206.88,206.88
1784964600000,207.15,207.48,206,206.97
1784965500000,207,207,207,207
1784966400000,207,207,207,207
1784967300000,207,207,202.92,205.35
1784968200000,202.92,204.82,202.92,204.7
1784969100000,206.93,206.93,204,204
1784970000000,206.93,207,202.92,204.17
1784970900000,207,207,206.8,206.8
1784971800000,207,207,204.05,204.05
1784972700000,207,208.4,206.68,206.68
1784974500000,206.93,207,206.63,206.63
1784975400000,207,207,207,207
1784976300000,207,207,202.92,206.79
1784977200000,207,207,202.92,202.93
1784978100000,207,207.1,202.92,207.1
1784979000000,207.1,207.1,206.67,206.67
1784979900000,207.26,207.4,206.59,206.59
1784981700000,207.2,207.2,206.77,206.77
1784982600000,206.76,206.76,205.66,205.66
1784983500000,206.19,207.2,205.66,205.66
1784984400000,205.47,205.99,203.87,205.99
1784985300000,206.97,206.97,206.78,206.78
1784986200000,206.74,206.74,203.87,206.72
1784987100000,206.88,206.97,206.88,206.97
1784988000000,206.97,207,203.87,206.78
1784988900000,207,207,203.89,203.89
1784989800000,207,207,207,207
1784990700000,203.89,203.89,203.89,203.89
1784991600000,207,207,207,207
1784992500000,207,207,203.89,203.89
1784993400000,203.87,207,203.87,203.88
1784995200000,207,207,203.88,207
1784996100000,206.8,207,206.8,207
1784997000000,206.8,206.8,206.8,206.8
1784998800000,203.88,203.88,203.88,203.88
1784999700000,203.88,203.88,203.87,203.87
1785001500000,205.1,205.1,203.87,203.87
1785002400000,204.35,205.29,204.35,205.29
1785003300000,205.26,205.26,205.26,205.26
1785004200000,205.29,208.23,205.29,208.23
1785006900000,208.22,208.23,205.26,205.26
1785012300000,206.76,206.76,206.76,206.76
1785015000000,208.23,208.23,206.8,207.62
1785015900000,207.62,207.62,206.73,206.73
1785018600000,206.73,206.73,206.73,206.73
1785019500000,208.2,208.2,206.71,206.71
1785020400000,208.2,208.2,208.2,208.2
1785022200000,206.71,206.71,206.64,206.64
1785024900000,208.23,208.33,206.6,208.07
1785028500000,208.08,208.08,205.26,208.08
1785029400000,208.08,208.08,205.26,205.26
1785030300000,208.52,209,206.8,208.47
1785031200000,209,210,205.78,206.77
1785032100000,206.82,210,205.78,206.77
1785033000000,207.08,207.08,207.08,207.08
1785036600000,208.28,208.28,206.73,206.73
1785037500000,208.28,210,206.73,206.73
1785038400000,210,210,206.67,210
1785040200000,210,210,210,210
1785041100000,210,210,205.26,205.26
1785042000000,206.57,210,205.26,205.26
1785043800000,209.99,209.99,209.99,209.99
1785044700000,209.99,209.99,209.99,209.99
1785045600000,205.27,205.27,205.27,205.27
1785046500000,209.99,209.99,205.26,205.26
1785047400000,205.26,209.99,203.87,203.87
1785048300000,205.94,205.94,205.94,205.94
1785050100000,210,210,203.87,205.16
1785051000000,210,210,203.87,204.61
1785051900000,204.52,204.64,204.52,204.64
1785052800000,208.34,208.34,206.33,206.54
1785054600000,206.9,206.9,206.9,206.9
1785055500000,207,207.39,206.95,207.39
1785056400000,207.24,207.62,207.22,207.41
1785059100000,207.41,207.7,207.2,207.59
1785060000000,207.7,207.84,207.67,207.67
1785060900000,207.67,208,207.54,207.81
1785061800000,208,208.16,208,208.1
1785062700000,208.08,208.33,207.95,207.95
1785063600000,208.33,208.33,207.47,207.47
1785064500000,208.34,208.34,207.47,207.47
1785065400000,208.53,208.53,208.37,208.37
1785068100000,208.37,208.37,208.37,208.37
1785069900000,208.62,208.62,208.47,208.47
1785070800000,208.37,208.62,208.31,208.62
1785071700000,208.31,208.31,206.96,206.96
1785072600000,206.96,208.85,206.94,206.94
1785073500000,208.85,208.85,206.94,208.63
1785074400000,208.63,209,206.94,206.94
1785075300000,209.09,209.17,209.09,209.17
1785076200000,209.06,209.06,208.85,208.85
1785077100000,208.85,208.85,206.94,206.94
1785078000000,207.17,207.17,207.17,207.17
1785078900000,209.17,209.17,209.17,209.17
1785079800000,209.2,209.32,207.4,207.4
1785080700000,209.41,209.42,209.21,209.42
1785081600000,209.61,209.61,209.21,209.36
1785082500000,209.21,209.63,207.1,207.1
1785083400000,207.1,207.1,207.1,207.1
1785086100000,209.34,209.34,206.93,206.93
1785088800000,209.1,209.1,209.1,209.1
1785090600000,206.93,206.93,206.93,206.93
1785094200000,209.1,209.1,206.93,209.1
1785096000000,209.34,209.7,206.88,206.88
1785097800000,209.7,209.7,206.88,209.7
1785098700000,209.7,209.7,209.7,209.7
1785099600000,209.7,209.7,206.88,206.88
1785105900000,209.7,209.7,206.92,206.92
1785106800000,209.5,209.7,209.5,209.7
1785108600000,209.7,209.7,206.92,207
1785110400000,212.66,212.66,207.51,209.37
1785111300000,209.37,209.56,209.06,209.25
1785112200000,209.18,209.48,208.89,208.92
1785113100000,208.94,209.3,208.76,208.82
1785114000000,208.8,209.27,208.39,208.42
1785114900000,208.41,208.46,207.7,207.9
1785115800000,207.89,208.77,207.89,208.66
1785116700000,208.6,208.89,208.55,208.79
1785117600000,208.82,208.9,208.55,208.75
1785118500000,208.74,209.25,208.73,209.13
1785119400000,209.05,209.28,208.82,209.12
1785120300000,209.12,209.22,208.86,208.88
1785121200000,208.88,209.04,208.64,208.84
1785122100000,208.89,208.98,208.71,208.71
1785123000000,208.69,208.7,208.54,208.63
1785123900000,208.64,208.65,208.44,208.58
1785124800000,208.58,208.65,208.35,208.45
1785125700000,208.47,208.82,208.44,208.65
1785126600000,208.64,208.83,208.56,208.8
1785127500000,208.8,208.82,208.56,208.6
1785128400000,208.62,208.84,208.54,208.72
1785129300000,208.76,209.05,208.7,209.03
1785130200000,209.01,209.26,208.95,209.18
1785131100000,209.14,209.22,209.06,209.15
1785132000000,209.19,209.65,209.19,209.65
1785132900000,209.65,209.76,209.46,209.49
1785133800000,209.5,209.63,209.3,209.32
1785134700000,209.31,209.31,209.15,209.19
1785135600000,209.17,209.41,209.15,209.37
1785136500000,209.35,209.48,209.3,209.37
1785137400000,209.27,209.33,209.1,209.2
1785138300000,209.19,209.3,208.97,208.98
1785139200000,209.09,209.17,206.794,209.09
1785140100000,209.01,209.355,208.961,209.26
1785141000000,209.39,209.515,209.299,209.39
1785141900000,209.515,209.599,209.36,209.498
1785142800000,209.18,209.5,209.11,209.17
1785143700000,209.11,209.222,209.105,209.136
1785144600000,209.138,209.248,209.07,209.234
1785145500000,209.21,209.325,209.14,209.16
1785146400000,208.67,209.206,208.62,208.62
1785147300000,208.67,208.854,208.625,208.78
1785148200000,208.8,209.07,208.585,208.97
1785149100000,208.97,209.095,208.481,208.92
1785150000000,208.533,208.61,208.211,208.32
1785150900000,208.36,208.39,207.853,208.06
1785151800000,208.05,208.171,207.88,207.88
1785152700000,207.89,208.2,207.89,208.2
1785153600000,208.47,208.549,208.061,208.12
1785154500000,208.1,208.185,207.972,208.08
1785155400000,208.18,208.46,208.02,208.25
1785156300000,208.39,208.435,208.215,208.29
1785157200000,208.38,208.89,208.157,208.33
1785158100000,208.389,208.47,207.623,208.094
1785159000000,208.1,208.69,202.06,202.27
1785159900000,202.26,203.04,201.2,201.75
1785160800000,201.8,202.92,200.85,201.18
1785161700000,201.15,201.58,198.89,198.91
1785162600000,199.005,199.64,197.415,197.612
1785163500000,197.8,200.01,197.64,199.77
1785164400000,199.79,199.9,197.73,197.9
1785165300000,197.92,198.37,196.77,197.04
1785166200000,197.072,197.072,195.92,196.83
1785167100000,196.86,197.62,196.42,197.61
1785168000000,197.63,198.52,197.49,197.67
1785168900000,197.665,198.32,196.8,197.775
1785169800000,197.77,198.11,196.73,197.33
1785170700000,197.281,197.82,196.18,196.342
1785171600000,196.305,196.4,195.58,195.995
1785172500000,195.995,196.015,195.45,195.605
1785173400000,195.52,196.165,195.51,195.92
1785174300000,195.94,196.82,195.75,196.785
1785175200000,196.783,197.08,196.35,196.609
1785176100000,196.6,196.73,196.05,196.68
1785177000000,196.68,196.79,196.09,196.75
1785177900000,196.76,197.65,196.57,197.44
1785178800000,197.41,197.83,197.195,197.5
1785179700000,197.51,198.03,197.41,197.695
1785180600000,197.73,197.83,196.66,196.805
1785181500000,196.78,197.35,196.33,196.545
1785182400000,196.56,196.744,196.437,196.64
1785183300000,196.734,196.776,196.56,196.649
1785184200000,196.86,197.097,196.647,196.99
1785185100000,196.94,197.124,196.841,196.97
1785186000000,196.99,197.113,196.883,196.99
1785186900000,196.99,197.15,196.965,197.15
1785187800000,197.05,197.12,196.965,197.011
1785188700000,197,197.064,196.996,197
1785189600000,197,197.055,196.55,196.55
1785190500000,196.6,196.654,196.287,196.32
1785191400000,196.291,196.504,196.288,196.344
1785192300000,196.33,196.483,196.323,196.44
1785193200000,196.27,196.4,196.144,196.2
1785194100000,196.18,196.45,196.173,196.45
1785195000000,196.4,196.51,196.252,196.32
1785195900000,196.28,196.394,196.103,196.2
1785196800000,196.65,196.65,195.67,195.77
1785197700000,195.83,196.06,195.62,195.89
1785198600000,195.9,196.34,195.58,196.13
1785199500000,196.1,196.1,195.6,195.61
1785200400000,195.64,195.67,195.16,195.22
1785201300000,195.24,195.55,194.83,195.49
1785202200000,195.42,195.75,195,195.22
1785203100000,195.26,195.42,194.76,194.87
1785204000000,194.81,194.81,194.28,194.36
1785204900000,194.33,194.73,194.11,194.55
1785205800000,194.53,194.54,193.89,194.02
1785206700000,193.99,194.28,193.84,194.13
1785207600000,194.17,194.24,193.71,193.99
1785208500000,194,194.67,193.97,194.16
1785209400000,194.19,194.61,193.9,194.5
1785210300000,194.59,195.01,194.59,194.81
1785211200000,194.8,194.83,194.03,194.1
1785212100000,194.1,194.46,193.98,193.98
1785213000000,193.97,194.09,193.76,193.89
1785213900000,193.89,194.17,193.86,194.01
1785214800000,194.08,194.39,194.07,194.1
1785215700000,194.06,194.14,193.8,193.86
1785216600000,193.87,193.87,193.44,193.65
1785217500000,193.65,193.68,193.07,193.12
1785218400000,193.13,193.21,193,193.1
1785219300000,193.14,193.72,193.03,193.56
1785220200000,193.6,193.98,193.3,193.86
1785221100000,193.87,194.08,193.7,193.92
1785222000000,194,194.2,193.91,194.13
1785222900000,194.14,194.28,193.9,193.97
1785223800000,193.97,194,193.63,193.74
1785224700000,193.7,194.06,193.56,193.89
1785225600000,193.8,195.714,193.262,193.91
1785226500000,193.87,194.371,193.257,194.27
1785227400000,194.65,195.067,194.179,194.65
1785228300000,194.906,194.906,194.439,194.469
1785229200000,194.29,194.549,194.084,194.44
1785230100000,194.24,194.682,194.185,194.39
1785231000000,194.41,194.674,194.41,194.64
1785231900000,194.45,194.56,194.357,194.46
1785232800000,194.66,194.722,194.358,194.58
1785233700000,194.7,194.711,194.306,194.41
1785234600000,194.81,194.815,193.778,193.85
1785235500000,194.5,194.525,193.929,194.5
1785236400000,194.53,194.548,194.148,194.3
1785237300000,194.65,195.121,194.314,194.8
1785238200000,194.59,194.75,194.058,194.36
1785239100000,194.35,195.67,194.294,195.67
1785240000000,195.64,195.93,195.519,195.9
1785240900000,195.61,196.035,195.522,195.9
1785241800000,195.61,195.991,195.41,195.91
1785242700000,195.75,195.953,195.35,195.5
1785243600000,195.55,196.211,195.23,195.93
1785244500000,195.8,196.16,194.186,194.52
1785245400000,194.95,195.4,193.61,194.25
1785246300000,194.28,194.46,192.8,193.65
1785247200000,193.62,195.18,193.58,193.915
1785248100000,193.94,194.18,192.76,194.11
1785249000000,194.11,196.33,193.95,196.025
1785249900000,196.01,197.6,195.74,196.79
1785250800000,196.77,197.09,195.87,196.51
1785251700000,196.47,197.86,196.28,196.71
1785252600000,196.72,197.89,196.46,197.76
1785253500000,197.78,198.61,197.695,198.32
1785254400000,198.39,198.69,197.44,197.68
1785255300000,197.74,198.15,197.25,197.3
1785256200000,197.21,197.81,196.61,197.665
1785257100000,197.703,198.24,197.35,198.061
1785258000000,198,198.19,197.14,197.61
1785258900000,197.61,198.23,197.54,197.73
1785259800000,197.68,198.09,197.265,197.33
1785260700000,197.38,197.42,196.68,197.09
1785261600000,197.14,197.39,196.76,196.91
1785262500000,196.88,197.18,196.66,196.695
1785263400000,196.72,197.35,196.53,196.915
1785264300000,197.06,197.4,196.85,197.085
1785265200000,197.08,197.73,197.08,197.595
1785266100000,197.56,198.02,197.31,197.92
1785267000000,197.93,198,197,197.11
1785267900000,197.16,198.14,196.8,197.04
1785268800000,196.91,197.007,196.051,196.79
1785269700000,196.88,197.563,196.678,197.56
1785270600000,197.03,197.487,197.03,197.18
1785271500000,197.05,197.263,196.906,197.25
1785272400000,197.21,197.235,197.07,197.09
1785273300000,197.01,197.092,196.867,197
1785274200000,196.92,197.085,196.885,196.99
1785275100000,197.045,197.065,196.915,196.915
1785276000000,197.09,197.23,196.85,196.9
1785276900000,196.86,196.959,196.58,196.7
1785277800000,196.5,196.812,196.473,196.49
1785278700000,196.2,196.535,195.5,195.5
1785279600000,195.45,195.878,195.082,195.31
1785280500000,195.5,196,195.401,195.73
1785281400000,195.77,196.708,195.685,196.46
1785282300000,196.9,197.687,196.717,197.67
1785283200000,197.62,198.6,197.41,198.14
1785284100000,198.19,198.32,197.36,197.65
1785285000000,197.69,197.69,196.76,197.5
1785285900000,197.55,197.61,197.09,197.14
1785286800000,197.12,197.32,196.17,196.33
1785287700000,196.22,196.91,196.05,196.65
1785288600000,196.62,196.75,196.11,196.14
1785289500000,196.13,196.15,194.99,195.15
1785290400000,195.15,196.02,195.04,195.78
1785291300000,195.75,196.37,195.37,196.33
1785292200000,196.38,196.62,196.17,196.42
1785293100000,196.48,196.48,195.78,195.99
1785294000000,196,196.5,195.52,196.13
1785294900000,196.06,196.14,195.48,195.54
1785295800000,195.46,195.6,195.24,195.47
1785296700000,195.46,195.55,194.74,194.91
1785297600000,194.92,195.17,194.6,194.78
1785298500000,194.81,194.81,194.21,194.46
1785299400000,194.49,194.65,194.09,194.3
1785300300000,194.29,194.97,194.1,194.91
1785301200000,194.93,195.68,194.66,195.65
1785302100000,195.62,195.92,195.21,195.88
1785303000000,195.84,196.12,195.6,195.83
1785303900000,195.81,195.96,195.13,195.22
1785304800000,195.22,195.24,194.57,194.99
1785305700000,195,195.42,194.85,195.35
1785306600000,195.36,196.23,195.36,196.19
1785307500000,196.12,196.74,196.12,196.58
1785308400000,196.56,196.84,196.32,196.67
1785309300000,196.67,196.92,196.56,196.92
1785310200000,196.9,197.01,196.51,196.52
1785311100000,196.54,196.54,196.14,196.45
1785312000000,196.38,197.401,195.754,196.38
1785312900000,195.69,196.138,195.658,195.69
1785313800000,195.951,196.52,195.86,196.37
1785314700000,196.37,196.802,196.153,196.351
1785315600000,197.16,197.4,196.35,197.4
1785316500000,197.42,197.489,197.19,197.42
1785317400000,197.78,197.833,197.187,197.78
1785318300000,198.06,198.168,197.768,198.06
1785319200000,197.84,198.23,197.751,197.85
1785320100000,197.51,197.854,197.495,197.51
1785321000000,197.35,197.743,197.175,197.35
1785321900000,197.175,197.175,196.855,196.88
1785322800000,197.01,197.472,196.764,197.46
1785323700000,197.43,197.675,197.367,197.65
1785324600000,197.44,197.55,197.198,197.55
1785325500000,197.29,197.49,197.141,197.43
1785326400000,197.25,197.475,196.99,196.99
1785327300000,196.51,197.026,196.364,196.39
1785328200000,196.34,196.862,196.313,196.86
1785329100000,196.86,197.091,196.837,197.07
1785330000000,196.901,196.933,196.387,196.387
1785330900000,196.68,196.68,194.966,195.11
1785331800000,195.85,197.07,194.89,196.41
1785332700000,196.345,196.54,192.69,193.365
1785333600000,193.36,193.64,191.21,191.78
1785334500000,191.82,192.475,190.935,191.627
1785335400000,191.7,192.3,190.96,191.12
1785336300000,191.09,192.63,191.02,192.495
1785337200000,192.5,193.17,192.16,192.4
1785338100000,192.399,193.11,192.23,192.391
1785339000000,192.35,192.57,191.64,191.769
1785339900000,191.73,192.12,191.43,191.85
1785340800000,191.89,192.12,190.8,190.93
1785341700000,190.94,191.69,190.69,191.6
1785342600000,191.578,191.98,191.29,191.64
1785343500000,191.63,192.17,191.5,191.98
1785344400000,191.99,192.95,191.85,192.935
1785345300000,192.96,193.07,192.14,192.16
1785346200000,192.12,192.325,191.76,192.05
1785347100000,192.06,192.54,191.71,192.288
1785348000000,192.29,194.04,192.29,192.776
1785348900000,192.83,193.31,192.415,193.17
1785349800000,193.22,195.55,192.76,195.45
1785350700000,195.4,196.17,195.24,195.91
1785351600000,195.906,196.31,194.2,194.845
1785352500000,194.9,195.14,192.565,193.38
1785353400000,193.42,193.71,191.05,191.47
1785354300000,191.47,192.29,190.035,190.06
1785355200000,190.228,190.275,189.107,189.808
1785356100000,189.89,189.973,188.89,189.11
1785357000000,189.17,189.835,189.04,189.7
1785357900000,189.92,189.99,189.63,189.73
1785358800000,189.98,190.05,189.655,190.05
1785359700000,190.02,190.11,189.594,190.11
1785360600000,189.49,190.048,189.081,189.16
1785361500000,189.1,189.3,188.813,189.24
1785362400000,189.59,191.517,189.245,191.46
1785363300000,190.85,192.063,190.85,191.51
1785364200000,191.67,191.767,191.216,191.36
1785365100000,190.95,191.35,190.859,190.95
1785366000000,191.01,191.245,190.946,191.1
1785366900000,191.39,191.504,191.125,191.45
1785367800000,191.69,191.753,191.32,191.71
1785368700000,191.5,191.702,191.102,191.27
1785369600000,191.61,191.97,190.91,191.85
1785370500000,191.81,192.01,191.48,191.93
1785371400000,191.93,192.07,190.96,191.07
1785372300000,191.1,191.47,190.91,191.28
1785373200000,191.29,192.09,191.29,191.66
1785374100000,191.71,192.49,191.59,192.41
1785375000000,192.4,193.41,192.4,192.9
1785375900000,192.86,193.11,192.73,192.78
1785376800000,192.75,192.82,192.37,192.51
1785377700000,192.45,192.48,191.79,191.89
1785378600000,191.84,192,191.62,191.9
1785379500000,191.95,192.14,191.38,191.41
1785380400000,191.42,191.62,191,191.06
1785381300000,191.06,191.19,190.67,191
1785382200000,191,191.4,190.79,191.12
1785383100000,191.13,191.6,191.12,191.23
1785384000000,191.32,191.39,190.9,191
1785384900000,191.01,191.58,190.86,191.51
1785385800000,191.52,191.67,190.91,190.99
1785386700000,191,191.21,190.47,190.66
1785387600000,190.64,190.71,190.38,190.71
1785388500000,190.68,191.39,190.66,191.2
1785389400000,191.17,191.61,191.05,191.61
1785390300000,191.59,191.76,191.35,191.47
1785391200000,191.49,191.93,191.39,191.84
1785392100000,191.87,191.97,191.57,191.81
1785393000000,191.79,191.8,191.37,191.39
1785393900000,191.36,191.49,191.14,191.22
1785394800000,191.2,191.86,191.19,191.67
1785395700000,191.66,191.74,191.02,191.11
1785396600000,191.06,191.2,190.49,191.14
1785397500000,191.15,191.27,190.83,190.84
1785398400000,191.27,191.27,190.168,190.94
1785399300000,190.85,191.595,190.85,191.47
1785400200000,191.65,191.8,191.404,191.8
1785401100000,191.661,191.855,191.453,191.6
1785402000000,192,192.186,191.556,192
1785402900000,192.187,192.674,192.09,192.456
1785403800000,192.41,192.627,192.085,192.24
1785404700000,192.153,192.184,191.682,191.682
1785405600000,191.681,191.96,191.499,191.8
1785406500000,192.63,192.679,191.8,192.63
1785407400000,192.79,192.8,192.485,192.75
1785408300000,192.69,192.8,192.348,192.43
1785409200000,192.62,193.119,192.367,192.91
1785410100000,193.15,193.39,192.92,193.39
1785411000000,193.35,193.44,192.9,193.4
1785411900000,193.44,193.634,193.353,193.46
1785412800000,193.3,194.298,193.16,194.15
1785413700000,194.224,194.233,193.475,193.619
1785414600000,193.62,194.148,193.577,193.812
1785415500000,193.76,194.21,193.679,194.1
1785416400000,194.42,194.597,194.117,194.2
1785417300000,194.3,194.398,193,193.56
1785418200000,193.375,193.43,191.51,192.45
1785419100000,192.478,195.61,192.39,195.52
1785420000000,195.525,196.4,194.945,195.789
1785420900000,195.81,197.16,195.29,196.81
1785421800000,196.77,197.24,195.915,195.97
1785422700000,195.95,195.982,194.24,194.84
1785423600000,194.84,195.32,194.045,194.307
1785424500000,194.308,194.51,193.43,193.51
1785425400000,193.5,193.58,192.83,193.16
1785426300000,193.2,193.52,192.75,193.15
1785427200000,193.12,194.365,192.84,194.21
1785428100000,194.25,194.3,193.69,193.81
1785429000000,193.815,194.01,192.7,192.88
1785429900000,192.87,193.56,192.86,193.42
1785430800000,193.4,194.01,193.4,193.525
1785431700000,193.5,193.99,193.45,193.65
1785432600000,193.625,193.78,193.06,193.662
1785433500000,193.66,194.04,193.57,193.743
1785434400000,193.78,194.065,193.585,193.685
1785435300000,193.685,193.725,193.24,193.495
1785436200000,193.49,193.85,193.14,193.33
1785437100000,193.335,193.75,193.285,193.53
1785438000000,193.525,194.8,193.42,194.58
1785438900000,194.6,194.92,193.985,194.04
1785439800000,194.055,194.825,193.985,194.78
1785440700000,194.77,195.33,194.58,195.04
1785441600000,195.107,195.805,195.089,195.397
1785442500000,195.59,196.319,195.22,196.01
1785443400000,195.65,196.329,195.63,196.12
1785444300000,195.9,196.098,195.505,195.8
1785445200000,195.41,195.525,195.2,195.33
1785446100000,195.59,196.75,195.41,196.43
1785447000000,196.11,196.228,195.722,195.91
1785447900000,196.07,196.085,195.423,195.53
1785448800000,195.39,195.94,195.244,195.71
1785449700000,195.818,196.215,195.682,195.793
1785450600000,195.794,195.94,195.575,195.911
1785451500000,195.92,196.1,195.902,196.068
1785452400000,196.13,196.355,196.055,196.31
1785453300000,196.19,196.265,196.071,196.24
1785454200000,196.2,196.48,196.16,196.47
1785455100000,196.49,196.83,196.383,196.83
1785456000000,196.11,197.72,196.11,197.64
1785456900000,197.66,197.67,197.06,197.48
1785457800000,197.49,197.82,197.47,197.82
1785458700000,197.82,197.94,197.56,197.9
1785459600000,197.94,198.56,197.93,198.46
1785460500000,198.46,198.64,198.11,198.18
1785461400000,198.2,198.5,197.85,197.86
1785462300000,197.86,197.96,197.49,197.56
1785463200000,197.57,197.98,197.08,197.08
1785464100000,197.08,197.36,196.73,197.27
1785465000000,197.24,197.34,196.8,196.98
1785465900000,196.99,197.5,196.95,197.47
1785466800000,197.47,197.5,197.23,197.43
1785467700000,197.4,197.93,197.35,197.73
1785468600000,197.74,197.83,197.58,197.6
1785469500000,197.63,197.73,197.36,197.57
1785470400000,197.61,197.66,197.28,197.63
1785471300000,197.64,198.1,197.55,198.04
1785472200000,198.06,198.61,198.04,198.53
1785473100000,198.53,198.71,198.4,198.4
1785474000000,198.42,198.72,198.33,198.59
1785474900000,198.6,198.72,198.12,198.61
1785475800000,198.61,198.67,198.01,198.16
1785476700000,198.1,198.52,198.1,198.49
1785477600000,198.5,198.77,198.43,198.75
1785478500000,198.75,198.77,198.27,198.33
1785479400000,198.32,198.35,197.07,197.2
1785480300000,197.2,197.7,197.02,197.45
1785481200000,197.41,198,197.16,197.74
1785482100000,197.71,198.7,197.51,198.69
1785483000000,198.39,198.4,197.97,198.08
1785483900000,198.25,198.89,198,198.34
1785484800000,198.13,198.453,196.834,198.04
1785485700000,198.54,198.732,198.405,198.67
1785486600000,198.62,198.717,198.29,198.49
1785487500000,198.37,198.535,198.3,198.46
1785488400000,198.459,198.655,198.334,198.524
1785489300000,198.53,198.53,198.204,198.53
1785490200000,198.19,198.25,197.836,198.01
1785491100000,197.97,198.014,197.761,197.95
1785492000000,197.71,198.2,197.676,198.08
1785492900000,198.01,198.174,197.945,198.01
1785493800000,197.87,198.075,197.79,197.84
1785494700000,197.88,197.935,197.625,197.88
1785495600000,197.99,198.167,197.675,197.77
1785496500000,197.74,197.82,197.278,197.36
1785497400000,197.26,197.44,197.215,197.25
1785498300000,197.66,197.66,197.254,197.51
1785499200000,197.28,197.584,196.89,196.89
1785500100000,196.76,196.995,196.455,196.99
1785501000000,196.98,197.043,196.615,196.69
1785501900000,196.53,196.95,196.42,196.8
1785502800000,196.86,197.446,196.787,197.32
1785503700000,197.35,198.6,197.25,198.45
1785504600000,198.525,200.1,197.11,197.485
1785505500000,197.59,198.5,196.99,197.705
1785506400000,197.62,197.88,194.94,195.48
1785507300000,195.45,197.24,195.06,196.99
1785508200000,197.02,198.04,196.78,197.83
1785509100000,197.9,198.915,197.54,198.112
1785510000000,198.13,198.32,196.62,197.205
1785510900000,197.21,197.89,195.31,195.63
1785511800000,195.59,196.665,195.24,196.16
1785512700000,196.17,196.5,195.67,196.31
1785513600000,196.36,196.81,196.19,196.59
1785514500000,196.66,198.03,196.2,198.03
1785515400000,198.04,198.28,197.5,197.68
1785516300000,197.69,198.5,197.57,198.244
1785517200000,198.21,198.83,198.15,198.705
1785518100000,198.7,199.31,198.69,199.245
1785519000000,199.24,199.96,199.155,199.325
1785519900000,199.34,199.71,198.99,199.485
1785520800000,199.45,199.775,198.85,198.9
1785521700000,198.9,199.23,198.5,198.55
1785522600000,198.63,198.89,198.48,198.725
1785523500000,198.71,199.3,198.71,198.96
1785524400000,198.92,199.11,198.285,198.697
1785525300000,198.72,201.11,198.69,200.285
1785526200000,200.3,201.07,199.9,201.07
1785527100000,201.09,201.98,200.63,200.68
1785528000000,200.77,200.822,199.715,200.02
1785528900000,199.94,200.01,199.84,199.84
1785529800000,199.98,200.005,199.924,199.97
1785530700000,199.97,200.003,199.51,199.51
1785531600000,199.82,199.98,199.558,199.78
1785532500000,199.978,199.978,199.845,199.845
1785533400000,199.845,199.885,199.362,199.366
1785534300000,199.08,199.401,198.9,198.95
1785535200000,198.95,199.04,198.95,198.95
1785536100000,198.99,199.085,198.925,199
1785537000000,199.023,199.27,199.016,199.095
1785537900000,199.1,199.177,198.951,199
1785538800000,199.01,199.105,198.95,199.01
1785539700000,199.11,199.125,199.025,199.11
1785540600000,199.1,199.1,199.025,199.08
1785541500000,199.08,199.105,198.948,198.948
1785542400000,198.947,198.947,198.946,198.946
1785543300000,193.71,193.71,193.71,193.71
1785545100000,197.69,197.69,197.69,197.69
1785548700000,197.72,197.72,197.72,197.72
1785549600000,197.72,197.94,193.71,193.71
1785550500000,197.75,198.71,193.71,193.72
1785551400000,198.71,200,193.72,193.72
1785552300000,200,200,193.72,194
1785553200000,200,200,195.08,195.08
1785554100000,200,201.39,193.72,201.39
1785555000000,201.39,201.39,193.72,201.38
1785556800000,201.38,201.38,193.82,193.84
1785557700000,193.84,201.39,193.84,201.39
1785558600000,201.39,201.39,199.39,199.39
1785559500000,201.38,202.25,199.39,199.39
1785560400000,199.39,202.2,199.35,199.35
1785561300000,201.49,202.2,199.32,199.84
1785562200000,199.32,202.19,199.16,199.16
1785563100000,202.18,202.19,199.15,202.17
1785564000000,202.17,202.17,199.27,199.27
1785564900000,202.17,202.2,199.13,199.61
1785565800000,202.19,202.2,199.13,199.13
1785566700000,202.19,202.19,199.1,199.1
1785569400000,202.19,202.2,202.19,202.2
1785570300000,199.47,199.47,199.47,199.47
1785571200000,202.2,202.2,199.07,199.07
1785572100000,202.2,202.2,199.29,199.29
1785573900000,199.29,202.2,199.03,199.03
1785574800000,199.04,200,199.03,199.03
1785575700000,199.03,199.1,197.92,199.1
1785576600000,197.93,199.99,197.92,197.92
1785577500000,197.96,200,196,196
1785578400000,197.84,199.34,197.84,199.34
1785580200000,199.34,199.4,198.42,198.42
1785581100000,199.48,199.48,199.48,199.48
1785582000000,199.19,199.66,198.36,198.36
1785582900000,199.28,199.78,198.36,199.78
1785583800000,199.85,200.16,198.1,199.49
1785584700000,200.27,200.34,199.49,199.49
1785585600000,200.2,200.2,199.49,199.49
1785587400000,200.22,200.44,199.49,200.29
1785588300000,200.45,200.48,199.49,199.49
1785589200000,200.38,200.48,199.49,199.49
1785590100000,200,200,200,200
1785591000000,200,200,199.98,199.98
1785591900000,200,200,199.81,199.81
1785592800000,199.8,200,199.78,199.78
1785593700000,199.85,199.85,199.85,199.85
1785594600000,199.85,200,199.65,199.65
1785595500000,199.67,199.72,199.61,199.72
1785596400000,199.72,199.72,199.61,199.61
1785597300000,199.65,199.73,199.56,199.63
1785598200000,199.73,199.92,199.5,199.5
1785599100000,199.53,200,199.49,199.49
1785600000000,200.06,200.56,199.49,199.84
1785600900000,200.48,200.56,200.13,200.13
1785603600000,200.2,200.2,200.2,200.2
1785604500000,200.2,200.2,200.2,200.2
1785608100000,200.1,200.1,200.1,200.1
1785609900000,200.09,200.14,200.09,200.14
1785610800000,200.04,200.04,200.04,200.04
1785614400000,200.14,200.14,200,200
1785615300000,200,200,200,200
1785616200000,200,200,200,200
1785617100000,200,200,200,200
1785618900000,200,200,199.71,199.71
1785619800000,199.71,199.71,199.71,199.71
1785622500000,199.92,199.92,199.92,199.92
1785624300000,200.2,200.2,200.2,200.2
1785626100000,200.2,200.61,200.2,200.61
1785627000000,200.61,200.61,199.71,199.71
1785627900000,199.98,199.98,199.98,199.98
1785630600000,199.98,200.07,199.71,199.71
1785633300000,199.69,199.72,199.64,199.72
1785634200000,199.72,199.72,199.72,199.72
1785635100000,199.72,199.79,199.72,199.72
1785636000000,199.79,199.79,199.79,199.79
1785637800000,199.79,199.87,199.62,199.62
1785638700000,199.66,199.66,199.61,199.61
1785639600000,199.74,199.74,199.58,199.58
1785640500000,199.74,199.79,199.56,199.56
1785641400000,199.63,199.67,199.63,199.67
1785642300000,199.77,199.86,199.77,199.86
1785643200000,200.01,200.1,200.01,200.1
1785644100000,200.1,200.1,199.46,199.46
1785645000000,199.61,199.61,199.41,199.41
1785649500000,199.59,199.59,199.39,199.48
1785651300000,199.48,199.48,199.37,199.37
1785653100000,199.59,199.59,199.25,199.25
1785654900000,199.24,199.24,199.1,199.23
1785655800000,199.27,199.27,199.04,199.16
1785657600000,199.27,199.27,199.27,199.27
1785658500000,199.27,199.27,199.02,199.02
1785659400000,199.06,199.06,199.02,199.02
1785660300000,199.06,199.06,199.06,199.06
1785661200000,199.01,199.06,199.01,199.01
1785662100000,199.06,199.06,199.01,199.06
1785663000000,199.27,199.27,198.99,198.99
1785663900000,198.97,198.97,198.97,198.97
1785666600000,199.08,199.08,198.93,198.93
1785667500000,198.92,198.92,198.92,198.92
1785671100000,199.01,199.01,198.92,198.92
1785673800000,199.03,199.03,198.85,198.85
1785675600000,198.84,199.43,198.84,199.39
1785676500000,199.29,199.29,198.88,198.88
1785679200000,198.98,199.34,198.79,199.34
1785680100000,199.26,199.26,199.26,199.26
1785681000000,199.26,199.26,198.77,198.77
1785681900000,198.86,199.06,198.7,198.7
1785683700000,198.65,199.51,198.63,199.51
1785684600000,199.51,199.51,199.51,199.51
1785685500000,199.51,199.51,199.51,199.51
1785686400000,199.51,199.51,199.51,199.51
1785688200000,199.51,199.68,199.51,199.68
1785690900000,199.73,199.73,198.62,199.73
1785691800000,200.06,200.06,198.61,198.61
1785693600000,198.62,198.62,198.62,198.62
1785696300000,199.92,199.92,199.92,199.92
1785697200000,200.05,200.05,198.62,198.62
1785698100000,200.05,200.06,200.05,200.06
1785699000000,200.06,200.12,198.62,200.12
1785700800000,200.12,200.12,200.12,200.12
1785701700000,200.12,200.12,200.12,200.12
1785702600000,200.12,200.23,198.66,199.44
1785703500000,200.09,200.09,198.66,198.66
1785704400000,198.62,198.62,198.6,198.6
1785705300000,198.64,198.64,198.34,198.34
1785706200000,198.28,198.28,198.06,198.06
1785708900000,198.33,198.41,198.27,198.41
1785709800000,198.41,198.63,198.41,198.63
1785710700000,198.63,198.63,198.17,198.17
1785711600000,198.2,198.26,198.2,198.2
1785713400000,198.28,198.92,198.28,198.92
1785714300000,198.75,199.2,198.65,199.2
1785715200000,202.43,202.43,200.43,201.78
1785716100000,201.75,201.76,200.91,201.18
1785717000000,201.15,201.45,200.97,201.18
1785717900000,201.21,201.51,201.1,201.49
1785718800000,201.5,201.68,201.29,201.53
1785719700000,201.54,201.68,201.33,201.68
1785720600000,201.64,201.8,201.43,201.8
1785721500000,201.76,201.95,201.63,201.9
1785722400000,201.88,201.91,201.65,201.91
1785723300000,201.87,202.16,201.77,201.79
1785724200000,201.79,202.11,201.7,201.89
1785725100000,201.89,201.97,201.82,201.92
1785726000000,201.93,201.97,201.85,201.9
1785726900000,201.9,201.97,201.71,201.74
1785727800000,201.76,202.03,201.71,201.98
1785728700000,202,202.2,201.91,202
1785729600000,202.02,202.22,201.95,202.09
1785730500000,202.13,202.63,202.13,202.58
1785731400000,202.57,202.71,202.48,202.66
1785732300000,202.68,202.71,202.39,202.42
1785733200000,202.41,202.54,202.28,202.38
1785734100000,202.33,202.47,202.2,202.31
1785735000000,202.38,202.38,202.1,202.14
1785735900000,202.14,202.2,201.88,201.98
1785736800000,201.97,202.08,201.91,201.94
1785737700000,201.92,201.97,201.72,201.72
1785738600000,201.77,201.99,201.61,201.72
1785739500000,201.7,201.78,201.55,201.61
1785740400000,201.61,201.96,201.4,201.95
1785741300000,201.93,202.02,201.57,201.69
1785742200000,201.76,201.8,201.33,201.33
1785743100000,201.36,201.51,201.24,201.49
1785744000000,198.946,201.464,198.946,200.851
1785744900000,199.71,200.85,199.705,199.71
1785745800000,200,200.423,199.759,200.26
1785746700000,200.59,200.76,200.173,200.75
1785747600000,200.7,200.8,200.45,200.57
1785748500000,200.57,200.776,200.54,200.574
1785749400000,200.575,200.81,200.56,200.624
1785750300000,200.62,200.737,200.441,200.62
1785751200000,200.54,200.723,200.184,200.22
1785752100000,200.249,200.294,199.73,199.94
1785753000000,199.91,199.995,199.8,199.99
1785753900000,200.01,200.485,199.98,200.33
1785754800000,200.18,200.285,199.26,199.44
1785755700000,199.56,199.658,199.38,199.42
1785756600000,199.406,199.799,199.16,199.386
1785757500000,199.22,199.409,198.313,198.52
1785758400000,198.44,198.699,197.99,198.49
1785759300000,198.68,198.86,198.477,198.49
1785760200000,198.59,198.708,198.1,198.64
1785761100000,198.668,198.79,198.409,198.633
1785762000000,198.56,198.867,198.512,198.69
1785762900000,198.82,199.24,196.88,196.88
1785763800000,197.67,199.83,196.91,198.94
1785764700000,198.84,202.34,198.695,202.34
1785765600000,202.31,205.58,201.525,204.2
1785766500000,204.23,205.69,203.97,205.325
1785767400000,205.4,206.37,204.8,206.02
1785768300000,206.05,206.59,205.74,206.34
1785769200000,206.295,207.21,206.1,206.682
1785770100000,206.671,207.39,206.41,206.45
1785771000000,206.45,207.24,206.3,206.625
1785771900000,206.65,207.19,206.62,206.775
1785772800000,206.77,207.23,206.63,207.15
1785773700000,207.12,207.49,206.925,207.08
1785774600000,207.08,207.125,206.69,207.05
1785775500000,207.1,207.32,206.88,206.88
1785776400000,206.88,207.6,206.82,207.55
1785777300000,207.52,208.67,207.375,208.51
1785778200000,208.567,208.71,207.685,207.954
1785779100000,207.96,208.46,207.65,208.23
1785780000000,208.14,208.73,208.07,208.28
1785780900000,208.3,208.5,207.57,207.7
1785781800000,207.71,208.07,207.595,207.975
1785782700000,208.02,208.17,207.7,208.17
1785783600000,208.15,208.7,207.64,207.71
1785784500000,207.75,208.14,207.68,207.85
1785785400000,207.845,207.925,207.09,207.265
1785786300000,207.29,207.435,205.94,206.72
1785787200000,206.63,206.721,206.092,206.51
1785788100000,206.71,206.917,206.532,206.72
1785789000000,206.7,206.843,206.238,206.46
1785789900000,206.85,206.943,206.646,206.85
1785790800000,206.675,206.725,206.58,206.723
1785791700000,206.726,206.825,206.667,206.811
1785792600000,206.811,206.825,206.605,206.641
1785793500000,206.637,206.784,206.615,206.78
1785794400000,206.88,206.96,206.767,206.96
1785795300000,206.793,206.929,206.755,206.83
1785796200000,206.8,207.359,206.795,207.29
1785797100000,207.23,207.23,206.941,207.01
1785798000000,206.88,207.02,206.8,206.84
1785798900000,206.88,207.05,206.825,206.99
1785799800000,206.86,207.03,206.847,206.85
1785800700000,206.9,206.963,206.783,206.9
1785801600000,206.75,207.01,206.1,206.26
1785802500000,206.22,206.24,205.93,206.07
1785803400000,206.07,206.07,205.71,205.85
1785804300000,205.88,206.25,205.61,205.87
1785805200000,205.88,205.9,205.55,205.75
1785806100000,205.83,206.31,205.72,206.27
1785807000000,206.24,206.8,206.24,206.8
1785807900000,206.81,207.6,206.78,207.53
1785808800000,207.54,207.59,206.73,206.86
1785809700000,206.78,206.98,206.62,206.64
1785810600000,206.63,207.1,206.63,206.99
1785811500000,207.02,207.1,206.75,206.88
1785812400000,206.83,206.94,206.49,206.6
1785813300000,206.54,206.8,206.37,206.75
1785814200000,206.75,207.08,206.75,206.92
1785815100000,206.86,207.22,206.84,207.18
1785816000000,207.18,207.27,206.94,206.94
1785816900000,206.99,207.25,206.92,207.21
1785817800000,207.21,207.38,207.14,207.19
1785818700000,207.14,207.41,207.09,207.33
1785819600000,207.27,207.34,206.97,207.09
1785820500000,207.11,207.4,207.05,207.32
1785821400000,207.31,207.75,207.31,207.64
1785822300000,207.62,207.91,207.58,207.9
1785823200000,207.9,208.21,207.78,208.09
1785824100000,208.07,208.22,207.97,208.01
1785825000000,208.01,208.05,207.5,207.61
1785825900000,207.6,207.65,207.46,207.58
1785826800000,207.54,207.76,207.48,207.64
1785827700000,207.57,208.25,207.5,208.2
1785828600000,208.15,208.51,208.05,208.08
1785829500000,208.09,208.32,208.05,208.07
1785830400000,208.57,208.662,206.975,208.57
1785831300000,208.65,208.695,208.4,208.4
1785832200000,208.21,208.461,207.966,208.06
1785833100000,207.98,208.28,207.974,208.11
1785834000000,208.01,208.23,207.896,208.01
1785834900000,208.14,208.408,208.1,208.371
1785835800000,208.46,208.535,208.372,208.46
1785836700000,208.528,208.611,208.331,208.464
1785837600000,208.45,208.624,208.41,208.53
1785838500000,208.37,208.712,208.37,208.55
1785839400000,208.501,208.689,208.267,208.687
1785840300000,208.81,208.81,208.476,208.8
1785841200000,209.27,209.48,208.615,209.19
1785842100000,209.5,209.597,209.288,209.58
1785843000000,209.48,209.71,209.235,209.71
1785843900000,209.69,210.66,209.577,210.49
1785844800000,210.18,210.557,209.972,210
1785845700000,210,210.525,209.966,210.49
1785846600000,210.01,210.26,209.934,210.06
1785847500000,209.968,210.122,209.79,209.951
1785848400000,209.99,210.273,209.818,210.23
1785849300000,210.28,211.469,210,211.29
1785850200000,211.5,212.15,210.36,211.21
1785851100000,211.24,212.09,209.22,210.04
1785852000000,210.02,210.83,209.79,210.21
1785852900000,210.17,210.37,209.12,210.31
1785853800000,210.22,210.72,209.76,210.15
1785854700000,210.14,211.02,209.07,209.57
1785855600000,209.55,210.1,209.51,210.03
1785856500000,210.03,210.44,209.86,209.924
1785857400000,209.9,210.64,209.625,210.61
1785858300000,210.67,210.955,210.585,210.785
1785859200000,210.77,210.83,210.37,210.5
1785860100000,210.509,210.92,210.19,210.217
1785861000000,210.23,210.565,209.95,210.498
1785861900000,210.52,210.78,210.37,210.62
1785862800000,210.61,211.38,210.6,211.27
1785863700000,211.27,211.63,211.17,211.46
1785864600000,211.471,211.88,211.18,211.753
1785865500000,211.756,212.13,211.41,211.517
1785866400000,211.49,211.685,211.06,211.68
1785867300000,211.66,212.65,211.637,212.54
1785868200000,212.59,213,212.195,212.33
1785869100000,212.33,213,212.255,212.939
1785870000000,212.93,213.07,212.55,212.678
1785870900000,212.68,212.94,212.3,212.49
1785871800000,212.495,212.95,212.34,212.85
1785872700000,212.86,212.98,211.79,211.79
1785873600000,211.919,212.031,211.1,211.805
1785874500000,211.01,211.801,209.51,210.51
1785875400000,209.99,212.41,209.77,212.29
1785876300000,212.39,213.9,211.488,213.77
1785877200000,213.77,215.753,213.37,215.52
1785878100000,215.48,217.1,215.17,215.313
1785879000000,215.3,216.25,215.3,215.39
1785879900000,215.35,215.674,214.79,214.91
1785880800000,215.34,215.706,214.869,215.69
1785881700000,215.7,215.711,215.01,215.01
1785882600000,215.158,215.634,215.15,215.313
1785883500000,215.44,216.57,215.266,216.57
1785884400000,216.39,217.09,216.065,216.93
1785885300000,216.82,216.908,216.227,216.61
1785886200000,216.34,216.615,216.118,216.5
1785887100000,216.63,216.7,216.262,216.56
1785888000000,216.12,216.54,216,216.45
1785888900000,216.46,216.51,216.17,216.33
1785889800000,216.35,216.68,216.35,216.51
1785890700000,216.52,216.54,216,216.25
1785891600000,216.22,216.39,215.92,216.2
1785892500000,216.19,216.26,215.73,215.91
1785893400000,215.91,216.09,215.72,215.87
1785894300000,215.91,216.44,215.91,216.17
1785895200000,216.19,216.38,216.12,216.19
1785896100000,216.19,216.28,216.03,216.07
1785897000000,216.06,216.18,215.93,215.99
1785897900000,216,216.4,215.99,216.37
1785898800000,216.36,216.5,216.33,216.42
1785899700000,216.47,216.56,216.31,216.31
1785900600000,216.31,216.55,216.23,216.54
1785901500000,216.53,216.59,216.37,216.56
1785902400000,216.56,216.63,216.47,216.55
1785903300000,216.55,216.56,216.32,216.42
1785904200000,216.42,216.86,216.39,216.84
1785905100000,216.81,216.97,216.65,216.85
1785906000000,216.83,217.43,216.77,217.42
1785906900000,217.42,217.47,217.02,217.18
1785907800000,217.13,217.13,216.73,216.91
1785908700000,216.92,217.39,216.88,217.36
1785909600000,217.34,217.4,216.99,217.34
1785910500000,217.33,217.33,216.93,217.06
1785911400000,217.07,217.33,217.07,217.13
1785912300000,217.18,217.32,217.09,217.27
1785913200000,217.22,217.33,216.7,216.77
1785914100000,216.8,217,216.51,216.53
1785915000000,216.54,216.73,216.45,216.47
1785915900000,216.49,216.69,216.49,216.61
1785916800000,216.56,217.426,216.515,216.64
1785917700000,216.86,216.907,216.087,216.14
1785918600000,215.85,216.174,215.558,215.69
1785919500000,215.9,216.03,215.606,215.99
1785920400000,215.72,216.004,215.7,215.762
1785921300000,215.61,216.159,215.59,216.01
1785922200000,216.14,216.301,215.916,216.14
1785923100000,215.97,216.046,215.76,215.96
1785924000000,215.955,216.005,215.676,215.676
1785924900000,215.679,216.193,215.67,215.95
1785925800000,216.45,216.601,215.95,216.45
1785926700000,216.64,216.64,216.185,216.61
1785927600000,216.45,216.5,215.43,216
1785928500000,215.88,215.9,215.44,215.45
1785929400000,215.495,215.98,215.22,215.71
1785930300000,215.65,215.963,215.556,215.62
1785931200000,215.58,215.794,215.154,215.2
1785932100000,215.3,215.396,214.79,215.03
1785933000000,215.14,215.5,214.95,215.23
1785933900000,215.246,215.389,215,215.093
1785934800000,215.19,215.276,215.036,215.07
1785935700000,215.11,217.36,214.95,216.98
1785936600000,216.835,221.77,216.42,219.915
1785937500000,219.835,221.35,218.87,221.14
1785938400000,221.995,221.995,221.995,221.995
1785939300000,220.786,220.786,220.786,220.786
1785940200000,220.75,220.776,219.56,219.905
1785941100000,219.8,220.23,218.34,218.82
1785942000000,218.84,219.79,218.735,219.32
1785942900000,219.38,219.68,218.54,219.12
1785943800000,219.094,220.31,219.094,219.937
1785944700000,219.93,220.01,218.47,219.05
1785945600000,219.04,219.95,218.97,219.51
1785946500000,219.515,221.36,219.48,221.13
1785947400000,221.21,221.525,221.05,221.12
1785948300000,221.25,221.59,221.11,221.372
1785949200000,221.35,221.49,220.6,221.395
1785950100000,221.36,221.56,221.03,221.06
1785951000000,221.08,221.44,220.82,221.27
1785951900000,221.29,221.308,220.7,220.755
1785952800000,220.81,221.27,220.59,221.06
1785953700000,221.083,221.81,220.915,221.696
1785954600000,221.725,221.91,221.16,221.76
1785955500000,221.72,221.91,221.3,221.74
1785956400000,221.745,222.18,221.69,221.895
1785957300000,221.9,222.09,221.62,221.85
1785958200000,221.85,221.85,220.16,220.27
1785959100000,220.23,220.425,218.9,219.15
1785960000000,219.94,220.1,218.88,220.1
1785960900000,220.09,220.096,219.41,219.85
1785961800000,219.99,220.147,219.881,220.08
1785962700000,220.071,220.075,219.925,219.965
1785963600000,219.96,220.086,219.95,220.04
1785964500000,219.99,220.035,219.966,220.01
1785965400000,219.605,220.01,219.518,219.605
1785966300000,219.4,219.995,219.326,219.82
1785967200000,219.88,220.36,219.829,220.18
1785968100000,220.13,220.74,220.083,220.62
1785969000000,220.57,221.13,220.501,221.13
1785969900000,220.743,221.117,220.689,220.86
1785970800000,220.86,220.86,220.721,220.825
1785971700000,220.824,220.995,220.761,220.901
1785972600000,220.901,220.949,220.601,220.795
1785973500000,220.67,220.808,220.519,220.6
1785974400000,220.48,220.74,220.14,220.38
1785975300000,220.33,220.69,220.02,220.04
1785976200000,220.04,220.38,219.85,220
1785977100000,220.04,220.14,219.56,219.59
1785978000000,219.59,219.6,218.64,218.82
1785978900000,218.82,218.83,218.5,218.7
1785979800000,218.72,219.2,218.72,218.88
1785980700000,218.86,219.37,218.85,219.01
1785981600000,219.03,219.5,218.8,219.31
1785982500000,219.32,220.23,219.26,219.84
1785983400000,219.85,220.45,219.72,220.44
1785984300000,220.43,220.51,220.21,220.36
1785985200000,220.36,220.6,220.03,220.03
1785986100000,220.06,220.12,219.54,219.64
1785987000000,219.64,219.89,219.48,219.71
1785987900000,219.73,219.99,219.62,219.99
1785988800000,219.99,220.01,219.64,219.95
1785989700000,219.9,220.42,219.9,220.28
1785990600000,220.3,220.41,219.78,219.86
1785991500000,219.86,220.08,219.72,220.07
1785992400000,220.07,220.27,219.97,220.1
1785993300000,220.14,220.27,219.95,220.09
1785994200000,220.12,220.14,219.94,220.1
1785995100000,220.11,220.22,219.8,220.21
1785996000000,220.21,220.26,219.5,219.51
1785996900000,219.5,219.7,219.15,219.7
1785997800000,219.73,219.78,219.11,219.21
1785998700000,219.24,219.39,218.96,219.34
1785999600000,219.36,219.8,219.25,219.69
1786000500000,219.71,219.8,219.38,219.44
1786001400000,219.47,219.53,219.19,219.24
1786002300000,219.25,219.36,219.14,219.17
1786003200000,219.2,220.654,218.451,218.49
1786004100000,219.43,219.46,218.492,219.41
1786005000000,219.54,219.99,219.46,219.61
1786005900000,219.475,219.75,219.3,219.68
1786006800000,219.43,219.68,218.87,218.92
1786007700000,218.96,219.115,218.78,218.81
1786008600000,218.91,219.072,218.881,218.99
1786009500000,219.33,219.438,218.963,219.33
1786010400000,219.63,219.745,219.366,219.63
1786011300000,219.73,219.825,219.554,219.821
1786012200000,219.817,219.817,219.194,219.205
1786013100000,219.09,219.31,219.08,219.26
1786014000000,219.322,219.5,218.838,219.495
1786014900000,219.9,220.84,219.497,220.79
1786015800000,221.06,222.309,220.693,222
1786016700000,222.01,222.196,221.669,221.86
1786017600000,221.71,221.904,221.05,221.12
1786018500000,220.99,221.618,220.65,221.48
1786019400000,221.59,222.045,221.425,221.8
1786020300000,221.8,221.96,221.27,221.39
1786021200000,221.29,221.341,220.932,220.99
1786022100000,221.068,221.742,220.387,221.655
1786023000000,221.58,223.53,220.06,222.07
1786023900000,222.075,223.62,221.922,222.14
1786024800000,222.18,222.63,221.3,221.36
1786025700000,221.34,221.83,219.36,219.8
1786026600000,219.709,219.96,218.915,219.27
1786027500000,219.264,219.78,218.84,219.136
1786028400000,219.155,219.32,217.72,218.345
1786029300000,218.36,218.42,217.71,218.08
1786030200000,218.186,218.42,217.31,217.37
1786031100000,217.396,218.165,217.295,217.9
1786032000000,217.95,218.66,217.46,218.3
1786032900000,218.36,219.08,218.07,218.525
1786033800000,218.54,219.31,218.51,218.955
1786034700000,218.93,219.44,218.5,219.4
1786035600000,219.397,219.75,219.27,219.325
1786036500000,219.348,219.7,219.01,219.05
1786037400000,218.98,219.23,218.57,218.72
1786038300000,218.79,219.63,218.66,219.61
1786039200000,219.61,220.085,219.47,220.024
1786040100000,220.02,220.69,219.03,220.398
1786041000000,220.42,220.45,219.5,219.825
1786041900000,219.82,219.96,219.4,219.455
1786042800000,219.487,220.355,219.487,219.8
1786043700000,219.801,220.12,219.425,219.84
1786044600000,219.823,220.3,219.66,219.843
1786045500000,219.895,219.92,218.585,218.99
1786046400000,219.01,219.136,218.63,218.81
1786047300000,218.99,219.18,218.87,218.95
1786048200000,219.19,219.2,218.925,219.2
1786049100000,219.05,219.201,218.922,218.975
1786050000000,218.91,219.172,218.91,218.91
1786050900000,219.095,219.113,218.905,218.924
1786051800000,218.926,218.935,218.82,218.885
1786052700000,218.885,218.91,218.731,218.74
1786053600000,218.757,219.43,218.745,219.26
1786054500000,219.48,219.639,219.26,219.5
1786055400000,219.58,219.599,219.342,219.58
1786056300000,219.54,219.642,219.51,219.53
1786057200000,219.53,219.55,219.48,219.53
1786058100000,219.64,219.71,219.472,219.64
1786059000000,219.59,219.665,219.456,219.51
1786059900000,219.51,219.609,219.425,219.49
1786060800000,219.85,220.01,219.29,219.66
1786061700000,219.64,219.64,219.21,219.33
1786062600000,219.36,219.8,219.19,219.42
1786063500000,219.43,219.56,219.09,219.56
1786064400000,219.53,219.6,219.07,219.2
1786065300000,219.19,219.24,218.84,219.1
1786066200000,219.13,219.5,218.95,219.07
1786067100000,219.09,219.21,218.75,218.91
1786068000000,218.92,219.08,218.72,219
1786068900000,218.97,219.14,218.91,219.05
1786069800000,219.07,219.07,218.78,218.83
1786070700000,218.94,219.18,218.93,219.09
1786071600000,219.08,219.15,219.03,219.11
1786072500000,219.07,219.07,218.94,219.07
1786073400000,219.04,219.16,218.96,219
1786074300000,218.96,219.09,218.86,218.87
1786075200000,218.95,219,218.8,218.85
1786076100000,218.85,219.02,218.64,218.96
1786077000000,218.98,219.11,218.88,218.88
1786077900000,218.82,218.92,218.79,218.89
1786078800000,218.88,219.16,218.87,219
1786079700000,219.02,219.14,219.02,219.09
1786080600000,219.08,219.08,218.89,218.97
1786081500000,218.97,219.06,218.91,218.96
1786082400000,218.99,219.2,218.88,219.19
1786083300000,219.15,219.33,219.1,219.21
1786084200000,219.2,219.46,219.19,219.39
1786085100000,219.37,219.43,219.31,219.37
1786086000000,219.33,219.84,219.26,219.81
1786086900000,219.84,219.84,219.64,219.76
1786087800000,219.74,219.76,219.59,219.76
1786088700000,219.74,219.8,219.57,219.78
1786089600000,219.7,219.813,219.498,219.76
1786090500000,219.95,220.079,219.75,219.97
1786091400000,219.96,220.1,219.893,219.92
1786092300000,219.97,220.037,219.821,219.85
1786093200000,219.882,220.075,219.88,219.992
1786094100000,219.991,220.019,219.842,219.975
1786095000000,219.97,220.045,219.817,219.83
1786095900000,219.817,219.889,219.442,219.442
1786096800000,219.33,219.559,219.28,219.33
1786097700000,219.42,219.604,219.34,219.43
1786098600000,219.606,219.619,219.39,219.445
1786099500000,219.445,219.445,219.285,219.339
1786100400000,219.62,219.874,219.343,219.79
1786101300000,219.79,220.367,219.705,220.24
1786102200000,220.26,220.559,220.236,220.37
1786103100000,220.41,220.425,219.699,219.74
1786104000000,219.823,220.318,219.701,219.983
1786104900000,220.01,220.085,219.654,219.99
1786105800000,220.6,221.266,219.831,221.21
1786106700000,221.29,221.625,221.104,221.41
1786107600000,221.07,221.302,220.727,220.74
1786108500000,220.829,221.9,220.567,221.559
1786109400000,221.58,223.12,220.65,222.29
1786110300000,222.287,223.18,221.76,222.505
1786111200000,222.49,222.8,220.93,221.38
1786112100000,221.41,223.46,221.21,223.36
1786113000000,223.33,223.65,222.68,222.8
1786113900000,222.743,223.775,222.743,223.17
1786114800000,223.17,223.97,223.146,223.623
1786115700000,223.57,224.64,223.49,224.19
1786116600000,224.22,224.77,224.08,224.33
1786117500000,224.36,224.69,223.6,223.729
1786118400000,223.81,223.89,223.235,223.59
1786119300000,223.585,223.655,222.25,222.447
1786120200000,222.48,222.64,221.955,222.405
1786121100000,222.405,222.62,221.91,221.91
1786122000000,221.967,222.32,221.7,221.8
1786122900000,221.8,222.105,221.56,221.84
1786123800000,221.836,222.365,221.685,222.095
1786124700000,222.04,222.355,221.95,222.09
1786125600000,222.11,222.39,221.86,221.94
1786126500000,221.923,222.13,221.84,221.939
1786127400000,221.95,222.1,221.76,221.91
1786128300000,221.909,222.385,221.88,222.29
1786129200000,222.36,222.995,222.175,222.835
1786130100000,222.885,223.135,222.78,223.03
1786131000000,223.03,223.12,222.42,222.955
1786131900000,222.92,224.22,222.645,223.94
1786132800000,223.938,223.938,223.411,223.504
1786133700000,223.5,223.597,223.292,223.5
1786134600000,223.31,223.564,223.31,223.49
1786135500000,223.47,223.649,223.403,223.5
1786136400000,223.4,223.65,223.38,223.4
1786137300000,223.41,223.428,223.325,223.38
1786138200000,223.339,223.352,223.097,223.189
1786139100000,223.189,223.375,223.165,223.346
1786140000000,223.345,223.4,223.305,223.395
1786140900000,223.395,223.405,223.32,223.32
1786141800000,223.32,223.355,223.305,223.35
1786142700000,223.22,223.425,223.205,223.22
1786143600000,223.425,223.795,223.375,223.795
1786144500000,223.7,223.8,223.55,223.56
1786145400000,223.562,223.699,223.55,223.68
1786146300000,223.7,223.874,223.68,223.8
1786147200000,223.775,223.775,223.775,223.775
1786148100000,223.98,223.98,223.53,223.53
1786149000000,223.63,223.63,223.63,223.63
1786149900000,223.87,223.87,223.87,223.87
1786150800000,223.63,223.63,223.41,223.41
1786153500000,223.46,223.46,223.46,223.46
1786154400000,223.46,223.77,223.4,223.4
1786155300000,223.4,223.4,223.4,223.4
1786157100000,223.44,223.86,223.21,223.28
1786158000000,223.08,223.44,223.01,223.01
1786158900000,223.1,223.66,223.1,223.21
1786159800000,223.2,223.46,223.15,223.15
1786160700000,223.15,223.93,223.15,223.74
1786161600000,223.69,223.82,223.43,223.72
1786162500000,223.78,223.78,223.59,223.59
1786163400000,223.78,223.78,223.5,223.5
1786164300000,223.61,223.71,223.52,223.52
1786165200000,223.56,223.56,223.35,223.42
1786166100000,223.42,223.48,223.42,223.48
1786167000000,223.48,223.48,223.46,223.46
1786167900000,223.48,223.48,223.41,223.41
1786168800000,223.48,223.57,223.35,223.35
1786169700000,223.49,223.49,223.34,223.34
1786170600000,223.45,223.45,223.32,223.32
1786171500000,223.45,223.65,223.34,223.65
1786172400000,223.64,223.64,223.41,223.41
1786173300000,223.64,223.71,223.34,223.34
1786174200000,223.4,223.49,223.18,223.18
1786175100000,223.49,223.57,222.92,222.92
1786176000000,223.07,223.23,222.92,223.2
1786177800000,223.2,223.22,222.58,222.58
1786178700000,222.82,223.11,222.71,222.82
1786179600000,222.9,223.05,222.39,222.47
1786180500000,222.75,222.85,222.48,222.82
1786181400000,222.86,223.61,222.86,223.38
1786182300000,223.55,223.58,223.34,223.34
1786183200000,223.46,223.47,223.29,223.29
1786184100000,223.35,223.4,223.23,223.23
1786185000000,223.33,223.45,223.01,223.01
1786185900000,223.15,223.29,223.05,223.05
1786186800000,223.17,223.17,222.96,222.96
1786187700000,222.95,223.2,222.92,222.92
1786188600000,222.95,223.06,222.81,222.86
1786189500000,222.75,223.17,222.5,222.8
1786190400000,222.88,223.31,222.5,223.26
1786191300000,223.35,223.36,223.07,223.15
1786192200000,223.19,223.6,223.12,223.34
1786193100000,223.3,223.54,223.22,223.22
1786194000000,223.07,223.07,222.13,222.13
1786194900000,222.73,222.95,222.13,222.64
1786195800000,222.7,222.7,222.61,222.7
1786196700000,222.74,222.88,222.51,222.51
1786197600000,222.54,222.76,222.47,222.76
1786198500000,222.66,222.66,222.33,222.33
1786199400000,222.33,222.49,222.19,222.37
1786200300000,222.39,222.87,222.15,222.87
1786201200000,222.69,222.82,222.38,222.38
1786202100000,222.48,222.6,222.32,222.32
1786203000000,222.37,223.17,222.37,222.95
1786204800000,223.1,223.2,222.89,222.89
1786205700000,223.13,223.13,222.71,222.89
1786206600000,222.86,223,222.81,222.81
1786207500000,223,223,222.81,222.81
1786208400000,223,223.11,222.77,222.77
1786209300000,222.98,223.02,222.73,222.96
1786210200000,222.94,223.84,222.73,223.2
1786211100000,223.2,223.57,223.2,223.47
1786212000000,223.54,223.62,223.29,223.29
1786212900000,223.53,223.64,223.37,223.39
1786213800000,223.46,223.64,223.13,223.13
1786214700000,223.21,223.64,223.21,223.34
1786215600000,223.43,223.75,223.36,223.52
1786216500000,223.6,223.85,222.85,222.85
1786217400000,222.98,223.55,222.84,223.42
1786218300000,223.57,223.6,223.35,223.35
1786219200000,223.47,223.47,223.32,223.32
1786220100000,223.47,223.63,223.41,223.41
1786221000000,223.51,223.51,223.37,223.37
1786221900000,223.51,223.61,223.32,223.32
1786222800000,223.46,223.98,223.3,223.81
1786223700000,223.85,223.89,223.79,223.79
1786226400000,223.89,223.89,223.62,223.73
1786230000000,223.73,223.95,223.62,223.95
1786230900000,223.95,223.95,223.86,223.86
1786231800000,223.95,223.95,223.95,223.95
1786232700000,223.95,223.95,223.86,223.86
1786235400000,223.95,223.95,223.74,223.74
1786236300000,223.78,223.78,223.71,223.71
1786238100000,223.77,223.88,223.61,223.61
1786239000000,223.82,223.82,223.82,223.82
1786240800000,223.82,224.1,223.82,224.1
1786241700000,223.87,223.91,223.86,223.86
1786242600000,223.91,224.01,223.91,223.97
1786243500000,223.86,223.86,223.7,223.7
1786244400000,223.69,223.81,223.68,223.68
1786246200000,223.81,223.81,223.67,223.67
1786247100000,223.81,223.89,223.62,223.89
1786248000000,223.89,223.89,223.81,223.81
1786248900000,223.89,223.89,223.65,223.76
1786249800000,223.76,223.77,223.55,223.55
1786250700000,223.62,223.68,223.54,223.54
1786251600000,223.54,224.84,223.49,224.34
1786252500000,224.34,224.5,224.34,224.34
1786253400000,224.33,224.52,224.33,224.52
1786255200000,224.53,224.62,224.33,224.62
1786256100000,224.33,224.69,224.31,224.31
1786257000000,224.72,224.73,224.31,224.31
1786257900000,224.64,224.74,224.28,224.3
1786258800000,224.61,224.61,224.61,224.61
1786259700000,224.3,224.3,224.3,224.3
1786260600000,224.65,224.67,224.3,224.3
1786261500000,224.54,224.54,224.28,224.28
1786262400000,224.28,224.67,224.14,224.14
1786263300000,224.69,224.72,224.16,224.16
1786264200000,224.48,224.68,224.16,224.46
1786265100000,224.71,224.71,224.46,224.46
1786266900000,224.57,224.57,224.57,224.57
1786267800000,224.63,224.7,224.3,224.3
1786268700000,224.3,224.75,224.14,224.72
1786269600000,224.14,224.75,224.14,224.14
1786271400000,224.14,224.14,224.14,224.14
1786272300000,224.24,224.24,224.11,224.11
1786273200000,224.21,224.21,224.11,224.11
1786275000000,224.15,224.15,224.11,224.11
1786275900000,224.47,224.51,224.11,224.11
1786276800000,224.53,224.53,224.53,224.53
1786277700000,224.67,224.67,224.41,224.41
1786278600000,224.67,224.69,224.41,224.41
1786279500000,224.59,224.59,224.11,224.11
1786280400000,224.7,224.85,224.12,224.76
1786281300000,224.67,224.67,224.67,224.67
1786282200000,224.56,224.56,224.38,224.38
1786284000000,224.38,224.38,223.54,223.54
1786284900000,223.77,223.77,223.77,223.77
1786285800000,223.54,223.69,223.54,223.69
1786286700000,223.81,223.81,223.81,223.81
1786287600000,223.81,223.81,223.69,223.81
1786288500000,223.69,223.81,223.69,223.81
1786289400000,223.63,223.83,223.52,223.83
1786290300000,223.83,223.83,223.57,223.83
1786291200000,223.83,223.83,223.55,223.83
1786292100000,223.83,223.83,223.66,223.66
1786293000000,223.83,223.83,223.66,223.66
1786293900000,223.83,223.87,223.83,223.87
1786294800000,223.87,223.87,223.87,223.87
1786295700000,223.87,223.87,223.66,223.66
1786296600000,223.87,223.87,223.66,223.66
1786297500000,223.8,223.8,223.64,223.64
1786298400000,223.8,223.8,223.54,223.54
1786299300000,223.8,224.67,223.8,224.33
1786300200000,224.42,224.6,224.33,224.33
1786301100000,224.58,224.69,224.33,224.33
1786302900000,224.63,224.63,224.33,224.33
1786304700000,224.63,224.69,224.33,224.69
1786305600000,224.73,224.98,224.53,224.53
1786306500000,224.53,224.76,224.3,224.49
1786307400000,224.77,224.77,224.64,224.64
1786311000000,224.57,224.69,224.55,224.55
1786311900000,224.73,224.73,224.55,224.55
1786312800000,224.8,224.8,224.8,224.8
1786313700000,224.8,224.8,224.8,224.8
1786315500000,224.82,224.82,224.82,224.82
1786316400000,224.82,224.82,224.63,224.63
1786318200000,224.83,224.89,224.59,224.89
1786319100000,224.92,224.92,224.83,224.83
1786320000000,224.01,225.16,223.82,224.89
1786320900000,224.83,224.91,224.44,224.69
1786321800000,224.69,224.87,224.01,224.01
1786322700000,224.06,224.49,224.04,224.07
1786323600000,224.07,224.46,224,224.45
1786324500000,224.45,224.73,224.38,224.51
1786325400000,224.49,224.69,224.3,224.56
1786326300000,224.52,224.75,224.52,224.55
1786327200000,224.56,224.73,224.43,224.62
1786328100000,224.62,224.62,224.45,224.53
1786329000000,224.48,224.68,224.36,224.64
1786329900000,224.63,224.76,224.62,224.65
1786330800000,224.67,224.7,224.49,224.5
1786331700000,224.5,224.65,224.5,224.59
1786332600000,224.61,224.73,224.59,224.71
1786333500000,224.68,224.75,224.54,224.63
1786334400000,224.62,224.7,224.48,224.63
1786335300000,224.62,224.77,224.55,224.77
1786336200000,224.76,224.79,224.61,224.75
1786337100000,224.77,224.82,224.6,224.61
1786338000000,224.62,224.89,224.62,224.85
1786338900000,224.87,224.91,224.74,224.78
1786339800000,224.78,224.9,224.74,224.88
1786340700000,224.88,224.99,224.82,224.98
1786341600000,224.97,225.14,224.92,225.08
1786342500000,225.07,225.07,224.75,224.8
1786343400000,224.79,224.8,224.57,224.6
1786344300000,224.59,224.76,224.5,224.7
1786345200000,224.69,224.87,224.53,224.64
1786346100000,224.66,224.86,224.64,224.8
1786347000000,224.8,225.1,224.8,225.06
1786347900000,225.07,225.16,224.97,225.01
1786348800000,225.19,225.554,223.775,225.04
1786349700000,225.091,225.214,224.86,224.981
1786350600000,224.982,225.14,224.885,225.045
1786351500000,224.99,225.15,224.783,225.09
1786352400000,224.801,225,224.801,224.87
1786353300000,224.87,225.015,224.786,224.814
1786354200000,224.815,224.815,224.642,224.673
1786355100000,224.675,224.856,224.64,224.817
1786356000000,224.814,224.956,224.67,224.67
1786356900000,224.67,224.95,224.66,224.881
1786357800000,224.8,224.925,224.772,224.8
1786358700000,224.9,225.135,224.86,224.91
1786359600000,225,225.01,224.47,224.47
1786360500000,224.55,224.659,224.256,224.51
1786361400000,224.56,224.609,224.115,224.49
1786362300000,224.12,224.243,223.848,223.95
1786363200000,224.19,224.19,223.739,223.83
1786364100000,223.798,223.798,223.071,223.315
1786365000000,223.27,223.315,222.742,223.22
1786365900000,223.37,223.37,222.9,223.08
1786366800000,223.09,223.141,222.329,222.85
1786367700000,222.82,223.79,222.743,223.145
1786368600000,223.38,224.11,222.45,223.001
1786369500000,223.04,223.5,221.76,222.11
1786370400000,222.07,222.42,221.45,222.135
1786371300000,222.14,222.39,220.2,220.41
1786372200000,220.389,220.62,220.09,220.503
1786373100000,220.499,221.14,219.54,219.585
1786374000000,219.61,219.85,218.93,219.14
1786374900000,219.12,219.5,219,219.44
1786375800000,219.43,219.68,218.75,219.68
1786376700000,219.626,219.83,219,219.623
1786377600000,219.67,219.89,219.43,219.765
1786378500000,219.73,220.62,218.35,218.35
1786379400000,218.38,218.66,216.76,217.165
1786380300000,217.175,217.63,216.88,217.62
1786381200000,217.6,218.66,217.24,218.645
1786382100000,218.665,219,218.375,218.51
1786383000000,218.49,219.04,217.815,218.2
1786383900000,218.19,218.44,218.08,218.3
1786384800000,218.301,218.86,218.301,218.704
1786385700000,218.7,218.7,218.34,218.545
1786386600000,218.55,218.835,218.37,218.805
1786387500000,218.835,219.1,218.58,219.025
1786388400000,219.01,219.46,218.925,219.295
1786389300000,219.3,219.39,218.77,219.125
1786390200000,219.132,219.22,218.8,218.882
1786391100000,218.89,218.915,217.35,217.55
1786392000000,217.35,218.38,217.35,218
1786392900000,218.06,219.58,218.027,218.87
1786393800000,218.78,219.167,218.415,218.99
1786394700000,219.12,219.45,218.93,219.45
1786395600000,219.14,219.369,218.838,218.86
1786396500000,219.01,219.075,218.597,218.64
1786397400000,218.88,218.894,218.706,218.88
1786398300000,218.888,218.954,218.68,218.954
1786399200000,219,219.18,218.921,219.09
1786400100000,219.01,219.075,218.715,219.01
1786401000000,218.67,218.845,218.595,218.62
1786401900000,218.6,218.714,218.565,218.65
1786402800000,218.679,218.693,218.51,218.556
1786403700000,218.556,218.573,218.5,218.531
1786404600000,218.55,218.605,218.485,218.55
1786405500000,218.61,218.664,217.943,218.1
1786406400000,218.68,218.68,217.89,218.46
1786407300000,218.45,218.51,218.19,218.46
1786408200000,218.48,218.57,218.39,218.54
1786409100000,218.56,218.71,218.56,218.64
1786410000000,218.63,218.97,218.47,218.96
1786410900000,218.95,219.34,218.95,219.17
1786411800000,219.16,219.21,219.05,219.16
1786412700000,219.18,219.25,219.01,219.05
1786413600000,219.05,219.22,218.87,218.98
1786414500000,218.98,219.14,218.98,219.13
1786415400000,219.14,219.25,219.04,219.12
1786416300000,219.12,219.14,218.91,218.92
1786417200000,218.96,218.98,218.8,218.98
1786418100000,218.99,219.16,218.89,219.05
1786419000000,219.09,219.23,218.99,219.14
1786419900000,219.12,219.26,219.08,219.1
1786420800000,219.12,219.26,219.12,219.22
1786421700000,219.23,219.27,219.18,219.25
1786422600000,219.25,219.61,219.24,219.47
1786423500000,219.46,219.51,219.24,219.29
1786424400000,219.26,219.38,219.19,219.38
1786425300000,219.34,219.38,218.92,218.93
1786426200000,218.93,219.11,218.89,219.06
1786427100000,219.09,219.09,218.92,218.96
1786428000000,218.96,219.3,218.9,219.22
1786428900000,219.24,219.29,218.88,218.89
1786429800000,218.89,218.93,218.66,218.89
1786430700000,218.89,218.91,218.55,218.7
1786431600000,218.7,218.83,218.56,218.63
1786432500000,218.64,218.67,218.47,218.62
1786433400000,218.63,218.9,218.63,218.73
1786434300000,218.72,218.84,218.49,218.8
1786435200000,218.83,219.087,217.995,218.93
1786436100000,218.74,218.868,218.589,218.63
1786437000000,218.36,218.869,218.35,218.67
1786437900000,218.98,219.392,218.853,219.28
1786438800000,219.1,219.245,218.833,219.08
1786439700000,219.28,219.91,219.162,219.8
1786440600000,219.7,219.83,219.66,219.79
1786441500000,219.755,219.755,219.273,219.391
1786442400000,219.31,219.398,219.23,219.31
1786443300000,219.58,220,219.274,220
1786444200000,219.925,219.925,219.705,219.8
1786445100000,219.8,219.834,219.625,219.699
1786446000000,219.699,220.287,219.699,220.058
1786446900000,219.87,220.099,219.79,219.81
1786447800000,219.8,220.074,219.715,219.99
1786448700000,220.01,220.102,219.891,220.01
1786449600000,219.99,220.55,219.889,220.55
1786450500000,220.45,221.212,220.417,221.19
1786451400000,220.89,221.29,220.84,220.84
1786452300000,220.94,221.144,220.897,221.01
1786453200000,221.3,221.6,220.981,221.3
1786454100000,221.315,222.37,221.028,222.146
1786455000000,222.08,222.136,219.25,220.6
1786455900000,220.53,220.566,218.84,219.88
1786456800000,219.865,220.13,219.45,219.92
1786457700000,219.914,220.305,219.245,219.599
1786458600000,219.58,219.655,218.86,218.931
1786459500000,218.9,220.565,218.835,219.825
1786460400000,219.82,219.84,218.78,218.82
1786461300000,218.8,219.33,218.48,219.08
1786462200000,219.122,219.38,218.71,218.813
1786463100000,218.81,218.812,218.41,218.53
1786464000000,218.5,218.58,218.26,218.45
1786464900000,218.45,218.74,218.25,218.685
1786465800000,218.66,219.27,218.66,218.82
1786466700000,218.832,218.873,217.675,217.768
1786467600000,217.762,217.81,216.72,216.78
1786468500000,216.76,217.57,216.73,217.28
1786469400000,217.29,217.56,216.92,217.535
1786470300000,217.537,217.84,217.49,217.737
1786471200000,217.738,217.745,217.03,217.142
1786472100000,217.141,217.141,216.3,216.475
1786473000000,216.5,216.91,216.425,216.63
1786473900000,216.62,217.36,216.62,217.19
1786474800000,217.14,217.49,217.08,217.45
1786475700000,217.47,217.965,217.43,217.852
1786476600000,217.86,218.19,217.72,217.75
1786477500000,217.71,218.18,216.91,217.44
1786478400000,217.51,217.753,217.41,217.63
1786479300000,217.84,218.05,217.632,218
1786480200000,218,218.06,217.811,217.85
1786481100000,217.826,217.83,217.621,217.658
1786482000000,217.68,217.895,217.645,217.82
1786482900000,217.765,217.875,217.701,217.8
1786483800000,217.89,218.046,217.745,217.95
1786484700000,217.833,217.969,217.795,217.945
1786485600000,217.945,217.962,217.744,217.962
1786486500000,217.97,218.05,217.935,217.99
1786487400000,218.06,218.16,218.014,218.12
1786488300000,218.11,218.206,218.075,218.11
1786489200000,218.206,218.209,218.1,218.1
1786490100000,218.1,218.14,218.06,218.115
1786491000000,218.08,218.134,218.04,218.08
1786491900000,218.047,218.079,217.97,218.035
1786492800000,218.04,218.04,217.63,217.8
1786493700000,217.81,218.05,217.8,217.95
1786494600000,217.91,218.09,217.77,217.81
1786495500000,217.81,218.08,217.78,218.03
1786496400000,218.02,218.14,217.99,218.12
1786497300000,218.13,218.13,217.8,218.02
1786498200000,217.95,218.02,217.83,218.02
1786499100000,218.02,218.07,217.74,217.81
1786500000000,217.81,217.91,217.75,217.86
1786500900000,217.88,218.09,217.84,218.07
1786501800000,218.07,218.22,218.05,218.07
1786502700000,218.1,218.11,217.92,217.92
1786503600000,217.95,218.11,217.95,218.09
1786504500000,218.08,218.16,217.99,218.16
1786505400000,218.16,218.36,218.12,218.15
1786506300000,218.16,218.22,218,218
1786507200000,218,218.14,217.96,218.1
1786508100000,218.11,218.14,217.97,218.01
1786509000000,218.03,218.03,217.87,217.99
1786509900000,217.96,218.14,217.96,218.1
1786510800000,218.1,218.1,217.9,217.94
1786511700000,217.9,218.05,217.88,218.05
1786512600000,218.06,218.26,218.06,218.11
1786513500000,218.11,218.25,218.1,218.25
1786514400000,218.24,218.35,218.16,218.16
1786515300000,218.18,218.27,218.07,218.2
1786516200000,218.16,218.33,218.13,218.25
1786517100000,218.24,218.36,218.24,218.36
1786518000000,218.36,218.59,218.33,218.39
1786518900000,218.36,218.37,218.19,218.21
1786519800000,218.21,218.39,217.95,218.37
1786520700000,218.39,218.4,218.27,218.37
1786521600000,218.67,219.136,218.092,218.99
1786522500000,219.06,219.074,218.709,219.03
1786523400000,218.86,218.965,218.831,218.86
1786524300000,219,219.22,218.846,219.05
1786525200000,219.17,219.731,219.051,219.5
1786526100000,219.51,219.718,219.377,219.5
1786527000000,219.75,220.11,219.529,220.06
1786527900000,219.89,220.183,219.804,219.89
1786528800000,220.06,220.107,220.01,220.03
1786529700000,220.061,220.109,220.018,220.025
1786530600000,220.025,220.061,220.005,220.02
1786531500000,220.02,220.02,219.6,219.725
1786532400000,219.91,220,219.26,219.49
1786533300000,219.38,219.415,219.232,219.37
1786534200000,219.41,219.518,219.29,219.51
1786535100000,219.48,219.567,219.342,219.44
1786536000000,219.49,219.644,219.359,219.37
1786536900000,219.44,219.71,219.059,219.71
1786537800000,219.94,220.589,218.74,220.45
1786538700000,220.478,221.032,220.218,220.66
1786539600000,220.659,220.859,220.14,220.36
1786540500000,220.36,221.013,220.141,221
1786541400000,221.02,222.45,220.305,221.26
1786542300000,221.33,223.82,221.22,223.66
1786543200000,223.64,224.03,222.465,223.125
1786544100000,223.122,224.71,223.045,224.458
1786545000000,224.459,224.82,223.69,224.81
1786545900000,224.805,225.11,223.67,223.76
1786546800000,223.74,224.51,223.39,223.415
1786547700000,223.41,224,223.39,223.845
1786548600000,223.85,223.93,223.14,223.162
1786549500000,223.163,223.6,222.89,223.005
1786550400000,223.025,223.86,223,223.58
1786551300000,223.6,223.69,223.19,223.225
1786552200000,223.218,223.28,222.72,222.902
1786553100000,222.905,223.975,222.855,223.778
1786554000000,223.779,224.3,223.779,224.099
1786554900000,224.11,224.22,223.685,224.075
1786555800000,224.1,224.12,223.875,224.09
1786556700000,224.08,224.22,223.51,223.655
1786557600000,223.63,223.98,223.19,223.955
1786558500000,223.953,224.2,223.685,224.116
1786559400000,224.12,224.44,223.725,223.78
1786560300000,223.78,223.918,223.5,223.68
1786561200000,223.69,223.86,223.47,223.517
1786562100000,223.518,223.64,222.805,223.02
1786563000000,222.975,223.015,222.22,222.355
1786563900000,222.33,224.345,222.24,224.11
1786564800000,224.09,224.27,223.669,223.71
1786565700000,223.59,223.764,223.107,223.19
1786566600000,223.311,223.696,223.311,223.465
1786567500000,223.465,223.5,223.3,223.435
1786568400000,223.45,223.585,223.375,223.57
1786569300000,223.6,223.675,223.5,223.6
1786570200000,223.7,223.808,223.53,223.7
1786571100000,223.783,223.885,223.716,223.79
1786572000000,223.79,223.79,223.55,223.601
1786572900000,223.57,223.601,223.397,223.44
1786573800000,223.41,223.55,223.4,223.41
1786574700000,223.53,223.586,223.515,223.53
1786575600000,223.62,223.826,223.53,223.8
1786576500000,223.798,223.86,223.73,223.757
1786577400000,223.62,223.84,223.61,223.84
1786578300000,223.85,223.85,223.676,223.71
1786579200000,223.8,224.06,223.47,223.96
1786580100000,224.01,224.14,223.95,224.01
1786581000000,224.01,224.27,223.94,224.26
1786581900000,224.26,224.39,224.04,224.12
1786582800000,224.11,224.23,223.95,224.1
1786583700000,224.09,224.23,224,224.06
1786584600000,224,224.23,223.99,224.19
1786585500000,224.2,224.25,224.02,224.15
1786586400000,224.17,224.26,224.09,224.12
1786587300000,224.13,224.27,224.04,224.24
1786588200000,224.24,224.49,224.04,224.48
1786589100000,224.42,224.44,224.32,224.43
1786590000000,224.38,224.4,224.22,224.27
1786590900000,224.28,224.47,224.28,224.39
1786591800000,224.38,224.39,224.2,224.26
1786592700000,224.26,224.36,224.21,224.33
1786593600000,224.33,224.49,224.25,224.25
1786594500000,224.27,224.35,224.02,224.17
1786595400000,224.16,224.49,224.16,224.48
1786596300000,224.46,224.56,224.39,224.49
1786597200000,224.5,224.52,224.38,224.49
1786598100000,224.52,224.76,224.47,224.73
1786599000000,224.74,224.89,224.53,224.55
1786599900000,224.57,224.57,224.34,224.41
1786600800000,224.41,224.57,224.3,224.52
1786601700000,224.47,224.55,224.41,224.47
1786602600000,224.43,224.48,224.15,224.15
1786603500000,224.19,224.33,224.12,224.3
1786604400000,224.33,224.4,223.91,223.99
1786605300000,223.97,224.18,223.92,224.1
1786606200000,224.03,224.36,223.94,224.2
1786607100000,224.2,224.23,224.09,224.2
1786608000000,223.81,224.4,223.693,223.79
1786608900000,223.73,224.078,223.649,223.9
1786609800000,223.99,224.159,223.961,223.99
1786610700000,223.97,224.007,223.733,223.97
1786611600000,223.61,223.95,223.539,223.61
1786612500000,223.42,223.702,223.308,223.63
1786613400000,223.625,223.964,223.515,223.964
1786614300000,223.964,224.284,223.895,224.284
1786615200000,224.17,224.415,224.17,224.32
1786616100000,224.29,224.415,224.19,224.29
1786617000000,224.34,224.35,224.198,224.34
1786617900000,224.331,224.484,224.331,224.46
1786618800000,224.46,224.471,223.971,223.986
1786619700000,223.91,224.043,223.76,223.76
1786620600000,224.1,224.111,223.825,224.1
1786621500000,223.95,224.07,223.824,223.9
1786622400000,223.75,223.868,223.431,223.45
1786623300000,223.32,223.608,222.99,223.42
1786624200000,223.89,223.92,223.375,223.58
1786625100000,223.44,223.976,223.424,223.91
1786626000000,224.01,224.77,223.972,224.7
1786626900000,224.594,225.171,224.531,225.08
1786627800000,225.08,227.22,224.14,224.88
1786628700000,224.92,226.13,224.78,225.78
1786629600000,225.76,226.42,225.01,226.195
1786630500000,226.19,226.22,225.555,226.04
1786631400000,226.04,226.48,225.65,225.65
1786632300000,225.63,225.7,224.63,224.98
1786633200000,225,225.16,224.34,224.67
1786634100000,224.675,225.11,224.31,224.47
1786635000000,224.42,224.79,223.72,224.58
1786635900000,224.54,224.81,224.09,224.221
1786636800000,224.226,225.136,224.21,224.787
1786637700000,224.79,225.46,224.65,225.295
1786638600000,225.3,225.6,224.97,225.005
1786639500000,225.02,225.36,224.99,225.33
1786640400000,225.33,225.8,225.33,225.671
1786641300000,225.669,225.9,225.325,225.349
1786642200000,225.34,225.61,225.17,225.17
1786643100000,225.2,225.725,225.09,225.3
1786644000000,225.3,225.43,225.05,225.2
1786644900000,225.202,225.643,225.202,225.634
1786645800000,225.634,225.99,225.44,225.57
1786646700000,225.52,225.81,225.49,225.74
1786647600000,225.74,226.23,225.62,225.7
1786648500000,225.66,226.07,225.48,225.81
1786649400000,225.814,226.2,225.6,225.75
1786650300000,224.995,225.4,224.975,225.35
1786651200000,225.39,225.61,225.275,225.41
1786652100000,225.401,225.497,225.345,225.45
1786653000000,225.35,225.46,225.319,225.37
1786653900000,225.432,225.435,225.35,225.367
1786654800000,225.367,225.49,225.34,225.49
1786655700000,225.5,225.5,225.44,225.44
1786656600000,225.49,225.68,225.45,225.68
1786657500000,225.59,225.645,225.532,225.55
1786658400000,225.41,225.59,225.408,225.59
1786659300000,225.552,225.599,225.485,225.54
1786660200000,225.59,225.661,225.54,225.59
1786661100000,225.652,225.652,225.531,225.611
1786662000000,225.83,225.99,225.622,225.83
1786662900000,225.87,225.99,225.605,225.87
1786663800000,225.67,225.685,225.551,225.58
1786664700000,225.5,225.614,225.445,225.52
1786665600000,225.56,225.75,225.42,225.54
1786666500000,225.48,225.53,225.18,225.37
1786667400000,225.37,225.58,225.31,225.4
1786668300000,225.4,225.41,225.05,225.18
1786669200000,225.14,225.14,224.61,224.64
1786670100000,224.64,224.95,224.59,224.95
1786671000000,224.95,225.11,224.87,225.11
1786671900000,225.15,225.31,225.12,225.28
1786672800000,225.25,225.42,225.17,225.37
1786673700000,225.4,225.4,225.17,225.34
1786674600000,225.29,225.44,225.29,225.39
1786675500000,225.36,225.37,225.05,225.13
1786676400000,225.14,225.25,225.03,225.25
1786677300000,225.19,225.35,225.16,225.32
1786678200000,225.31,225.31,225.13,225.13
1786679100000,225.15,225.21,225.09,225.13
1786680000000,225.13,225.15,224.99,225.1
1786680900000,225.07,225.14,225,225.09
1786681800000,225.15,225.16,224.97,225.04
1786682700000,225.02,225.07,225,225.07
1786683600000,225.06,225.06,224.87,225.03
1786684500000,225.01,225.16,224.98,225.13
1786685400000,225.12,225.21,225.03,225.13
1786686300000,225.14,225.3,225.08,225.19
1786687200000,225.19,225.21,225.05,225.17
1786688100000,225.17,225.23,225.09,225.22
1786689000000,225.19,225.23,225.14,225.18
1786689900000,225.2,225.38,225.2,225.34
1786690800000,225.36,225.54,225.16,225.16
1786691700000,225.21,225.25,225.03,225.11
1786692600000,225.11,225.37,225.09,225.37
1786693500000,225.34,225.39,225.27,225.28
1786694400000,225.39,225.455,225.14,225.41
1786695300000,225.45,225.45,225.26,225.45
1786696200000,225.35,225.768,225.35,225.632
1786697100000,225.72,225.85,225.63,225.75
1786698000000,225.77,225.825,225.675,225.79
1786698900000,225.805,226.101,225.805,226.024
1786699800000,225.99,226.03,225.82,225.99
1786700700000,225.83,225.97,225.82,225.88
1786701600000,225.94,226.404,225.86,226.33
1786702500000,226.15,226.271,226.03,226.03
1786703400000,226.11,226.28,226.009,226.28
1786704300000,226.074,226.237,225.976,226.237
1786705200000,226.225,226.39,225.93,225.98
1786706100000,225.92,225.99,225.8,225.83
1786707000000,225.82,225.871,225.615,225.68
1786707900000,225.89,225.963,225.737,225.78
1786708800000,225.804,225.953,225.3,225.468
1786709700000,225.45,225.688,225.216,225.5
1786710600000,225.78,225.942,225.671,225.89
1786711500000,225.95,226.21,225.869,225.98
1786712400000,225.96,225.988,225.831,225.9
1786713300000,225.968,226.68,225.85,226.68
1786714200000,226.85,227.48,225.01,225.73
1786715100000,225.71,226.81,225.37,225.69
1786716000000,225.64,226.57,225.39,225.855
1786716900000,225.927,225.927,224.51,225.057
1786717800000,225.066,226.35,224.99,226.3
1786718700000,226.38,226.94,226.085,226.12
1786719600000,226.08,226.289,225.37,225.49
1786720500000,225.46,226.34,224.94,225.56
1786721400000,225.54,225.56,224.62,224.89
1786722300000,224.87,225.39,224.69,225.255
1786723200000,225.27,225.62,225.14,225.57
1786724100000,225.58,225.81,225.47,225.66
1786725000000,225.646,225.7,225,225.05
1786725900000,225.075,225.2,224.94,225.067
1786726800000,225.067,225.34,225.067,225.308
1786727700000,225.34,225.37,225.08,225.14
1786728600000,225.11,225.4,225.09,225.39
1786729500000,225.44,225.67,225.19,225.34
1786730400000,225.358,225.64,225.27,225.32
1786731300000,225.318,225.36,224.58,224.765
1786732200000,224.72,225.395,224.65,225.35
1786733100000,225.33,225.33,224.91,225.105
1786734000000,225.14,225.45,224.81,224.92
1786734900000,224.9,225.34,224.86,225.181
1786735800000,225.18,225.37,225.02,225.065
1786736700000,225.05,225.99,224.86,225.16
1786737600000,224.95,225.195,224.854,224.93
1786738500000,224.95,224.95,224.794,224.83
1786739400000,224.86,224.999,224.806,224.86
1786740300000,224.964,224.999,224.95,224.976
1786741200000,224.99,225.03,224.97,225.02
1786742100000,225.01,225.046,224.95,224.95
1786743000000,224.95,225.005,224.941,224.97
1786743900000,224.97,224.97,224.941,224.965
1786744800000,224.965,224.965,224.915,224.93
1786745700000,224.93,224.945,224.87,224.891
1786746600000,224.891,224.891,224.876,224.885
1786747500000,224.885,224.91,224.875,224.884
1786748400000,224.884,224.9,224.884,224.89
1786749300000,224.87,224.95,224.87,224.87
1786750200000,224.941,224.95,224.885,224.901
1786751100000,224.84,224.901,224.711,224.72
1786752000000,224.722,224.723,224.722,224.723
1786752900000,225,225.02,224.85,224.85
1786753800000,224.95,225.02,224.82,224.82
1786754700000,224.92,224.92,224.82,224.89
1786755600000,224.92,224.92,224.81,224.81
1786756500000,224.85,224.86,224.79,224.79
1786757400000,224.9,224.9,224.76,224.76
1786758300000,224.9,224.91,224.76,224.76
1786759200000,224.73,224.73,224.73,224.73
1786760100000,224.79,224.79,224.72,224.72
1786761000000,224.79,224.85,224.66,224.66
1786761900000,224.73,224.91,224.65,224.65
1786762800000,224.75,224.75,224.65,224.65
1786763700000,224.85,224.89,224.36,224.53
1786764600000,224.47,224.6,224.47,224.47
1786765500000,224.6,224.62,224.4,224.4
1786766400000,224.45,224.47,224.23,224.25
1786767300000,224.31,224.47,224.25,224.26
1786768200000,224.29,224.63,224.29,224.42
1786769100000,224.5,224.63,224.29,224.29
1786770000000,224.39,224.63,224.21,224.21
1786770900000,224.4,224.4,224.17,224.17
1786771800000,224.22,224.35,224.1,224.1
1786772700000,224.28,224.35,224.02,224.12
1786773600000,224.24,224.35,224.02,224.09
1786774500000,224.1,224.57,224.09,224.4
1786775400000,224.4,224.63,224.35,224.35
1786776300000,224.54,224.63,224.26,224.29
1786777200000,224.29,224.38,224.25,224.25
1786778100000,224.38,224.48,224.12,224.17
1786779000000,224.17,224.37,224.13,224.13
1786779900000,224.13,224.44,224.09,224.28
1786780800000,224.4,224.42,224.19,224.19
1786781700000,224.4,224.42,224.19,224.42
1786782600000,224.19,224.42,224.19,224.19
1786783500000,224.4,224.42,224.18,224.22
1786784400000,224.42,224.45,224.21,224.21
1786785300000,224.45,224.61,224.45,224.53
1786786200000,224.45,224.64,224.43,224.43
1786787100000,224.63,224.63,224.19,224.32
1786788000000,224.24,224.42,224.22,224.42
1786788900000,224.58,224.66,224.35,224.39
1786789800000,224.39,224.6,224.39,224.4
1786790700000,224.6,224.66,224.37,224.37
1786791600000,224.42,224.77,224.42,224.72
1786792500000,224.7,224.86,224.7,224.86
1786793400000,224.86,225.01,224.76,224.87
1786794300000,224.97,225.47,224.56,224.56
1786795200000,224.71,224.71,224.5,224.57
1786796100000,224.63,224.73,224.48,224.5
1786797000000,224.44,224.7,224.42,224.42
1786797900000,224.48,224.73,224.3,224.3
1786798800000,224.3,224.37,224.14,224.2
1786799700000,224.37,224.39,224,224.12
1786800600000,224.3,224.39,224,224.31
1786801500000,224.15,224.31,224.03,224.03
1786802400000,224.16,224.38,224.07,224.07
1786803300000,224.16,224.3,224,224.14
1786804200000,224.25,224.25,224,224.06
1786805100000,224.06,224.2,224.06,224.15
1786806000000,224.15,224.76,224.13,224.62
1786806900000,224.62,224.97,224.62,224.97
1786807800000,224.97,225.08,224.83,224.97
1786808700000,225.12,225.2,225,225.13
1786809600000,225.17,225.24,225.05,225.05
1786810500000,225.24,225.24,224.93,225
1786811400000,225.08,225.21,224.99,225.12
1786812300000,225.09,225.14,225.06,225.07
1786813200000,225.09,225.18,225,225.05
1786814100000,225.15,225.21,225.03,225.03
1786815000000,225.06,225.09,224.95,224.98
1786815900000,225.07,225.07,224.97,224.97
1786816800000,225.1,225.15,225,225.04
1786817700000,225.1,225.22,225.03,225.22
1786818600000,225.27,225.29,225.06,225.19
1786819500000,225.23,225.32,225.21,225.21
1786820400000,225.21,225.42,225.21,225.42
1786821300000,225.45,225.51,225.34,225.34
1786822200000,225.54,225.56,225.34,225.34
1786823100000,225.48,225.6,225.34,225.53
1786824000000,225.64,225.7,225.53,225.53
1786824900000,225.77,225.77,225.49,225.49
1786825800000,225.72,225.76,225.58,225.58
1786826700000,225.66,225.73,225.58,225.58
1786827600000,225.58,225.58,225.58,225.58
1786828500000,225.67,225.67,225.67,225.67
1786830300000,225.69,225.74,225.52,225.52
1786831200000,225.76,225.76,225.61,225.69
1786833000000,225.71,225.71,225.67,225.67
1786833900000,225.73,225.73,225.67,225.67
1786834800000,225.73,225.73,225.67,225.67
1786835700000,225.75,225.76,225.35,225.35
1786836600000,225.47,225.47,225.35,225.35
1786837500000,225.47,225.47,225.35,225.35
1786838400000,225.47,225.49,225.35,225.35
1786839300000,225.49,225.49,225.35,225.35
1786840200000,225.49,225.49,225.49,225.49
1786841100000,225.53,225.53,225.53,225.53
1786842900000,225.55,225.55,225.44,225.44
1786843800000,225.56,225.66,225.44,225.44
1786844700000,225.67,225.67,225.45,225.59
1786846500000,225.61,225.64,225.56,225.56
1786847400000,225.63,225.64,225.37,225.5
1786848300000,225.5,225.53,225.35,225.35
1786849200000,225.54,225.54,225.4,225.4
1786850100000,225.35,225.57,225.35,225.35
1786851000000,225.35,225.58,225.35,225.42
1786851900000,225.58,225.6,225.42,225.42
1786852800000,225.57,225.66,225.57,225.66
1786853700000,225.56,225.67,225.55,225.56
1786854600000,225.66,225.7,225.62,225.62
1786855500000,225.71,225.86,225.62,225.65
1786856400000,225.87,225.96,225.67,225.9
1786857300000,225.68,225.93,225.61,225.93
1786858200000,225.95,226,225.72,225.72
1786859100000,225.96,225.96,225.96,225.96
1786860000000,226,226,225.71,225.71
1786860900000,226,226.06,225.73,226.06
1786861800000,226.07,226.16,225.91,226.06
1786862700000,226.1,226.2,225.9,225.9
1786863600000,226.12,226.16,225.98,226.04
1786864500000,226.13,226.15,225.74,225.95
1786865400000,225.99,226.08,225.76,225.76
1786866300000,225.98,226.12,225.74,226.12
1786867200000,226.05,226.23,225.88,226.05
1786868100000,226.11,226.11,225.74,225.82
1786869000000,226.06,226.13,225.55,225.55
1786869900000,225.77,225.79,225.52,225.63
1786870800000,225.59,225.66,225.47,225.47
1786871700000,225.63,225.65,225.44,225.44
1786872600000,225.63,225.84,225.44,225.65
1786873500000,225.73,225.89,225.63,225.78
1786874400000,225.69,225.8,225.67,225.67
1786875300000,225.8,225.83,225.53,225.66
1786876200000,225.84,225.85,225.74,225.74
1786877100000,225.86,225.93,225.66,225.77
1786878000000,225.9,225.92,225.86,225.86
1786878900000,225.92,226.04,225.84,225.84
1786879800000,226.06,226.08,225.89,225.89
1786880700000,226.09,226.14,226.09,226.1
1786881600000,226,226.33,225.44,225.45
1786882500000,225.39,225.6,225.39,225.56
1786883400000,225.45,225.45,225.45,225.45
1786884300000,225.48,225.49,225.41,225.41
1786885200000,225.41,225.6,225.39,225.39
1786886100000,225.6,225.63,225.37,225.38
1786887000000,225.66,225.67,225.43,225.43
1786887900000,225.43,225.66,225.37,225.37
1786888800000,225.57,225.6,225.37,225.6
1786889700000,225.64,225.65,225.54,225.65
1786890600000,225.67,225.71,225.57,225.57
1786891500000,225.76,225.76,225.68,225.68
1786892400000,225.68,225.68,225.57,225.57
1786893300000,225.59,225.64,225.32,225.41
1786894200000,225.41,225.51,225.32,225.37
1786895100000,225.52,225.59,225.37,225.46
1786896000000,225.54,225.56,225.36,225.46
1786896900000,225.54,225.54,225.36,225.36
1786897800000,225.54,225.56,225.32,225.41
1786898700000,225.41,225.48,225.32,225.32
1786899600000,225.48,225.65,225.31,225.58
1786900500000,225.58,225.77,225.53,225.62
1786901400000,225.73,225.73,225.73,225.73
1786902300000,225.77,225.81,225.43,225.68
1786903200000,225.81,225.81,225.6,225.75
1786904100000,225.79,225.82,225.72,225.73
1786905000000,225.82,225.87,225.69,225.8
1786905900000,225.85,225.85,225.85,225.85
1786907700000,225.85,225.85,225.78,225.78
1786908600000,225.85,225.88,225.58,225.85
1786909500000,225.78,225.89,225.4,225.4
1786910400000,225.54,225.6,225.4,225.49
1786912200000,225.51,225.53,225.51,225.51
1786913100000,225.53,225.55,225.45,225.45
1786914000000,225.5,225.5,225.43,225.43
1786922100000,225.47,225.49,225.41,225.41
1786923000000,225.47,225.49,225.41,225.41
1786923900000,225.49,225.5,225.39,225.39
1786924800000,226.48,226.48,224.75,225.67
1786925700000,225.69,225.82,225.54,225.71
1786926600000,225.76,225.8,225.6,225.7
1786927500000,225.71,225.71,225.5,225.64
1786928400000,225.66,225.99,225.62,225.91
1786929300000,225.9,225.93,225.74,225.85
1786930200000,225.83,225.85,225.58,225.72
1786931100000,225.73,225.81,225.59,225.65
1786932000000,225.66,225.77,225.56,225.75
1786932900000,225.77,225.9,225.68,225.7
1786933800000,225.69,225.74,225.59,225.67
1786934700000,225.66,225.79,225.59,225.67
1786935600000,225.67,225.73,225.64,225.66
1786936500000,225.72,225.83,225.7,225.75
1786937400000,225.76,225.83,225.7,225.81
1786938300000,225.8,225.93,225.78,225.88
1786939200000,225.89,225.92,225.82,225.89
1786940100000,225.89,225.9,225.79,225.82
1786941000000,225.82,225.84,225.71,225.8
1786941900000,225.81,225.86,225.73,225.79
1786942800000,225.79,225.88,225.73,225.84
1786943700000,225.86,225.87,225.65,225.68
1786944600000,225.72,225.82,225.58,225.7
1786945500000,225.69,225.79,225.67,225.71
1786946400000,225.76,225.89,225.68,225.81
1786947300000,225.81,226,225.75,225.98
1786948200000,225.97,226.29,225.97,226.23
1786949100000,226.26,226.43,226.21,226.36
1786950000000,226.37,226.41,225.88,225.9
1786950900000,225.91,226.11,225.79,226.11
1786951800000,226.1,226.38,226.08,226.22
1786952700000,226.22,226.23,226.05,226.12
1786953600000,225.95,226.458,224.926,226.2
1786954500000,226.16,226.4,226.16,226.4
1786955400000,226.24,226.313,226.011,226.17
1786956300000,226.111,226.299,226.07,226.178
1786957200000,226.177,226.177,226.045,226.094
1786958100000,226.01,226.1,225.98,226.01
1786959000000,225.97,226.045,225.96,226
1786959900000,226.07,226.208,226.015,226.11
1786960800000,226.14,226.346,226.132,226.175
1786961700000,226.43,226.43,226.031,226.43
1786962600000,226.39,226.405,226.13,226.25
1786963500000,226.26,226.35,226.2,226.21
1786964400000,226.56,226.754,226.345,226.69
1786965300000,226.61,226.724,226.471,226.65
1786966200000,226.518,226.717,226.511,226.604
1786967100000,226.77,226.814,226.604,226.74
1786968000000,226.64,226.761,226.47,226.74
1786968900000,226.82,227.024,226.621,227.02
1786969800000,227,227.036,225.99,226.2
1786970700000,226.07,226.407,226.07,226.3
1786971600000,226.39,226.469,226.28,226.37
1786972500000,226.4,226.633,225.52,225.8
1786973400000,225.99,227.16,225.15,225.88
1786974300000,225.89,226.46,225.04,226.185
1786975200000,226.187,226.29,225.37,226.125
1786976100000,226.135,226.62,225.81,226.62
1786977000000,226.59,227.22,226.435,227.02
1786977900000,227.05,227.21,225.6,226.24
1786978800000,226.255,227.08,226.24,226.75
1786979700000,226.745,227.76,226.72,227.42
1786980600000,227.455,227.555,226.715,227.31
1786981500000,227.29,227.92,227.285,227.71
1786982400000,227.715,227.735,227.11,227.213
1786983300000,227.212,227.35,226.83,227.03
1786984200000,227.06,227.07,226.74,226.78
1786985100000,226.78,227.19,226.74,227.06
1786986000000,227.04,227.145,226.16,226.16
1786986900000,226.201,226.45,225.845,225.914
1786987800000,225.913,226.27,225.89,226.234
1786988700000,226.21,226.25,225.77,225.83
1786989600000,225.84,225.89,225.445,225.71
1786990500000,225.687,225.78,225.39,225.536
1786991400000,225.537,225.74,225.425,225.695
1786992300000,225.698,225.92,225.57,225.6
1786993200000,225.62,225.725,225.35,225.46
1786994100000,225.46,225.79,225.38,225.5
1786995000000,225.525,226.015,225.375,225.56
1786995900000,225.57,225.72,224.87,225.07
1786996800000,224.99,225.154,224.92,224.98
1786997700000,225.04,225.062,224.967,225
1786998600000,224.96,225.023,224.911,224.97
1786999500000,224.944,225.025,224.924,225.015
1787000400000,225.015,225.024,224.965,224.975
1787001300000,224.975,225.054,224.96,225.037
1787002200000,224.97,225.08,224.935,224.97
1787003100000,224.99,225.045,224.975,224.99
1787004000000,225.01,225.07,224.965,225
1787004900000,224.96,225.03,224.96,224.96
1787005800000,225.025,225.035,225.005,225.03
1787006700000,225.13,225.189,225.015,225.13
1787007600000,225.055,225.134,225.03,225.065
1787008500000,225.065,225.135,225.065,225.135
1787009400000,225.136,225.284,225.136,225.18
1787010300000,225.12,225.18,225.105,225.12
1787011200000,225.05,225.34,224.99,225.1
1787012100000,225.1,225.37,225.07,225.21
1787013000000,225.21,225.29,225.13,225.15
1787013900000,225.16,225.32,225.15,225.17
1787014800000,225.19,225.34,225.12,225.32
1787015700000,225.32,225.34,225.18,225.23
1787016600000,225.23,225.23,224.78,224.81
1787017500000,224.8,224.81,224.18,224.39
1787018400000,224.4,224.45,223.84,223.91
1787019300000,223.95,224.02,223.37,223.41
1787020200000,223.41,223.6,223.03,223.1
1787021100000,223.09,223.14,222.72,223.05
1787022000000,223.05,223.21,222.87,223.04
1787022900000,223.04,223.08,221.86,222.43
1787023800000,222.39,222.82,222.11,222.74
1787024700000,222.76,223.03,222.59,222.94
1787025600000,222.94,223.03,222.59,223.03
1787026500000,223.02,223.1,222.7,223.02
1787027400000,223.04,223.1,222.78,223.04
1787028300000,223.05,223.18,222.89,223.06
1787029200000,223.05,223.06,222.76,222.78
1787030100000,222.76,222.84,222.56,222.72
1787031000000,222.7,222.72,222.12,222.46
1787031900000,222.45,222.52,222.11,222.15
1787032800000,222.15,222.29,221.69,222.18
1787033700000,222.15,222.37,221.86,222.28
1787034600000,222.23,222.47,222.21,222.46
1787035500000,222.45,222.79,222.32,222.66
1787036400000,222.64,222.8,222.41,222.55
1787037300000,222.58,222.61,222.3,222.3
1787038200000,222.33,222.34,222.03,222.11
1787039100000,222.08,222.22,221.99,222.01
1787040000000,224.669,224.669,220.66,221
1787040900000,221.18,221.327,220.734,221.01
1787041800000,221.09,221.212,220.95,221.12
1787042700000,220.8,221.143,220.412,220.51
1787043600000,220.49,220.641,220.177,220.46
1787044500000,220.435,220.435,219.778,219.922
1787045400000,219.93,219.949,219.571,219.83
1787046300000,219.61,220.306,219.6,219.9
1787047200000,220.15,220.328,220.101,220.24
1787048100000,220.29,220.5,220.279,220.5
1787049000000,220.343,220.599,220.343,220.454
1787049900000,220.85,220.85,220.455,220.85
1787050800000,220.805,220.94,220.618,220.74
1787051700000,220.87,220.888,220.63,220.68
1787052600000,220.659,220.884,220.49,220.715
1787053500000,220.72,220.999,220.651,220.8
1787054400000,221.09,221.093,220.57,220.57
1787055300000,220.59,221.03,220.567,220.78
1787056200000,220.64,220.797,220.45,220.52
1787057100000,220.544,220.544,220.335,220.365
1787058000000,220.36,220.45,220.09,220.23
1787058900000,220.08,220.58,219.76,220.58
1787059800000,220.31,221.65,219.455,220.42
1787060700000,220.421,220.825,219.36,220.193
1787061600000,220.17,220.78,218.89,219.015
1787062500000,219.01,220.26,218.85,219.955
1787063400000,219.94,220.5,219.39,219.41
1787064300000,219.4,219.48,218.73,219.07
1787065200000,219.056,219.51,218.7,219.48
1787066100000,219.48,219.775,219.305,219.584
1787067000000,219.5,219.91,219.32,219.67
1787067900000,219.695,220.245,219.69,220.075
1787068800000,220.05,220.36,219.93,219.97
1787069700000,219.995,220.055,219.42,219.52
1787070600000,219.516,220.07,219.39,219.817
1787071500000,219.83,220.455,219.615,220.2
1787072400000,220.2,220.34,219.885,220.09
1787073300000,220.05,220.39,219.96,220.35
1787074200000,220.3,220.5,220.17,220.34
1787075100000,220.35,220.48,219.94,219.96
1787076000000,219.97,220.05,219.215,219.61
1787076900000,219.635,220.305,219.594,219.95
1787077800000,219.935,220.18,219.85,219.96
1787078700000,219.968,220.18,219.76,219.838
1787079600000,219.8,219.95,219.63,219.69
1787080500000,219.66,219.73,219.12,219.25
1787081400000,219.21,219.54,218.92,219.45
1787082300000,219.44,220.06,219.18,219.72
1787083200000,219.663,220.034,219.663,219.886
1787084100000,219.885,219.9,219.773,219.78
1787085000000,219.78,219.825,219.675,219.71
1787085900000,219.59,219.708,219.576,219.63
1787086800000,219.62,219.635,219.55,219.62
1787087700000,219.5,219.55,219.426,219.49
1787088600000,219.51,219.535,219.463,219.51
1787089500000,219.52,219.52,219.411,219.48
1787090400000,219.44,219.495,219.426,219.44
1787091300000,219.47,219.714,219.405,219.5
1787092200000,219.48,219.488,219.275,219.31
1787093100000,219.295,219.295,218.96,219.049
1787094000000,219.01,219.191,218.986,219.14
1787094900000,219.05,219.168,218.965,219.15
1787095800000,219.07,219.293,218.99,219.2
1787096700000,219.29,219.338,219.175,219.28
1787097600000,219.29,219.29,218.61,218.68
1787098500000,218.61,218.91,218.34,218.87
1787099400000,218.91,219.31,218.91,219.28
1787100300000,219.29,219.46,219.08,219.08
1787101200000,219.07,219.8,219.01,219.69
1787102100000,219.7,219.97,219.62,219.93
1787103000000,219.92,219.99,219.56,219.72
1787103900000,219.71,219.79,219.62,219.7
1787104800000,219.7,219.77,219.19,219.29
1787105700000,219.27,219.55,219.09,219.09
1787106600000,219.15,219.2,218.99,219.11
1787107500000,219.08,219.24,219,219.11
1787108400000,219.12,219.36,219.12,219.17
1787109300000,219.19,219.42,219.19,219.24
1787110200000,219.25,219.55,219.21,219.35
1787111100000,219.36,219.4,219.17,219.17
1787112000000,219.18,219.2,219,219.09
1787112900000,219.1,219.13,218.89,219.09
1787113800000,219.07,219.09,218.8,218.89
1787114700000,218.91,219.09,218.73,219.07
1787115600000,219.06,219.33,218.77,218.87
1787116500000,218.83,219.1,218.76,219.08
1787117400000,219.1,219.11,218.8,218.83
1787118300000,218.89,218.92,218.72,218.83
1787119200000,218.81,218.82,218.64,218.66
1787120100000,218.66,219,218.66,218.67
1787121000000,218.68,218.8,218.51,218.59
1787121900000,218.63,219.42,218.63,219.4
1787122800000,219.37,219.5,219.06,219.4
1787123700000,219.41,219.73,219.28,219.67
1787124600000,219.66,219.79,219.5,219.73
1787125500000,219.72,220.11,219.72,220.09
1787126400000,220.63,221.1,219.33,221.01
1787127300000,220.99,221.121,220.667,220.74
1787128200000,220.6,220.89,220.455,220.69
1787129100000,220.85,220.912,220.449,220.89
1787130000000,220.49,220.705,220.386,220.43
1787130900000,220.515,220.645,220.231,220.275
1787131800000,220.42,220.6,220.137,220.43
1787132700000,220.25,220.52,220.138,220.3
1787133600000,220.07,220.52,219.829,220.15
1787134500000,220.378,220.554,220.17,220.41
1787135400000,220.36,220.823,220.34,220.36
1787136300000,220.653,220.742,220.207,220.23
1787137200000,220.16,220.544,220.03,220.03
1787138100000,220.21,220.259,220.065,220.2
1787139000000,220.04,220.23,219.535,219.62
1787139900000,219.6,219.84,219.518,219.814
1787140800000,219.812,220.564,219.652,220.564
1787141700000,220.64,220.69,220.155,220.17
1787142600000,219.91,221.004,219.821,220.97
1787143500000,220.96,221.317,220.73,221.18
1787144400000,221.15,221.608,221.037,221.6
1787145300000,221.603,222.004,220.97,221.738
1787146200000,221.745,222.87,219.375,219.98
1787147100000,219.98,220.47,217.92,218.697
1787148000000,218.675,218.81,216.89,216.931
1787148900000,216.927,218.17,216.76,218.17
1787149800000,218.2,219.525,217.97,219.38
1787150700000,219.354,219.925,218.945,219.871
1787151600000,219.91,219.94,219.05,219.255
1787152500000,219.255,219.66,218.89,219.275
1787153400000,219.23,219.31,218.81,219.263
1787154300000,219.267,219.41,218.64,219.31
1787155200000,219.312,220.645,219.27,220.167
1787156100000,220.161,220.32,219.36,219.423
1787157000000,219.38,219.52,219.1,219.315
1787157900000,219.3,219.43,218.8,218.951
1787158800000,218.946,219.28,218.8,219.015
1787159700000,219.011,219.31,218.76,218.992
1787160600000,218.99,219.3,218.865,219.219
1787161500000,219.216,219.46,219,219.15
1787162400000,219.14,219.77,218.76,219.11
1787163300000,219.08,219.151,218.66,219.14
1787164200000,219.152,219.8,219.15,219.637
1787165100000,219.635,219.72,219.34,219.449
1787166000000,219.46,219.83,219.43,219.638
1787166900000,219.634,220,219.525,219.555
1787167800000,219.56,219.84,218.8,218.89
1787168700000,218.87,218.894,217.02,217.449
1787169600000,217.48,217.813,217.48,217.675
1787170500000,217.675,217.815,217.62,217.807
1787171400000,217.89,217.92,217.806,217.82
1787172300000,217.8,218.088,217.8,218.01
1787173200000,218.05,218.292,218.039,218.24
1787174100000,218.2,218.333,218.087,218.2
1787175000000,218.164,218.205,218.075,218.08
1787175900000,218.08,218.35,218.08,218.325
1787176800000,218.75,218.779,218.231,218.75
1787177700000,218.69,218.728,218.552,218.65
1787178600000,218.76,218.76,218.55,218.65
1787179500000,218.588,218.643,218.56,218.595
1787180400000,218.87,218.871,218.595,218.87
1787181300000,218.727,218.8,218.695,218.725
1787182200000,218.69,218.94,218.69,218.94
1787183100000,218.83,218.99,218.805,218.99
1787184000000,218.91,218.91,218.42,218.75
1787184900000,218.8,219.12,218.79,218.89
1787185800000,218.88,219.05,218.68,218.9
1787186700000,218.93,219.12,218.86,219.08
1787187600000,219.06,219.2,218.89,219.1
1787188500000,219.04,219.23,218.97,219.04
1787189400000,219.04,219.29,218.99,219.28
1787190300000,219.27,219.33,219.11,219.19
1787191200000,219.2,219.43,219.12,219.23
1787192100000,219.2,219.2,218.72,218.79
1787193000000,218.76,219.09,218.7,219.05
1787193900000,219.03,219.06,218.83,219.02
1787194800000,219.01,219.27,218.94,219.05
1787195700000,219.07,219.21,218.99,219.02
1787196600000,218.96,219.01,218.79,218.99
1787197500000,218.99,219.09,218.91,218.99
1787198400000,218.97,219.23,218.92,219.12
1787199300000,219.12,219.16,218.95,218.95
1787200200000,218.95,219.11,218.78,219.11
1787201100000,219.09,219.21,218.94,218.97
1787202000000,218.95,219.01,218.77,218.84
1787202900000,218.88,219.1,218.83,218.97
1787203800000,218.97,219.04,218.87,218.96
1787204700000,218.96,219.05,218.89,218.91
1787205600000,218.94,219.21,218.92,219.17
1787206500000,219.16,219.16,218.96,219.1
1787207400000,219.08,219.45,219.06,219.36
1787208300000,219.38,219.5,219.1,219.36
1787209200000,219.35,219.43,219.14,219.26
1787210100000,219.26,219.35,219,219.03
1787211000000,219.03,219.15,218.93,218.99
1787211900000,219.01,219.29,219,219.2
1787212800000,218.98,219.152,218.445,218.79
1787213700000,218.29,218.588,218.25,218.25
1787214600000,218.2,218.415,217.987,218.1
1787215500000,218.31,218.319,217.94,218.04
1787216400000,218.44,218.565,217.976,218.44
1787217300000,218.38,218.548,218.212,218.495
1787218200000,218.39,218.501,218.271,218.39
1787219100000,218.53,218.594,218.36,218.53
1787220000000,218.431,218.6,218.403,218.6
1787220900000,218.58,218.625,218.476,218.58
1787221800000,218.572,218.654,218.498,218.5
1787222700000,218.53,218.76,218.5,218.74
1787223600000,218.51,218.793,218.351,218.52
1787224500000,218.37,218.595,218.038,218.1
1787225400000,218.19,218.277,218.051,218.06
1787226300000,218,218.2,217.36,217.36
1787227200000,217.26,217.385,216.642,216.65
1787228100000,216.636,217.13,216.467,216.99
1787229000000,216.79,217.385,216.644,217.35
1787229900000,217.39,217.908,217.301,217.84
1787230800000,217.89,218.229,217.876,218.05
1787231700000,217.92,218.51,217.891,218.21
1787232600000,218.362,219.84,217.185,219.15
1787233500000,219.145,219.23,217.4,217.685
1787234400000,217.76,218.065,217.11,217.868
1787235300000,217.85,217.91,216.72,217.54
1787236200000,217.505,218.99,217.41,218.85
1787237100000,218.825,218.895,217.26,217.71
1787238000000,217.73,218.295,217.27,217.56
1787238900000,217.562,217.65,216.65,216.784
1787239800000,216.788,216.94,215.93,215.972
1787240700000,215.95,216.295,215.675,216.258
1787241600000,216.28,216.73,216.25,216.42
1787242500000,216.395,216.96,216.29,216.86
1787243400000,216.85,217.06,216.58,216.864
1787244300000,216.867,217.99,216.75,217.85
1787245200000,217.837,217.94,216.79,216.82
1787246100000,216.842,216.89,216.21,216.3
1787247000000,216.298,216.47,216.19,216.46
1787247900000,216.44,216.98,216.43,216.77
1787248800000,216.78,216.84,216.42,216.58
1787249700000,216.582,216.94,216.37,216.905
1787250600000,216.9,216.995,216.47,216.574
1787251500000,216.54,216.77,216.49,216.624
1787252400000,216.617,217.08,216.53,216.865
1787253300000,216.88,217.45,216.76,217.44
1787254200000,217.435,217.435,216.825,216.913
1787255100000,216.81,217,216.7,217
1787256000000,216.893,217.1,216.745,216.926
1787256900000,216.86,217.035,216.8,216.84
1787257800000,217,217.068,216.922,217.01
1787258700000,217.003,217.031,216.986,217
1787259600000,216.99,217.085,216.99,217.06
1787260500000,217.05,217.124,217.025,217.059
1787261400000,217.059,217.09,217.05,217.07
1787262300000,217.07,217.17,217.061,217.155
1787263200000,217.05,217.21,216.99,217.01
1787264100000,217.018,217.099,217.005,217.049
1787265000000,217.08,217.124,217,217.1
1787265900000,217.21,217.215,217.115,217.2
1787266800000,217.15,217.199,217.135,217.15
1787267700000,217.19,217.2,217.136,217.19
1787268600000,217.14,217.171,217.117,217.14
1787269500000,217.172,217.175,217.025,217.03
1787270400000,217.12,217.39,216.63,217.38
1787271300000,217.37,217.41,217.15,217.19
1787272200000,217.18,217.36,217.13,217.36
1787273100000,217.36,217.66,217.33,217.41
1787274000000,217.41,217.47,217.08,217.35
1787274900000,217.33,217.51,217.17,217.36
1787275800000,217.33,217.66,217.28,217.63
1787276700000,217.63,217.7,217.54,217.64
1787277600000,217.63,217.69,217.53,217.68
1787278500000,217.65,217.93,217.61,217.93
1787279400000,217.91,218.09,217.89,217.97
1787280300000,217.96,218.11,217.85,217.86
1787281200000,217.86,217.89,217.74,217.77
1787282100000,217.8,217.87,217.75,217.76
1787283000000,217.78,217.89,217.74,217.75
1787283900000,217.73,217.78,217.63,217.68
1787284800000,217.67,217.86,217.66,217.85
1787285700000,217.85,217.85,217.47,217.47
1787286600000,217.47,217.51,217.34,217.49
1787287500000,217.51,217.63,217.49,217.54
1787288400000,217.54,217.65,217.48,217.6
1787289300000,217.6,217.73,217.54,217.57
1787290200000,217.53,217.71,217.47,217.47
1787291100000,217.49,217.64,217.39,217.64
1787292000000,217.64,217.65,217.51,217.63
1787292900000,217.65,217.69,217.57,217.66
1787293800000,217.66,217.83,217.63,217.67
1787294700000,217.65,217.77,217.59,217.7
1787295600000,217.72,217.99,217.55,217.85
1787296500000,217.86,218.07,217.83,217.98
1787297400000,217.95,218.22,217.94,218.06
1787298300000,218.06,218.18,217.96,217.99
1787299200000,218.25,218.25,217.03,218.25
1787300100000,217.835,218.03,217.721,217.881
1787301000000,217.879,218.25,217.876,218.165
1787301900000,218.27,218.43,218.165,218.38
1787302800000,217.74,218.285,213.214,213.51
1787303700000,215.606,216.527,215.601,216.453
1787304600000,216.454,216.832,216.361,216.751
1787305500000,216.75,217.31,216.74,217.31
1787306400000,217.45,217.501,217.221,217.5
1787307300000,217.5,217.636,217.26,217.59
1787308200000,217.57,217.635,217.306,217.51
1787309100000,217.6,217.63,217.466,217.55
1787310000000,217.51,217.838,217.32,217.83
1787310900000,217.77,218.289,217.72,218.21
1787311800000,218.22,218.608,218.166,218.26
1787312700000,218.327,218.45,218.04,218.051
1787313600000,218.02,218.217,217.91,217.99
1787314500000,217.98,218.127,217.799,217.97
1787315400000,218.2,218.26,217.75,217.78
1787316300000,218.03,218.154,217.832,217.91
1787317200000,217.867,217.872,217.45,217.49
1787318100000,217.48,218.633,216.9,218.29
1787319000000,218.41,218.74,216.76,216.88
1787319900000,216.91,217.38,215.92,216.48
1787320800000,216.49,216.75,215.24,215.415
1787321700000,215.4,215.61,214.6,214.645
1787322600000,214.65,215.3,214.51,214.87
1787323500000,214.895,215.18,214.66,214.86
1787324400000,214.86,215.78,214.84,215.765
1787325300000,215.755,215.935,215.4,215.857
1787326200000,215.854,217.025,215.76,216.706
1787327100000,216.715,216.82,215.92,216.2
1787328000000,216.23,216.345,215.695,215.71
1787328900000,215.723,215.94,215.43,215.703
1787329800000,215.699,215.81,215.48,215.8
1787330700000,215.784,215.784,215.02,215.295
1787331600000,215.29,215.61,215.22,215.39
1787332500000,215.38,215.384,214.65,215.09
1787333400000,215.095,215.61,214.905,215.6
1787334300000,215.586,215.94,215.56,215.813
1787335200000,215.79,216.13,215.66,215.72
1787336100000,215.785,215.96,215.365,215.375
1787337000000,215.35,215.43,215.03,215.03
1787337900000,215.034,215.37,215.025,215.315
1787338800000,215.315,215.465,214.915,214.964
1787339700000,214.962,215.2,214.73,214.887
1787340600000,214.88,215.34,214.88,215.28
1787341500000,215.29,215.47,214.56,214.75
1787342400000,214.692,214.959,214.692,214.942
1787343300000,214.941,215.123,214.92,215.08
1787344200000,215.1,215.123,215,215.01
1787345100000,215.06,215.065,215.022,215.06
1787346000000,215.04,215.066,215.024,215.04
1787346900000,215.065,215.065,215.033,215.06
1787347800000,215.034,215.123,215.025,215.115
1787348700000,215.119,215.175,215.106,215.175
1787349600000,215.175,215.24,215.081,215.224
1787350500000,215.226,215.29,215.185,215.275
1787351400000,215.3,215.3,215.27,215.3
1787352300000,215.3,215.4,215.27,215.4
1787353200000,215.41,215.43,215.34,215.41
1787354100000,215.36,215.446,215.32,215.36
1787355000000,215.44,215.455,215.358,215.4
1787355900000,215.357,215.4,215.355,215.365
1787356800000,215.44,215.44,215.44,215.44
1787357700000,215.44,215.45,215.39,215.39
1787358600000,215.45,215.47,215.39,215.39
1787359500000,215.47,215.47,215.39,215.39
1787360400000,215.47,215.58,215.3,215.42
1787361300000,215.58,215.67,215.4,215.53
1787362200000,215.68,215.68,215.51,215.56
1787363100000,215.61,215.63,215.56,215.56
1787364000000,215.63,215.7,215.54,215.6
1787364900000,215.65,215.69,215.51,215.54
1787365800000,215.69,215.69,215.69,215.69
1787366700000,215.54,215.77,215.13,215.13
1787367600000,215.22,215.29,215.22,215.29
1787368500000,215.29,215.77,215.29,215.62
1787369400000,215.76,215.81,215.67,215.81
1787370300000,215.78,215.8,215.07,215.07
1787371200000,215.4,215.44,215,215.05
1787372100000,215.13,215.13,215.08,215.08
1787373000000,215.13,216.69,215.08,216.05
1787373900000,216.22,216.33,216.02,216.02
1787374800000,216.24,216.24,215.54,215.88
1787375700000,215.81,216.31,215.81,216.11
1787376600000,216.32,216.34,216,216.26
1787377500000,216.32,216.34,216,216
1787378400000,216.28,216.32,215.66,215.92
1787379300000,216.32,216.32,215.58,216.18
1787380200000,216.24,216.29,215.51,215.82
1787381100000,216.23,216.33,215.67,216.24
1787382000000,216.33,216.48,215.67,215.88
1787382900000,216.49,216.55,215.84,216.2
1787383800000,216.32,216.34,216.26,216.26
1787384700000,216.34,216.42,215.6,216.09
1787385600000,216.33,216.36,216.32,216.35
1787386500000,216.35,216.36,216.32,216.36
1787387400000,216.32,216.36,216,216
1787388300000,216.22,216.34,215.87,216.23
1787389200000,216.3,216.39,215.78,215.78
1787390100000,216.36,216.36,215,215.14
1787391000000,215.18,215.22,214.89,214.92
1787391900000,214.95,214.95,214.92,214.92
1787392800000,214.95,215.09,214.9,215.02
1787393700000,215.02,215.02,215,215.02
1787394600000,215.05,215.07,214.88,215.06
1787395500000,215.06,215.13,214.91,215.13
1787396400000,215.13,215.26,215.03,215.11
1787397300000,215.14,215.28,215.07,215.07
1787398200000,215.15,215.29,215.06,215.06
1787399100000,215.26,215.31,215,215
1787400000000,215,215.27,214.92,215
1787400900000,215,215.1,214.88,214.99
1787401800000,214.91,215.04,214.83,214.98
1787402700000,214.84,215.35,214.77,215.26
1787403600000,215.23,215.58,215.13,215.5
1787404500000,215.6,215.67,215.53,215.59
1787405400000,215.66,215.76,215.6,215.65
1787406300000,215.7,215.7,215.63,215.63
1787407200000,215.7,215.72,215.49,215.67
1787408100000,215.7,215.72,215.65,215.65
1787409000000,215.7,215.76,215.6,215.71
1787409900000,215.71,215.73,215.69,215.69
1787410800000,215.72,215.75,215.45,215.65
1787411700000,215.61,215.61,215.16,215.42
1787412600000,215.45,215.45,215.42,215.42
1787413500000,215.44,215.46,215.4,215.4
1787415300000,215.45,215.45,215.19,215.2
1787416200000,215.24,215.27,215.11,215.11
1787417100000,215.26,215.29,215.09,215.09
1787418000000,215.08,215.31,215.06,215.06
1787418900000,215.04,215.08,215.02,215.02
1787419800000,215.08,215.17,214.92,214.98
1787420700000,214.98,215.05,214.9,214.9
1787421600000,215,215,215,215
1787422500000,215,215.05,214.88,214.9
1787423400000,214.95,214.97,214.86,214.9
1787424300000,214.9,214.95,214.89,214.89
1787425200000,214.95,215.03,214.89,214.9
1787427000000,215.03,215.14,214.89,215.14
1787427900000,215.14,215.67,215.07,215.67
1787428800000,215.68,215.7,215.47,215.47
1787429700000,215.72,215.75,215.47,215.47
1787430600000,215.47,215.47,215.47,215.47
1787433300000,215.76,215.76,215.76,215.76
1787435100000,215.77,215.77,215.71,215.71
1787436900000,215.75,215.76,215.69,215.69
1787439600000,215.76,215.85,215.46,215.77
1787441400000,215.8,215.8,215.75,215.75
1787442300000,215.8,215.82,215.7,215.74
1787444100000,215.74,215.82,215.74,215.77
1787445000000,215.8,215.85,215.75,215.85
1787445900000,215.75,215.8,215.66,215.8
1787446800000,215.8,215.97,215.66,215.97
1787447700000,216.02,216.02,215.45,215.78
1787448600000,215.79,215.94,215.76,215.91
1787449500000,215.91,216.16,215.86,216.16
1787450400000,216.17,216.2,216.06,216.06
1787451300000,216.21,216.21,216.06,216.2
1787452200000,216.2,216.26,216.06,216.24
1787453100000,216.19,216.24,216.19,216.24
1787454000000,216.24,216.32,216.06,216.12
1787454900000,216.12,216.41,216.12,216.34
1787455800000,216.25,216.28,216.21,216.28
1787456700000,216.21,216.46,216.21,216.3
1787457600000,216.43,216.43,216.43,216.43
1787458500000,216.43,216.55,216.38,216.49
1787459400000,216.52,216.52,216.52,216.52
1787460300000,216.52,216.69,216.47,216.62
1787462100000,216.62,216.66,216.62,216.66
1787463900000,216.66,216.75,216.61,216.61
1787464800000,216.61,216.79,216.6,216.79
1787465700000,216.72,216.72,216.6,216.61
1787466600000,216.61,216.73,216.53,216.53
1787467500000,216.7,216.78,216.68,216.68
1787468400000,216.85,216.85,216.69,216.73
1787469300000,216.84,216.93,216.77,216.79
1787470200000,216.83,216.85,216.79,216.79
1787471100000,216.79,216.89,216.74,216.74
1787472000000,216.77,216.94,216.72,216.91
1787472900000,216.91,217,216.81,216.81
1787473800000,216.81,217.16,216.72,217.04
1787474700000,217.01,217.02,216.98,217.02
1787475600000,216.98,217.14,216.88,217.03
1787476500000,217.01,217.01,216.84,216.84
1787477400000,216.87,216.9,216.82,216.82
1787478300000,216.87,216.97,216.72,216.96
1787479200000,216.99,216.99,216.84,216.84
1787480100000,216.98,216.98,216.98,216.98
1787481000000,216.96,216.96,216.71,216.71
1787481900000,216.98,217,216.87,216.87
1787482800000,216.99,217.04,216.89,217.04
1787483700000,217.05,217.07,216.99,216.99
1787484600000,216.87,217.07,216.79,217.07
1787485500000,217.19,217.19,217.09,217.13
1787486400000,217.15,217.21,217.08,217.21
1787487300000,217.2,217.88,217.2,217.76
1787488200000,217.85,218.02,217.76,218.02
1787489100000,218.07,218.11,217.97,217.97
1787490000000,218.11,218.11,218.06,218.06
1787490900000,218.09,218.11,218.09,218.11
1787491800000,218.11,218.2,218.04,218.09
1787492700000,218.14,218.22,217.19,218.03
1787493600000,218.09,218.26,217.98,218.26
1787494500000,218.27,218.3,218.17,218.17
1787495400000,218.31,218.62,218.31,218.5
1787496300000,218.64,218.8,218.47,218.79
1787497200000,218.79,218.92,217.87,217.89
1787498100000,217.93,218.28,217.41,217.85
1787499000000,217.85,217.96,217.8,217.91
1787499900000,218,218.17,217.96,218.14
1787500800000,218.14,218.31,218.11,218.11
1787501700000,218.34,218.54,218.16,218.3
1787502600000,218.44,218.44,218.44,218.44
1787503500000,218.3,218.54,218.3,218.53
1787504400000,218.53,218.55,218.49,218.55
1787505300000,218.55,218.63,218.37,218.55
1787506200000,218.57,218.69,218.44,218.61
1787507100000,218.61,218.73,218.59,218.63
1787508000000,218.72,218.79,218.72,218.75
1787508900000,218.82,218.84,218.73,218.73
1787509800000,218.88,219.28,218.84,219.21
1787510700000,219.21,219.23,219.13,219.13
1787511600000,219.23,219.29,219.13,219.13
1787512500000,219.13,219.13,219.13,219.13
1787513400000,219.3,219.38,219.12,219.12
1787514300000,219.36,219.36,219.36,219.36
1787516100000,219.36,219.48,219.31,219.45
1787517000000,219.41,219.45,219.41,219.45
1787517900000,219.45,219.47,219.39,219.39
1787518800000,219.49,219.49,219.39,219.39
1787519700000,219.48,219.48,219.34,219.34
1787520600000,219.45,219.45,219.45,219.45
1787521500000,219.45,219.45,219.45,219.45
1787522400000,219.45,219.45,218.6,218.76
1787523300000,218.76,218.85,218.65,218.65
1787524200000,218.91,218.91,218.91,218.91
1787525100000,218.91,218.91,218.91,218.91
1787526000000,218.67,218.89,218.14,218.14
1787526900000,218.29,218.41,218.22,218.22
1787527800000,218.43,218.57,218.22,218.47
1787528700000,218.6,218.6,218,218
1787529600000,217.75,218.01,216.49,216.77
1787530500000,216.81,216.81,216.09,216.21
1787531400000,216.19,216.55,216.1,216.4
1787532300000,216.39,216.81,216.39,216.76
1787533200000,216.72,216.96,216.48,216.94
1787534100000,216.92,217.04,216.84,216.95
1787535000000,216.96,216.96,216.64,216.74
1787535900000,216.72,216.74,216.49,216.53
1787536800000,216.52,216.58,216.12,216.55
1787537700000,216.49,216.62,216.35,216.6
1787538600000,216.6,216.64,216.5,216.59
1787539500000,216.6,216.7,216.4,216.61
1787540400000,216.62,216.65,216.09,216.19
1787541300000,216.2,216.2,215.84,215.98
1787542200000,215.95,216.15,215.79,215.79
1787543100000,215.8,216.04,215.75,215.9
1787544000000,215.87,216.25,215.87,216.24
1787544900000,216.24,216.38,216.06,216.13
1787545800000,216.13,216.32,216.08,216.31
1787546700000,216.32,216.4,216.15,216.18
1787547600000,216.15,216.35,216.03,216.28
1787548500000,216.21,216.25,215.49,215.52
1787549400000,215.52,215.81,215.34,215.56
1787550300000,215.49,215.55,215.25,215.28
1787551200000,215.28,215.34,214.88,214.94
1787552100000,214.97,215.26,214.75,215.15
1787553000000,215.15,215.25,214.87,214.95
1787553900000,214.97,215.23,214.89,215.08
1787554800000,215.08,215.49,214.96,215.35
1787555700000,215.36,215.49,215.19,215.38
1787556600000,215.36,215.52,215.06,215.06
1787557500000,215.1,215.18,214.81,214.9
1787558400000,215.365,215.365,214.433,215.227
1787559300000,214.86,215.226,214.65,214.65
1787560200000,214.931,215.132,214.874,214.996
1787561100000,214.97,215.105,214.85,214.97
1787562000000,215.041,215.109,214.681,214.987
1787562900000,214.8,214.999,214.795,214.8
1787563800000,214.843,215.107,214.807,215.075
1787564700000,215.08,215.207,215.04,215.08
1787565600000,215.1,215.4,214.858,214.941
1787566500000,214.934,215.084,214.835,215.015
1787567400000,215.015,215.27,214.71,214.71
1787568300000,214.63,214.769,214.395,214.4
1787569200000,214.45,214.682,212.9,213.25
1787570100000,213.69,214.136,213.282,214.01
1787571000000,214.73,214.87,214.052,214.73
1787571900000,214.53,214.65,214.265,214.58
1787572800000,214.5,214.55,214.23,214.31
1787573700000,214.35,214.682,214.252,214.63
1787574600000,214.74,215.023,214.32,214.81
1787575500000,214.828,215.536,214.801,215.284
1787576400000,215.39,215.436,214.974,215.34
1787577300000,215.36,215.91,215.171,215.21
1787578200000,215.435,215.536,209.705,209.92
1787579100000,209.9,210.23,209.01,209.65
1787580000000,209.685,210.09,208.88,209.24
1787580900000,209.3,209.71,208.61,209.36
1787581800000,209.34,210.32,209.31,209.87
1787582700000,209.865,210.12,209.53,209.689
1787583600000,209.691,210.35,208.98,209.184
1787584500000,209.17,209.94,208.88,209.848
1787585400000,209.85,210.345,209.59,210.18
1787586300000,210.19,210.71,209.94,210.24
1787587200000,210.25,210.49,210.01,210.386
1787588100000,210.387,211.02,210.34,210.686
1787589000000,210.7,210.73,210.135,210.25
1787589900000,210.28,210.28,209.59,209.7
1787590800000,209.708,210.195,209.63,210.036
1787591700000,210.04,210.047,209.17,209.279
1787592600000,209.29,209.7,209.195,209.569
1787593500000,209.568,209.68,209.49,209.585
1787594400000,209.565,209.895,209.565,209.84
1787595300000,209.83,210.4,209.7,210.395
1787596200000,210.395,210.475,209.725,209.795
1787597100000,209.785,209.799,209.22,209.309
1787598000000,209.28,209.57,209.11,209.44
1787598900000,209.487,209.55,209.2,209.36
1787599800000,209.372,209.49,208.45,208.611
1787600700000,208.614,208.68,207.41,208.45
1787601600000,208.441,208.55,208.19,208.395
1787602500000,208.32,208.428,208.13,208.19
1787603400000,208.12,208.589,208.11,208.495
1787604300000,208.37,208.68,208.345,208.62
1787605200000,208.68,208.697,208.524,208.649
1787606100000,208.651,208.738,208.651,208.725
1787607000000,208.725,208.92,208.725,208.92
1787607900000,208.91,208.94,208.78,208.78
1787608800000,208.82,208.92,208.652,208.74
1787609700000,208.65,208.695,208.603,208.65
1787610600000,208.654,208.73,208.654,208.715
1787611500000,208.74,208.75,208.66,208.74
1787612400000,208.7,208.881,208.68,208.84
1787613300000,208.91,208.94,208.74,208.8
1787614200000,208.69,208.747,208.624,208.69
1787615100000,208.63,208.89,208.52,208.89
1787616000000,208.86,208.95,208.43,208.51
1787616900000,208.47,208.71,207.97,208.67
1787617800000,208.68,209.01,208.63,209.01
1787618700000,209.01,209.11,208.86,209.09
1787619600000,209.09,209.19,208.94,209.02
1787620500000,209.02,209.1,208.78,209.03
1787621400000,209.06,209.28,208.99,209.17
1787622300000,209.2,209.38,209.15,209.17
1787623200000,209.16,209.3,209.09,209.21
1787624100000,209.2,209.47,209.17,209.41
1787625000000,209.4,209.47,209.24,209.32
1787625900000,209.28,209.37,209.14,209.14
1787626800000,209.14,209.37,209.08,209.34
1787627700000,209.36,209.54,209.31,209.54
1787628600000,209.54,209.6,209.46,209.46
1787629500000,209.49,209.53,209.4,209.52
1787630400000,209.52,209.76,209.51,209.73
1787631300000,209.73,209.96,209.67,209.96
1787632200000,209.98,210.01,209.78,209.94
1787633100000,209.96,210.06,209.72,210.03
1787634000000,210.03,210.16,209.98,210.07
1787634900000,210.03,210.21,209.98,210.17
1787635800000,210.19,210.36,210.15,210.24
1787636700000,210.22,210.51,210.19,210.42
1787637600000,210.41,210.61,210.34,210.37
1787638500000,210.38,210.86,210.38,210.73
1787639400000,210.72,210.73,210.43,210.62
1787640300000,210.61,210.63,210.37,210.55
1787641200000,210.54,210.72,210.49,210.56
1787642100000,210.57,210.6,210.22,210.43
1787643000000,210.43,210.5,210.31,210.44
1787643900000,210.44,210.56,210.22,210.29
1787644800000,210.44,210.489,209.099,210.44
1787645700000,210.3,210.881,210.152,210.58
1787646600000,210.686,210.827,210.573,210.756
1787647500000,210.759,210.945,210.759,210.865
1787648400000,210.79,211.458,210.79,211.34
1787649300000,211.42,211.425,210.761,211.06
1787650200000,210.88,211.14,210.77,211.14
1787651100000,211.1,211.437,211.095,211.342
1787652000000,211.24,211.399,211.075,211.33
1787652900000,211.22,211.345,211.14,211.14
1787653800000,211.2,211.345,210.907,211.01
1787654700000,211.01,211.139,210.839,210.85
1787655600000,210.82,210.833,210.01,210.36
1787656500000,210.29,210.614,210.211,210.5
1787657400000,210.63,210.805,210.538,210.61
1787658300000,210.54,210.96,210.52,210.9
1787659200000,210.876,211.174,210.618,211.174
1787660100000,211.06,211.34,211.056,211.28
1787661000000,211.28,211.28,211.029,211.16
1787661900000,211.01,211.17,211.01,211.14
1787662800000,211.07,211.236,210.99,211.19
1787663700000,211.157,211.451,210.99,211.035
1787664600000,210.99,212.76,210.1,212.64
1787665500000,212.63,214.67,212.563,213.535
1787666400000,213.47,213.84,212.57,213.4
1787667300000,213.41,213.87,211.815,211.874
1787668200000,211.865,211.94,211.1,211.545
1787669100000,211.495,211.9,210.94,211.02
1787670000000,211.03,211.15,210.22,210.37
1787670900000,211.229,211.229,211.229,211.229
1787671800000,211.223,211.41,210.95,211.316
1787672700000,211.31,211.85,210.89,211.647
1787673600000,211.65,211.92,211.46,211.87
1787674500000,211.86,212.29,211.849,212.22
1787675400000,212.228,212.48,211.945,212.202
1787676300000,212.202,212.59,212.05,212.174
1787677200000,212.176,212.37,211.73,211.98
1787678100000,211.96,212.45,211.91,212.25
1787679000000,212.28,212.47,212.215,212.29
1787679900000,212.295,212.515,212.15,212.38
1787680800000,212.377,212.39,211.91,211.929
1787681700000,211.928,212.3,211.86,212.256
1787682600000,212.27,212.95,212.257,212.82
1787683500000,212.845,213.3,212.83,213.17
1787684400000,213.16,213.43,212.15,212.21
1787685300000,212.23,212.35,211.7,212.047
1787686200000,212.03,212.765,211.895,212.45
1787687100000,212.46,213.21,212.24,212.96
1787688000000,213.14,213.382,213,213.34
1787688900000,213.34,213.912,213.289,213.81
1787689800000,213.8,213.83,213.37,213.41
1787690700000,213.37,213.615,213.305,213.589
1787691600000,213.59,213.648,213.46,213.54
1787692500000,213.7,213.9,213.54,213.86
1787693400000,213.89,213.922,213.787,213.92
1787694300000,213.875,213.995,213.86,213.875
1787695200000,213.975,214.3,213.93,214.169
1787696100000,214.14,214.171,213.95,214.16
1787697000000,214.1,214.205,214.069,214.1
1787697900000,214.17,214.191,214.1,214.18
1787698800000,214.03,214.175,213.976,214.03
1787699700000,214.01,214.03,213.832,213.86
1787700600000,213.8,213.93,213.75,213.75
1787701500000,213.75,213.79,213.519,213.63
1787702400000,213.67,213.81,213.26,213.51
1787703300000,213.54,213.75,213.22,213.27
1787704200000,213.27,213.34,212.83,212.96
1787705100000,212.95,213.14,212.72,212.81
1787706000000,212.81,213.13,212.78,212.94
1787706900000,212.93,213.08,212.6,212.77
1787707800000,212.77,212.97,212.69,212.81
1787708700000,212.86,213.11,212.68,213.09
1787709600000,213.1,213.17,213.01,213.14
1787710500000,213.15,213.59,213.15,213.56
1787711400000,213.56,213.8,213.41,213.8
1787712300000,213.8,214.11,213.72,213.81
1787713200000,213.82,213.95,213.72,213.93
1787714100000,213.93,213.99,213.76,213.78
1787715000000,213.77,214.05,213.69,213.96
1787715900000,213.97,214.26,213.96,214.13
1787716800000,214.14,214.31,213.94,214.08
1787717700000,214.08,214.12,213.98,214.1
1787718600000,214.09,214.13,213.78,213.81
1787719500000,213.8,213.85,213.56,213.81
1787720400000,213.83,214.08,213.79,213.87
1787721300000,213.83,213.94,213.76,213.9
1787722200000,213.92,214.09,213.81,213.86
1787723100000,213.9,213.94,213.62,213.83
1787724000000,213.83,213.93,213.57,213.57
1787724900000,213.59,213.61,213.47,213.57
1787725800000,213.57,213.81,213.47,213.76
1787726700000,213.8,214,213.71,213.91
1787727600000,213.89,213.93,213.39,213.55
1787728500000,213.56,213.56,213.36,213.5
1787729400000,213.46,213.68,213.35,213.62
1787730300000,213.62,213.76,213.42,213.5
1787731200000,213.684,214.017,213.522,213.681
1787732100000,213.678,213.816,213.37,213.816
1787733000000,213.74,213.82,213.661,213.72
1787733900000,213.76,213.76,213.531,213.658
1787734800000,213.658,213.707,213.606,213.664
1787735700000,213.49,213.725,213.426,213.45
1787736600000,213.52,213.687,213.509,213.679
1787737500000,213.64,213.765,213.64,213.75
1787738400000,213.74,213.775,213.6,213.6
1787739300000,213.7,213.717,213.58,213.7
1787740200000,213.8,213.905,213.456,213.82
1787741100000,213.81,213.941,213.802,213.81
1787742000000,213.91,213.981,213.52,213.61
1787742900000,213.75,213.869,213.486,213.54
1787743800000,213.58,213.607,212.78,212.78
1787744700000,212.807,213.023,212.489,212.985
1787745600000,212.99,213.043,212.62,212.87
1787746500000,212.72,213.277,212.62,213.21
1787747400000,212.92,213.293,212.59,212.8
1787748300000,212.6,212.831,212.413,212.62
1787749200000,212.546,212.71,212.175,212.439
1787750100000,212.41,213.3,212.186,212.35
1787751000000,212.51,213.53,210.8,212.86
1787751900000,212.91,213.59,211.945,212.64
1787752800000,212.648,212.651,211.44,211.506
1787753700000,211.502,211.502,210.19,210.547
1787754600000,210.54,210.92,210.1,210.805
1787755500000,210.795,211.41,210.75,211.17
1787756400000,211.15,211.51,210.85,211.07
1787757300000,211.08,211.14,210.595,211.099
1787758200000,211.098,211.31,210.85,211.273
1787759100000,211.23,211.43,210.59,210.61
1787760000000,210.62,210.66,209.77,209.89
1787760900000,209.87,210.38,209.81,210.175
1787761800000,210.166,210.325,209.51,209.703
1787762700000,209.715,209.89,209.46,209.852
1787763600000,209.87,210.095,209.723,210.05
1787764500000,210.035,210.25,210.01,210.07
1787765400000,210.07,210.63,209.9,210.46
1787766300000,210.464,210.635,210.24,210.563
1787767200000,210.562,210.915,210.18,210.268
1787768100000,210.255,210.84,210.16,210.79
1787769000000,210.795,211,210.48,210.52
1787769900000,210.536,211.16,210.52,211.045
1787770800000,211.059,211.34,210.87,210.945
1787771700000,210.947,211.21,210.745,210.88
1787772600000,210.88,210.95,209.59,209.63
1787773500000,209.605,210.13,209.24,209.77
1787774400000,209.88,210.417,209.69,210.41
1787775300000,210.413,211.19,203.51,207.001
1787776200000,206.988,208.25,205.29,207.262
1787777100000,207.18,210.51,207.18,210.3
1787778000000,210.63,220.26,208.5,219.21
1787778900000,219.1,219.51,215.28,217.39
1787779800000,217.49,219.61,217.26,219.27
1787780700000,219.119,220.81,218.29,219.024
1787781600000,218.69,219.6,217.86,218.33
1787782500000,218.49,218.57,217.51,218.01
1787783400000,217.98,218.72,217.925,218.66
1787784300000,218.67,218.91,218.241,218.51
1787785200000,218.661,218.67,217.835,218.248
1787786100000,218.24,218.569,218.06,218.16
1787787000000,218.09,218.31,218.027,218.29
1787787900000,218.31,219.6,218.265,219.57
1787788800000,219.03,219.74,218.66,218.75
1787789700000,218.75,219.56,218.61,219.56
1787790600000,219.52,219.54,218.79,219
1787791500000,219,219.14,218.74,218.83
1787792400000,218.81,219.57,218.77,219.11
1787793300000,219.09,219.91,219.04,219.84
1787794200000,219.84,221.37,219.76,220.59
1787795100000,220.61,222.12,220.57,221.65
1787796000000,221.68,221.89,221.33,221.57
1787796900000,221.58,221.63,220.99,221.21
1787797800000,221.25,221.45,220.66,220.78
1787798700000,220.77,221.13,220.64,220.99
1787799600000,220.97,221.23,220.82,220.95
1787800500000,220.96,221.73,220.8,221.53
1787801400000,221.54,221.59,221,221.04
1787802300000,221.02,221.49,221,221.47
1787803200000,221.44,221.58,221.17,221.36
1787804100000,221.37,221.7,221.11,221.26
1787805000000,221.26,221.27,220.99,221.12
1787805900000,221.12,221.31,221.04,221.15
1787806800000,221.16,221.26,220.81,221
1787807700000,220.99,221.27,220.79,220.95
1787808600000,220.95,221.12,220.44,220.45
1787809500000,220.48,221.28,220.39,221.17
1787810400000,221.15,221.16,219.79,220.12
1787811300000,220.13,220.24,219.22,219.45
1787812200000,219.45,219.93,219.22,219.91
1787813100000,219.87,220.79,219.85,220.73
1787814000000,220.73,221.74,220.33,221.52
1787814900000,221.52,222.11,221.45,222.08
1787815800000,222.05,222.23,221.52,221.56
1787816700000,221.58,222.24,221.57,222.16
1787817600000,222.06,224.28,219.927,224.11
1787818500000,224.38,225.84,223.666,225.82
1787819400000,225.84,225.85,224.74,225.345
1787820300000,225.61,226.71,225.3,226.5
1787821200000,226.09,226.365,224.94,225.01
1787822100000,225.011,225.2,224.62,224.737
1787823000000,224.8,225.311,224.63,225.05
1787823900000,225.3,225.36,224.523,224.59
1787824800000,224.45,224.787,224.348,224.6
1787825700000,225.02,225.05,223.987,224.01
1787826600000,223.97,224.818,223.934,224.66
1787827500000,224.84,224.98,223.75,223.75
1787828400000,223.7,223.9,222.99,223.39
1787829300000,223.31,223.435,222.338,222.35
1787830200000,222.336,222.47,221.72,222.308
1787831100000,222.22,222.52,221.59,222.43
1787832000000,222.39,222.72,221.99,222.29
1787832900000,222.5,223.648,222.264,223.25
1787833800000,223.31,223.5,222.56,222.56
1787834700000,222.611,223.048,221.51,222.155
1787835600000,222.23,223.35,221.75,223.29
1787836500000,223.2,223.923,222.51,222.68
1787837400000,222.75,225.81,220.93,224.95
1787838300000,224.95,225.22,222.3,224.245
1787839200000,224.226,225.92,223.96,225.362
1787840100000,225.39,226.41,224.23,225.67
1787841000000,225.76,226.24,223.48,224.61
1787841900000,224.63,226.98,224.38,226.95
1787842800000,226.889,227.31,225.04,225.642
1787843700000,225.75,226.045,225.2,225.442
1787844600000,225.47,226.25,224.91,225.35
1787845500000,225.36,226.77,224.84,226.19
1787846400000,226.235,227.765,226.18,227.394
1787847300000,227.398,228.63,227.255,228.496
1787848200000,228.497,229.86,228.32,229.514
1787849100000,229.49,229.7,228.89,229.68
1787850000000,229.68,230,229.41,229.97
1787850900000,229.971,230.47,229.19,229.255
1787851800000,229.252,229.585,228.92,228.956
1787852700000,228.956,228.962,228.24,228.353
1787853600000,228.265,228.341,227.41,227.58
1787854500000,227.555,227.9,226.09,226.09
1787855400000,226.138,226.95,225.67,226.807
1787856300000,226.815,226.825,225.37,226.134
1787857200000,226.137,226.64,225.61,225.906
1787858100000,225.81,227.465,225.81,227.19
1787859000000,227.227,228.795,226.95,228.275
1787859900000,228.26,228.99,227.67,227.67
1787860800000,227.987,227.987,226.88,226.923
1787861700000,226.924,227.06,226.687,226.762
1787862600000,226.79,227,226.6,226.91
1787863500000,226.9,226.988,226.736,226.89
1787864400000,226.77,227.01,226.76,226.9
1787865300000,226.76,227.24,226.715,227
1787866200000,226.899,226.964,226.645,226.725
1787867100000,226.65,226.748,225.86,225.99
1787868000000,226.19,226.2,225.84,225.84
1787868900000,226.21,226.443,225.88,226.3
1787869800000,226.4,226.5,226.373,226.43
1787870700000,226.431,226.431,226.278,226.323
1787871600000,226.31,226.423,226.163,226.17
1787872500000,226.12,226.2,226.036,226.11
1787873400000,226.01,226.144,225.99,225.99
1787874300000,226.25,226.317,226.09,226.09
1787875200000,226.65,226.65,225.98,226.54
1787876100000,226.54,226.54,226.19,226.29
1787877000000,226.27,226.41,226.13,226.38
1787877900000,226.37,226.61,226.25,226.25
1787878800000,226.24,226.54,226.18,226.41
1787879700000,226.41,226.65,226.35,226.6
1787880600000,226.6,226.79,226.47,226.61
1787881500000,226.54,226.86,226.48,226.82
1787882400000,226.85,226.91,226.62,226.67
1787883300000,226.68,226.87,226.67,226.75
1787884200000,226.72,226.72,226.3,226.31
1787885100000,226.3,226.54,226.18,226.36
1787886000000,226.38,226.93,226.38,226.89
1787886900000,226.9,227.01,226.85,226.96
1787887800000,226.96,226.97,226.52,226.53
1787888700000,226.55,226.66,226.46,226.54
1787889600000,226.53,226.71,226.35,226.65
1787890500000,226.63,226.71,226.62,226.66
1787891400000,226.65,226.69,226.53,226.6
1787892300000,226.59,226.69,226.56,226.64
1787893200000,226.61,226.61,226.41,226.45
1787894100000,226.43,226.49,226.21,226.36
1787895000000,226.36,226.42,226.19,226.35
1787895900000,226.33,226.35,226.14,226.19
1787896800000,226.17,226.37,226.14,226.25
1787897700000,226.22,226.55,226.21,226.34
1787898600000,226.35,226.57,226.24,226.51
1787899500000,226.5,227.08,226.49,227.07
1787900400000,227.07,227.09,226.45,226.54
1787901300000,226.55,226.67,226.39,226.61
1787902200000,226.62,226.67,226.35,226.35
1787903100000,226.35,226.64,226.21,226.32
1787904000000,226.19,226.402,225.473,225.56
1787904900000,225.575,225.683,225.332,225.569
1787905800000,225.57,225.678,225.431,225.46
1787906700000,225.33,225.484,225.225,225.39
1787907600000,225.42,225.98,225.376,225.78
1787908500000,225.739,225.791,225.625,225.741
1787909400000,225.5,225.78,225.5,225.5
1787910300000,225.8,226.19,225.731,226.19
1787911200000,226,226.229,225.9,225.97
1787912100000,226.4,226.536,226.165,226.37
1787913000000,226.506,226.972,226.493,226.749
1787913900000,226.748,226.875,226.71,226.823
1787914800000,226.98,227.097,226.66,226.66
1787915700000,227,227.485,226.893,227.31
1787916600000,227.39,227.5,226.75,226.75
1787917500000,226.82,227.044,226.66,226.696
1787918400000,226.67,227.193,226.66,227.155
1787919300000,226.96,227.818,226.901,227.75
1787920200000,227.74,227.821,227.23,227.31
1787921100000,227.48,227.94,227.31,227.94
1787922000000,227.875,228.621,227.6,228.608
1787922900000,228.59,228.69,226.99,227.33
1787923800000,227.29,229.25,226.09,228.18
1787924700000,228.105,228.32,224.68,225.28
1787925600000,225.31,225.8,223.24,223.53
1787926500000,223.58,225.52,223.478,225.098
1787927400000,225.18,225.79,224.475,225.46
1787928300000,225.525,226.895,225.355,226.73
1787929200000,226.74,226.78,224.11,224.306
1787930100000,224.307,224.45,223.49,224.02
1787931000000,223.99,224.18,222.64,223.033
1787931900000,223,223.11,221.065,221.33
1787932800000,221.355,221.37,220.38,220.79
1787933700000,220.75,220.87,219.95,220.169
1787934600000,220.195,220.64,219.77,220.049
1787935500000,220.057,220.93,219.76,219.805
1787936400000,219.78,219.84,217.91,218.69
1787937300000,218.688,219.305,218.49,218.693
1787938200000,218.692,219.405,218.49,219.045
1787939100000,219.009,219.84,218.92,219.37
1787940000000,219.355,219.46,218.45,218.622
1787940900000,218.56,218.73,218.07,218.44
1787941800000,218.39,218.68,217.71,218
1787942700000,217.976,218.01,216.82,217.36
1787943600000,217.308,217.58,216.93,217.24
1787944500000,217.25,217.59,216.96,217.291
1787945400000,217.305,217.56,216.95,217.21
1787946300000,217.202,218.44,216.93,217.535
1787947200000,217.515,217.91,217.474,217.765
1787948100000,217.767,218.002,217.74,217.885
1787949000000,217.887,217.92,217.52,217.679
1787949900000,217.74,217.8,217.67,217.73
1787950800000,217.75,217.781,217.67,217.77
1787951700000,217.76,217.774,217.581,217.68
1787952600000,217.68,217.71,217.6,217.71
1787953500000,217.7,217.84,217.7,217.81
1787954400000,217.81,217.84,217.72,217.77
1787955300000,217.93,217.94,217.793,217.93
1787956200000,217.87,217.97,217.87,217.96
1787957100000,217.89,217.944,217.855,217.89
1787958000000,217.875,217.945,217.875,217.935
1787958900000,217.935,217.955,217.905,217.91
1787959800000,217.91,217.995,217.865,217.99
1787960700000,218.03,218.12,217.866,217.92
1787961600000,217.868,217.873,217.868,217.873
1787962500000,218.07,218.07,217.74,218
1787963400000,218,218,217.67,217.67
1787964300000,218,218,217.47,217.66
1787965200000,217.52,218,217.52,217.67
1787966100000,217.67,218,217.67,218
1787967000000,218,218.13,217.5,217.92
1787967900000,218.1,218.21,217.87,218.21
1787968800000,218.15,218.19,218.13,218.19
1787969700000,218.2,218.29,218.01,218.14
1787970600000,218.3,218.44,218.11,218.11
1787971500000,218.37,218.44,218.04,218.34
1787972400000,218.41,218.45,218.15,218.15
1787973300000,218.48,218.7,218.22,218.41
1787974200000,218.63,218.64,218.44,218.44
1787975100000,218.66,218.71,218.44,218.45
1787976000000,218.7,218.78,218.45,218.7
1787976900000,218.75,218.85,218.58,218.76
1787977800000,218.79,218.87,218.54,218.75
1787978700000,218.79,218.98,218.56,218.71
1787979600000,218.72,218.91,218.62,218.8
1787980500000,218.86,218.93,218.67,218.86
1787981400000,218.74,218.96,218.62,218.79
1787982300000,218.85,218.96,218.62,218.89
1787983200000,218.71,219.05,218.71,218.98
1787984100000,219.07,219.07,218.76,218.86
1787985000000,218.96,219,218.76,218.88
1787985900000,218.86,219.06,218.78,218.98
1787986800000,218.98,219.08,218.77,218.84
1787987700000,219,219.1,218.95,218.95
1787988600000,219.11,219.13,218.76,219.05
1787989500000,219.05,219.05,218.65,218.87
1787990400000,218.86,219.2,218.83,219.09
1787991300000,219.18,219.18,218.89,218.9
1787992200000,219.03,219.14,218.85,218.95
1787993100000,219.1,219.1,218.77,218.82
1787994000000,218.85,219.07,218.78,219.05
1787994900000,219.06,219.07,218.76,218.76
1787995800000,219.07,219.07,218.74,218.75
1787996700000,219.04,219.06,218.74,218.75
1787997600000,219.03,219.03,218.62,218.63
1787998500000,218.6,218.62,218.26,218.27
1787999400000,218.32,218.44,218.19,218.19
1788000300000,218.46,218.55,218.19,218.55
1788001200000,218.47,218.61,218.47,218.47
1788002100000,218.5,218.63,218.38,218.38
1788003000000,218.54,218.57,218.38,218.46
1788003900000,218.52,218.62,218.33,218.33
1788004800000,218.55,218.58,218.33,218.33
1788005700000,218.51,218.56,218.3,218.3
1788006600000,218.45,218.6,218.3,218.46
1788007500000,218.49,218.82,218.3,218.79
1788008400000,218.79,218.87,218.7,218.86
1788009300000,218.86,218.9,218.76,218.82
1788010200000,218.82,218.96,218.7,218.7
1788011100000,218.96,219.11,218.79,218.84
1788012000000,219.06,219.12,218.79,218.84
1788012900000,219.12,219.25,219.04,219.18
1788013800000,219.22,219.22,218.26,218.48
1788014700000,218.5,218.68,218.41,218.59
1788015600000,218.59,219.26,218.52,218.96
1788016500000,219.12,220.01,219.11,219.87
1788017400000,219.97,219.97,218.99,218.99
1788018300000,219.07,219.26,218.99,219.01
1788019200000,219.15,219.38,218.97,219.1
1788020100000,219.28,219.42,219.08,219.35
1788021000000,219.31,219.4,219.06,219.19
1788021900000,219.17,219.41,219.14,219.16
1788022800000,219.39,219.4,218.96,218.99
1788023700000,219.1,219.28,218.94,219.09
1788024600000,219.08,219.24,218.85,218.98
1788025500000,218.96,219.17,218.84,219.09
1788026400000,219.12,219.25,218.86,219.18
1788027300000,219.18,219.28,219.01,219.2
1788028200000,219.24,219.25,218.9,218.93
1788029100000,219.05,219.14,218.89,219
1788030000000,219.01,219.05,218.89,218.89
1788030900000,219.05,219.21,218.91,219
1788031800000,219.15,219.23,218.91,219.05
1788032700000,219.05,219.21,218.86,219.11
1788033600000,219.11,219.21,218.86,219.2
1788034500000,219.2,219.2,218.73,218.84
1788035400000,218.98,218.98,218.89,218.9
1788036300000,218.97,219.09,218.73,218.73
1788037200000,218.93,219.03,218.73,218.95
1788038100000,219.02,219.02,218.89,218.89
1788039000000,219.02,219.1,218.79,219.01
1788039900000,219.04,219.16,218.81,218.89
1788040800000,219.12,219.13,218.6,218.65
1788042600000,218.75,218.86,218.65,218.76
1788043500000,218.8,218.82,218.74,218.74
1788044400000,218.82,218.92,218.6,218.71
1788045300000,218.66,218.75,218.6,218.61
1788047100000,218.75,218.75,218.65,218.65
1788048000000,218.72,218.73,218.6,218.6
1788049800000,218.73,218.81,218.62,218.71
1788050700000,218.73,218.87,218.6,218.79
1788051600000,218.86,218.92,218.68,218.68
1788052500000,218.74,218.76,218.59,218.75
1788053400000,218.76,218.77,218.59,218.59
1788054300000,218.76,218.84,218.59,218.7
1788055200000,218.8,218.9,218.58,218.76
1788056100000,218.84,218.96,218.69,218.81
1788057900000,218.81,218.97,218.7,218.84
1788058800000,218.91,218.94,218.81,218.88
1788059700000,218.91,219.01,218.63,218.9
1788060600000,218.95,219.03,218.85,218.94
1788061500000,219.02,219.07,218.94,218.96
1788062400000,218.96,219.1,218.85,218.91
1788063300000,219.14,219.14,218.91,219.01
1788064200000,219.05,219.17,218.88,219.12
1788065100000,219.08,219.18,218.84,218.84
1788066000000,219.19,219.19,218.96,218.96
1788066900000,219.13,219.19,218.93,219.1
1788067800000,219.09,219.21,218.97,218.99
1788068700000,219.19,219.21,219.13,219.13
1788069600000,219.14,219.26,219.07,219.19
1788070500000,219.29,219.37,219.11,219.21
1788071400000,219.23,219.34,219.09,219.09
1788072300000,219.1,219.3,218.67,218.86
1788073200000,218.86,219.03,218.81,218.94
1788074100000,219.06,219.13,218.79,219.11
1788075000000,219.05,219.19,218.94,218.94
1788075900000,219.19,219.39,218.93,219.25
1788076800000,219.37,219.46,219.18,219.33
1788077700000,219.38,219.51,219.27,219.33
1788078600000,219.27,219.44,219.18,219.43
1788079500000,219.44,219.44,219.4,219.4
1788080400000,219.44,219.54,219.31,219.53
1788081300000,219.53,219.57,219.34,219.36
1788082200000,219.36,219.59,219.33,219.49
1788083100000,219.49,219.49,219.49,219.49
1788084000000,219.57,219.62,219.33,219.55
1788084900000,219.6,219.62,219.34,219.34
1788085800000,219.6,219.61,218.8,218.85
1788086700000,218.86,219.11,218.79,218.95
1788087600000,218.96,219.13,218.91,219.13
1788088500000,219.1,219.13,218.91,219.07
1788089400000,219.04,219.14,218.85,219.08
1788090300000,219.1,219.19,218.99,219.08
1788091200000,219.06,219.19,218.84,218.84
1788092100000,218.99,219.02,218.79,218.79
1788093000000,218.79,218.93,218.74,218.85
1788093900000,218.84,218.89,218.83,218.84
1788094800000,218.94,219,218.83,218.87
1788095700000,218.95,218.95,218.87,218.94
1788096600000,218.95,218.95,218.94,218.94
1788097500000,218.95,219.02,218.76,219.02
1788098400000,219.02,219.11,218.87,219.01
1788099300000,219.01,219.26,218.94,219.2
1788100200000,219.21,219.28,218.96,218.96
1788101100000,219.17,219.22,218.94,219.12
1788102000000,219.12,219.22,218.63,218.8
1788102900000,218.82,218.89,218.59,218.77
1788103800000,218.78,218.95,218.58,218.81
1788104700000,218.82,219.03,218.69,218.88
1788105600000,218.87,219.96,218.81,219.77
1788106500000,219.8,220,219.18,219.47
1788107400000,219.42,219.45,218.9,219.06
1788108300000,219.11,219.47,218.81,219.15
1788109200000,219.24,219.48,218.8,218.87
1788110100000,219,219.15,218.8,219.09
1788111000000,219.06,219.15,219.01,219.03
1788111900000,219.09,219.3,218.9,219.2
1788112800000,219.23,219.42,219.14,219.26
1788113700000,219.3,219.38,219.1,219.27
1788114600000,219.3,219.39,219.13,219.13
1788115500000,219.14,219.38,219.1,219.17
1788116400000,219.38,219.42,219.26,219.32
1788117300000,219.39,219.41,219.32,219.39
1788118200000,219.39,219.56,219.17,219.17
1788119100000,219.38,219.47,219.14,219.44
1788120000000,219.39,219.56,219.22,219.46
1788120900000,219.48,219.49,219.44,219.44
1788121800000,219.49,219.54,219.3,219.31
1788122700000,219.3,219.3,219.3,219.3
1788123600000,219.54,219.67,219.3,219.55
1788124500000,219.59,219.7,219.35,219.62
1788125400000,219.62,219.62,219.62,219.62
1788126300000,219.6,219.6,219.56,219.56
1788127200000,219.56,219.56,218.27,218.33
1788128100000,218.37,218.51,218.22,218.28
1788129900000,218.29,218.39,218.29,218.39
1788130800000,218.29,218.47,218.22,218.36
1788131700000,218.34,218.34,218.11,218.23
1788132600000,218.23,218.37,218.2,218.2
1788133500000,218.37,218.47,218.11,218.11
1788134400000,217.55,217.56,215.83,217.13
1788135300000,217.17,217.43,217.04,217.06
1788136200000,217.05,217.76,217.04,217.7
1788137100000,217.71,218.34,217.57,217.86
1788138000000,217.83,217.83,217.1,217.41
1788138900000,217.39,217.61,217.22,217.52
1788139800000,217.44,217.52,216.98,216.98
1788140700000,216.98,217.25,216.96,217.25
1788141600000,217.24,217.63,217.16,217.58
1788142500000,217.57,217.57,217.01,217.28
1788143400000,217.28,217.32,217.01,217.11
1788144300000,217.14,217.51,217.12,217.51
1788145200000,217.51,217.72,217.38,217.7
1788146100000,217.69,217.74,217.51,217.55
1788147000000,217.55,217.67,217.43,217.62
1788147900000,217.62,217.68,217.47,217.62
1788148800000,217.62,217.65,217.45,217.54
1788149700000,217.54,217.55,217.37,217.45
1788150600000,217.45,217.9,217.35,217.79
1788151500000,217.76,218,217.61,217.97
1788152400000,217.97,218.4,217.91,218.38
1788153300000,218.38,218.64,218.34,218.55
1788154200000,218.53,218.66,218.33,218.5
1788155100000,218.49,218.79,218.44,218.79
1788156000000,218.79,218.91,218.58,218.84
1788156900000,218.84,219,218.79,218.89
1788157800000,218.86,219.03,218.8,218.88
1788158700000,218.88,219.14,218.88,219.05
1788159600000,219.04,219.09,218.85,218.86
1788160500000,218.87,218.87,218.58,218.66
1788161400000,218.65,219.08,218.65,218.92
1788162300000,218.9,218.97,217.874,218.94
1788163200000,218.032,219.125,218.032,218.894
1788164100000,218.894,218.926,218.64,218.775
1788165000000,218.93,218.958,218.745,218.93
1788165900000,219,219.174,218.863,219.15
1788166800000,219.24,219.301,218.772,219.24
1788167700000,219.206,219.283,219.112,219.157
1788168600000,219.18,219.18,218.99,218.99
1788169500000,218.88,219.095,218.592,218.7
1788170400000,218.65,218.895,218.505,218.55
1788171300000,218.64,219.135,218.545,219.11
1788172200000,218.98,219.135,218.75,218.94
1788173100000,219.17,219.203,219.026,219.11
1788174000000,218.95,219.043,218.5,218.5
1788174900000,218.84,218.965,218.49,218.89
1788175800000,218.67,218.949,218.581,218.61
1788176700000,218.77,218.793,218.535,218.77
1788177600000,218.8,219.01,218.713,218.72
1788178500000,218.99,219.08,218.5,218.73
1788179400000,218.59,218.922,218.49,218.49
1788180300000,218.54,218.659,218.12,218.18
1788181200000,218.16,218.428,217.73,218.25
1788182100000,218.21,218.934,218.117,218.81
1788183000000,218.94,219.31,216.21,218.02
1788183900000,218.027,219.02,217.6,218.835
1788184800000,218.925,220.19,218.42,220.18
1788185700000,220.18,220.37,219.385,220.07
1788186600000,220.03,220.6,219.67,219.92
1788187500000,219.965,220.09,219.26,219.73
1788188400000,219.75,220.01,219.14,219.25
1788189300000,219.245,220.53,219.13,220.285
1788190200000,220.25,220.28,219.53,219.74
1788191100000,219.72,220.37,219.41,219.5
1788192000000,219.486,219.77,219.12,219.73
1788192900000,219.75,220.3,219.62,220.21
1788193800000,220.27,220.295,219.73,219.73
1788194700000,219.745,220.19,219.65,220.19
1788195600000,220.18,220.27,219.78,219.78
1788196500000,219.808,219.93,219.34,219.366
1788197400000,219.365,219.715,219.13,219.65
1788198300000,219.665,220.03,219.512,219.545
1788199200000,219.61,219.76,219.305,219.34
1788200100000,219.335,219.61,218.905,218.95
1788201000000,218.95,218.96,217.8,218.106
1788201900000,218.155,218.81,217.71,218.58
1788202800000,218.61,219.17,218.59,218.945
1788203700000,218.98,219.855,218.76,219.83
1788204600000,219.815,220.03,219.6,219.965
1788205500000,219.95,221.28,219.27,220.86
1788206400000,220.8,220.904,220.501,220.52
1788207300000,220.48,220.79,220.454,220.79
1788208200000,220.75,220.789,220.59,220.68
1788209100000,220.69,220.698,220.616,220.653
1788210000000,220.653,220.655,220.515,220.52
1788210900000,220.52,220.689,220.504,220.63
1788211800000,220.68,220.68,220.565,220.595
1788212700000,220.53,220.65,220.525,220.53
1788213600000,220.52,220.549,220.281,220.29
1788214500000,220.328,220.371,220.32,220.34
1788215400000,220.34,220.465,220.34,220.36
1788216300000,220.27,220.431,220.265,220.27
1788217200000,220.23,220.28,220.205,220.25
1788218100000,220.26,220.41,220.19,220.359
1788219000000,220.31,220.405,220.275,220.31
1788219900000,220.34,220.379,220.237,220.25
1788220800000,220.25,220.6,220.01,220.06
1788221700000,220.04,220.27,219.89,220.21
1788222600000,220.21,220.39,220.14,220.28
1788223500000,220.27,220.46,220.25,220.35
1788224400000,220.36,220.51,220.22,220.3
1788225300000,220.3,220.36,220.15,220.21
1788226200000,220.2,220.3,220.05,220.2
1788227100000,220.2,220.21,220.11,220.15
1788228000000,220.14,220.19,220.05,220.17
1788228900000,220.17,220.2,220,220.01
1788229800000,220.01,220.07,219.69,219.7
1788230700000,219.71,220.18,219.62,220.18
1788231600000,220.14,220.19,219.91,220
1788232500000,220,220.04,219.8,219.87
1788233400000,219.88,220.06,219.88,219.92
1788234300000,219.91,220.01,219.89,219.95
1788235200000,219.96,220.17,219.96,220.13
1788236100000,220.14,220.35,220.13,220.34
1788237000000,220.34,220.38,220.11,220.12
1788237900000,220.12,220.29,220.03,220.06
1788238800000,220.06,220.11,220,220.05
1788239700000,220.04,220.18,219.98,220.18
1788240600000,220.13,220.5,220.13,220.45
1788241500000,220.47,220.87,220.42,220.75
1788242400000,220.81,220.89,220.71,220.78
1788243300000,220.77,220.77,220.34,220.35
1788244200000,220.34,220.59,220.34,220.56
1788245100000,220.55,220.6,220.36,220.45
1788246000000,220.46,220.65,220.37,220.62
1788246900000,220.62,220.65,220.49,220.49
1788247800000,220.5,220.5,219.97,220.02
1788248700000,220.04,220.14,219.88,219.98
1788249600000,219.45,220.265,218.907,219.13
1788250500000,218.66,219.148,218.456,218.6
1788251400000,218.26,218.677,218.258,218.48
1788252300000,218.36,218.555,217.932,218.01
1788253200000,217.93,217.984,217.59,217.87
1788254100000,217.76,217.887,217.588,217.64
1788255000000,218.02,218.36,217.619,217.96
1788255900000,218.18,218.417,218.15,218.15
1788256800000,218.36,218.36,218.118,218.36
1788257700000,218.17,218.454,218.131,218.31
1788258600000,218.33,218.34,218.172,218.24
1788259500000,218.11,218.18,217.798,217.89
1788260400000,217.89,218.123,217.716,217.76
1788261300000,217.84,218.022,217.75,217.98
1788262200000,218.09,218.254,217.929,218.22
1788263100000,218.06,218.2,217.26,217.39
1788264000000,217.49,217.663,217.26,217.62
1788264900000,217.68,217.754,217.437,217.5
1788265800000,217.45,217.51,216.942,217.1
1788266700000,217.21,217.28,216.89,217.03
1788267600000,217.02,217.113,216.807,216.96
1788268500000,216.78,217.166,216.75,217.025
1788269400000,216.75,217.3,215.11,215.718
1788270300000,215.62,217.42,215.58,216.96
1788271200000,216.99,218.07,216.78,217.875
1788272100000,217.91,218.37,217.59,217.69
1788273000000,217.64,218.11,217.55,217.995
1788273900000,217.986,218.57,217.65,218.043
1788274800000,218.04,218.53,217.7,218
1788275700000,217.91,218.8,217.88,218.795
1788276600000,218.815,219.535,218.72,219.52
1788277500000,219.51,220.4,219.42,220.25
1788278400000,220.26,220.29,219.59,219.79
1788279300000,219.795,219.92,219.1,219.585
1788280200000,219.605,219.75,219.09,219.09
1788281100000,219.09,219.83,218.95,219.7
1788282000000,219.66,219.693,218.29,218.45
1788282900000,218.46,218.55,218.135,218.38
1788283800000,218.358,218.585,218.25,218.299
1788284700000,218.31,218.38,217.8,217.98
1788285600000,218.05,218.16,217.49,217.51
1788286500000,217.49,217.865,217.3,217.465
1788287400000,217.47,217.545,216.51,216.51
1788288300000,216.515,217.42,216.35,217.349
1788289200000,217.29,217.84,217.26,217.81
1788290100000,217.82,217.91,217.49,217.6
1788291000000,217.575,217.63,217.02,217.41
1788291900000,217.385,217.69,216.64,217.48
1788292800000,217.495,217.73,217.409,217.625
1788293700000,217.59,217.635,217.46,217.46
1788294600000,217.56,217.59,217.451,217.51
1788295500000,217.49,217.568,217.448,217.49
1788296400000,217.5,217.668,217.445,217.62
1788297300000,217.624,217.625,217.515,217.561
1788298200000,217.561,217.58,217.54,217.555
1788299100000,217.55,217.61,217.538,217.61
1788300000000,217.64,217.714,217.262,217.27
1788300900000,217.28,217.374,217.226,217.27
1788301800000,217.264,217.396,217.25,217.385
1788302700000,217.37,217.522,217.36,217.37
1788303600000,217.42,217.489,217.42,217.42
1788304500000,217.41,217.485,217.41,217.41
1788305400000,217.468,217.497,217.46,217.497
1788306300000,217.49,217.594,217.49,217.49
1788307200000,217.62,217.78,217.35,217.65
1788308100000,217.61,217.89,217.56,217.65
1788309000000,217.64,217.76,217.56,217.62
1788309900000,217.63,217.67,217.41,217.42
1788310800000,217.41,217.61,217.3,217.4
1788311700000,217.4,217.52,217.37,217.44
1788312600000,217.41,217.47,217.11,217.16
1788313500000,217.19,217.2,216.9,217.16
1788314400000,217.16,217.17,216.86,217.06
1788315300000,217.04,217.26,217.03,217.19
1788316200000,217.19,217.31,217.12,217.28
1788317100000,217.29,217.3,217.15,217.21
1788318000000,217.22,217.33,217.09,217.18
1788318900000,217.14,217.15,216.92,217.09
1788319800000,217.07,217.34,216.98,217.1
1788320700000,217.1,217.18,216.9,216.99
1788321600000,216.97,217.23,216.97,217.21
1788322500000,217.21,217.31,217.14,217.14
1788323400000,217.12,217.35,217.12,217.19
1788324300000,217.2,217.2,217.05,217.08
1788325200000,217.04,217.23,216.99,217.16
1788326100000,217.16,217.43,217.16,217.4
1788327000000,217.41,217.57,217.36,217.56
1788327900000,217.51,217.61,217.34,217.44
1788328800000,217.44,217.5,217.19,217.29
1788329700000,217.29,217.32,217.07,217.08
1788330600000,217.09,217.64,216.99,217.4
1788331500000,217.46,217.46,217.22,217.38
1788332400000,217.34,217.7,217.33,217.63
1788333300000,217.61,217.65,217.37,217.47
1788334200000,217.46,217.54,217.34,217.43
1788335100000,217.4,217.44,217.21,217.37
1788336000000,217.23,217.5,217.13,217.23
1788336900000,217.35,217.428,217.099,217.16
1788337800000,217.14,217.414,217.139,217.14
1788338700000,216.98,217.15,216.526,216.81
1788339600000,216.95,216.973,216.66,216.95
1788340500000,216.72,216.86,216.549,216.72
1788341400000,216.58,216.804,216.365,216.5
1788342300000,216.495,216.77,216.451,216.69
1788343200000,216.69,216.765,216.485,216.71
1788344100000,216.71,216.814,216.62,216.76
1788345000000,216.72,216.76,216.655,216.72
1788345900000,216.52,216.745,216.52,216.52
1788346800000,216.66,216.953,216.14,216.88
1788347700000,217.03,217.079,216.776,216.89
1788348600000,216.919,217.15,216.773,216.975
1788349500000,217.12,217.441,216.941,217.39
1788350400000,217.41,218.312,217.318,218.25
1788351300000,218.48,218.575,218.171,218.19
1788352200000,217.99,218.327,217.781,217.83
1788353100000,217.8,217.866,217.756,217.775
1788354000000,217.88,218.021,217.775,217.86
1788354900000,217.96,218.86,217.852,218.68
1788355800000,218.775,220.115,218.52,219.58
1788356700000,219.61,221.51,219.2,221.49
1788357600000,221.457,223.09,221.2,222.43
1788358500000,222.44,223.43,222.15,222.854
1788359400000,222.9,224.23,222.6,224.04
1788360300000,224.045,224.24,223.385,224.01
1788361200000,224.05,226.81,223.925,226.505
1788362100000,226.495,226.99,226.13,226.3
1788363000000,226.31,227.1,225.77,227.015
1788363900000,227.02,227.96,226.61,227.605
1788364800000,227.59,227.83,227.035,227.44
1788365700000,227.44,227.67,226.8,227.01
1788366600000,227.08,227.67,226.17,226.17
1788367500000,226.2,226.32,225.54,225.755
1788368400000,225.81,226,224.8,225.22
1788369300000,225.23,225.515,224.765,225.47
1788370200000,225.5,225.555,224.84,225.25
1788371100000,225.23,225.45,224.45,224.655
1788372000000,224.66,224.89,224.43,224.61
1788372900000,224.7,225.32,224.53,224.935
1788373800000,224.931,225.35,224.6,224.71
1788374700000,224.72,224.88,224.28,224.51
1788375600000,224.58,224.64,224.2,224.5
1788376500000,224.475,224.86,224.32,224.43
1788377400000,224.46,224.5,223.74,224.01
1788378300000,224.03,224.63,224.016,224.33
1788379200000,224.39,224.774,224.29,224.69
1788380100000,224.2,224.774,223.88,223.88
1788381000000,223.96,224.19,223.935,224.19
1788381900000,224.1,224.41,224.015,224.07
1788382800000,224,224.174,224,224.05
1788383700000,224.19,225.32,224.06,225.22
1788384600000,225.19,225.257,224.646,224.7
1788385500000,224.6,225.094,224.6,224.94
1788386400000,224.79,224.975,224.597,224.79
1788387300000,224.84,225.169,224.828,225.03
1788388200000,225.081,225.2,225.03,225.144
1788389100000,225.144,225.154,224.94,224.981
1788390000000,224.97,224.985,224.789,224.97
1788390900000,224.81,225.041,224.735,224.81
1788391800000,225.18,225.18,224.994,225.17
1788392700000,225.19,225.5,225.175,225.41
1788393600000,225.41,225.62,225.23,225.24
1788394500000,225.24,225.24,224.86,225.16
1788395400000,225.15,225.18,224.93,225.03
1788396300000,225.01,225.12,224.91,225.02
1788397200000,225.06,225.29,225.02,225.18
1788398100000,225.16,225.34,225.06,225.19
1788399000000,225.17,225.39,225.12,225.13
1788399900000,225.13,225.19,224.81,224.87
1788400800000,224.86,225.13,224.75,225.13
1788401700000,225.14,225.19,224.95,224.99
1788402600000,225.01,225.15,224.91,224.92
1788403500000,224.93,225.19,224.91,225.1
1788404400000,225.1,225.15,225.05,225.12
1788405300000,225.13,225.59,225.13,225.36
1788406200000,225.36,225.8,225.36,225.62
1788407100000,225.58,225.97,225.57,225.95
1788408000000,225.95,226.03,225.87,225.89
1788408900000,225.89,226.34,225.88,226.21
1788409800000,226.2,226.22,225.83,225.93
1788410700000,225.86,226.36,225.86,226.22
1788411600000,226.22,226.35,225.43,225.47
1788412500000,225.44,225.45,224.72,225.3
1788413400000,225.27,225.46,225.14,225.25
1788414300000,225.25,225.74,225.13,225.72
1788415200000,225.7,225.87,225.56,225.66
1788416100000,225.62,225.77,225.6,225.72
1788417000000,225.68,225.7,225.47,225.52
1788417900000,225.55,225.78,225.55,225.72
1788418800000,225.69,225.97,225.62,225.69
1788419700000,225.7,225.77,225.47,225.61
1788420600000,225.57,226.01,225.52,225.94
1788421500000,225.93,226.07,225.73,225.84
1788422400000,225.424,226.25,225.424,225.797
1788423300000,225.793,225.793,225.458,225.66
1788424200000,225.66,225.67,225.31,225.45
1788425100000,225.45,225.539,225.346,225.458
1788426000000,225.453,225.532,225.331,225.381
1788426900000,225.381,225.381,225.047,225.105
1788427800000,225.105,225.13,224.835,224.835
1788428700000,224.835,224.853,224.493,224.642
1788429600000,224.647,224.866,224.595,224.605
1788430500000,224.605,224.772,224.55,224.648
1788431400000,224.648,224.859,224.645,224.858
1788432300000,224.857,224.873,224.671,224.794
1788433200000,224.805,224.837,224.17,224.293
1788434100000,224.294,224.575,224.294,224.498
1788435000000,224.499,224.512,223.92,224.001
1788435900000,224.004,224.013,223.19,223.398
1788436800000,223.403,223.867,223.38,223.727
1788437700000,223.726,225.01,223.364,224.978
1788438600000,224.98,225.62,224.845,225.205
1788439500000,225.207,226.04,225.08,225.853
1788440400000,225.853,226.231,225.617,226.194
1788441300000,226.192,226.281,225.49,225.969
1788442200000,225.91,228.44,224.77,227.644
1788443100000,227.653,229.08,227.39,228.29
1788444000000,228.273,228.97,227.56,228.05
1788444900000,228.05,228.69,227.33,227.35
1788445800000,227.437,227.56,226.185,226.377
1788446700000,226.381,226.47,225.42,226.16
1788447600000,226.127,226.871,225.7,226.871
1788448500000,226.96,227.95,226.78,227.825
1788449400000,227.835,228.03,227.175,227.38
1788450300000,227.382,227.705,227.1,227.482
1788451200000,227.487,228.025,227.08,227.86
1788452100000,227.863,228.09,226.88,227.03
1788453000000,227.027,227.95,227.02,227.795
1788453900000,227.823,227.823,227.155,227.51
1788454800000,227.502,227.65,227.225,227.25
1788455700000,227.251,227.59,227.06,227.458
1788456600000,227.455,229.99,227.41,229.829
1788457500000,229.83,230.34,229.21,230.025
1788458400000,230.023,230.39,229.91,230.127
1788459300000,230.127,230.39,229.5,229.525
1788460200000,229.52,230.11,229.29,229.586
1788461100000,229.584,229.87,229.315,229.425
1788462000000,229.429,229.69,229.18,229.301
1788462900000,229.35,229.69,229.309,229.572
1788463800000,229.564,229.68,228.83,228.974
1788464700000,228.95,229.11,228.34,228.41
1788465600000,228.48,228.732,228.37,228.579
1788466500000,228.578,228.578,228.435,228.445
1788467400000,228.445,228.55,228.445,228.515
1788468300000,228.517,228.535,228.425,228.485
1788469200000,228.486,228.574,228.475,228.574
1788470100000,228.575,228.66,228.523,228.54
1788471000000,228.54,228.74,228.51,228.73
1788471900000,228.73,229.01,228.73,228.875
1788472800000,228.875,229.13,228.746,229.045
1788473700000,229.041,229.364,229.021,229.276
1788474600000,229.277,229.49,229.21,229.256
1788475500000,229.254,229.463,229.17,229.463
1788476400000,229.463,229.55,229.45,229.475
1788477300000,229.475,229.61,229.405,229.61
1788478200000,229.61,229.84,229.61,229.829
1788479100000,229.83,229.957,229.687,229.687
1788480000000,229.77,229.86,229.34,229.63
1788480900000,229.63,229.84,229.63,229.84
1788481800000,229.84,229.85,229.69,229.79
1788482700000,229.81,229.87,229.77,229.84
1788483600000,229.84,229.84,229.62,229.66
1788484500000,229.66,229.89,229.58,229.84
1788485400000,229.84,229.85,229.57,229.65
1788486300000,229.66,229.74,229.4,229.68
1788487200000,229.66,229.71,229.59,229.68
1788488100000,229.68,229.73,229.62,229.67
1788489000000,229.68,229.96,229.67,229.94
1788489900000,229.92,230.14,229.9,230.03
1788490800000,230,230.21,229.92,229.92
1788491700000,229.91,230.37,229.91,230.09
1788492600000,230.08,230.21,229.95,229.97
1788493500000,229.97,230.01,229.85,229.88
1788494400000,229.88,230.01,229.79,230
1788495300000,229.99,230.13,229.88,230.11
1788496200000,230.1,230.21,230.07,230.11
1788497100000,230.11,230.29,230.08,230.27
1788498000000,230.24,230.35,230.18,230.29
1788498900000,230.27,230.64,230.24,230.57
1788499800000,230.53,230.53,230.18,230.22
1788500700000,230.22,230.3,230.04,230.26
1788501600000,230.24,230.45,230.21,230.4
1788502500000,230.4,230.4,230.14,230.14
1788503400000,230.13,230.2,229.83,229.87
1788504300000,229.86,229.87,229.51,229.61
1788505200000,229.61,230.17,229.61,230.1
1788506100000,230.12,230.31,229.93,230.29
1788507000000,230.28,230.38,230.06,230.25
1788507900000,230.23,230.59,230.19,230.28
1788508800000,229.656,230.77,229.656,230.655
1788509700000,230.655,230.968,230.532,230.844
1788510600000,230.844,230.903,230.295,230.427
1788511500000,230.426,230.615,230.325,230.535
1788512400000,230.535,230.535,230.032,230.032
1788513300000,230.028,230.41,229.876,230.279
1788514200000,230.28,230.518,230.25,230.518
1788515100000,230.519,230.951,230.506,230.896
1788516000000,230.894,231.752,230.892,231.744
1788516900000,231.736,232.44,231.697,232.275
1788517800000,232.265,232.265,231.655,231.659
1788518700000,231.66,232.063,231.42,231.455
1788519600000,231.4,231.564,231.108,231.308
1788520500000,231.314,231.401,231.038,231.079
1788521400000,231.08,231.34,230.928,231.007
1788522300000,231.008,231.235,230.962,231.196
1788523200000,231.23,232.11,231.159,231.885
1788524100000,231.883,232.025,231.635,231.71
1788525000000,231.761,231.761,230.57,230.924
1788525900000,230.928,230.941,230.159,230.535
1788526800000,230.539,230.698,230.37,230.613
1788527700000,230.96,231.7,230.9225,231.05
1788528600000,231.142,233.77,229.86,232.91
1788529500000,232.9128,234.65,232.63,234.56
1788530400000,234.56,234.56,232.92,234.195
1788531300000,234.19,234.76,233.36,234.7161
1788532200000,234.72,234.74,233.22,233.45
1788533100000,233.4,233.55,232.12,232.24
1788534000000,232.245,232.81,231.65,232.465
1788534900000,232.465,232.555,231.76,231.785
1788535800000,231.78,232.0589,231.27,231.865
1788536700000,231.865,231.91,230.73,231.045
1788537600000,231.03,231.335,230.51,231.1734
1788538500000,231.165,231.25,230.7126,231.155
1788539400000,231.15,231.63,231,231.59
1788540300000,231.58,232.235,231.278,231.57
1788541200000,231.57,231.65,230.93,230.955
1788542100000,230.96,231.09,230.603,230.75
1788543000000,230.74,230.78,230.3,230.375
1788543900000,230.38,230.457,230.07,230.2654
1788544800000,230.26,230.3698,229.9,230.23
1788545700000,230.2204,230.47,230.16,230.35
1788546600000,230.35,230.43,230.09,230.315
1788547500000,230.31,230.695,230.3,230.605
1788548400000,230.6,230.72,229.85,230
1788549300000,230.01,230.205,229.85,229.87
1788550200000,229.87,230.27,229.63,229.985
1788551100000,229.985,231.09,229.96,230.36
1788552000000,229.84,230.36,229.56,229.96
1788552900000,229.96,230.36,229.81,229.9805
1788553800000,229.9977,230.08,229.94,230.01
1788554700000,230.01,230.09,229.94,230
1788555600000,229.9844,230.07,229.96,230
1788556500000,230.02,230.1799,229.98,229.99
1788557400000,229.98,230.03,229.94,230.0177
1788558300000,230.0195,230.1,230,230.081
1788559200000,230.089,230.15,229.95,229.959
1788560100000,229.951,230.09,229.8617,230.0182
1788561000000,230.03,230.09,229.93,229.991
1788561900000,229.9902,230.08,229.91,229.93
1788562800000,229.92,229.99,229.86,229.94
1788563700000,229.95,229.9592,229.86,229.8941
1788564600000,229.88,230.15,229.38,229.84
1788565500000,229.7741,230.18,228.41,229.5
1788566400000,229.98,229.98,229.37,229.85
1788567300000,229.86,229.92,229.83,229.85
1788568200000,229.85,230,229.74,229.9
1788569100000,229.89,229.89,229.85,229.85
1788570000000,229.89,229.97,229.71,229.92
1788570900000,229.86,229.94,229.86,229.86
1788571800000,229.94,229.96,229.94,229.96
1788573600000,229.86,229.86,229.71,229.71
1788574500000,229.92,229.92,229.92,229.92
1788578100000,229.71,229.71,229.71,229.71
1788579000000,229.92,229.92,229.76,229.92
1788579900000,229.92,229.92,229.92,229.92
1788580800000,229.72,229.92,229.72,229.92
1788581700000,229.92,229.92,229.8,229.8
1788582600000,229.92,229.92,229.72,229.72
1788583500000,229.72,229.85,229.71,229.85
1788584400000,229.87,230.08,229.78,229.91
1788585300000,230.08,230.15,229.92,230.08
1788586200000,230.08,230.14,229.91,229.92
1788587100000,230.09,230.16,229.92,229.92
1788588000000,229.92,230.15,229.91,230.06
1788588900000,230.07,230.08,230.02,230.08
1788589800000,230.11,230.13,230,230
1788590700000,230.13,230.13,230.13,230.13
1788591600000,230.13,230.13,230,230
1788592500000,230.15,230.15,230,230.15
1788593400000,230.15,230.17,230.15,230.17
1788594300000,230.13,230.23,230.13,230.19
1788596100000,230.13,230.25,230.13,230.18
1788597000000,230.21,230.21,230.21,230.21
1788597900000,230.22,230.22,230.22,230.22
1788598800000,230.23,230.31,230.13,230.16
1788600600000,230.3,230.3,230.17,230.3
1788602400000,230.3,230.34,230.3,230.34
1788603300000,230.38,230.38,230.25,230.25
1788605100000,230.35,230.35,230.25,230.25
1788606000000,230.17,230.25,230.17,230.17
1788606900000,230.17,230.39,230.11,230.24
1788607800000,230.36,230.37,230.24,230.37
1788608700000,230.24,230.38,230.22,230.22
1788609600000,230.38,230.38,230.22,230.22
1788611400000,230.22,230.22,230.19,230.19
1788612300000,230.29,230.29,230.29,230.29
1788613200000,230.33,230.33,230.29,230.29
1788614100000,230.33,230.51,230.29,230.37
1788615000000,230.51,230.58,230.37,230.37
1788615900000,230.6,230.61,230.5,230.5
1788616800000,230.54,230.54,230.5,230.5
1788617700000,230.54,230.56,230.54,230.56
1788618600000,230.56,230.63,230.48,230.55
1788620400000,230.6,230.65,230.59,230.65
1788621300000,230.7,230.78,230.55,230.78
1788622200000,230.74,230.74,230.71,230.71
1788623100000,230.71,230.76,230.69,230.76
1788624000000,230.76,230.92,230.64,230.79
1788624900000,230.78,230.84,230.74,230.74
1788625800000,230.81,230.85,230.81,230.85
1788626700000,230.88,230.88,230.88,230.88
1788627600000,230.95,230.96,230.77,230.77
1788628500000,230.77,230.99,230.77,230.77
1788629400000,230.76,230.92,230.61,230.77
1788630300000,230.79,230.83,230.72,230.72
1788631200000,230.79,230.86,230.72,230.8
1788632100000,230.78,230.83,230.76,230.83
1788633000000,230.76,230.76,230.72,230.72
1788633900000,230.79,230.79,230.79,230.79
1788636600000,230.79,230.8,230.72,230.72
1788637500000,230.83,230.87,230.62,230.82
1788638400000,230.8,230.8,230.8,230.8
1788639300000,230.79,230.81,230.79,230.81
1788641100000,230.81,230.81,230.81,230.81
1788642900000,230.78,230.78,230.66,230.66
1788643800000,230.79,230.82,230.66,230.82
1788644700000,230.66,230.66,230.66,230.66
1788645600000,230.82,230.82,230.67,230.67
1788646500000,230.84,230.84,230.71,230.71
1788649200000,230.83,230.91,230.76,230.85
1788650100000,230.88,230.97,230.87,230.87
1788651000000,230.98,231.01,230.87,230.9
1788653700000,230.87,230.93,230.87,230.87
1788655500000,231.04,231.05,230.87,230.96
1788656400000,230.96,230.96,230.87,230.87
1788658200000,231.02,231.02,231.02,231.02
1788659100000,231.02,231.02,231.02,231.02
1788660000000,231.02,231.04,231,231
1788663600000,231.04,231.16,230.96,230.99
1788664500000,230.99,230.99,230.97,230.97
1788666300000,230.97,230.97,230.92,230.92
1788667200000,230.92,230.92,230.92,230.92
1788668100000,230.92,230.92,230.92,230.92
1788669000000,231.08,231.08,231.08,231.08
1788669900000,231.08,231.08,230.92,230.99
1788670800000,231.04,231.08,230.94,230.94
1788672600000,231.05,231.05,231.05,231.05
1788674400000,231.05,231.07,230.97,230.98
1788676200000,230.98,231.13,230.97,231.07
1788677100000,231.07,231.1,231.02,231.02
1788678000000,231.06,231.15,231,231.02
1788678900000,231.12,231.21,231.06,231.06
1788679800000,231.06,231.06,231.02,231.02
1788680700000,231.16,231.16,231.16,231.16
1788681600000,231.15,231.26,231.15,231.17
1788682500000,231.24,231.25,231.17,231.17
1788683400000,231.21,231.25,231.13,231.13
1788684300000,231.13,231.13,231.09,231.09
1788685200000,231.09,231.2,231.09,231.15
1788686100000,231.2,231.24,231.15,231.15
1788687000000,231.25,231.49,231.25,231.33
1788687900000,231.34,231.39,231.33,231.33
1788688800000,231.44,231.46,231.44,231.46
1788689700000,231.46,231.46,231.27,231.31
1788690600000,231.31,231.42,231.31,231.42
1788691500000,231.37,231.37,231.31,231.31
1788692400000,231.41,231.41,231.27,231.37
1788693300000,231.37,231.41,231.22,231.22
1788694200000,231.22,231.22,231.22,231.22
1788695100000,231.39,231.4,231.22,231.4
1788696900000,231.22,231.22,231.22,231.22
1788697800000,231.41,231.42,231.22,231.34
1788698700000,231.34,231.41,231.32,231.4
1788699600000,231.4,231.41,231.23,231.29
1788700500000,231.27,231.31,231.27,231.31
1788701400000,231.27,231.31,231.23,231.23
1788703200000,231.23,231.33,231.22,231.23
1788704100000,231.26,231.28,231.15,231.15
1788705000000,231.22,231.22,230.98,230.98
1788705900000,230.99,231.27,230.99,231.1
1788706800000,231.27,231.34,230.97,230.97
1788707700000,231.09,231.16,230.97,230.99
1788708600000,230.99,231.17,230.97,230.97
1788709500000,231.17,231.27,230.97,231.27
1788710400000,231.22,231.33,231.17,231.18
1788711300000,231.18,231.27,231.09,231.09
1788712200000,231.25,231.34,231,231.18
1788713100000,231.23,231.25,231.14,231.25
1788714000000,231.14,231.34,231.05,231.05
1788714900000,231.05,231.17,231.03,231.09
1788715800000,231.09,231.13,230.95,231
1788716700000,231.01,231.09,230.89,230.92
1788717600000,230.97,231.14,230.92,231.02
1788718500000,231.13,231.16,230.96,230.99
1788719400000,231.04,231.06,230.97,230.97
1788720300000,230.97,231.11,230.92,230.93
1788721200000,231.02,231.11,230.93,231.02
1788722100000,231.02,231.11,231.02,231.02
1788723000000,231.1,231.14,231.01,231.01
1788723900000,231.14,231.14,231.01,231.14
1788724800000,231.15,231.19,231.01,231.19
1788725700000,231.22,231.24,231.02,231.02
1788726600000,231.02,231.22,231.02,231.09
1788727500000,231.09,231.12,231.09,231.12
1788728400000,231.1,231.25,231.06,231.06
1788729300000,231.01,231.26,231,231.01
1788730200000,231,231.01,231,231.01
1788731100000,231.01,231.32,230.99,231.32
1788732000000,231.16,231.39,230.99,231.18
1788732900000,231.18,231.21,231.16,231.21
1788733800000,231.16,231.22,231.16,231.16
1788734700000,231.22,231.22,231.16,231.22
1788735600000,231.16,231.16,231.14,231.14
1788736500000,231.14,231.21,231.07,231.07
1788737400000,231.22,231.22,231.07,231.09
1788738300000,231.09,231.09,231.09,231.09
1788739200000,231.14,231.33,231.09,231.23
1788740100000,231.23,231.39,231.14,231.14
1788741000000,231.2,231.28,231.09,231.28
1788741900000,231.2,231.33,231.13,231.13
1788742800000,231.16,231.66,230.66,230.68
1788743700000,230.68,230.92,230.51,230.8
1788744600000,230.95,231.12,230.81,231.12
1788745500000,231.01,231.21,230.94,230.98
1788746400000,230.98,231.25,230.96,231.25
1788747300000,231.19,231.31,231.12,231.21
1788748200000,231.25,231.44,231.21,231.34
1788749100000,231.44,231.47,231.32,231.32
1788750000000,231.45,231.47,231.32,231.32
1788750900000,231.52,231.52,231.32,231.32
1788751800000,231.5,231.5,231.32,231.32
1788752700000,231.45,231.53,231.33,231.46
1788753600000,231.5,231.69,231.4,231.69
1788754500000,231.68,231.68,231.47,231.47
1788755400000,231.68,231.68,231.47,231.6
1788756300000,231.6,231.61,231.46,231.46
1788757200000,231.47,231.54,231.46,231.46
1788758100000,231.46,231.56,231.46,231.56
1788759000000,231.56,231.6,231.46,231.6
1788759900000,231.66,231.69,231.45,231.61
1788760800000,231.61,231.61,231.49,231.49
1788761700000,231.49,231.63,231.47,231.48
1788762600000,231.63,231.7,231.45,231.46
1788763500000,231.7,231.82,231.55,231.82
1788764400000,231.86,232.06,231.83,231.88
1788765300000,232.08,232.08,231.96,231.96
1788766200000,231.92,232.14,231.87,232.1
1788767100000,232.04,232.1,232.02,232.1
1788768000000,232.1,232.54,232.06,232.37
1788768900000,232.54,232.64,232.43,232.64
1788769800000,232.73,232.81,232.73,232.74
1788770700000,232.74,232.87,232.73,232.78
1788771600000,232.78,232.86,232.61,232.61
1788772500000,232.68,232.85,232.35,232.4
1788773400000,232.38,232.43,232.22,232.22
1788774300000,232.28,232.35,232.18,232.24
1788775200000,232.24,232.24,232.11,232.11
1788776100000,232.28,232.35,232.09,232.3
1788777000000,232.18,232.34,232.17,232.19
1788777900000,232.27,232.27,232.27,232.27
1788778800000,232.18,232.27,232.18,232.19
1788779700000,232.27,232.29,232.18,232.19
1788780600000,232.28,232.29,232.18,232.18
1788781500000,232.28,232.29,232.18,232.18
1788782400000,232.18,232.32,232.17,232.27
1788783300000,232.26,232.26,232.07,232.07
1788784200000,232.12,232.25,232.06,232.07
1788785100000,232.07,232.29,232.07,232.2
1788786000000,232.24,232.27,232.19,232.19
1788786900000,232.2,232.28,231.95,231.95
1788787800000,232.21,232.21,231.95,231.95
1788788700000,232,232,231.94,231.95
1788789600000,231.94,232.23,231.94,232.13
1788790500000,232.07,232.1,231.94,231.97
1788791400000,232,232.02,231.93,231.93
1788792300000,231.99,232.08,231.93,232.08
1788793200000,232.08,232.08,232.04,232.04
1788794100000,232.04,232.06,231.92,231.92
1788795000000,231.92,231.92,231.84,231.84
1788795900000,231.88,231.88,231.84,231.88
1788796800000,231.91,231.93,231.84,231.93
1788797700000,231.84,231.93,231.83,231.83
1788798600000,231.93,231.93,231.83,231.83
1788799500000,231.92,231.92,231.83,231.83
1788800400000,231.85,231.93,231.81,231.93
1788801300000,231.81,231.93,231.81,231.81
1788802200000,231.82,231.93,231.81,231.82
1788803100000,231.93,231.93,231.81,231.93
1788804000000,231.93,231.93,231.81,231.82
1788804900000,231.93,231.93,231.81,231.82
1788805800000,231.93,232.06,231.79,231.79
1788806700000,231.87,232.02,231.79,231.79
1788809400000,231.79,232.06,231.79,231.91
1788810300000,231.96,232,231.89,231.96
1788811200000,231.86,231.94,231.83,231.83
1788812100000,231.95,231.95,231.79,231.79
1788816600000,231.79,231.92,231.79,231.83
1788817500000,231.89,231.91,231.83,231.83
1788819300000,231.83,231.83,231.79,231.79
1788820200000,231.79,231.79,231.64,231.64
1788821100000,231.66,231.66,231.61,231.61
1788822000000,231.61,231.63,231.61,231.63
1788822900000,231.68,231.68,231.59,231.59
1788823800000,231.59,231.59,231.47,231.47
1788824700000,231.6,231.64,231.47,231.47
1788825600000,231.05,231.11,230.48,230.63
1788826500000,230.63,232.13,230.55,232
1788827400000,232,232.14,231.78,231.79
1788828300000,231.77,232.12,231.71,231.83
1788829200000,231.84,232.05,231.62,232.03
1788830100000,232.03,232.07,231.9,232
1788831000000,232,232.43,231.88,232.42
1788831900000,232.42,232.76,232.3,232.51
1788832800000,232.53,232.74,232.4,232.59
1788833700000,232.57,232.6,232.27,232.5
1788834600000,232.54,232.61,232.34,232.39
1788835500000,232.4,232.51,232.2,232.27
1788836400000,232.27,232.65,232.23,232.64
1788837300000,232.64,232.75,232.6,232.75
1788838200000,232.74,232.95,232.68,232.83
1788839100000,232.83,233,232.83,232.96
1788840000000,232.96,233.06,232.78,232.81
1788840900000,232.81,233,232.77,232.9
1788841800000,232.91,233.04,232.77,232.89
1788842700000,232.93,233.03,232.91,232.92
1788843600000,232.95,233,232.23,232.29
1788844500000,232.29,232.74,232.17,232.4
1788845400000,232.4,232.42,232.09,232.1
1788846300000,232.1,232.16,231.82,231.91
1788847200000,231.9,231.95,231.57,231.6
1788848100000,231.61,231.71,231.41,231.45
1788849000000,231.42,231.73,231.33,231.53
1788849900000,231.54,231.6,231.13,231.23
1788850800000,231.25,231.66,231.19,231.52
1788851700000,231.49,231.72,231.22,231.56
1788852600000,231.57,231.59,231.13,231.25
1788853500000,231.25,231.5,231.22,231.28
1788854400000,231,233.0502,230.3177,230.73
1788855300000,230.7578,230.94,230.6512,230.808
1788856200000,230.73,230.8488,230.5,230.58
1788857100000,230.57,230.8852,230.37,230.5488
1788858000000,230.47,231,230.31,230.936
1788858900000,230.9443,231,230.8025,230.95
1788859800000,230.99,231.68,230.9512,231.384
1788860700000,231.39,231.76,231.3042,231.75
1788861600000,231.74,231.88,231.4457,231.5843
1788862500000,231.5843,231.98,231.48,231.7
1788863400000,231.6427,231.75,231.2,231.6772
1788864300000,231.67,231.7072,230.9047,231.18
1788865200000,231.19,231.34,230.36,230.8467
1788866100000,230.8204,231.25,230.8,231.08
1788867000000,231.08,231.29,230.8,230.85
1788867900000,230.86,231.73,230.75,231.71
1788868800000,231.69,231.7,231.35,231.36
1788869700000,231.3612,231.89,231.3017,231.8
1788870600000,231.818,232.31,231.76,231.99
1788871500000,232,232.6,231.99,232.2441
1788872400000,232.2457,232.65,232.1852,232.61
1788873300000,232.62,233.23,232.4305,233.14
1788874200000,233.21,233.71,229.46,229.765
1788875100000,229.78,230.47,229.06,229.5712
1788876000000,229.58,229.7099,228.06,228.4906
1788876900000,228.51,228.7,227.63,227.9423
1788877800000,227.96,227.96,227.1,227.44
1788878700000,227.44,227.45,226.77,227.055
1788879600000,227.06,227.8,226.92,227.3801
1788880500000,227.3897,227.57,226.3744,226.8716
1788881400000,226.875,227.14,226.34,226.9146
1788882300000,226.92,226.96,226.07,226.26
1788883200000,226.27,226.48,225.87,226.0522
1788884100000,226.06,226.09,225.57,225.66
1788885000000,225.67,226.175,225.55,225.83
1788885900000,225.84,226.2,225.6,225.75
1788886800000,225.75,226.3699,225.73,226.0767
1788887700000,226.0799,226.22,225.46,225.65
1788888600000,225.67,226.26,225.65,225.895
1788889500000,225.898,226.14,225.76,225.765
1788890400000,225.7662,226.035,225.71,225.885
1788891300000,225.89,226.15,225.845,226.08
1788892200000,226.08,226.3999,225.8161,226.21
1788893100000,226.205,226.23,225.25,225.675
1788894000000,225.68,225.77,225.42,225.55
1788894900000,225.555,225.635,225.3,225.55
1788895800000,225.55,225.9,225.31,225.575
1788896700000,225.58,225.9,224.85,225.73
1788897600000,225.89,225.94,225.51,225.751
1788898500000,225.75,225.78,225.53,225.58
1788899400000,225.57,225.69,225.55,225.5964
1788900300000,225.57,225.77,225.5501,225.75
1788901200000,225.75,225.77,225.45,225.721
1788902100000,225.729,225.73,225.62,225.64
1788903000000,225.64,225.69,225.62,225.6456
1788903900000,225.6456,225.652,225.45,225.61
1788904800000,225.5776,225.73,225.4124,225.7044
1788905700000,225.7,225.81,225.58,225.75
1788906600000,225.75,225.98,225.7,225.89
1788907500000,225.91,226,225.82,225.9576
1788908400000,225.9576,225.99,225.8012,225.84
1788909300000,225.84,225.89,225.7,225.71
1788910200000,225.69,225.72,225.34,225.36
1788911100000,225.4,225.53,225.2,225.31
1788912000000,225.28,225.84,225.28,225.69
1788912900000,225.67,225.68,225.5,225.6
1788913800000,225.56,225.75,225.48,225.73
1788914700000,225.76,226,225.61,225.97
1788915600000,225.96,226.08,225.73,225.79
1788916500000,225.81,226.05,225.78,226
1788917400000,225.96,226.15,225.92,226.03
1788918300000,226.03,226.07,225.82,225.92
1788919200000,225.91,226.05,225.89,225.93
1788920100000,225.93,225.98,225.8,225.94
1788921000000,225.95,226.15,225.93,226.15
1788921900000,226.14,226.34,226.09,226.09
1788922800000,226.1,226.11,225.9,225.96
1788923700000,225.95,226.12,225.95,226.04
1788924600000,226.07,226.12,226.01,226.08
1788925500000,226.05,226.08,225.81,225.81
1788926400000,225.83,226.05,225.75,225.81
1788927300000,225.85,226.05,225.81,226
1788928200000,225.98,226.05,225.94,226.05
1788929100000,226.05,226.1,225.99,226.08
1788930000000,226.08,226.09,226.02,226.04
1788930900000,226.03,226.04,225.91,225.93
1788931800000,226,226.06,225.9,225.95
1788932700000,225.97,226.09,225.93,226.05
1788933600000,226.09,226.29,226.05,226.23
1788934500000,226.2,226.32,226.04,226.1
1788935400000,226.1,226.18,226.07,226.17
1788936300000,226.17,226.18,226.01,226.08
1788937200000,226.05,226.21,225.89,226
1788938100000,226.01,226.3,225.88,226.29
1788939000000,226.28,226.3,226.16,226.27
1788939900000,226.28,226.28,226.1,226.25
1788940800000,226.08,226.4791,225.73,226.116
1788941700000,226.116,226.4012,226,226.3797
1788942600000,226.29,226.4425,225.8705,225.89
1788943500000,225.89,226.2157,225.8237,226.09
1788944400000,226.08,226.15,225.8452,225.97
1788945300000,225.9512,226.0557,225.6512,225.82
1788946200000,225.8,225.94,225.3,225.33
1788947100000,225.31,225.5145,224.06,224.2
1788948000000,224.2,224.6137,223.9232,224.32
1788948900000,224.26,224.6,224.05,224.495
1788949800000,224.51,224.8665,224.2683,224.41
1788950700000,224.44,224.6,224.15,224.39
1788951600000,224.39,224.95,224.2,224.56
1788952500000,224.55,224.8285,224.3,224.68
1788953400000,224.67,224.95,224.5,224.768
1788954300000,224.76,225.35,224.7025,224.864
1788955200000,224.88,224.95,224.31,224.366
1788956100000,224.324,224.8,224.32,224.48
1788957000000,224.44,224.77,224.38,224.6
1788957900000,224.6164,224.79,224.51,224.6287
1788958800000,224.58,224.8967,224.51,224.68
1788959700000,224.65,225.3422,224.27,225.3
1788960600000,225.155,226.18,224.5601,224.77
1788961500000,224.775,225.33,224.4,224.8501
1788962400000,224.855,224.9,223.82,224.25
1788963300000,224.245,225.39,223.55,224.885
1788964200000,224.875,225.38,224.13,224.455
1788965100000,224.46,224.77,224.08,224.465
1788966000000,224.47,224.82,224.17,224.29
1788966900000,224.3,224.62,223.51,223.5901
1788967800000,223.6,224.63,223.58,224.18
1788968700000,224.18,224.465,224.12,224.44
1788969600000,224.48,224.51,223.865,223.89
1788970500000,223.88,223.96,223.69,223.86
1788971400000,223.86,224.18,223.75,224.16
1788972300000,224.16,224.4099,224.02,224.06
1788973200000,224.05,224.49,223.905,224.4105
1788974100000,224.415,224.415,224.19,224.27
1788975000000,224.27,224.38,224.051,224.34
1788975900000,224.33,224.39,224.115,224.235
1788976800000,224.235,224.42,224.05,224.12
1788977700000,224.12,224.26,223.9,224.195
1788978600000,224.195,224.24,224.09,224.157
1788979500000,224.15,224.205,223.63,223.67
1788980400000,223.675,224.18,223.46,223.6201
1788981300000,223.625,224.375,223.57,224.135
1788982200000,224.14,224.24,223.7403,223.8368
1788983100000,223.82,224.03,223.5,223.67
1788984000000,223.76,224,223.6012,223.7755
1788984900000,223.75,223.8,223.65,223.77
1788985800000,223.74,223.76,223.69,223.71
1788986700000,223.7177,223.72,223.63,223.68
1788987600000,223.68,223.72,223.65,223.659
1788988500000,223.655,223.68,223.62,223.65
1788989400000,223.68,223.68,223.6,223.6
1788990300000,223.6412,223.65,223.51,223.58
1788991200000,223.6,223.67,223.47,223.56
1788992100000,223.5102,223.6262,223.46,223.46
1788993000000,223.4855,223.67,223.46,223.63
1788993900000,223.63,223.65,223.51,223.5441
1788994800000,223.54,223.58,223.5,223.5295
1788995700000,223.5105,223.59,223.5,223.5045
1788996600000,223.5299,223.53,223.45,223.5292
1788997500000,223.55,223.67,223.47,223.6277
1788998400000,223.6,223.78,223.51,223.58
1788999300000,223.58,223.65,222.95,223.35
1789000200000,223.36,223.39,223.2,223.37
1789001100000,223.34,223.35,223.11,223.12
1789002000000,223.12,223.27,222.77,222.92
1789002900000,222.98,223.13,222.5,222.56
1789003800000,222.59,222.8,222.47,222.78
1789004700000,222.78,222.9,222.66,222.89
1789005600000,222.88,222.98,222.71,222.79
1789006500000,222.83,222.83,222.55,222.65
1789007400000,222.62,223.05,222.57,222.89
1789008300000,222.9,223.09,222.88,223
1789009200000,223.01,223.1,222.99,223
1789010100000,223.04,223.09,222.9,223.09
1789011000000,223.07,223.14,222.98,223.06
1789011900000,223.09,223.14,223.03,223.13
1789012800000,223.13,223.15,223.07,223.07
1789013700000,223.09,223.11,223,223.03
1789014600000,223.02,223.03,222.91,222.91
1789015500000,222.9,223.2,222.87,223.17
1789016400000,223.2,223.3,223.1,223.3
1789017300000,223.3,223.3,223.16,223.23
1789018200000,223.23,223.43,223.19,223.36
1789019100000,223.36,223.46,223.07,223.21
1789020000000,223.19,223.29,222.87,222.87
1789020900000,222.87,223.01,222.7,223.01
1789021800000,223.04,223.2,222.91,223.11
1789022700000,223.11,223.26,223.04,223.15
1789023600000,223.14,223.16,222.95,223
1789024500000,223.03,223.08,222.85,222.85
1789025400000,222.86,222.93,222.69,222.84
1789026300000,222.83,222.95,222.76,222.77
1789027200000,222.77,223.67,222.6165,223.0067
1789028100000,223.0067,223.6,222.833,223.4172
1789029000000,223.4172,223.599,223.2,223.2975
1789029900000,223.2975,223.3687,223.05,223.2377
1789030800000,223.2377,223.46,223.0925,223.4587
1789031700000,223.4587,223.569,223.39,223.5467
1789032600000,223.5467,223.5467,223,223.2392
1789033500000,223.2392,223.4988,223.175,223.2975
1789034400000,223.2975,223.4845,223.1035,223.2867
1789035300000,223.2867,223.2965,223.05,223.2742
1789036200000,223.2742,223.2742,222.75,223.0662
1789037100000,223.0662,223.2,222.76,223.056
1789038000000,223.056,223.18,222.51,222.8282
1789038900000,222.8282,222.83,222.4312,222.5975
1789039800000,222.5025,222.765,222.4222,222.499
1789040700000,222.499,222.5,222.07,222.2185
1789041600000,222.2185,222.49,221.79,222.2547
1789042500000,222.2547,222.26,221.653,221.97
1789043400000,222.0462,222.22,220.76,220.899
1789044300000,220.899,220.95,220.23,220.2792
1789045200000,220.2784,220.8,220.2543,220.599
1789046100000,220.599,221.178,220.25,220.54
1789047000000,220.485,220.99,218.29,218.305
1789047900000,218.31,218.898,217.2,217.377
1789048800000,217.375,218.42,217.29,217.99
1789049700000,217.98,219.06,217.855,218.23
1789050600000,218.23,218.52,217.97,218.33
1789051500000,218.315,218.57,217.76,218.145
1789052400000,218.15,218.59,217.93,218.3299
1789053300000,218.32,218.495,217.8,218.15
1789054200000,218.1436,219,218.01,218.735
1789055100000,218.735,219.12,218.5,218.78
1789056000000,218.8,219.19,218.3,218.32
1789056900000,218.33,218.72,217.53,217.75
1789057800000,217.75,218.43,217.64,218.43
1789058700000,218.4399,218.895,218.417,218.75
1789059600000,218.76,219.13,218.62,218.74
1789060500000,218.75,218.8498,218.45,218.69
1789061400000,218.685,218.685,218.12,218.36
1789062300000,218.3672,218.62,218.295,218.3709
1789063200000,218.35,218.53,218.02,218.1807
1789064100000,218.1705,218.32,218.03,218.035
1789065000000,218.0301,218.085,217.745,217.9128
1789065900000,217.92,218.45,217.825,218.2308
1789066800000,218.23,218.29,217.69,217.97
1789067700000,217.97,218.3846,217.97,218.3
1789068600000,218.3099,218.75,218.2001,218.46
1789069500000,218.47,218.94,218.22,218.36
1789070400000,218.4,218.58,218.13,218.578
1789071300000,218.5,218.659,218.36,218.5087
1789072200000,218.5088,218.5585,218.3,218.4792
1789073100000,218.4792,218.4995,218.33,218.4275
1789074000000,218.4275,220,218.3325,219.4462
1789074900000,219.4462,219.4475,218.75,218.848
1789075800000,218.848,218.9862,218.505,218.695
1789076700000,218.695,218.8267,218.3625,218.7685
1789077600000,218.7685,218.9,218.69,218.8782
1789078500000,218.8782,218.9,218.5,218.6462
1789079400000,218.6462,218.69,218.35,218.3697
1789080300000,218.3697,218.673,218.31,218.3985
1789081200000,218.3985,218.478,218.25,218.3585
1789082100000,218.3585,218.36,218.1656,218.288
1789083000000,218.288,218.36,218.1,218.1195
1789083900000,218.1195,218.2,217.69,217.76
1789084800000,217.97,218.57,217.85,218.16
1789085700000,218.16,218.37,218,218.34
1789086600000,218.34,218.57,218.16,218.27
1789087500000,218.29,218.57,218.27,218.57
1789088400000,218.56,218.86,218.5,218.69
1789089300000,218.69,218.69,218.45,218.45
1789090200000,218.48,218.58,218.16,218.29
1789091100000,218.29,218.43,218.22,218.41
1789092000000,218.45,218.56,218.35,218.52
1789092900000,218.52,218.52,218.3,218.36
1789093800000,218.35,218.38,218.15,218.19
1789094700000,218.19,218.4,218.17,218.2
1789095600000,218.18,218.27,218.04,218.17
1789096500000,218.15,218.3,218.08,218.2
1789097400000,218.2,218.33,218.06,218.28
1789098300000,218.31,218.32,217.91,217.98
1789099200000,217.98,218.15,217.79,218.1
1789100100000,218.16,218.43,218.06,218.35
1789101000000,218.37,218.72,218.36,218.69
1789101900000,218.67,218.78,218.3,218.31
1789102800000,218.31,218.6,218.24,218.6
1789103700000,218.6,218.64,218.41,218.42
1789104600000,218.45,218.88,218.45,218.86
1789105500000,218.86,219.34,218.78,219.21
1789106400000,219.21,219.58,219.17,219.58
1789107300000,219.57,219.57,219.39,219.4
1789108200000,219.41,219.55,219.32,219.35
1789109100000,219.37,219.88,219.36,219.87
1789110000000,219.85,219.9,219.65,219.68
1789110900000,219.72,220.09,219.6,219.69
1789111800000,219.7,219.82,219.63,219.68
1789112700000,219.68,219.68,219.52,219.59
1789113600000,218.15,220.0485,217.79,219.725
1789114500000,219.725,220.3,219.5047,220.099
1789115400000,220.099,220.3,220.01,220.127
1789116300000,220.127,220.3882,220.013,220.3377
1789117200000,220.2987,220.56,219.84,220.0787
1789118100000,220.0787,220.4967,220.03,220.2992
1789119000000,220.2992,220.3786,220.1112,220.1587
1789119900000,220.1587,220.3765,220.11,220.3397
1789120800000,220.33,220.5,220.12,220.3585
1789121700000,220.3585,220.3982,220.18,220.1995
1789122600000,220.1979,220.275,220.11,220.178
1789123500000,220.178,220.27,220.1,220.188
1789124400000,220.1,220.2,219.58,219.8292
1789125300000,219.8292,220.1382,219.75,219.987
1789126200000,219.987,220.05,219.73,219.9082
1789127100000,219.9082,219.9082,219.55,219.6477
1789128000000,219.58,219.8272,219.1385,219.2567
1789128900000,219.2567,219.83,219.12,219.7467
1789129800000,219.744,219.92,218.34,219.9192
1789130700000,219.9192,221.54,219.8,221.3777
1789131600000,221.316,221.89,220.81,220.9787
1789132500000,220.9787,221.45,220.7,221.15
1789133400000,221.25,221.34,219.0307,220.06
1789134300000,220.07,221.71,219.345,221.61
1789135200000,221.62,222,220.81,221.17
1789136100000,221.17,221.93,220.65,221.6
1789137000000,221.59,221.59,219.67,219.7881
1789137900000,219.78,220.11,219.3,219.47
1789138800000,219.4299,220.28,219.3616,219.7806
1789139700000,219.8,220.575,219.79,220.1801
1789140600000,220.18,220.3,219.4201,219.57
1789141500000,219.57,219.8399,219.5005,219.685
1789142400000,219.68,219.9699,219.55,219.58
1789143300000,219.58,219.59,219.09,219.16
1789144200000,219.16,219.22,218.65,219.1199
1789145100000,219.115,219.24,218.96,219.105
1789146000000,219.11,219.36,218.9,218.985
1789146900000,218.985,219.43,218.94,219.25
1789147800000,219.256,219.41,219,219.29
1789148700000,219.3,219.4,219.08,219.145
1789149600000,219.14,219.25,219.03,219.2
1789150500000,219.1874,219.5599,219.095,219.51
1789151400000,219.505,220.01,219.49,219.65
1789152300000,219.655,219.6699,219.24,219.35
1789153200000,219.34,219.445,218.8107,219.11
1789154100000,219.1001,219.23,218.36,218.41
1789155000000,218.42,218.84,218.23,218.7658
1789155900000,218.76,218.85,218.15,218.29
1789156800000,218.17,218.47,218.05,218.3487
1789157700000,218.3,218.44,218.3,218.369
1789158600000,218.369,218.42,218.31,218.3797
1789159500000,218.3797,218.4,218.35,218.3987
1789160400000,218.3987,218.4,218.3,218.3492
1789161300000,218.3492,218.39,218.32,218.3697
1789162200000,218.3697,218.38,218.36,218.3792
1789163100000,218.3795,218.38,218.35,218.3597
1789164000000,218.3597,218.39,218.34,218.3595
1789164900000,218.3595,218.3787,218.31,218.3397
1789165800000,218.3399,218.35,218.111,218.1892
1789166700000,218.1892,218.23,218.16,218.2295
1789167600000,218.23,218.29,218.21,218.2792
1789168500000,218.2695,218.29,218.25,218.2795
1789169400000,218.2795,218.29,218.25,218.2697
1789170300000,218.2602,218.27,218.17,218.241
1789171200000,218.24,218.24,218.21,218.21
1789172100000,218.28,218.34,218.25,218.29
1789173000000,218.34,218.47,218.29,218.42
1789173900000,218.42,218.44,218.38,218.38
1789174800000,218.44,218.5,218.43,218.43
1789175700000,218.45,218.45,218.42,218.42
1789176600000,218.45,218.53,218.38,218.4
1789177500000,218.53,218.54,218.21,218.23
1789178400000,218.49,218.5,218.36,218.38
1789179300000,218.49,218.59,218.34,218.5
1789180200000,218.5,218.62,218.22,218.49
1789181100000,218.49,218.75,218.3,218.75
1789182000000,218.73,218.81,218.57,218.6
1789183800000,218.76,218.76,218.56,218.56
1789185600000,218.8,218.9,218.42,218.79
1789186500000,218.8,218.82,218.53,218.65
1789187400000,218.81,218.81,218.64,218.64
1789189200000,218.81,218.89,218.27,218.39
1789190100000,218.93,218.93,218.8,218.81
1789191000000,218.78,218.88,218.78,218.81
1789191900000,218.84,218.84,218.81,218.81
1789194600000,218.81,218.81,218.81,218.81
1789195500000,218.81,218.81,218.78,218.78
1789196400000,218.81,219,218.62,218.95
1789197300000,218.98,219.09,218.53,219.01
1789198200000,219.01,219.01,218.33,218.33
1789199100000,219.03,219.03,218.92,218.92
1789200000000,219,219.03,218.45,218.45
1789200900000,218.96,218.96,218.55,218.96
1789201800000,218.96,219,218.54,218.54
1789202700000,219.01,219.01,218.6,219.01
1789203600000,219.01,219.09,218.29,218.34
1789204500000,219.04,219.12,218.34,218.38
1789205400000,218.3,219.02,218.3,218.46
1789206300000,219.03,219.03,218.49,218.49
1789207200000,219.06,219.11,218.46,218.49
1789208100000,218.49,219.12,218.49,219.12
1789209000000,219.11,219.12,218.39,218.43
1789209900000,218.43,219.03,218.43,219.03
1789210800000,219,219.1,218.54,218.56
1789211700000,218.51,219.05,218.51,219.03
1789212600000,218.59,219.01,218.52,218.99
1789213500000,218.6,219.02,218.59,218.66
1789214400000,218.64,218.64,218.64,218.64
1789215300000,218.97,219.01,218.64,218.9
1789216200000,218.97,219.13,218.9,218.91
1789217100000,219.02,219.07,218.54,218.59
1789218000000,218.61,219.04,218.61,218.72
1789218900000,219,219.07,218.72,219.06
1789219800000,218.82,219.13,218.68,219.12
1789220700000,218.8,219.13,218.33,219.09
1789221600000,218.46,219.1,218.46,218.8
1789222500000,219.08,219.11,218.38,218.88
1789223400000,218.87,218.92,218.36,218.92
1789224300000,218.42,219,218.41,218.76
1789225200000,218.98,219.14,218.69,218.89
1789226100000,218.93,219.1,218.71,219.05
1789227000000,219.02,219.04,218.53,219.01
1789227900000,218.96,219.03,218.75,219.01
1789228800000,218.96,219.15,218.94,219.06
1789229700000,219.02,219.08,218.93,219.02
1789230600000,218.93,219.08,218.9,219.02
1789231500000,219.07,219.17,218.9,219.13
1789232400000,218.97,219.17,218.91,218.91
1789235100000,219.07,219.07,218.89,218.9
1789236000000,219.02,219.03,218.33,218.57
1789236900000,218.98,218.99,218.65,218.68
1789237800000,218.97,219.1,218.52,218.73
1789238700000,219.02,219.04,218.44,218.71
1789239600000,219,219.06,218.32,218.7
1789240500000,219.03,219.03,218.7,218.74
1789241400000,218.84,219.02,218.53,218.94
1789242300000,218.94,218.94,218.28,218.74
1789243200000,218.74,218.8,218.28,218.3
1789244100000,218.3,218.74,218.28,218.29
1789245000000,218.29,219.18,218.24,218.25
1789245900000,219.17,219.17,219.17,219.17
1789246800000,218.25,218.25,218.25,218.25
1789247700000,218.25,219.28,218.24,219.2
1789248600000,219.23,219.23,219.22,219.22
1789249500000,219.22,219.22,219.22,219.22
1789250400000,219.25,219.26,219.18,219.18
1789251300000,219.25,219.28,219.18,219.23
1789254000000,219.26,219.27,219.18,219.18
1789255800000,219.28,219.32,219.23,219.23
1789256700000,219.25,219.29,219.23,219.23
1789258500000,219.26,219.33,219.19,219.19
1789259400000,219.19,219.27,219.19,219.19
1789260300000,219.29,219.29,219.21,219.23
1789261200000,219.26,219.35,219.19,219.25
1789262100000,219.24,219.24,219.24,219.24
1789263000000,219.25,219.26,219.23,219.23
1789263900000,219.26,219.28,219.23,219.23
1789264800000,219.26,219.26,219.19,219.2
1789265700000,219.27,219.27,219.19,219.19
1789266600000,219.27,219.37,219.25,219.37
1789267500000,219.27,219.34,219.19,219.24
1789268400000,219.26,219.27,219.23,219.23
1789269300000,219.26,219.3,219.2,219.24
1789270200000,219.26,219.29,219.19,219.2
1789271100000,219.25,219.26,219.25,219.26
1789272000000,219.28,219.39,219.19,219.23
1789272900000,219.3,219.4,219.21,219.3
1789273800000,219.27,219.33,219.2,219.29
1789274700000,219.26,219.32,219.22,219.26
1789275600000,219.3,219.35,219.21,219.3
1789276500000,219.25,219.37,219.21,219.31
1789277400000,219.26,219.34,219.21,219.21
1789278300000,219.3,219.3,219.21,219.21
1789279200000,219.21,219.21,219.21,219.21
1789280100000,219.3,219.34,219.21,219.21
1789281000000,219.3,219.31,219.2,219.21
1789281900000,219.3,219.31,219.3,219.31
1789283700000,219.22,219.31,219.21,219.21
1789284600000,219.3,219.3,219.21,219.21
1789285500000,219.21,219.3,219.2,219.2
1789286400000,219.3,219.31,219.21,219.21
1789288200000,219.21,219.21,219.14,219.14
1789289100000,219.2,219.2,218.1,218.13
1789290000000,218.14,218.33,218.04,218.11
1789290900000,218.12,218.33,218.03,218.07
1789291800000,218.07,218.33,218.02,218.03
1789292700000,218.32,218.32,218.02,218.03
1789293600000,218.24,218.24,218.02,218.06
1789294500000,218.09,218.32,217.89,217.89
1789295400000,217.98,217.99,217.82,217.92
1789296300000,217.96,217.99,217.9,217.9
1789297200000,217.98,217.99,217.87,217.9
1789298100000,217.92,217.99,217.74,217.75
1789299000000,217.76,217.76,217.75,217.75
1789300800000,217.82,217.84,217.69,217.7
1789301700000,217.77,217.85,217.66,217.7
1789302600000,217.73,217.76,217.69,217.76
1789303500000,217.76,217.88,217.48,217.48
1789304400000,217.67,217.67,217.4,217.45
1789305300000,217.48,217.52,217.34,217.38
1789306200000,217.38,217.38,217.36,217.36
1789307100000,217.38,217.38,217.26,217.26
1789308000000,217.26,217.26,217.24,217.26
1789308900000,217.26,217.37,217.24,217.29
1789309800000,217.29,217.29,217.24,217.24
1789310700000,217.29,217.3,217.24,217.24
1789311600000,217.29,217.3,217.23,217.3
1789312500000,217.3,217.41,217.24,217.41
1789313400000,217.41,217.41,217.41,217.41
1789314300000,217.41,217.41,217.24,217.24
1789315200000,217.41,217.41,217.19,217.23
1789316100000,217.28,217.34,217.16,217.25
1789317000000,217.31,217.34,217.15,217.23
1789317900000,217.19,217.31,217.17,217.23
1789318800000,217.2,217.31,217.15,217.22
1789319700000,217.19,217.27,217.14,217.15
1789320600000,217.27,217.28,217.14,217.17
1789322400000,217.23,217.28,217.17,217.18
1789323300000,217.27,217.27,217.18,217.18
1789324200000,217.27,217.27,217.17,217.17
1789325100000,217.27,217.27,217.27,217.27
1789326000000,217.27,217.28,217.24,217.24
1789326900000,217.24,217.24,217.18,217.18
1789327800000,217.17,217.17,217.17,217.17
1789328700000,217.27,217.27,217.27,217.27
1789329600000,217.27,217.27,217.27,217.27
1789330500000,217.18,217.27,217.16,217.27
1789332300000,217.16,217.16,217.16,217.16
1789335000000,217.27,217.27,217.16,217.16
1789335900000,217.27,217.27,217.15,217.15
1789336800000,217.2,217.21,217.18,217.18
1789337700000,217.2,217.28,217.15,217.16
1789338600000,217.17,217.2,217.11,217.2
1789339500000,217.11,217.2,217.11,217.2
1789340400000,217.2,217.2,217.1,217.1
1789341300000,217.08,217.19,217.07,217.07
1789342200000,217.19,217.19,217.19,217.19
1789343100000,217.19,217.2,216.96,216.96
1789344000000,216.96,216.96,214.5,215.02
1789344900000,215.02,215.12,214.34,214.42
1789345800000,214.43,214.73,214.28,214.3
1789346700000,214.31,214.54,214.1,214.15
1789347600000,214.14,214.52,214.01,214.3
1789348500000,214.3,214.3,213.96,214.13
1789349400000,214.14,215,214,214.38
1789350300000,214.39,215.16,214.35,215.12
1789351200000,215.12,215.27,214.9,215.23
1789352100000,215.24,215.24,214.9,215.07
1789353000000,215.07,215.15,214.91,214.94
1789353900000,214.93,215.13,214.91,215.07
1789354800000,215.08,215.11,214.89,214.94
1789355700000,214.96,215.01,214.81,214.92
1789356600000,214.92,214.92,214.69,214.78
1789357500000,214.78,214.87,214.63,214.78
1789358400000,214.79,214.92,214.71,214.85
1789359300000,214.87,214.98,214.79,214.83
1789360200000,214.86,214.93,214.72,214.82
1789361100000,214.82,215,214.78,214.9
1789362000000,214.9,214.95,214.81,214.89
1789362900000,214.89,214.94,214.72,214.83
1789363800000,214.83,214.93,214.7,214.71
1789364700000,214.76,214.84,214.71,214.82
1789365600000,214.83,214.91,214.63,214.71
1789366500000,214.71,214.71,214.54,214.6
1789367400000,214.59,214.65,214.47,214.53
1789368300000,214.55,214.6,214.06,214.08
1789369200000,214.11,214.11,213.4,213.93
1789370100000,213.94,214.02,213.68,213.77
1789371000000,213.77,213.98,213.6,213.6
1789371900000,213.63,213.81,213.44,213.55
1789372800000,213.94,215.02,213.3917,213.7382
1789373700000,213.7357,213.74,212.831,212.878
1789374600000,212.878,213.1562,212.8,212.9185
1789375500000,212.9185,212.9965,211.95,212.0967
1789376400000,212.01,212.25,211.29,211.4995
1789377300000,211.4985,211.6982,211,211.4982
1789378200000,211.4982,211.99,211.44,211.8577
1789379100000,211.8582,212,211.75,211.928
1789380000000,211.928,211.96,211.54,211.7292
1789380900000,211.7292,212.18,211.5322,212.009
1789381800000,212.009,212.25,211.86,212.1565
1789382700000,212.1565,212.35,211.5112,212.3475
1789383600000,212.32,212.45,212.05,212.189
1789384500000,212.189,213.289,211.92,213.289
1789385400000,213.2987,213.389,213,213.1663
1789386300000,213.1682,213.3975,212.8,212.89
1789387200000,212.889,213.06,212.5225,212.8182
1789388100000,212.8182,213.15,212.7,212.8195
1789389000000,212.82,212.94,212.18,212.7177
1789389900000,212.7177,212.8,212.03,212.0792
1789390800000,212.08,212.3,211.73,212.1987
1789391700000,212.19,212.63,211.1,211.33
1789392600000,211.08,211.385,208.93,209.86
1789393500000,209.86,211.56,209.8463,210.79
1789394400000,210.79,211.7,210.45,211.42
1789395300000,211.425,211.53,210.07,210.455
1789396200000,210.45,211.02,210.25,210.52
1789397100000,210.53,210.86,210.3,210.48
1789398000000,210.46,211.26,210.28,210.74
1789398900000,210.73,211.6,210.718,211.46
1789399800000,211.45,212.2,211.2,212.05
1789400700000,212.0575,212.33,211.68,212.1884
1789401600000,212.17,212.285,211.6515,211.6899
1789402500000,211.7,212.23,211.68,211.79
1789403400000,211.77,211.86,211.51,211.86
1789404300000,211.855,212.39,211.7,212.105
1789405200000,212.1099,212.38,212.0589,212.071
1789406100000,212.07,212.59,211.96,212.58
1789407000000,212.59,212.606,212.1667,212.3784
1789407900000,212.37,212.77,212.37,212.4101
1789408800000,212.42,212.63,212.2,212.46
1789409700000,212.46,212.495,212.035,212.095
1789410600000,212.11,212.45,212.07,212.4
1789411500000,212.4,212.58,212.23,212.555
1789412400000,212.57,212.62,212.19,212.28
1789413300000,212.27,212.36,212.1,212.105
1789414200000,212.1,212.2,211.68,212.07
1789415100000,212.075,212.4,210.79,210.96
1789416000000,210.93,211.2282,210.29,211.0987
1789416900000,211.05,211.55,210.9394,211.5292
1789417800000,211.5487,212.4,211.48,212.35
1789418700000,212.36,212.75,212.2,212.398
1789419600000,212.398,212.4,212.12,212.2095
1789420500000,212.2095,212.49,212.17,212.3975
1789421400000,212.3975,212.3975,212.17,212.2487
1789422300000,212.2487,212.54,212.2,212.539
1789423200000,212.51,212.58,212.3,212.4992
1789424100000,212.5,212.62,212.3122,212.3977
1789425000000,212.3977,212.4499,212.18,212.2295
1789425900000,212.2295,212.4,212.2,212.3877
1789426800000,212.3877,212.4,212.2,212.3892
1789427700000,212.3892,212.39,212.25,212.2987
1789428600000,212.2987,212.3,212.147,212.1695
1789429500000,212.1695,212.17,212.01,212.04
1789430400000,212.01,212.26,211.94,212.2
1789431300000,212.22,212.35,212.1,212.28
1789432200000,212.27,212.52,212.26,212.45
1789433100000,212.47,212.53,212.22,212.35
1789434000000,212.38,212.5,212.28,212.47
1789434900000,212.5,212.52,212.38,212.38
1789435800000,212.41,212.51,212.15,212.26
1789436700000,212.26,212.47,212.22,212.39
1789437600000,212.42,212.51,212.37,212.42
1789438500000,212.42,212.45,212.36,212.45
1789439400000,212.45,212.57,212.42,212.53
1789440300000,212.53,212.73,212.52,212.58
1789441200000,212.57,212.67,212.53,212.59
1789442100000,212.59,212.66,212.55,212.61
1789443000000,212.62,212.73,212.6,212.64
1789443900000,212.63,212.64,212.45,212.46
1789444800000,212.45,212.57,212.43,212.5
1789445700000,212.5,212.5,212.1,212.11
1789446600000,212.12,212.25,212,212.24
1789447500000,212.24,212.33,212.07,212.21
1789448400000,212.21,212.28,211.8,211.84
1789449300000,211.86,211.91,211.6,211.84
1789450200000,211.83,212.27,211.79,212.26
1789451100000,212.26,212.44,212.17,212.27
1789452000000,212.27,212.43,212.16,212.37
1789452900000,212.37,212.5,212.28,212.33
1789453800000,212.33,212.36,212.03,212.1
1789454700000,212.1,212.17,211.97,212.03
1789455600000,212.03,212.17,211.75,211.76
1789456500000,211.76,212,211.75,211.87
1789457400000,211.86,211.97,211.68,211.69
1789458300000,211.68,211.86,211.67,211.81
1789459200000,211.81,212.61,210.96,211.1987
1789460100000,211.1987,211.6,211.1923,211.4952
1789461000000,211.4952,211.4952,211.2014,211.3782
1789461900000,211.3782,211.4985,211.2222,211.3977
1789462800000,211.3977,211.6845,211.2217,211.5157
1789463700000,211.5157,211.75,211.26,211.7465
1789464600000,211.7465,211.9188,211.5437,211.917
1789465500000,211.917,212.32,211.803,212.188
1789466400000,212.188,212.4377,212.112,212.3465
1789467300000,212.3465,212.4377,212.082,212.378
1789468200000,212.302,212.5,212.2425,212.4172
1789469100000,212.4172,212.43,212.1927,212.3795
1789470000000,212.36,212.62,212.34,212.5277
1789470900000,212.442,212.54,212.15,212.2792
1789471800000,212.2792,212.28,212.01,212.2377
1789472700000,212.2377,212.3787,212.1317,212.3085
1789473600000,212.31,212.5,212.0232,212.4987
1789474500000,212.4987,212.7692,212.2217,212.2882
1789475400000,212.2882,212.35,211.98,212.3377
1789476300000,212.3377,212.96,212.2927,212.5695
1789477200000,212.5695,212.84,212.45,212.8135
1789478100000,212.8,213.49,212.27,213.45
1789479000000,213.09,213.8795,212.5625,213.31
1789479900000,213.315,213.94,212.99,213.26
1789480800000,213.22,213.3024,212.4105,212.64
1789481700000,212.635,212.9,211.96,212.7401
1789482600000,212.725,213.06,212.5205,212.71
1789483500000,212.71,212.95,211.63,212.035
1789484400000,212.035,212.59,212.02,212.2299
1789485300000,212.225,212.37,211.98,212.26
1789486200000,212.2511,212.47,211.9905,212.28
1789487100000,212.28,212.44,211.93,212.1799
1789488000000,212.19,212.35,211.84,211.842
1789488900000,211.8499,212.17,211.805,211.97
1789489800000,211.96,212.195,211.71,212.08
1789490700000,212.075,212.16,211.7,211.77
1789491600000,211.775,211.8,211.27,211.425
1789492500000,211.425,211.7403,211.16,211.33
1789493400000,211.3399,211.79,211.33,211.5499
1789494300000,211.56,211.98,211.4701,211.9598
1789495200000,211.96,212.11,211.67,211.7
1789496100000,211.71,212.2,211.56,212.1
1789497000000,212.095,212.33,211.93,212.0124
1789497900000,212.02,212.15,211.91,212.1101
1789498800000,212.1,212.19,211.88,212.015
1789499700000,212.02,212.15,211.89,212.1364
1789500600000,212.11,212.17,211.75,211.935
1789501500000,211.93,212.3,211.8301,212.17
1789502400000,212.15,212.43,212.1112,212.3992
1789503300000,212.37,212.46,212.17,212.3992
1789504200000,212.3992,212.65,212.37,212.6295
1789505100000,212.6295,212.69,212.57,212.5995
1789506000000,212.5995,212.62,212.41,212.5272
1789506900000,212.5272,212.53,212.35,212.4377
1789507800000,212.3987,212.4,212.2,212.249
1789508700000,212.2457,212.4,212.1707,212.3682
1789509600000,212.37,212.49,212.25,212.299
1789510500000,212.299,212.64,212.26,212.5563
1789511400000,212.5987,212.6787,212.55,212.6092
1789512300000,212.6092,212.61,212.4281,212.488
1789513200000,212.488,212.488,212.3,212.4197
1789514100000,212.4197,212.4888,212.17,212.2775
1789515000000,212.2775,212.44,212.18,212.439
1789515900000,212.439,212.46,212.3012,212.3705
1789516800000,212.76,212.76,212.3,212.52
1789517700000,212.5,212.51,212.34,212.38
1789518600000,212.37,212.49,212.36,212.39
1789519500000,212.41,212.46,212.34,212.37
1789520400000,212.37,212.5,212.19,212.5
1789521300000,212.48,212.52,212.36,212.36
1789522200000,212.34,212.37,212.07,212.09
1789523100000,212.09,212.13,211.85,211.89
1789524000000,211.89,212.19,211.85,212.04
1789524900000,212.06,212.32,212.06,212.32
1789525800000,212.32,212.45,212.26,212.27
1789526700000,212.29,212.44,212.28,212.44
1789527600000,212.46,212.91,212.45,212.85
1789528500000,212.85,213.26,212.82,213.08
1789529400000,213.06,213.07,212.75,212.8
1789530300000,212.83,213.05,212.83,213.02
1789531200000,213.02,213.12,213,213.07
1789532100000,213.07,213.14,213.02,213.07
1789533000000,213.06,213.07,212.89,212.97
1789533900000,212.95,213.08,212.95,213
1789534800000,213,213.4,212.91,213.27
1789535700000,213.3,213.4,213.18,213.27
1789536600000,213.28,213.64,213.22,213.63
1789537500000,213.64,213.75,213.36,213.51
1789538400000,213.52,213.68,213.36,213.59
1789539300000,213.56,213.63,213.3,213.4
1789540200000,213.39,213.5,213.34,213.42
1789541100000,213.43,213.64,213.31,213.6
1789542000000,213.6,213.91,213.59,213.87
1789542900000,213.87,213.89,213.75,213.82
1789543800000,213.8,213.9,213.72,213.79
1789544700000,213.79,213.81,213.59,213.68
1789545600000,213.83,213.9185,212.17,213.478
1789546500000,213.478,213.7075,213.35,213.636
1789547400000,213.636,213.6962,213.2,213.408
1789548300000,213.408,213.598,213.203,213.588
1789549200000,213.588,213.6975,213.28,213.3482
1789550100000,213.3482,213.35,213.0512,213.0987
1789551000000,213.0987,213.41,213.0512,213.4087
1789551900000,213.4087,213.41,213.164,213.3882
1789552800000,213.3882,213.41,213.01,213.24
1789553700000,213.2882,213.32,213.15,213.2487
1789554600000,213.2487,213.2995,213.15,213.2582
1789555500000,213.2582,213.3857,213.15,213.34
1789556400000,213.24,213.5177,213.1,213.1195
1789557300000,213.1,213.2292,213,213.2092
1789558200000,213.2092,213.52,213.161,213.4585
1789559100000,213.4585,213.789,213.4001,213.6995
1789560000000,213.6995,214.25,213.62,214.039
1789560900000,214.039,214.3,213.9512,214.2987
1789561800000,214.28,214.495,213.7,213.7585
1789562700000,213.71,214,213.6,213.867
1789563600000,213.8475,214.8852,213.57,213.988
1789564500000,213.96,214.36,213.84,214.1
1789565400000,214.14,214.36,213.31,213.47
1789566300000,213.4875,215.15,213.4844,214.7199
1789567200000,214.67,215.25,214.55,214.806
1789568100000,214.82,215.3,214.7607,215.02
1789569000000,215.03,215.35,214.8415,215.2801
1789569900000,215.2801,215.5,215.1,215.45
1789570800000,215.45,216.3,215.45,215.975
1789571700000,215.97,216.085,215.68,215.85
1789572600000,215.855,216.29,215.78,216.155
1789573500000,216.155,216.76,216.04,216.05
1789574400000,216.0517,216.17,215.5001,215.705
1789575300000,215.7085,215.97,215.6,215.87
1789576200000,215.87,215.97,215.752,215.87
1789577100000,215.875,216.19,215.875,216.005
1789578000000,216.005,216.005,215.45,215.6701
1789578900000,215.68,215.685,215.23,215.44
1789579800000,215.45,215.5,214.72,214.745
1789580700000,214.7599,215.33,214.73,215.25
1789581600000,215.255,216.445,214.9525,215.67
1789582500000,215.69,215.9099,215.09,215.5276
1789583400000,215.52,215.7586,214.1907,215.545
1789584300000,215.53,215.72,213.69,213.865
1789585200000,213.87,214.48,212.77,212.995
1789586100000,213.0071,213.4,212.5,213.35
1789587000000,213.335,214.0797,213.2,213.66
1789587900000,213.632,214.45,213.335,213.9
1789588800000,213.91,214.48,213.87,214.3682
1789589700000,214.3,214.42,213.9,214.2692
1789590600000,214.2692,214.389,214.2,214.3882
1789591500000,214.3895,215.6948,214.32,214.3895
1789592400000,214.3895,215.6948,214.37,214.4487
1789593300000,214.4487,214.45,214.39,214.4195
1789594200000,214.4195,214.88,214.4,214.8382
1789595100000,214.8382,214.84,214.6,214.7382
1789596000000,214.6787,214.7372,214.35,214.6697
1789596900000,214.6697,214.84,214.6001,214.8292
1789597800000,214.8292,215.25,214.82,215.0977
1789598700000,215.0977,215.1867,214.84,214.9182
1789599600000,214.9182,215.08,214.85,215.0195
1789600500000,215.0195,215.24,215,215.1987
1789601400000,215.1987,215.3197,215.05,215.3197
1789602300000,215.3197,215.8,215.3,215.65
1789603200000,215.51,215.88,215.23,215.28
1789604100000,215.29,215.6,215.29,215.46
1789605000000,215.46,215.7,215.45,215.57
1789605900000,215.59,215.6,215.3,215.53
1789606800000,215.5,215.66,215.3,215.38
1789607700000,215.45,215.53,215.41,215.52
1789608600000,215.52,215.66,215.36,215.46
1789609500000,215.5,215.55,215.28,215.35
1789610400000,215.33,215.39,215.24,215.26
1789611300000,215.23,215.46,215.22,215.35
1789612200000,215.35,215.77,215.35,215.73
1789613100000,215.74,215.76,215.55,215.56
1789614000000,215.54,215.74,215.53,215.7
1789614900000,215.7,215.7,215.61,215.63
1789615800000,215.64,215.72,215.58,215.71
1789616700000,215.7,215.78,215.64,215.78
1789617600000,215.78,215.79,215.62,215.62
1789618500000,215.65,215.72,215.58,215.68
1789619400000,215.68,215.81,215.59,215.8
1789620300000,215.8,215.86,215.73,215.8
1789621200000,215.78,215.8,215.67,215.71
1789622100000,215.7,215.73,215.61,215.65
1789623000000,215.65,215.65,215.4,215.41
1789623900000,215.4,215.51,215.34,215.35
1789624800000,215.35,215.56,215.29,215.29
1789625700000,215.29,215.57,215.1,215.56
1789626600000,215.57,215.74,215.54,215.74
1789627500000,215.74,215.79,215.7,215.73
1789628400000,215.72,216.05,215.68,216.05
1789629300000,216.03,216.28,215.98,216.28
1789630200000,216.29,216.49,216.26,216.29
1789631100000,216.28,216.31,216.06,216.15
1789632000000,216.29,216.5885,213.9,216.1975
1789632900000,216.1975,216.7595,216.1017,216.7587
1789633800000,216.7587,216.89,216.572,216.689
1789634700000,216.689,217.1987,216.622,217.0892
1789635600000,217.0892,217.4,217.06,217.2585
1789636500000,217.25,217.3987,217.09,217.317
1789637400000,217.317,217.56,217.23,217.3572
1789638300000,217.3572,217.3575,217.1,217.22
1789639200000,217.2177,217.2277,216.8,216.9882
1789640100000,216.9882,217.2,216.91,217.1087
1789641000000,217.1087,217.1087,216.8,216.8487
1789641900000,216.8,217.0482,216.7617,217.0465
1789642800000,216.965,217.38,216.77,216.9175
1789643700000,216.9175,216.92,216.36,216.7987
1789644600000,216.75,216.9487,216.64,216.8585
1789645500000,216.8585,217.118,216.52,217.0674
1789646400000,217.13,217.55,217.09,217.4697
1789647300000,217.46,218.18,217.43,218.0975
1789648200000,218,218.9787,217.9992,218.3992
1789649100000,218.37,218.8,218.21,218.51
1789650000000,218.51,218.79,218.3,218.5787
1789650900000,218.5787,219,218.19,218.3924
1789651800000,218.388,218.7,217.145,217.82
1789652700000,217.83,219.19,217.71,219.03
1789653600000,219,219.65,218.5,219.495
1789654500000,219.48,219.85,219.07,219.51
1789655400000,219.505,219.87,219.3001,219.35
1789656300000,219.35,219.365,218.91,219.13
1789657200000,219.15,219.47,218.7701,218.8395
1789658100000,218.82,219.31,218.8,219.23
1789659000000,219.2499,219.28,218.94,219.165
1789659900000,219.185,219.23,218.71,218.96
1789660800000,218.96,219.03,218.62,218.715
1789661700000,218.72,219,218.69,218.93
1789662600000,218.925,219.04,218.72,218.905
1789663500000,218.915,219.08,218.48,218.7
1789664400000,218.705,219.19,218.68,218.9
1789665300000,218.93,219.02,218.78,218.895
1789666200000,218.9,219.4,218.76,219.3901
1789667100000,219.4,219.45,219.1001,219.245
1789668000000,219.245,219.5499,219.0701,219.4
1789668900000,219.4,219.825,219.395,219.55
1789669800000,219.55,219.65,219.31,219.41
1789670700000,219.41,219.55,219.315,219.37
1789671600000,219.37,219.76,219.345,219.67
1789672500000,219.67,219.855,219.54,219.59
1789673400000,219.58,219.8,219.3628,219.45
1789674300000,219.44,219.9,219.22,219.34
1789675200000,219.37,219.3862,218.73,219.1225
1789676100000,219.22,219.34,218.9,218.988
1789677000000,218.988,219.129,218.902,219.0487
1789677900000,219.04,219.28,218.6296,219.2792
1789678800000,219.2792,219.35,219.25,219.349
1789679700000,219.349,219.37,219.3,219.339
1789680600000,219.339,219.37,219.3,219.3695
1789681500000,219.3695,219.48,219.35,219.4685
1789682400000,219.42,219.4772,219.15,219.317
1789683300000,219.317,219.317,219.1,219.2072
1789684200000,219.2072,219.2085,219.02,219.0795
1789685100000,219.0795,219.1897,219.06,219.179
1789686000000,219.179,219.3482,219.105,219.2475
1789686900000,219.2475,219.25,219.1,219.2465
1789687800000,219.2465,219.3,219.11,219.2482
1789688700000,219.2482,219.29,219.1,219.2308
1789689600000,219.09,219.29,219,219.2
1789690500000,219.2,219.35,219.09,219.17
1789691400000,219.17,219.26,219.05,219.17
1789692300000,219.15,219.15,219.03,219.06
1789693200000,219.07,219.18,218.94,219.13
1789694100000,219.13,219.13,218.94,219.01
1789695000000,219,219.24,219,219.13
1789695900000,219.13,219.26,219.13,219.19
1789696800000,219.19,219.24,219.03,219.17
1789697700000,219.17,219.77,219.1,219.73
1789698600000,219.71,219.74,219.49,219.6
1789699500000,219.62,219.75,219.57,219.58
1789700400000,219.58,220.56,219.57,220.47
1789701300000,220.47,220.62,220.28,220.55
1789702200000,220.56,220.64,220.25,220.53
1789703100000,220.53,220.64,220.1,220.27
1789704000000,220.23,220.3,220.14,220.24
1789704900000,220.23,220.3,220.1,220.3
1789705800000,220.32,220.42,220.2,220.36
1789706700000,220.4,220.71,220.36,220.6
1789707600000,220.61,220.66,220.51,220.53
1789708500000,220.55,220.77,220.48,220.48
1789709400000,220.48,220.75,220.46,220.74
1789710300000,220.74,220.75,220.54,220.59
1789711200000,220.61,221.17,220.59,221.12
1789712100000,221.12,221.17,220.91,220.93
1789713000000,220.92,221.17,220.89,221.12
1789713900000,221.13,221.17,221.02,221.16
1789714800000,221.17,221.8,221.08,221.49
1789715700000,221.41,221.98,221.36,221.97
1789716600000,221.97,222,221.91,221.91
1789717500000,221.91,221.91,221.67,221.71
1789718400000,221.7,222,219.34,221.3677
1789719300000,221.3677,221.69,221.2817,221.5377
1789720200000,221.47,221.67,221.3832,221.5977
1789721100000,221.5977,221.65,221.29,221.3585
1789722000000,221.3585,221.4987,221.2,221.4577
1789722900000,221.4577,221.4887,221.09,221.1197
1789723800000,221.1197,221.15,220.6822,220.6822
1789724700000,220.69,220.85,220.5922,220.5922
1789725600000,220.6777,220.988,220.6147,220.9
1789726500000,220.93,221.097,220.823,220.9497
1789727400000,220.9497,221.19,220.8125,220.9992
1789728300000,220.9992,221.01,220.74,220.9375
1789729200000,220.8017,220.918,219.34,220.5957
1789730100000,220.5957,220.6,220.03,220.1475
1789731000000,220.1475,220.34,219.81,219.9175
1789731900000,219.9175,220.08,219.77,219.8785
1789732800000,219.88,220.0777,219.15,219.4195
1789733700000,219.4195,219.54,219.09,219.2178
1789734600000,219.2475,219.47,219.1525,219.38
1789735500000,219.3887,219.3985,218.95,219.1682
1789736400000,219.1,219.35,218.93,219.209
1789737300000,219.209,219.95,218.55,219.44
1789738200000,219.25,220.07,218.04,219.73
1789739100000,219.725,220.04,219.2,219.2201
1789740000000,219.22,220.89,218.92,220.625
1789740900000,220.65,220.84,219.52,219.52
1789741800000,219.5,219.57,218.85,219.05
1789742700000,219.05,219.55,218.974,219.01
1789743600000,219.01,219.55,219,219.475
1789744500000,219.46,219.915,219.44,219.835
1789745400000,219.83,219.9101,219.4401,219.64
1789746300000,219.65,219.75,219.47,219.52
1789747200000,219.545,219.59,219.275,219.46
1789748100000,219.44,219.81,219.15,219.5396
1789749000000,219.54,219.935,219.47,219.54
1789749900000,219.535,219.81,219.425,219.655
1789750800000,219.66,219.97,219.43,219.935
1789751700000,219.925,220.2653,219.85,220
1789752600000,220,220,219.635,219.815
1789753500000,219.815,219.835,219.4001,219.49
1789754400000,219.4887,219.63,219.38,219.512
1789755300000,219.515,219.7,219.3,219.39
1789756200000,219.4,219.49,219.28,219.335
1789757100000,219.34,219.885,219.325,219.56
1789758000000,219.562,219.6299,219.36,219.57
1789758900000,219.57,219.95,219.47,219.48
1789759800000,219.48,219.81,219.36,219.775
1789760700000,219.77,222.73,219.64,222.27
1789761600000,222.06,222.3389,221.58,222.27
1789762500000,221.75,221.849,221.51,221.59
1789763400000,221.5987,221.6,221.31,221.4995
1789764300000,221.4995,222.058,221.48,221.9667
1789765200000,221.9667,222.22,221.84,222.1272
1789766100000,222.1272,222.27,222.01,222.0687
1789767000000,222.0687,222.28,222.02,222.2695
1789767900000,222.2695,222.33,222.06,222.298
1789768800000,222.298,222.4895,222.222,222.3292
1789769700000,222.3292,222.33,222.08,222.1975
1789770600000,222.1975,222.32,222.05,222.208
1789771500000,222.208,222.3365,222.13,222.2992
1789772400000,222.2992,222.48,222.27,222.4482
1789773300000,222.4482,222.47,222.38,222.41
1789774200000,222.4487,222.5,222.4,222.4997
1789775100000,222.4997,222.58,222.48,222.53
1789776000000,222.46,222.46,222.41,222.41
1789777800000,222.49,222.49,222.49,222.49
1789778700000,222.49,222.49,222.41,222.41
1789780500000,222.41,222.49,222.4,222.4
1789781400000,222.41,222.41,222.38,222.38
1789782300000,222.37,222.37,222.36,222.36
1789783200000,222.37,222.37,222.33,222.33
1789784100000,222.38,222.38,222.33,222.36
1789785000000,222.36,222.36,222.27,222.27
1789785900000,222.25,222.25,222.2,222.2
1789786800000,222.26,222.36,222.19,222.36
1789787700000,222.2,222.66,222.19,222.44
1789788600000,222.45,222.65,222.44,222.44
1789789500000,222.44,222.74,222.44,222.74
1789790400000,222.46,222.46,222.45,222.45
1789791300000,222.45,222.45,222.45,222.45
1789792200000,222.46,222.75,222.44,222.75
1789794000000,222.46,222.74,222.45,222.45
1789794900000,222.46,222.77,222.44,222.44
1789795800000,222.45,222.45,222.44,222.44
1789796700000,222.46,222.78,222.44,222.44
1789797600000,222.79,222.79,222.44,222.44
1789798500000,222.46,222.74,222.44,222.44
1789799400000,222.42,222.68,222.4,222.54
1789800300000,222.53,222.54,222.41,222.41
1789801200000,222.4,222.4,222.39,222.4
1789802100000,222.39,222.59,222.38,222.59
1789803000000,222.36,222.6,222.33,222.42
1789803900000,222.43,222.43,222.43,222.43
1789804800000,222.42,222.6,222.38,222.6
1789806600000,222.39,222.59,222.39,222.59
1789807500000,222.39,222.58,222.36,222.36
1789808400000,222.37,222.6,222.37,222.49
1789809300000,222.48,222.49,222.38,222.44
1789810200000,222.43,222.43,222.4,222.4
1789812000000,222.41,222.47,222.39,222.47
1789812900000,222.4,222.47,222.2,222.23
1789813800000,222.26,222.58,222.21,222.21
1789814700000,222.3,222.46,222.16,222.16
1789815600000,222.4,222.42,222.15,222.16
1789816500000,222.23,222.26,222.18,222.18
1789817400000,222.18,222.18,222.18,222.18
1789818300000,222.26,222.41,222.13,222.13
1789819200000,222.13,222.13,222.11,222.11
1789820100000,222.38,222.39,222.12,222.12
1789821000000,222.11,222.12,222.11,222.12
1789821900000,222.11,222.11,222.11,222.11
1789822800000,222.1,222.1,222.1,222.1
1789823700000,222.12,222.21,222.12,222.21
1789824600000,222.29,222.29,222.12,222.12
1789825500000,222.26,222.26,222.07,222.07
1789826400000,222.23,222.23,222.23,222.23
1789827300000,222.34,222.45,222.19,222.19
1789828200000,222.37,222.37,222.19,222.19
1789829100000,222.14,222.35,222.14,222.2
1789830000000,222.32,222.4,222.06,222.06
1789830900000,222.17,222.17,222.02,222.04
1789831800000,222.04,222.35,222.03,222.05
1789832700000,222.13,222.13,222.13,222.13
1789833600000,222.42,222.49,222.14,222.46
1789834500000,222.21,222.56,222.07,222.45
1789835400000,222.45,222.48,222.07,222.44
1789836300000,222.19,222.52,222.09,222.2
1789837200000,222.2,222.44,222.1,222.16
1789838100000,222.44,222.46,222.15,222.15
1789839000000,222.34,222.35,222.11,222.11
1789839900000,222.11,222.37,222.09,222.29
1789840800000,222.29,222.29,221.98,222.02
1789841700000,222.07,222.23,221.99,221.99
1789842600000,222.19,222.19,221.96,222.04
1789843500000,221.99,222.22,221.95,221.98
1789844400000,222.03,222.16,221.96,221.99
1789845300000,222.03,222.05,221.97,222.05
1789846200000,222.05,222.16,221.93,222.12
1789847100000,221.93,222.12,221.91,221.97
1789848000000,222.04,222.32,221.96,222.03
1789848900000,222.25,222.25,221.96,221.96
1789849800000,222.19,222.19,221.94,221.97
1789850700000,222.02,222.04,221.96,222.04
1789851600000,222.04,222.27,221.96,222.21
1789852500000,222.15,222.15,221.94,221.97
1789853400000,222.01,222.32,221.97,221.99
1789854300000,222.31,222.34,221.96,221.98
1789855200000,222.1,222.11,221.94,221.95
1789856100000,221.95,222.15,221.93,222
1789857000000,221.96,222.09,221.9,221.99
1789857900000,221.97,222.01,221.93,222.01
1789858800000,221.93,222.15,221.91,221.94
1789859700000,222.12,222.12,221.94,221.94
1789860600000,222.1,222.1,221.94,221.94
1789861500000,222.1,222.13,221.92,222
1789862400000,222.13,222.13,221.91,221.91
1789863300000,222,222.13,221.91,221.94
1789864200000,221.98,222,221.96,221.97
1789865100000,222,222.13,221.94,222.13
1789866000000,221.94,222.13,221.92,221.92
1789866900000,222.12,222.13,221.88,221.93
1789867800000,222,222,221.92,221.92
1789868700000,222,222.14,221.92,221.92
1789870500000,222.19,222.19,222.19,222.19
1789871400000,222.19,222.25,221.85,221.94
1789872300000,221.88,221.88,221.85,221.85
1789873200000,221.89,221.96,221.86,221.87
1789874100000,221.81,221.81,221.26,221.32
1789875000000,221.31,221.31,221.1,221.1
1789875900000,221.1,221.1,221.1,221.1
1789876800000,221.03,221.03,221.02,221.02
1789877700000,221.03,221.03,221.02,221.02
1789879500000,221.03,221.03,221.01,221.01
1789880400000,221.01,221.01,221,221
1789881300000,220.99,221.13,220.99,221.13
1789882200000,220.98,220.98,220.98,220.98
1789883100000,220.98,220.98,220.98,220.98
1789884000000,220.98,221.02,220.95,220.95
1789885800000,220.95,221.08,220.91,221.02
1789886700000,220.91,220.91,220.89,220.89
1789887600000,220.91,221.02,220.89,220.89
1789888500000,220.92,220.93,220.89,220.93
1789889400000,220.93,220.93,220.93,220.93
1789890300000,220.94,220.94,220.93,220.93
1789891200000,220.94,220.94,220.89,220.93
1789892100000,220.89,221.02,220.89,220.89
1789893000000,220.92,221.02,220.91,220.91
1789893900000,220.92,220.92,220.89,220.89
1789894800000,220.89,220.91,220.89,220.91
1789895700000,220.9,220.91,220.89,220.89
1789896600000,220.9,220.9,220.9,220.9
1789897500000,220.91,220.91,220.89,220.89
1789898400000,220.91,220.91,220.89,220.89
1789900200000,220.93,220.97,220.89,220.97
1789902000000,220.9,220.97,220.89,220.97
1789902900000,220.89,220.91,220.89,220.89
1789904700000,220.9,220.9,220.89,220.89
1789905600000,220.89,220.89,220.89,220.89
1789906500000,220.89,220.9,220.89,220.89
1789907400000,220.89,220.9,220.89,220.89
1789908300000,220.9,220.91,220.9,220.91
1789909200000,220.89,220.9,220.89,220.89
1789910100000,220.9,220.9,220.89,220.9
1789911000000,220.89,220.9,220.88,220.88
1789911900000,220.89,220.96,220.74,220.74
1789912800000,220.82,220.82,220.82,220.82
1789913700000,220.86,220.86,220.79,220.8
1789914600000,220.87,220.87,220.87,220.87
1789915500000,220.87,220.9,220.84,220.84
1789916400000,220.9,220.9,220.89,220.89
1789917300000,220.89,220.95,220.76,220.79
1789918200000,220.79,220.85,220.78,220.78
1789919100000,220.85,220.85,220.85,220.85
1789920000000,220.85,220.97,220.78,220.97
1789920900000,220.96,221.06,220.84,221.04
1789921800000,221.08,221.1,220.97,221
1789922700000,221.06,221.08,220.98,220.99
1789923600000,221.05,221.08,220.96,220.96
1789924500000,220.96,221.12,220.94,220.97
1789925400000,221.03,221.2,220.95,220.97
1789926300000,221.2,221.2,220.94,221.04
1789927200000,221.11,221.23,221.1,221.19
1789928100000,221.23,221.23,221.18,221.23
1789929000000,221.23,221.25,221.09,221.15
1789929900000,221.25,221.25,221.07,221.25
1789930800000,221.25,221.25,221.11,221.17
1789931700000,221.25,221.29,221.14,221.14
1789932600000,221.29,221.29,221.27,221.28
1789933500000,221.29,221.29,221.23,221.23
1789934400000,221.23,221.32,221.01,221.16
1789935300000,221.32,221.33,221.1,221.33
1789936200000,221.33,221.33,221.17,221.26
1789937100000,221.27,221.31,221.22,221.25
1789938000000,221.31,221.33,221.23,221.23
1789938900000,221.23,221.33,221.2,221.3
1789939800000,221.23,221.3,221.21,221.24
1789940700000,221.3,221.3,221.22,221.3
1789941600000,221.29,221.36,221.18,221.36
1789942500000,221.36,221.78,221.36,221.78
1789943400000,221.78,221.8,221.77,221.79
1789944300000,221.8,222.3,221.76,222.29
1789945200000,222.01,222.37,221.78,222.06
1789946100000,222.36,222.39,222.03,222.16
1789947000000,222.39,222.48,221.79,222.16
1789947900000,222.5,222.5,221.81,222.33
1789948800000,222.65,223.06,222.41,222.53
1789949700000,222.57,222.83,222.23,222.7
1789950600000,222.71,223.07,222.7,222.87
1789951500000,222.89,223.33,222.8,223.33
1789952400000,223.33,223.74,223.29,223.52
1789953300000,223.52,223.75,223.51,223.71
1789954200000,223.71,223.79,223.5,223.57
1789955100000,223.57,223.59,223.06,223.09
1789956000000,223.1,223.23,223,223.03
1789956900000,223.04,223.22,223.03,223.2
1789957800000,223.2,223.21,223.03,223.19
1789958700000,223.18,223.37,223.17,223.26
1789959600000,223.26,223.5,223.25,223.47
1789960500000,223.47,223.57,223.34,223.36
1789961400000,223.35,223.48,223.27,223.41
1789962300000,223.45,223.51,223.33,223.33
1789963200000,223.33,223.4,223.11,223.33
1789964100000,223.39,223.5,223.35,223.42
1789965000000,223.42,223.42,223.26,223.27
1789965900000,223.27,223.44,223.27,223.36
1789966800000,223.34,223.35,223.25,223.25
1789967700000,223.25,223.37,223.16,223.18
1789968600000,223.17,223.24,223.1,223.18
1789969500000,223.19,223.24,223.1,223.18
1789970400000,223.19,223.45,223.17,223.3
1789971300000,223.28,223.37,223.18,223.26
1789972200000,223.27,223.32,223.2,223.25
1789973100000,223.26,223.34,223.19,223.29
1789974000000,223.3,223.47,223.18,223.47
1789974900000,223.44,223.48,223.25,223.4
1789975800000,223.41,223.5,223.39,223.46
1789976700000,223.44,223.64,223.41,223.59
1789977600000,223.2,223.9582,223.093,223.899
1789978500000,223.899,223.9995,223.85,223.9865
1789979400000,223.9867,224.2387,223.86,224.1295
1789980300000,224.1295,224.1682,224.01,224.1682
1789981200000,224.1017,224.7185,224.0915,224.589
1789982100000,224.589,224.7975,224.52,224.737
1789983000000,224.737,224.8995,224.6327,224.8697
1789983900000,224.8697,224.9,224.52,224.53
1789984800000,224.5395,224.767,224.3217,224.3995
1789985700000,224.399,224.4592,224.2502,224.3987
1789986600000,224.3512,224.55,224.1932,224.3662
1789987500000,224.3662,224.37,224.05,224.2182
1789988400000,224.1202,224.2985,223.85,224.1495
1789989300000,224.1495,224.2492,224.06,224.1682
1789990200000,224.1682,224.23,223.9315,224.1287
1789991100000,224.1287,224.63,224.052,224.539
1789992000000,224.539,224.65,224.1627,224.2292
1789992900000,224.2292,224.2962,223.6535,223.7292
1789993800000,223.7292,223.89,223.4115,223.8121
1789994700000,223.89,223.89,223.422,223.4985
1789995600000,223.4985,223.74,223.4,223.4587
1789996500000,223.4587,223.7,222.55,222.9
1789997400000,222.935,224.4212,221.56,224.14
1789998300000,224.1506,224.93,224.07,224.13
1789999200000,224.12,224.29,222.58,223.33
1790000100000,223.325,223.795,223.13,223.64
1790001000000,223.605,224.58,223.56,224.52
1790001900000,224.53,225.16,224.2433,224.9568
1790002800000,224.96,225.5,224.91,225.47
1790003700000,225.48,225.495,224.7101,224.86
1790004600000,224.875,225.36,224.87,225.03
1790005500000,225.06,225.27,224.85,225.105
1790006400000,225.105,225.45,224.85,225.365
1790007300000,225.39,225.7985,225.29,225.58
1790008200000,225.595,226.54,225.595,226.1199
1790009100000,226.12,226.4,225.86,226.285
1790010000000,226.285,227.145,226.24,227.08
1790010900000,227.085,227.24,226.6203,227.2
1790011800000,227.19,227.37,226.7533,227.26
1790012700000,227.24,227.67,227.08,227.0906
1790013600000,227.1,227.32,227.01,227.1807
1790014500000,227.192,227.54,227.07,227.44
1790015400000,227.44,227.69,227.31,227.68
1790016300000,227.69,228.5,227.48,227.6899
1790017200000,227.69,227.82,227.32,227.4101
1790018100000,227.415,227.58,227.23,227.395
1790019000000,227.4,227.68,227.21,227.44
1790019900000,227.43,227.5197,226.94,227.38
1790020800000,227.38,227.49,226.298,227.2097
1790021700000,227.2002,227.38,226.88,227.079
1790022600000,227.079,227.0875,226.85,226.9292
1790023500000,226.9292,227.088,226.82,226.9497
1790024400000,226.9497,226.95,225.45,226.879
1790025300000,226.879,227.1472,225.45,227.1465
