ts_ms,open,high,low,close
1780272000000,435.74,437.5,434.25,434.25
1780272900000,434.31,435.61,434.31,435.59
1780273800000,435.56,435.56,434.49,434.49
1780274700000,434.58,434.71,433.89,434.3
1780275600000,434.35,434.41,433.17,433.17
1780276500000,433.2,433.68,433.01,433.01
1780277400000,433.01,433.11,432,432.04
1780278300000,432.07,432.99,432.05,432.88
1780279200000,432.88,433.51,432.84,433.29
1780280100000,433.33,433.33,432.45,432.71
1780281000000,432.71,433.09,432.68,432.72
1780281900000,432.69,432.87,432.41,432.6
1780282800000,432.71,432.94,432.7,432.74
1780283700000,432.77,433.02,432.4,433
1780284600000,432.96,433.47,432.45,432.45
1780285500000,432.47,432.55,432.11,432.12
1780286400000,432.11,432.56,432.08,432.43
1780287300000,432.42,432.44,431.61,431.69
1780288200000,431.62,432.18,431.26,432.12
1780289100000,432.1,432.1,431.21,431.36
1780290000000,431.44,431.93,431.26,431.85
1780290900000,431.91,431.91,431.08,431.13
1780291800000,431.14,431.32,431.01,431.06
1780292700000,431.08,431.62,430.99,431.6
1780293600000,431.61,431.78,431.06,431.38
1780294500000,431.4,431.8,431.28,431.54
1780295400000,431.52,431.97,431.51,431.7
1780296300000,431.7,432.06,431.51,431.64
1780297200000,431.59,431.59,431.3,431.44
1780298100000,431.42,431.45,430.75,430.75
1780299000000,430.79,430.91,430.6,430.81
1780299900000,430.8,431.59,430.68,431.59
1780300800000,431.58,432.56,430.6,431.58
1780301700000,430.71,431.08,429.99,429.99
1780302600000,430.32,430.7,430.03,430.32
1780303500000,430.3,430.95,430.08,430.87
1780304400000,431.26,431.76,430.68,430.8
1780305300000,430.49,430.8897,429.5,429.99
1780306200000,429.37,429.83,429.16,429.2
1780307100000,429.16,429.5,428.88,429.21
1780308000000,429.84,430.49,429.4,430.24
1780308900000,430.31,430.71,430.15,430.43
1780309800000,430.58,430.97,430.46,430.97
1780310700000,430.9,430.95,430.61,430.61
1780311600000,430.89,431.52,429.55,429.98
1780312500000,429.71,430.01,429.25,429.32
1780313400000,430.01,430.15,429.31,430.01
1780314300000,429.96,430.09,429.4,429.57
1780315200000,430,436.879,429.35,429.48
1780316100000,429.29,429.85,429.03,429.73
1780317000000,429.65,430.29,429.2575,430.15
1780317900000,429.49,430.15,429.3101,429.39
1780318800000,429.5,430,427.774,428.06
1780319700000,428.36,429.29,427.21,427.76
1780320600000,427.53,429.6,422.6401,425.96
1780321500000,425.74,426.9,422.91,422.97
1780322400000,422.965,424.86,422.06,422.14
1780323300000,422.1,423.67,421.2,421.68
1780324200000,421.59,422.11,420.1,422.02
1780325100000,422.01,422.17,418.65,419.4
1780326000000,419.51,421.7,419.38,421.03
1780326900000,421.11,422.29,420.35,421.93
1780327800000,421.91,424.1,421.87,422.9
1780328700000,422.92,423.25,420.81,420.99
1780329600000,421.12,422.0691,419.3301,419.47
1780330500000,419.47,420.36,418.35,418.8
1780331400000,418.81,420.8,418.76,420.065
1780332300000,420.12,421.26,419.3601,420.91
1780333200000,420.88,420.93,419.5701,420.21
1780334100000,420.27,420.98,419.52,420.94
1780335000000,421.01,421.71,419.56,420.99
1780335900000,420.97,421.556,420.271,420.43
1780336800000,420.395,420.96,420.03,420.06
1780337700000,420.085,420.62,419.755,420.175
1780338600000,420.18,420.19,419.22,419.675
1780339500000,419.61,419.79,418.99,419.14
1780340400000,419.07,419.26,418.08,418.2
1780341300000,418.13,419.2999,418.0801,418.24
1780342200000,418.265,418.46,415.71,416.765
1780343100000,416.73,417.47,415.43,415.54
1780344000000,415.9,417.18,415.23,415.99
1780344900000,415.93,416.36,415.61,416.16
1780345800000,416.21,416.25,415.6,415.81
1780346700000,415.57,415.9509,415.23,415.3
1780347600000,415.49,415.75,415.1612,415.61
1780348500000,415.59,415.7,415.1,415.59
1780349400000,415.61,415.7151,415.2711,415.3
1780350300000,415.22,415.4,415.13,415.25
1780351200000,415.2,415.25,415.04,415.1
1780352100000,415.05,415.1,414.28,414.39
1780353000000,414.35,414.4,413.25,414
1780353900000,414.14,414.45,413.9,414.2
1780354800000,414.01,414.19,413.54,413.74
1780355700000,413.95,414.01,413.6,413.86
1780356600000,413.79,414.05,413.45,413.58
1780357500000,413.55,413.84,413.5,413.53
1780358400000,413.91,413.99,412.3,412.8
1780359300000,412.82,413,410.64,411.54
1780360200000,411.55,412.8,411.36,411.86
1780361100000,411.98,412.04,411.19,411.59
1780362000000,411.72,413.17,411.47,412.95
1780362900000,412.97,413.46,412.62,412.82
1780363800000,412.8,413.13,412.34,412.77
1780364700000,412.57,412.57,411.83,411.91
1780365600000,411.91,411.99,411.3,411.58
1780366500000,411.48,412.09,411.36,412
1780367400000,412.06,412.97,412.06,412.93
1780368300000,412.93,412.99,412.41,412.43
1780369200000,412.43,412.5,411.91,412.11
1780370100000,412.1,412.24,411.81,412.11
1780371000000,412.13,412.6,412.01,412.43
1780371900000,412.49,412.69,411.99,412.02
1780372800000,412.01,412.38,411.83,412.04
1780373700000,412.09,413.01,412.06,412.89
1780374600000,412.85,413.43,412.82,413.41
1780375500000,413.38,414.67,413.31,414.61
1780376400000,414.58,415.01,414.2,415.01
1780377300000,414.96,415.01,414.59,414.8
1780378200000,414.81,416.5,414.81,415.84
1780379100000,415.89,415.95,414.79,415.05
1780380000000,415.14,415.36,414.5,415.01
1780380900000,415.03,415.3,414.96,415.18
1780381800000,415.2,415.91,414.8,415.49
1780382700000,415.5,415.99,415.43,415.99
1780383600000,415.93,417.16,415.65,416.96
1780384500000,416.96,417.16,416.8,416.89
1780385400000,416.92,417.06,416.84,416.87
1780386300000,416.87,417,416.57,416.87
1780387200000,416.99,417.71,411.8152,417
1780388100000,418,418.4,417.55,418.17
1780389000000,417.8,418.98,417.35,418.58
1780389900000,418.19,418.4,417.5,417.8
1780390800000,417.91,418,417.13,417.91
1780391700000,417,418,416.8,417.2
1780392600000,417.34,418,417.2,417.86
1780393500000,417.765,419.15,417.618,419.01
1780394400000,418.5,418.87,417.7,418.16
1780395300000,418.195,418.58,416.2,416.22
1780396200000,416.21,417,416.18,416.79
1780397100000,416.29,416.85,415.865,415.99
1780398000000,415.89,416.35,415.47,415.99
1780398900000,415.85,416.28,415.41,415.55
1780399800000,416.51,416.79,416.15,416.36
1780400700000,416.47,417.41,416.3513,416.85
1780401600000,417.25,418.5,417.13,418.07
1780402500000,417.99,418.5,417.97,418.2
1780403400000,418.09,418.1,417.4,417.69
1780404300000,417.7,417.8598,417.3026,417.66
1780405200000,417.75,418.38,417.3326,417.7
1780406100000,417.8,418.49,417.59,418.08
1780407000000,417.93,419.4927,413.65,416.86
1780407900000,416.89,417.3899,413.91,417.03
1780408800000,416.78,418.12,415.79,417.38
1780409700000,417.57,420.88,417.2,419.97
1780410600000,419.88,422.84,419.16,422.76
1780411500000,422.68,423.3,420.71,422.92
1780412400000,422.935,423.47,421.56,421.85
1780413300000,421.92,422.66,420.54,421.9
1780414200000,421.94,422.479,420.86,421.99
1780415100000,422.09,422.8,421.3,421.83
1780416000000,421.91,422.64,421.21,421.5
1780416900000,421.45,421.74,420.57,421.285
1780417800000,420.985,421.97,420.08,421.36
1780418700000,421.39,422.84,421.1301,422.39
1780419600000,422.55,423.33,421.75,422.76
1780420500000,422.89,423.14,421.4,421.55
1780421400000,421.535,422.5,420.71,422.25
1780422300000,422.3,422.83,421.6701,422.37
1780423200000,422.32,423.06,421.15,421.53
1780424100000,421.7,422.42,421.16,421.325
1780425000000,421.38,422.45,421.26,422.42
1780425900000,422.42,422.63,421.5293,421.98
1780426800000,421.98,422.03,420.6345,420.73
1780427700000,420.805,420.92,419.79,420.425
1780428600000,420.38,423.66,419.84,422.34
1780429500000,422.42,424.42,421.81,423.77
1780430400000,423.73,424.05,423.13,423.19
1780431300000,423.49,423.56,422.57,423.07
1780432200000,422.95,423,422.65,422.95
1780433100000,422.84,423,422.7,422.89
1780434000000,422.9,422.927,422.6,422.8321
1780434900000,422.27,422.8,422.0373,422.27
1780435800000,422.33,422.35,422,422.33
1780436700000,422.05,422.29,422,422.05
1780437600000,422.4,422.474,422,422.18
1780438500000,422.15,422.31,422.14,422.15
1780439400000,422.3,422.5,422.18,422.3
1780440300000,421.75,422.17,421.25,421.32
1780441200000,421.64,421.73,421.39,421.64
1780442100000,421.1,421.5999,420.6,420.86
1780443000000,420.81,421.6,420.61,420.81
1780443900000,421.65,421.97,421.01,421.71
1780444800000,421.69,421.84,420.59,420.73
1780445700000,420.73,421.55,420.58,421.13
1780446600000,421.13,421.55,421.13,421.51
1780447500000,421.41,421.7,420.76,420.92
1780448400000,420.99,420.99,420.29,420.56
1780449300000,420.5,420.64,420.28,420.54
1780450200000,420.54,420.68,419.42,419.56
1780451100000,419.75,420.23,419.51,420.18
1780452000000,420.12,420.17,419.74,420.08
1780452900000,420.02,420.08,419.5,419.79
1780453800000,419.78,420.45,419.67,420.2
1780454700000,420.22,420.22,419.89,420.1
1780455600000,420.09,420.1,419.66,420
1780456500000,420.01,420.51,419.98,420.27
1780457400000,420.25,420.49,420.17,420.17
1780458300000,420.16,420.24,419.99,420.14
1780459200000,420.14,420.51,420.12,420.4
1780460100000,420.36,420.43,420.06,420.07
1780461000000,420.05,420.3,420,420.1
1780461900000,420.04,420.05,419.7,419.87
1780462800000,419.84,420.37,419.7,420.23
1780463700000,420.25,420.47,420.1,420.32
1780464600000,420.2,420.52,420.13,420.51
1780465500000,420.5,420.64,420.23,420.58
1780466400000,420.62,421.11,420.32,420.8
1780467300000,420.79,421.12,420.66,421.01
1780468200000,421.1,421.42,420.95,421.17
1780469100000,421.22,421.22,420.81,420.88
1780470000000,420.93,421.5,420.74,421.33
1780470900000,421.19,421.26,420.61,420.68
1780471800000,420.66,420.78,420.1,420.21
1780472700000,420.22,420.33,419.72,420.3
1780473600000,421.26,421.5,419,419.166
1780474500000,418.82,419.62,418.5,418.82
1780475400000,419.49,419.76,419.2827,419.3
1780476300000,419.49,420.36,419.2,419.3
1780477200000,419.54,419.54,418.33,419.18
1780478100000,419.0208,419.47,418.6,419.19
1780479000000,419.36,419.36,417.8,418.1818
1780479900000,418.09,418.4,417.25,418.03
1780480800000,418.01,419,417.15,418.79
1780481700000,418.69,418.69,418.0756,418.36
1780482600000,418.01,418.47,417.79,417.92
1780483500000,417.8,418.7499,417.8,418.57
1780484400000,418.52,419.95,418.5,419.85
1780485300000,419.29,420.88,419.25,420.74
1780486200000,420.99,421.48,420.28,420.5
1780487100000,420.22,420.49,419,419.71
1780488000000,419.51,420.55,419.5,420.44
1780488900000,420.36,420.58,419.4288,419.6
1780489800000,419.51,419.7,419.21,419.51
1780490700000,419.6,419.8,419.3,419.6
1780491600000,419.81,419.85,419.27,419.4
1780492500000,419.49,420.2,418.23,418.48
1780493400000,418.5,422.45,416,422.21
1780494300000,422.39,425.4836,421.2,423.05
1780495200000,423,430.41,422.8901,428.48
1780496100000,428.42,432.47,428.29,428.7
1780497000000,428.46,431,428.42,430.65
1780497900000,430.85,433.53,430.04,432.81
1780498800000,432.89,433.6,431.1,431.32
1780499700000,431.335,431.4599,429.12,429.86
1780500600000,429.8,430.5,425.56,425.97
1780501500000,425.96,426.07,423.6,423.62
1780502400000,423.705,424.7,423.16,424.065
1780503300000,424.03,424.38,422.11,423.58
1780504200000,423.51,423.8,421.04,421.575
1780505100000,421.56,422.27,420.65,422.005
1780506000000,422.075,422.39,420.16,420.225
1780506900000,420.25,420.4399,418.65,419.44
1780507800000,419.37,421.86,418.55,421.66
1780508700000,421.66,422.73,421,422.69
1780509600000,422.63,423.63,422.53,423.11
1780510500000,423.03,424.21,422.68,423.95
1780511400000,424.09,424.92,423.1,423.47
1780512300000,423.7,424.056,422.16,423.08
1780513200000,422.85,423.1,421.23,422.65
1780514100000,422.57,423.94,422.1,422.82
1780515000000,422.74,423.7,421.9,423.39
1780515900000,423.39,423.84,421.78,423.83
1780516800000,423.48,424,423.05,423.52
1780517700000,423.29,423.61,423.01,423.31
1780518600000,423.01,423.2623,422.64,422.82
1780519500000,422.84,423,422.33,422.36
1780520400000,422.59,423,422.41,422.59
1780521300000,423.33,423.45,422.45,422.99
1780522200000,422.48,422.58,421.41,421.71
1780523100000,421.56,422,421.3,421.636
1780524000000,421.9,422.9,421.704,422
1780524900000,421.6,422.21,421.3,422.21
1780525800000,421.8,422.14,421.3,421.3
1780526700000,421.15,421.6,420.88,421
1780527600000,421.31,421.6409,420.5,420.56
1780528500000,420.51,420.86,420.06,420.1
1780529400000,420.2,420.5,420,420.19
1780530300000,420,420.35,419.5,419.89
1780531200000,420.01,421.41,420.01,420.42
1780532100000,420.24,421,419.99,420.55
1780533000000,420.55,422,420.49,421.05
1780533900000,421.04,422.21,421,421.61
1780534800000,421.72,424.94,421.71,424.72
1780535700000,424.63,425.78,423.52,424.15
1780536600000,424.5,425.35,423.73,423.93
1780537500000,423.98,424.09,422.44,422.75
1780538400000,422.79,422.89,420.89,421.07
1780539300000,421.09,421.9,420.15,421.49
1780540200000,421.46,422.07,420.99,422.01
1780541100000,422.04,422.49,421.46,421.56
1780542000000,421.59,422.27,421.55,422.1
1780542900000,422.1,422.66,422.04,422.66
1780543800000,422.66,422.89,422.1,422.27
1780544700000,422.22,422.34,422.01,422.1
1780545600000,422.1,422.26,421.97,422.16
1780546500000,422.1,422.48,421.97,422.17
1780547400000,422.22,422.29,422,422.06
1780548300000,422.15,422.16,421.71,421.87
1780549200000,421.81,421.89,420.88,421.24
1780550100000,421.31,421.41,420.8,420.91
1780551000000,420.99,421.19,420.77,420.94
1780551900000,420.77,420.84,420,420.7
1780552800000,420.84,421.15,420.4,420.4
1780553700000,420.51,420.61,420.2,420.59
1780554600000,420.53,420.83,420.17,420.79
1780555500000,420.94,421.33,420.84,421.24
1780556400000,421.2,421.95,420.99,421.69
1780557300000,421.75,421.78,420.86,421.34
1780558200000,421.43,421.74,421.11,421.11
1780559100000,421.2,421.39,420.81,420.81
1780560000000,420.325,421.493,420.235,420.499
1780560900000,420.5,420.5,419.742,420.211
1780561800000,420.21,420.868,420.1,420.37
1780562700000,420.37,420.418,419.742,420.395
1780563600000,420.395,420.395,418.878,418.878
1780564500000,418.87,419.093,418.295,418.978
1780565400000,418.979,419.984,418.76,419.83
1780566300000,419.821,420.85,419.788,420.728
1780567200000,420.729,420.729,419.794,420.26
1780568100000,420.26,420.26,419.69,419.697
1780569000000,419.696,419.705,419.087,419.176
1780569900000,419.17,419.609,418.625,419.5
1780570800000,419.538,420.229,419.107,419.484
1780571700000,419.478,420.133,419.21,420.06
1780572600000,420.066,421.15,419.82,420.648
1780573500000,420.647,421.545,420.19,421.101
1780574400000,421.101,421.295,420.51,420.51
1780575300000,420.509,421.639,420.484,421.639
1780576200000,421.64,422.88,421.64,422.706
1780577100000,422.723,422.81,421.812,422.075
1780578000000,422.079,422.384,421.553,422.053
1780578900000,422.069,422.339,419.01,419.762
1780579800000,419.825,426.315,418.145,423.47
1780580700000,423.179,424.395,421.7,421.96
1780581600000,421.953,425.13,419.88,425.043
1780582500000,425.048,425.845,420.85,421.515
1780583400000,421.483,421.61,419.353,419.353
1780584300000,419.341,419.47,417.93,418.444
1780585200000,418.459,421.15,418.15,420.764
1780586100000,420.762,421.54,419.15,419.817
1780587000000,419.824,419.84,417.565,417.923
1780587900000,417.83,419.18,417.195,418.828
1780588800000,418.817,420.17,417.69,419.373
1780589700000,419.375,420.431,418.835,419.153
1780590600000,419.162,420.21,418.62,419.609
1780591500000,419.622,419.75,418.149,418.812
1780592400000,418.813,419.649,418.42,419.227
1780593300000,419.221,420.71,418.665,420.569
1780594200000,420.593,421.25,418.03,419.029
1780595100000,419.041,420.1,418.02,419.945
1780596000000,419.939,419.939,419.32,419.777
1780596900000,419.772,420.32,419.55,420.165
1780597800000,420.173,420.32,419.43,419.676
1780598700000,419.684,420.055,418.44,419.235
1780599600000,419.26,420.08,418.395,419.674
1780600500000,419.677,420.512,419.29,420.137
1780601400000,420.14,420.25,419.08,419.755
1780602300000,418.74,418.78,418.31,418.485
1780603200000,418.442,418.45,417.02,417.762
1780604100000,417.76,417.777,417.328,417.674
1780605000000,417.675,417.695,417.42,417.617
1780605900000,417.616,417.616,417.13,417.355
1780606800000,417.355,417.425,417.105,417.425
1780607700000,417.425,417.72,417.351,417.405
1780608600000,417.404,417.502,417.34,417.407
1780609500000,417.406,417.5,417.385,417.42
1780610400000,417.42,417.567,417.29,417.324
1780611300000,417.322,417.35,417.01,417.111
1780612200000,417.11,417.265,417.08,417.16
1780613100000,417.16,417.255,417,417.095
1780614000000,417.095,417.095,416.9,416.97
1780614900000,416.967,416.985,416.54,416.785
1780615800000,416.785,416.785,416.446,416.6
1780616700000,416.6,416.6,416.02,416.268
1780617600000,416.269,416.36,413.85,414.59
1780618500000,414.59,415.01,412.99,413.37
1780619400000,413.36,414.07,413.01,413.33
1780620300000,413.27,413.67,412.69,413.02
1780621200000,413.06,413.15,411.99,412.25
1780622100000,412.1,412.58,411.65,411.99
1780623000000,412.07,413.75,412,413.7
1780623900000,413.75,414.75,413.49,414.5
1780624800000,414.61,415.06,414.06,414.95
1780625700000,414.96,415.09,414.4,414.84
1780626600000,414.82,415,414.49,414.5
1780627500000,414.5,414.81,414.22,414.24
1780628400000,414.25,414.46,413.96,414.08
1780629300000,414.16,414.3,413.61,413.68
1780630200000,413.64,413.79,413.14,413.17
1780631100000,413.14,413.55,412.95,413.19
1780632000000,413.21,414.32,413.21,413.98
1780632900000,413.98,414.29,413.76,413.99
1780633800000,413.95,419.11,413.71,418.87
1780634700000,418.8,418.99,418.01,418.19
1780635600000,418.05,418.21,417.04,417.28
1780636500000,417.27,417.66,416.56,416.56
1780637400000,416.61,417.02,415.79,416.13
1780638300000,416.1,416.53,415.64,416.42
1780639200000,416.34,417.26,416.32,416.82
1780640100000,416.82,417.13,416.19,416.62
1780641000000,416.66,417.2,416.08,416.3
1780641900000,416.28,417.13,416.18,416.62
1780642800000,416.66,416.79,415.49,415.5
1780643700000,415.52,417.55,415.52,417.21
1780644600000,417.21,418,417.04,417.18
1780645500000,417.2,417.43,416.71,417.03
1780646400000,416.295,417.271,416.295,417.044
1780647300000,417.044,418.16,416.812,418.018
1780648200000,418.033,418.321,417.57,417.819
1780649100000,417.819,418.335,417.426,417.426
1780650000000,417.426,418.788,416.83,418.74
1780650900000,418.74,418.74,417.5,417.516
1780651800000,417.514,418.14,417.5,417.7
1780652700000,417.7,418.25,417.7,417.851
1780653600000,417.85,419.545,417.85,419.335
1780654500000,419.329,419.872,419.108,419.494
1780655400000,419.493,419.5,418.54,418.959
1780656300000,418.959,419.118,418.706,419.09
1780657200000,419.025,419.025,417.81,418.659
1780658100000,418.658,419.606,418.56,419.04
1780659000000,419.04,419.168,418.51,418.887
1780659900000,418.888,419.223,418.72,419.035
1780660800000,419.035,419.2,418.58,418.633
1780661700000,418.635,419.71,418.635,419.463
1780662600000,419.463,422.016,418.03,421.85
1780663500000,421.85,421.924,419.764,420.039
1780664400000,420.04,420.06,419,419.675
1780665300000,419.68,420.744,418.99,420.698
1780666200000,420.92,424.58,413.48,413.81
1780667100000,413.944,414.38,409.77,409.78
1780668000000,409.71,411.32,408.45,409.47
1780668900000,409.473,410.36,405.46,406.458
1780669800000,406.5,408.81,405.89,406.25
1780670700000,406.283,406.767,405.26,405.564
1780671600000,405.45,405.94,401.89,401.992
1780672500000,401.977,403.14,401.74,402.752
1780673400000,402.739,403.135,400.46,401.166
1780674300000,401.178,402.25,400.58,401.366
1780675200000,401.364,401.49,399.15,399.19
1780676100000,399.185,400.32,398.58,399.021
1780677000000,399.018,399.12,396.785,397.049
1780677900000,397.01,397.68,396.165,397.669
1780678800000,397.677,397.77,395.2,395.83
1780679700000,395.729,396.6,394.92,395.491
1780680600000,395.493,397.17,394.94,395.318
1780681500000,395.38,396.25,395.07,396.11
1780682400000,396.16,396.2,393.25,393.81
1780683300000,393.703,393.785,391.48,391.691
1780684200000,391.64,392.42,390.96,391.703
1780685100000,391.709,392.44,390.71,391.77
1780686000000,391.733,392.07,389.19,389.6
1780686900000,389.56,391.535,388.63,391.481
1780687800000,391.5,391.91,389.6,391.822
1780688700000,391.865,393.46,390.39,390.768
1780689600000,390.781,391.172,389.575,390.177
1780690500000,390.175,390.645,389.398,390.64
1780691400000,390.641,390.993,389.79,390.385
1780692300000,390.388,390.934,390.303,390.608
1780693200000,390.608,391.752,390.448,390.765
1780694100000,390.765,392.223,390.765,391.923
1780695000000,391.913,392.175,391.56,392.165
1780695900000,392.179,392.45,391.86,392.4
1780696800000,392.388,393.089,392.312,392.749
1780697700000,392.749,393.087,392.53,393.042
1780698600000,393.043,393.255,392.494,392.494
1780699500000,392.488,392.929,392.155,392.929
1780700400000,392.93,392.938,392.2,392.35
1780701300000,392.35,392.434,391.255,391.748
1780702200000,391.747,391.747,391.301,391.345
1780703100000,391.345,391.51,390.801,391.328
1780704000000,391.323,391.323,391.302,391.302
1780876800000,392.74,395.01,391.36,394.07
1780877700000,394.03,395.05,393.59,394.99
1780878600000,394.99,398.01,394.92,397.29
1780879500000,397.3,397.36,395.56,396.93
1780880400000,396.99,397.29,395.29,395.29
1780881300000,395.24,395.3,392.99,393.03
1780882200000,393.09,395.25,392.21,394.48
1780883100000,394.54,394.88,394.04,394.86
1780884000000,394.87,396.01,394.13,394.55
1780884900000,394.61,395.34,393.77,395.3
1780885800000,395.47,396.41,394.49,396.41
1780886700000,396.4,396.5,395.39,395.47
1780887600000,395.62,395.99,395.41,395.62
1780888500000,395.74,396.26,395.13,395.76
1780889400000,395.71,396.41,395.65,395.74
1780890300000,395.73,395.86,395.31,395.65
1780891200000,395.61,395.86,394.85,395.24
1780892100000,395.26,395.41,394.44,394.81
1780893000000,394.85,394.97,394.01,394.08
1780893900000,394.02,394.66,392.37,392.61
1780894800000,392.79,393.65,391.8,392.01
1780895700000,392.02,393.03,391.86,392.79
1780896600000,392.78,393,389.98,390.05
1780897500000,390.1,391.68,389.7,391.46
1780898400000,391.46,392.8,391.01,391.59
1780899300000,391.6,393.12,391.19,393.1
1780900200000,393.12,393.4,390.62,390.99
1780901100000,391.05,391.69,390.9,391.55
1780902000000,391.53,392.84,391.09,392.52
1780902900000,392.54,394.24,392.21,394.04
1780903800000,394.05,394.33,393.56,394.33
1780904700000,394.32,395.32,391.301,394.19
1780905600000,391.894,395.11,391.894,394.85
1780906500000,394.85,395.02,393.92,393.92
1780907400000,393.92,394.75,393.846,394.085
1780908300000,394.085,394.119,392.91,393.25
1780909200000,393.43,394.28,393.275,394.273
1780910100000,394.279,394.549,394.119,394.32
1780911000000,394.32,395.43,394.2,395.43
1780911900000,395.43,396.206,395.43,396.174
1780912800000,396.175,396.175,395.669,395.75
1780913700000,395.75,395.75,394.625,394.989
1780914600000,394.99,396.746,394.99,396.553
1780915500000,396.555,396.559,395.675,395.865
1780916400000,395.865,397.612,395.72,397.612
1780917300000,397.624,398.484,397.555,398.199
1780918200000,398.2,398.615,397.378,397.378
1780919100000,397.376,397.924,397.291,397.599
1780920000000,397.599,398.796,397.599,398.687
1780920900000,398.688,399.83,398.505,399.799
1780921800000,399.799,400.5,399.672,400.261
1780922700000,400.284,400.36,399.55,399.89
1780923600000,399.89,401.23,399.788,399.788
1780924500000,399.787,400.621,396.124,396.124
1780925400000,396.19,400,394.85,399.29
1780926300000,399.31,402.41,397.2,401.06
1780927200000,401.035,403.4,400.33,401.901
1780928100000,401.84,403.29,400.42,402.994
1780929000000,402.988,403.56,402.3,402.674
1780929900000,402.675,404.42,402.675,403.894
1780930800000,403.79,404.2,402.82,403.244
1780931700000,403.233,403.61,400.88,400.967
1780932600000,400.94,401.75,399.41,401.75
1780933500000,401.686,403.15,401.455,402.093
1780934400000,402.075,403.9,401.745,403.355
1780935300000,403.45,406.32,403.379,404.886
1780936200000,404.93,406.915,404.59,406.23
1780937100000,406.234,407.41,405.8,406.985
1780938000000,406.979,408.09,406.14,407.969
1780938900000,408.02,410.79,407.59,410.603
1780939800000,410.79,411.82,409.06,409.482
1780940700000,409.487,410.74,409.46,409.96
1780941600000,409.945,411.31,409.915,410.851
1780942500000,410.84,412.14,410.83,411.905
1780943400000,411.89,412.93,411.5,412.103
1780944300000,412.103,412.55,411.47,411.885
1780945200000,411.83,412.02,409.325,409.373
1780946100000,409.33,409.945,408.76,409.389
1780947000000,409.401,410.553,409.18,409.396
1780947900000,409.4,409.7,407.61,408.94
1780948800000,408.879,409.059,408.555,408.739
1780949700000,408.739,408.74,407.922,408.234
1780950600000,408.237,408.389,408.077,408.361
1780951500000,408.374,408.439,408.001,408.004
1780952400000,408.005,408.133,407.926,408.005
1780953300000,408.005,408.005,407.92,408
1780954200000,408,408.01,407.945,407.955
1780955100000,407.955,407.955,407.546,407.55
1780956000000,407.55,407.863,406.552,406.552
1780956900000,406.55,406.908,406.351,406.582
1780957800000,406.585,406.895,406.475,406.695
1780958700000,406.687,407.842,406.585,407.704
1780959600000,407.704,407.847,407.275,407.684
1780960500000,407.686,407.865,407.447,407.727
1780961400000,407.727,408.377,407.56,408.244
1780962300000,408.246,408.798,407.624,408.794
1780963200000,408.797,409.25,407.49,407.79
1780964100000,407.94,408.19,406.81,407.24
1780965000000,407.27,407.36,406.3,407.01
1780965900000,407.01,407.14,406.39,406.89
1780966800000,407,407.56,406.78,407.5
1780967700000,407.31,408.38,407.19,408.05
1780968600000,408.19,408.83,408.02,408.52
1780969500000,408.6,408.95,407.81,407.9
1780970400000,407.97,408.29,407.7,408.11
1780971300000,408.08,408.12,407.51,407.77
1780972200000,407.83,408.11,407.76,408.11
1780973100000,408.09,408.19,407.92,408.08
1780974000000,408.08,408.3,408,408.29
1780974900000,408.26,408.42,408.1,408.14
1780975800000,408.17,409.23,408.11,409.19
1780976700000,409.16,409.18,408.53,408.95
1780977600000,408.91,409.07,408.59,409.05
1780978500000,409.02,409.45,408.89,409.1
1780979400000,409.15,410.01,409.02,410.01
1780980300000,410.01,410.08,409.56,409.74
1780981200000,409.68,409.94,409.5,409.61
1780982100000,409.59,409.76,409.21,409.21
1780983000000,409.38,409.83,409.34,409.73
1780983900000,409.67,410.14,409.62,410.13
1780984800000,410.12,411.51,410.12,411.09
1780985700000,411.08,411.45,410.77,410.9
1780986600000,410.9,411.2,410.5,410.71
1780987500000,410.8,410.82,410.24,410.71
1780988400000,410.67,411.59,410.65,411.15
1780989300000,411.01,411.02,410,410.25
1780990200000,410.2,410.7,410.12,410.51
1780991100000,410.55,410.71,410.13,410.24
1780992000000,409.078,411.645,409.078,411.645
1780992900000,411.645,412.18,410.977,412.1
1780993800000,412.1,412.1,411.5,411.935
1780994700000,411.935,412.078,411.126,411.261
1780995600000,411.26,411.544,411.125,411.315
1780996500000,411.315,411.7,411.212,411.5
1780997400000,411.5,411.505,410.417,410.665
1780998300000,410.665,411.325,410.255,411.25
1780999200000,411.25,412.33,410.55,411.439
1781000100000,411.441,411.591,411.035,411.565
1781001000000,411.565,411.565,411.051,411.428
1781001900000,411.431,412.198,411.267,411.703
1781002800000,411.702,412.17,411.551,411.728
1781003700000,411.737,411.774,411.295,411.54
1781004600000,411.54,411.884,411.22,411.717
1781005500000,411.714,412.15,411.443,412.122
1781006400000,412.122,413.245,412.048,413.047
1781007300000,413.047,415.329,412.99,415.142
1781008200000,415.143,415.78,414.608,414.929
1781009100000,414.925,415.091,413.919,414.3
1781010000000,414.283,414.476,413.681,413.78
1781010900000,413.788,413.94,410.914,410.914
1781011800000,410.99,418.51,410.87,412.03
1781012700000,412.21,415.51,411.16,411.423
1781013600000,411.52,413.83,408.42,408.825
1781014500000,408.85,409.45,405.68,407.465
1781015400000,407.472,408.74,405.45,406.114
1781016300000,406.11,406.71,401.64,402.851
1781017200000,402.862,402.862,400.445,400.92
1781018100000,400.895,401.041,393.99,394.164
1781019000000,394.16,395.45,393.07,394.589
1781019900000,394.609,396.155,391.78,392.342
1781020800000,392.332,393.83,390.04,390.995
1781021700000,391.019,391.23,387.29,388.954
1781022600000,388.93,390.17,384.26,386.386
1781023500000,386.399,388.25,384.91,388.139
1781024400000,388.149,391.03,387.78,390.895
1781025300000,390.898,393.18,389.88,392.667
1781026200000,392.678,395.6,392.44,394.758
1781027100000,394.75,396.02,392.12,395.416
1781028000000,395.51,396.08,394.975,395.324
1781028900000,395.323,396.64,394.84,396.277
1781029800000,396.255,397.535,394.84,394.898
1781030700000,394.887,397.68,394.78,397.04
1781031600000,397.092,397.48,395.675,395.776
1781032500000,395.795,396.335,394.465,395.805
1781033400000,395.8,396.11,394.22,395.343
1781034300000,395.354,397.5,394.17,396.55
1781035200000,396.693,397.19,396.185,396.539
1781036100000,396.539,396.933,396.255,396.933
1781037000000,396.934,397.24,396.728,397.101
1781037900000,397.1,397.575,397,397.45
1781038800000,397.45,397.45,396.91,396.91
1781039700000,396.905,396.91,396.137,396.289
1781040600000,396.266,396.428,395.684,395.909
1781041500000,395.907,395.97,395.596,395.92
1781042400000,395.92,396.75,395.92,396.608
1781043300000,396.609,396.891,396.233,396.233
1781044200000,396.231,396.286,395.56,395.77
1781045100000,395.77,395.823,395.106,395.487
1781046000000,395.493,396.251,395.426,395.988
1781046900000,395.989,395.989,395.106,395.28
1781047800000,395.274,395.425,394.933,395.391
1781048700000,395.383,395.975,395.013,395.802
1781049600000,395.797,397.48,395.776,396.62
1781050500000,396.75,397.18,396.28,397.18
1781051400000,397.03,397.03,394.25,394.8
1781052300000,394.7,396.63,394.59,396.28
1781053200000,396.4,396.86,395.8,396.44
1781054100000,396.47,396.99,395.79,396.03
1781055000000,396.04,396.21,395.14,395.22
1781055900000,395.16,395.75,394.86,395.29
1781056800000,395.2,395.3,394.19,394.69
1781057700000,394.71,394.82,393.71,394.31
1781058600000,394.41,394.77,393.6,393.88
1781059500000,393.99,394.01,392.19,392.85
1781060400000,392.81,393.51,392.81,393.13
1781061300000,393.16,394.01,393.13,393.44
1781062200000,393.42,393.65,392.92,392.92
1781063100000,392.91,393.67,392.82,393.41
1781064000000,393.41,393.56,392.29,392.44
1781064900000,392.41,393.09,392.1,392.4
1781065800000,392.22,392.26,390.62,390.64
1781066700000,390.73,392.42,390.55,391.64
1781067600000,391.65,392.46,391.4,391.86
1781068500000,391.69,392.51,390.62,392.42
1781069400000,392.58,392.65,391.83,392.3
1781070300000,392.2,393.02,391.76,392.78
1781071200000,392.78,393.4,392.37,392.96
1781072100000,392.94,393.27,392.53,393.13
1781073000000,393.12,393.46,392.71,393.27
1781073900000,393.27,393.4,392.83,393.24
1781074800000,393.15,393.67,392.69,393.11
1781075700000,393.17,393.29,392.54,392.68
1781076600000,392.74,393.25,392.5,392.52
1781077500000,392.63,393,392.21,392.88
1781078400000,395.28,395.28,391.676,391.676
1781079300000,391.667,391.925,390.774,390.99
1781080200000,390.977,391.755,390.211,390.211
1781081100000,390.211,390.675,389.61,390.1
1781082000000,390.1,390.376,388.807,389.298
1781082900000,389.301,390.193,388.438,390.193
1781083800000,390.199,391.057,390.199,390.475
1781084700000,390.475,390.669,389.795,390.485
1781085600000,390.485,390.685,389.799,390.067
1781086500000,390.06,391.525,389.696,390.955
1781087400000,390.955,391.874,390.634,391.769
1781088300000,391.769,392.3,391.2,392.125
1781089200000,392.125,392.81,389.895,390.864
1781090100000,390.875,391.805,389.275,389.734
1781091000000,389.736,390.296,389.019,389.397
1781091900000,389.396,390.656,389.142,390.508
1781092800000,390.504,391.36,390.451,390.893
1781093700000,390.888,392.01,390.562,391.909
1781094600000,391.909,395.81,391.64,394.788
1781095500000,394.79,395.282,393.143,393.143
1781096400000,393.134,394.01,392.682,393.643
1781097300000,393.631,394.238,391.268,391.517
1781098200000,391.4,397.06,391.11,396.115
1781099100000,396.125,396.155,391.765,392.005
1781100000000,392.135,393.37,389.43,389.44
1781100900000,389.52,391.91,388.95,390.99
1781101800000,391.083,391.37,387.02,387.226
1781102700000,387.22,388.25,384.75,385.396
1781103600000,385.396,386.64,383.915,384.56
1781104500000,384.54,386.27,383.18,385.301
1781105400000,385.175,387.595,384.9,387.378
1781106300000,387.37,387.585,382.72,386.404
1781107200000,386.406,386.72,384.33,384.488
1781108100000,384.487,385.36,383.8,384.524
1781109000000,384.513,386.02,383.21,383.33
1781109900000,383.336,383.423,383.336,383.423
1781110800000,383.428,385.51,382.76,383.884
1781111700000,383.9,384.33,383.385,383.886
1781112600000,383.898,384.03,382.235,382.315
1781113500000,382.307,385.14,382.17,384.86
1781114400000,384.94,385.566,384.49,384.689
1781115300000,384.695,385.195,383.46,383.93
1781116200000,383.936,384.1,382.79,383.136
1781117100000,383.14,383.24,381.6,381.94
1781118000000,381.985,382.84,381.14,381.461
1781118900000,381.471,381.49,380.14,381.08
1781119800000,381.05,383.02,380.74,382.67
1781120700000,382.61,383.275,381.33,381.691
1781121600000,381.68,381.792,380.243,381.317
1781122500000,381.31,381.528,380.774,381.2
1781123400000,381.2,381.392,380.72,380.787
1781124300000,380.778,381.233,380.48,381.045
1781125200000,381.045,381.26,380.88,381.06
1781126100000,381.063,381.27,380.965,381.15
1781127000000,381.15,381.15,380.696,380.879
1781127900000,380.884,380.905,380.32,380.598
1781128800000,380.604,380.68,380,380.449
1781129700000,380.449,380.459,380.15,380.29
1781130600000,380.292,380.522,380.021,380.103
1781131500000,380.094,380.32,378.897,379.196
1781132400000,379.188,379.821,378.405,378.409
1781133300000,378.405,379.744,378.079,379.741
1781134200000,379.743,379.754,378.956,379.476
1781135100000,379.473,379.68,378.721,378.857
1781136000000,378.853,379.97,378.59,379.84
1781136900000,379.91,382.66,379.91,381.12
1781137800000,381.12,381.43,380.15,380.5
1781138700000,380.55,382.87,380.52,382.49
1781139600000,382.63,385.14,382.53,385.14
1781140500000,385.15,386.79,384.58,385.79
1781141400000,385.73,385.75,384.05,384.1
1781142300000,384.09,384.37,383.1,383.35
1781143200000,383.2,384.11,382.67,382.8
1781144100000,382.9,383.12,380.67,380.9
1781145000000,380.9,381.85,380.24,381.37
1781145900000,381.46,382.35,381.35,382.13
1781146800000,382.1,382.68,381.04,381.43
1781147700000,381.6,382.1,381.3,382.06
1781148600000,382.31,383.05,382.19,383
1781149500000,383.1,383.76,382.77,383.64
1781150400000,383.65,383.65,382.87,383.17
1781151300000,383.18,383.94,383.05,383.88
1781152200000,383.93,385.04,383.83,385
1781153100000,385.07,385.32,384.64,384.7
1781154000000,384.78,384.83,383.74,384.29
1781154900000,384.31,384.76,384.14,384.49
1781155800000,384.6,385.72,384.44,385.55
1781156700000,385.55,385.56,384.84,385.01
1781157600000,385,385.4,384.49,385.27
1781158500000,385.39,385.66,385.24,385.53
1781159400000,385.54,385.71,385.31,385.49
1781160300000,385.49,385.89,385.2,385.84
1781161200000,385.81,386.18,385.19,385.49
1781162100000,385.49,386.78,385.45,386.56
1781163000000,386.64,387.26,386.46,387.13
1781163900000,387.11,387.14,386.39,386.51
1781164800000,380.117,389.44,380.117,388.901
1781165700000,388.9,388.9,387.759,387.835
1781166600000,387.838,388.599,387.775,388.405
1781167500000,388.405,388.405,387.921,388.062
1781168400000,388.061,388.25,387.212,387.315
1781169300000,387.315,387.695,386.945,387.595
1781170200000,387.595,387.595,386.87,387.13
1781171100000,387.125,387.859,387.102,387.314
1781172000000,387.313,388.89,387.312,387.6
1781172900000,387.642,387.85,387.273,387.5
1781173800000,387.5,387.543,386.255,386.715
1781174700000,386.716,386.795,385.75,385.75
1781175600000,385.75,385.75,384.611,385.425
1781176500000,385.425,386.24,385.423,386.141
1781177400000,386.142,387.138,386.142,386.916
1781178300000,386.913,388.37,386.9,388.175
1781179200000,388.168,388.409,387.901,388.255
1781180100000,388.255,388.305,384.09,385.034
1781181000000,385.035,386.5,382.99,386.111
1781181900000,386.109,387.169,386.037,386.195
1781182800000,386.193,386.457,385.1,385.237
1781183700000,385.239,389.61,385.16,388.326
1781184600000,388.265,388.304,380.67,382.364
1781185500000,387.94,388.45,387.76,388.3
1781186400000,388.37,390.19,386.78,387.364
1781187300000,387.366,389.06,384.83,388.712
1781188200000,388.84,388.94,386.33,386.33
1781189100000,386.58,387.295,383.81,384.639
1781190000000,384.663,386.62,383.72,385.65
1781190900000,385.745,387.22,384.81,385.71
1781191800000,385.7,386.61,384.99,385.228
1781192700000,385.252,386.86,385.01,386.325
1781193600000,386.327,387.82,386.31,387.475
1781194500000,387.47,387.97,384.94,385.246
1781195400000,385.242,387.34,384.8,385.874
1781196300000,385.881,386.128,384.43,384.458
1781197200000,384.464,386.27,384.15,384.96
1781198100000,387.49,390.01,387.16,389.93
1781199000000,389.97,394.11,389.829,394.023
1781199900000,394.16,394.4,391.9,393.181
1781200800000,393.187,393.7,390.29,392.201
1781201700000,392.213,393.49,391.56,392.325
1781202600000,392.223,393.04,392,392.826
1781203500000,392.85,394.14,392.79,393.252
1781204400000,393.33,395.68,392.63,395.41
1781205300000,395.351,396.84,394.71,396.123
1781206200000,396.1,399.47,396.1,398.484
1781207100000,399.29,399.36,398.71,399.09
1781208000000,399.15,399.84,397.992,398.86
1781208900000,398.864,399.273,398.757,398.843
1781209800000,398.844,398.845,397.644,397.827
1781210700000,397.819,397.928,397.236,397.593
1781211600000,397.594,397.95,397.51,397.692
1781212500000,397.693,398.633,397.633,398.432
1781213400000,398.426,398.635,398.156,398.156
1781214300000,398.152,398.505,398.05,398.487
1781215200000,398.488,399.265,398.429,399.229
1781216100000,399.226,399.61,398.889,399.587
1781217000000,399.588,399.66,399.26,399.645
1781217900000,399.642,399.665,399.36,399.511
1781218800000,399.511,399.511,399.078,399.473
1781219700000,399.473,399.482,399.027,399.261
1781220600000,399.262,399.297,398.722,398.776
1781221500000,398.778,399.245,398.701,398.9
1781222400000,398.52,401.51,398.43,400.58
1781223300000,400.44,401.63,400.16,401.3
1781224200000,401.36,403.99,401.35,402.41
1781225100000,402.33,403.26,401,401.87
1781226000000,401.87,401.87,400.43,401.04
1781226900000,401.17,401.43,398.69,398.92
1781227800000,398.96,399.52,398,398.64
1781228700000,398.6,399.79,398.59,399.79
1781229600000,399.72,400.46,399.55,399.64
1781230500000,399.66,399.7,398.82,398.82
1781231400000,398.89,399.76,398.7,399.7
1781232300000,399.79,399.79,399.19,399.46
1781233200000,399.26,399.4,398.8,399.01
1781234100000,399.16,399.22,398.52,398.82
1781235000000,398.82,399.6,398.82,399.46
1781235900000,399.42,399.9,399.13,399.79
1781236800000,399.77,399.77,399.14,399.5
1781237700000,399.59,399.85,399.26,399.85
1781238600000,399.82,399.84,399.4,399.66
1781239500000,399.57,400.39,399.57,400.3
1781240400000,400.16,400.38,399.6,399.9
1781241300000,399.83,400.31,399.76,400.07
1781242200000,400.07,400.14,398.73,398.79
1781243100000,398.79,398.82,397.51,397.77
1781244000000,397.77,398.99,397.54,398.98
1781244900000,398.82,398.98,398.13,398.25
1781245800000,398.1,398.1,397.39,397.44
1781246700000,397.44,397.78,396.75,397.36
1781247600000,397.22,397.22,395.87,395.87
1781248500000,395.87,396.77,395.59,396.36
1781249400000,396.36,397.75,396.29,397.67
1781250300000,397.78,398.57,397.41,398.21
1781251200000,398.9,399.32,397.797,398.961
1781252100000,398.956,400.565,398.926,400.387
1781253000000,400.39,401.327,399.387,399.683
1781253900000,399.683,400.62,399.496,400.209
1781254800000,400.196,400.768,400.027,400.623
1781255700000,400.624,401.82,400.581,401.82
1781256600000,401.82,401.86,400.914,401.304
1781257500000,401.305,401.354,400.81,400.913
1781258400000,400.919,401.112,400.402,400.402
1781259300000,400.402,400.444,399.495,399.495
1781260200000,399.496,400.285,399.41,400.065
1781261100000,400.065,400.165,399.787,399.951
1781262000000,399.87,401.455,399.87,401.02
1781262900000,401.02,402.49,401.02,402.067
1781263800000,402.063,402.737,401.943,402.737
1781264700000,402.757,403.21,402.286,403.077
1781265600000,403.076,404.223,402.717,403.61
1781266500000,403.607,403.607,402.111,402.232
1781267400000,402.233,402.74,401.02,401.254
1781268300000,401.261,401.293,397.99,398.079
1781269200000,398.066,399.404,397.634,399.082
1781270100000,399.095,400.811,398.908,399.591
1781271000000,398.78,404.26,396.175,396.175
1781271900000,396.41,398.04,394.48,394.621
1781272800000,394.618,397.69,394.37,396.938
1781273700000,396.932,398.7,394.22,396.127
1781274600000,396.125,397.865,393.5,393.77
1781275500000,393.773,398.26,391.91,397.361
1781276400000,397.356,398.62,396.17,397.721
1781277300000,397.737,400.26,396.74,399.871
1781278200000,399.87,399.87,394.3,394.598
1781279100000,394.606,395.02,388.675,389.018
1781280000000,389.31,390.55,386.76,389.171
1781280900000,389.163,396.36,389.01,394.788
1781281800000,395.075,397.305,394.64,396.309
1781282700000,396.309,399.18,396.01,399.135
1781283600000,399.141,405.19,398.895,400.008
1781284500000,400.022,402.22,398.77,402.047
1781285400000,401.96,402.41,400.16,401.966
1781286300000,401.965,403.395,401.275,403.184
1781287200000,403.2,405.01,401.6,403.776
1781288100000,403.772,404.18,400.57,401.293
1781289000000,401.279,402.57,400.66,401.914
1781289900000,401.894,401.98,399.915,401.262
1781290800000,401.32,403.22,401.21,402.791
1781291700000,402.783,403.7,401.47,403.129
1781292600000,403.123,404.37,401.7,404.021
1781293500000,404.009,406.67,402.29,406.55
1781294400000,406.487,407.4,406.112,406.501
1781295300000,406.49,406.572,405.032,405.318
1781296200000,405.323,405.915,405.323,405.536
1781297100000,405.539,405.654,405.192,405.26
1781298000000,405.26,405.6,405.26,405.56
1781298900000,405.56,405.85,405.46,405.839
1781299800000,405.843,405.99,405.62,405.67
1781300700000,405.67,405.82,405.54,405.54
1781301600000,405.68,406.022,405.575,405.75
1781302500000,405.75,406.21,405.75,406.099
1781303400000,406.1,406.1,405.625,405.751
1781304300000,405.751,405.94,405.75,405.88
1781305200000,405.88,405.955,405.831,405.89
1781306100000,405.89,405.9,405.78,405.832
1781307000000,405.831,405.87,405.591,405.85
1781307900000,405.851,406.164,405.801,406.058
1781308800000,406.047,406.17,405.95,405.95
1781310600000,405.95,405.95,405.95,405.95
1781314200000,406.2,406.27,405.91,406.27
1781316000000,406.01,406.01,405.9,405.9
1781316900000,406.36,406.36,406.36,406.36
1781330400000,406.45,406.45,406.45,406.45
1781331300000,406.11,406.11,406.11,406.11
1781334900000,406.48,406.48,406.26,406.26
1781336700000,406.48,406.52,406.48,406.52
1781338500000,406.52,406.52,406.52,406.52
1781341200000,406.53,406.53,406.53,406.53
1781342100000,406.55,406.57,406.55,406.57
1781344800000,406.57,406.57,406.57,406.57
1781346600000,406.6,406.6,406.6,406.6
1781349300000,406.35,406.35,406.23,406.23
1781350200000,406.23,406.23,405.67,405.78
1781353800000,405.75,405.75,405.59,405.59
1781354700000,405.56,405.56,405.56,405.56
1781355600000,405.5,405.5,405.49,405.49
1781357400000,405.48,405.6,405.37,405.6
1781359200000,405.6,405.86,405.6,405.86
1781368200000,405.8,405.8,405.8,405.8
1781369100000,405.8,405.86,405.8,405.86
1781370900000,405.86,405.96,405.86,405.96
1781387100000,405.86,405.86,405.86,405.86
1781389800000,405.99,406.02,405.99,406.02
1781396100000,405.37,405.37,405.27,405.27
1781397900000,405.26,405.26,405.21,405.21
1781398800000,405.14,405.51,405.14,405.51
1781401500000,405.19,405.57,405.19,405.57
1781407800000,405.57,405.58,405.57,405.58
1781408700000,405.58,405.81,405.58,405.81
1781409600000,405.81,405.89,405.18,405.18
1781410500000,405.32,405.9,405.32,405.9
1781411400000,405.17,405.17,405.03,405.03
1781415000000,405.19,405.9,405.19,405.51
1781416800000,405.98,405.98,405.98,405.98
1781418600000,406,406.03,406,406.03
1781423100000,406.04,406.13,406.04,406.13
1781424000000,406.13,406.68,406.13,406.68
1781426700000,406.17,406.17,406.17,406.17
1781428500000,405.04,405.04,405.03,405.03
1781429400000,406.17,406.25,406.17,406.25
1781430300000,406.34,406.34,406.34,406.34
1781431200000,406.39,406.39,406.39,406.39
1781432100000,406.42,406.42,406.42,406.42
1781433900000,406.45,406.45,406.45,406.45
1781435700000,406.46,406.46,406.46,406.46
1781437500000,406.21,406.21,406.2,406.2
1781439300000,406.21,406.21,406.2,406.2
1781441100000,406.48,406.54,406.48,406.54
1781442000000,406.31,406.57,406.31,406.57
1781447400000,406.61,406.61,406.61,406.61
1781451900000,406.63,406.63,406.63,406.63
1781479800000,406.4,406.4,406.35,406.35
1781481600000,409.82,413.11,407.79,410.63
1781482500000,410.68,410.88,409.5,409.56
1781483400000,409.53,410.24,408.4,408.75
1781484300000,408.91,409.52,408.7,409.52
1781485200000,409.47,410.72,409.37,410.64
1781486100000,410.71,410.77,410.17,410.42
1781487000000,410.38,411.13,410.03,410.97
1781487900000,410.95,411.66,410.85,411.01
1781488800000,411.03,411.53,410.89,411.39
1781489700000,411.39,411.48,411,411.05
1781490600000,411.06,411.08,410.3,410.34
1781491500000,410.36,410.88,409.96,410.86
1781492400000,410.76,410.78,410.19,410.33
1781493300000,410.33,410.42,410.18,410.22
1781494200000,410.21,410.56,409.9,410.26
1781495100000,410.28,410.42,409.91,410.22
1781496000000,410.25,410.36,409.86,410.02
1781496900000,410.08,410.84,410.08,410.74
1781497800000,410.83,411.39,410.8,411.02
1781498700000,410.94,411.39,410.79,411.32
1781499600000,411.32,411.8,411.3,411.68
1781500500000,411.59,411.8,411.31,411.35
1781501400000,411.49,411.6,410.99,411.23
1781502300000,411.21,411.24,410.8,411.12
1781503200000,411.19,411.5,411.1,411.3
1781504100000,411.32,411.41,411,411.28
1781505000000,411.21,411.5,410.78,411.3
1781505900000,411.32,411.45,411.1,411.39
1781506800000,411.31,411.69,411.06,411.55
1781507700000,411.4,412.29,411.4,411.99
1781508600000,412,412.12,410.95,410.96
1781509500000,411.01,411.46,410.92,411.21
1781510400000,406.909,412.309,406.909,411.981
1781511300000,411.975,412.233,411.447,412.228
1781512200000,412.226,412.44,412.108,412.13
1781513100000,412.106,412.345,411.812,411.812
1781514000000,411.811,412.31,411.805,412.15
1781514900000,412.15,412.249,411.215,411.3
1781515800000,411.3,411.46,411.04,411.044
1781516700000,411.043,411.457,410.935,411.223
1781517600000,411.213,411.299,411,411.143
1781518500000,411.152,411.348,410.797,410.847
1781519400000,410.848,410.924,410.015,410.015
1781520300000,410.015,410.613,409.75,410.331
1781521200000,410.62,412.95,410.337,412.423
1781522100000,412.423,413.01,411.804,412.032
1781523000000,412.033,412.354,411.371,411.725
1781523900000,411.705,412.286,411.46,411.878
1781524800000,411.878,413.5,411.834,412.799
1781525700000,412.799,412.944,411.862,412.014
1781526600000,412.024,412.505,411.876,412.338
1781527500000,412.335,412.335,411.789,412.264
1781528400000,412.264,412.35,411.456,411.929
1781529300000,411.935,412.251,410.84,412.207
1781530200000,411.96,416,407.9,412
1781531100000,412.029,414.17,411,411.265
1781532000000,411.258,412.99,409.895,411.387
1781532900000,411.381,412,410.48,411.312
1781533800000,411.323,412.065,408.11,408.762
1781534700000,408.775,411.26,408.59,410.487
1781535600000,410.483,410.72,407.13,408.164
1781536500000,408.165,410.97,407.52,409.92
1781537400000,409.855,411.24,409.58,410.013
1781538300000,410.005,410.3,408.35,408.966
1781539200000,408.957,410.19,408.4,410.07
1781540100000,410.09,411.585,409.43,411.321
1781541000000,411.336,412.21,409.785,410.1
1781541900000,410.15,410.15,408.1,408.846
1781542800000,408.845,410.25,408.74,409.927
1781543700000,409.908,410.61,408.99,409.33
1781544600000,409.365,411.73,409.365,411.3
1781545500000,411.32,411.91,410.845,411.184
1781546400000,411.192,411.27,410.03,410.952
1781547300000,410.963,411.35,409.955,410.12
1781548200000,410.09,411.12,409.675,409.73
1781549100000,409.814,410.092,409.45,409.578
1781550000000,409.577,410.415,409.37,410.109
1781550900000,410.112,410.65,409.22,409.66
1781551800000,409.65,410.37,408.75,408.982
1781552700000,410.38,411.23,410.16,411.23
1781553600000,410.908,411.94,410.354,411.102
1781554500000,411.107,411.17,410.576,410.616
1781555400000,410.626,410.725,409.953,409.953
1781556300000,409.936,410.199,409.633,409.999
1781557200000,409.999,410.19,409.935,410.065
1781558100000,410.065,410.065,409.855,409.885
1781559000000,409.888,410.067,409.868,409.941
1781559900000,409.942,409.945,409.57,409.725
1781560800000,409.725,409.725,408.741,408.949
1781561700000,408.949,408.95,408.55,408.777
1781562600000,408.778,408.979,408.62,408.775
1781563500000,408.775,409.083,408.625,408.67
1781564400000,408.68,408.81,408.633,408.66
1781565300000,408.66,408.826,408.527,408.792
1781566200000,408.793,408.808,408.623,408.7
1781567100000,408.7,409,408.562,408.987
1781568000000,409,409.11,407.79,408.11
1781568900000,408.09,408.4,406.71,406.85
1781569800000,406.84,406.99,406,406.51
1781570700000,406.51,406.52,403.04,403.29
1781571600000,403.29,405.55,403.29,405.04
1781572500000,405.07,405.34,404.46,405.1
1781573400000,405.1,405.62,404.6,404.93
1781574300000,405.01,405.3,404.5,404.76
1781575200000,404.72,404.86,404.12,404.38
1781576100000,404.39,405.22,404.2,404.77
1781577000000,404.77,404.85,404.29,404.39
1781577900000,404.39,404.48,403.81,403.81
1781578800000,403.97,404.72,403.8,404.62
1781579700000,404.65,405.84,404.64,405.32
1781580600000,405.31,405.68,405.22,405.3
1781581500000,405.26,405.39,404.73,404.73
1781582400000,404.75,404.79,404.1,404.3
1781583300000,404.29,404.48,403.78,404.2
1781584200000,404.09,404.21,403.66,403.89
1781585100000,403.88,404.09,403.55,404.04
1781586000000,404,404.51,403.91,404.35
1781586900000,404.34,405.07,404.34,405.03
1781587800000,405.03,405.14,404.54,404.88
1781588700000,404.88,405.05,404.59,404.85
1781589600000,404.8,405.35,404.75,405.25
1781590500000,405.23,405.23,404.81,405.01
1781591400000,404.99,405.45,404.91,405.06
1781592300000,405.01,405.24,404.99,405.18
1781593200000,405.14,405.56,405,405.3
1781594100000,405.31,405.59,405.13,405.39
1781595000000,405.47,405.51,405.12,405.14
1781595900000,405.12,405.5,404.99,405.5
1781596800000,408.405,408.405,404.99,405.505
1781597700000,405.504,405.6,404.376,404.958
1781598600000,404.957,405.418,404.87,404.925
1781599500000,404.925,405.434,404.827,404.883
1781600400000,404.884,404.885,404.431,404.481
1781601300000,404.481,404.64,404.098,404.331
1781602200000,404.333,404.573,404.312,404.573
1781603100000,404.584,405.203,404.518,404.654
1781604000000,404.654,405.095,404.429,405.095
1781604900000,405.102,405.272,404.737,404.995
1781605800000,404.998,405.475,404.896,405.449
1781606700000,405.451,405.624,404.504,405.115
1781607600000,405.161,409.147,405.161,408.847
1781608500000,408.846,409.33,408,408.084
1781609400000,408.083,408.083,407.419,407.65
1781610300000,407.648,407.735,407.135,407.69
1781611200000,407.69,407.73,406.689,406.807
1781612100000,406.805,407.193,406,406.461
1781613000000,406.453,406.952,405.995,406.113
1781613900000,406.115,406.47,405.908,406.241
1781614800000,406.232,406.232,405.233,405.661
1781615700000,405.656,406.304,403,404.149
1781616600000,404.12,408.91,400.55,408.42
1781617500000,408.545,412.345,407.46,409.86
1781618400000,409.87,410.345,405.49,406.206
1781619300000,406.246,406.57,402.08,403.06
1781620200000,402.96,405.58,401.21,404.908
1781621100000,404.916,408.24,404.74,406.562
1781622000000,406.605,411.77,406.605,407.07
1781622900000,407.01,407.27,404.5,405.224
1781623800000,405.222,407.23,405.18,406.11
1781624700000,406.101,407.31,404.82,406.053
1781625600000,406.034,407.425,405.97,406.773
1781626500000,406.757,407.51,404.8,405.173
1781627400000,405.189,405.189,403.6,404.616
1781628300000,404.58,405.19,403.77,405.03
1781629200000,405.045,405.46,404.186,405.286
1781630100000,405.295,405.295,403.98,404.687
1781631000000,404.68,405.09,403.07,404.813
1781631900000,404.804,405.53,404.565,404.896
1781632800000,404.89,405.41,404.75,405.167
1781633700000,405.176,405.87,404.915,405.645
1781634600000,405.643,405.98,404.9,404.955
1781635500000,404.977,405.38,404.39,405.091
1781636400000,405.1,405.9,404.645,405.398
1781637300000,405.391,407.06,404.35,406.991
1781638200000,407.06,407.26,405.6,406.517
1781639100000,406.515,406.79,403.73,404.72
1781640000000,404.547,404.755,403.89,403.964
1781640900000,403.962,404.108,403.59,403.59
1781641800000,403.59,403.882,403.353,403.539
1781642700000,403.539,403.625,403.38,403.446
1781643600000,403.443,403.82,403.3,403.82
1781644500000,403.82,403.82,403.725,403.785
1781645400000,403.785,403.785,403.675,403.755
1781646300000,403.755,403.825,403.6,403.805
1781647200000,403.812,403.835,403.19,403.64
1781648100000,403.64,403.755,403.346,403.645
1781649000000,403.647,403.726,403.5,403.5
1781649900000,403.5,403.64,403.382,403.445
1781650800000,403.445,403.56,403.205,403.237
1781651700000,403.236,403.273,403.125,403.152
1781652600000,403.154,403.18,402.99,403.121
1781653500000,403.126,403.283,402.78,402.841
1781654400000,403.41,404,402.843,403.9
1781655300000,403.89,404.15,402.93,403.18
1781656200000,403.18,403.6,403.18,403.28
1781657100000,403.26,403.3,402.95,403.26
1781658000000,403.15,403.7,403,403.63
1781658900000,403.71,403.76,403.46,403.54
1781659800000,403.52,403.68,403.37,403.41
1781660700000,403.4,403.73,403.4,403.65
1781661600000,403.7,404.13,403.54,404.13
1781662500000,403.98,404.67,403.89,404.4
1781663400000,404.29,404.6,403.8,403.8
1781664300000,403.81,404.3,403.81,404.12
1781665200000,404.13,404.43,404.07,404.21
1781666100000,404.21,404.21,403.8,404.1
1781667000000,404.11,404.46,404.11,404.36
1781667900000,404.37,404.42,404.14,404.3
1781668800000,404.36,404.48,404.26,404.41
1781669700000,404.38,404.6,404.34,404.34
1781670600000,404.36,404.4,403.91,404.05
1781671500000,403.99,404.44,403.9,403.97
1781672400000,403.93,404.08,403.24,403.24
1781673300000,403.23,403.65,403.14,403.57
1781674200000,403.55,403.84,403.12,403.12
1781675100000,403.13,403.49,402.94,403
1781676000000,403,404.02,402.94,403.6
1781676900000,403.61,403.82,403.23,403.29
1781677800000,403.3,403.63,403.2,403.44
1781678700000,403.47,403.69,403.38,403.53
1781679600000,403.55,404.09,403.36,403.98
1781680500000,403.87,404.32,403.7,403.91
1781681400000,404,404.27,403.89,404.09
1781682300000,404.18,404.49,404.09,404.27
1781683200000,403.078,404.775,403.078,404.45
1781684100000,404.45,404.505,404.072,404.082
1781685000000,404.086,404.129,403.496,403.657
1781685900000,403.657,403.657,403.38,403.585
1781686800000,403.588,403.87,403.551,403.67
1781687700000,403.67,403.837,403.635,403.791
1781688600000,403.792,404.136,403.755,403.96
1781689500000,403.96,404.705,403.87,404.19
1781690400000,404.19,404.235,403.985,404.171
1781691300000,404.17,404.349,403.825,403.825
1781692200000,403.825,403.989,403.72,403.906
1781693100000,403.907,404.025,403.18,403.239
1781694000000,403.279,404.285,403.279,403.927
1781694900000,403.935,404,403.565,403.565
1781695800000,403.563,403.619,402.773,402.796
1781696700000,402.8,402.817,401.5,402.034
1781697600000,402.062,402.622,401.334,401.51
1781698500000,401.51,401.707,400.54,400.87
1781699400000,400.87,402.24,400.855,401.677
1781700300000,401.675,401.729,400.84,401.19
1781701200000,401.184,401.884,400.72,401.653
1781702100000,401.655,402.204,401.2,401.386
1781703000000,401.53,403.52,399.53,402.045
1781703900000,402.17,402.76,398.37,398.598
1781704800000,398.45,401.14,397.85,400.897
1781705700000,400.892,402.89,399.99,401.748
1781706600000,401.762,401.773,398.86,399.208
1781707500000,399.39,400.04,397.665,399.648
1781708400000,399.62,399.96,397.6,398.156
1781709300000,398.162,398.85,397.76,398.7
1781710200000,398.703,400.65,398.52,400.513
1781711100000,400.52,401.25,399.16,401.047
1781712000000,401.039,403.31,400.84,403
1781712900000,403.125,405.08,402.38,404.527
1781713800000,404.542,404.925,403.4,403.509
1781714700000,403.5,404.325,402.59,403.785
1781715600000,403.802,404.24,402.9,403.48
1781716500000,403.459,405.85,402.99,404.335
1781717400000,404.22,404.7,403.63,404.231
1781718300000,404.231,405.75,403.71,404.81
1781719200000,404.674,404.95,398.42,402.432
1781720100000,402.408,403.16,399.99,401.334
1781721000000,401.326,404.24,400.27,403.955
1781721900000,403.949,403.949,399.9,400.59
1781722800000,400.65,401.55,399.06,400.91
1781723700000,400.919,401.09,397.43,397.73
1781724600000,397.782,398.43,393.855,394.222
1781725500000,394.243,396.53,394.13,396.311
1781726400000,396.309,397.324,396.308,396.654
1781727300000,396.649,397.26,396.486,397.047
1781728200000,397.045,397.573,396.954,397.09
1781729100000,397.09,397.176,396.709,397.176
1781730000000,397.18,397.624,397.116,397.25
1781730900000,397.258,397.3,396.45,396.758
1781731800000,396.715,397.162,396.679,396.963
1781732700000,397.024,397.329,397.024,397.15
1781733600000,397.15,397.574,396.69,397.5
1781734500000,397.466,397.959,396.853,397.691
1781735400000,397.698,397.96,397.593,397.69
1781736300000,397.69,397.8,397.44,397.49
1781737200000,397.49,397.793,397.31,397.663
1781738100000,397.675,397.845,397.525,397.55
1781739000000,397.55,397.835,397.165,397.626
1781739900000,397.638,397.885,397.598,397.705
1781740800000,397.62,399.89,397.39,399.84
1781741700000,399.79,399.89,398.01,398.94
1781742600000,398.87,399.54,398.87,399.54
1781743500000,399.56,399.61,398.99,399.12
1781744400000,399.11,399.98,399.11,399.91
1781745300000,399.92,399.99,399.46,399.67
1781746200000,399.67,400.28,399.39,400.24
1781747100000,400.22,400.22,399.69,399.8
1781748000000,399.74,400.15,399.7,399.84
1781748900000,399.84,399.84,399.16,399.48
1781749800000,399.48,399.56,399.28,399.4
1781750700000,399.5,399.55,399.21,399.23
1781751600000,399.25,399.4,399.02,399.07
1781752500000,399.06,399.25,399,399.19
1781753400000,399.21,399.37,398.86,399.06
1781754300000,399.04,399.16,398.94,399.11
1781755200000,399.13,399.13,398.12,398.12
1781756100000,398.21,398.28,397.92,397.99
1781757000000,397.89,397.98,397.22,397.4
1781757900000,397.4,398.28,397.23,398.24
1781758800000,398.24,398.84,398,398.03
1781759700000,398.01,398.4,398,398.13
1781760600000,398.17,398.41,397.71,397.89
1781761500000,397.88,398.66,397.72,398.04
1781762400000,398.05,398.54,397.49,398.54
1781763300000,398.51,398.81,398.35,398.64
1781764200000,398.65,398.65,397.95,398.24
1781765100000,398.36,398.79,398.36,398.78
1781766000000,398.67,398.67,398.02,398.21
1781766900000,398.1,399.2,397.99,399.05
1781767800000,399.02,399.16,398.72,399.07
1781768700000,399.05,399.21,398.92,399.21
1781769600000,397.701,399.68,397.701,399.602
1781770500000,399.597,399.609,398.74,398.945
1781771400000,398.928,399.27,398.861,398.994
1781772300000,398.994,399.154,398.102,398.455
1781773200000,398.468,398.728,398.163,398.43
1781774100000,398.432,398.65,398.4,398.54
1781775000000,398.54,399.045,398.54,398.695
1781775900000,398.695,398.91,398.695,398.85
1781776800000,398.85,398.855,398.26,398.541
1781777700000,398.546,398.79,398.403,398.44
1781778600000,398.438,398.514,397.95,397.965
1781779500000,397.965,398.63,397.8,398.382
1781780400000,398.51,398.589,397.301,397.424
1781781300000,397.429,397.665,397.201,397.57
1781782200000,397.57,398.399,397.408,398.399
1781783100000,398.399,398.4,397.55,397.743
1781784000000,397.746,398.076,397.577,397.8
1781784900000,397.8,398.135,397.65,397.979
1781785800000,397.98,398.23,397.93,398.1
1781786700000,398.1,398.209,397.859,398.099
1781787600000,398.101,399.004,397.743,398.996
1781788500000,398.996,399.979,398.571,398.94
1781789400000,397.97,398.937,388.16,388.175
1781790300000,388.322,390.465,386.82,388.63
1781791200000,388.422,391.99,387.915,389.32
1781792100000,389.239,391.51,385.45,386.207
1781793000000,386.135,388.19,384.735,386.941
1781793900000,386.944,389.61,386.78,388.483
1781794800000,388.477,390.28,387.955,389.301
1781795700000,389.294,391.01,388.67,389.535
1781796600000,389.544,389.87,387.82,388.41
1781797500000,388.409,391.48,387.41,390.819
1781798400000,390.838,393.21,390.59,392.078
1781799300000,392.077,393.43,391.625,392.241
1781800200000,392.227,393.71,391.74,393.2
1781801100000,393.3,393.95,393.05,393.601
1781802000000,393.606,395.465,392.6,394.127
1781802900000,394.118,395.56,394.109,395.123
1781803800000,395.138,397.14,395.138,396.35
1781804700000,396.532,396.92,395.64,395.684
1781805600000,395.69,396.105,394.73,395.571
1781806500000,395.567,395.62,394.2,394.262
1781807400000,394.247,395.195,394.145,394.331
1781808300000,394.332,395.61,394.323,394.639
1781809200000,394.627,394.85,393.725,394.38
1781810100000,394.364,396.29,394.3,395.895
1781811000000,395.9,398.79,395.5,398.715
1781811900000,401.15,401.34,400.41,400.48
1781812800000,400.681,400.769,398.849,399.915
1781813700000,399.915,400.18,399.723,400.05
1781814600000,400.05,400.05,399.64,399.721
1781815500000,399.722,399.775,399.525,399.577
1781816400000,399.577,400.009,399.55,400.009
1781817300000,400.01,400.01,399.748,399.81
1781818200000,399.81,399.945,399.71,399.74
1781819100000,399.74,399.74,399.316,399.317
1781820000000,399.317,399.75,399.001,399.2
1781820900000,399.194,399.415,398.601,398.765
1781821800000,398.765,398.775,397.63,397.826
1781822700000,397.834,398.315,397.755,398.315
1781823600000,398.313,398.497,398.205,398.329
1781824500000,398.331,398.375,398.225,398.335
1781825400000,398.335,398.56,398.285,398.56
1781826300000,398.56,398.798,398.43,398.667
1781827200000,398.663,398.663,398.4,398.4
1781829000000,398.38,398.38,398.24,398.24
1781829900000,398.23,398.23,398.18,398.18
1781834400000,398.4,398.47,398.06,398.06
1781835300000,398.28,398.54,398.28,398.54
1781838900000,398.54,398.54,398.54,398.54
1781842500000,398.54,398.61,398.54,398.61
1781843400000,398.62,398.64,398.05,398.05
1781847900000,398.27,398.34,398.05,398.05
1781848800000,398.58,398.65,398.58,398.65
1781849700000,398.62,398.62,398.62,398.62
1781850600000,398.62,400.97,398.62,400.22
1781851500000,400.28,400.3,398.31,398.31
1781853300000,400.3,400.3,400.3,400.3
1781854200000,399.92,400.36,398.31,398.85
1781856900000,399.25,400.48,399.25,400.48
1781857800000,399.99,399.99,399.93,399.93
1781858700000,399.93,399.93,399.18,399.18
1781859600000,399.69,400.52,399.69,400.52
1781860500000,400.3,400.51,398.89,398.89
1781861400000,399.81,400.54,398.77,399.7
1781864100000,398.77,400.54,398.76,400.54
1781865900000,399.78,400.54,398.44,398.44
1781870400000,399.05,400.54,398.31,398.31
1781871300000,398.35,398.35,398.34,398.34
1781874000000,398.34,398.34,398.31,398.31
1781875800000,398.89,400.54,398.89,400.54
1781876700000,398.36,398.36,398.35,398.35
1781878500000,399.14,400.54,398.51,398.51
1781879400000,400.46,400.46,398.51,398.51
1781880300000,398.54,400.55,398.38,398.38
1781885700000,400.55,400.55,400.55,400.55
1781886600000,399.84,399.84,398.25,398.25
1781888400000,398.76,400.55,398.76,400.55
1781889300000,398.26,398.26,398.26,398.26
1781891100000,398.82,398.82,398.82,398.82
1781892000000,398.25,398.25,398.25,398.25
1781893800000,400.55,400.55,400.55,400.55
1781897400000,399.01,399.01,399.01,399.01
1781908200000,398.26,398.48,398.26,398.47
1781911800000,398.47,398.47,398.47,398.47
1781912700000,399.16,400.55,398.53,398.53
1781918100000,400.55,400.55,400.55,400.55
1781919000000,399.29,399.29,399.29,399.29
1781923500000,400.59,400.59,400.59,400.59
1781925300000,400.63,400.63,398.81,398.81
1781926200000,400.57,400.68,400.55,400.68
1781928900000,400.68,400.68,400.68,400.68
1781930700000,400.76,400.76,400.76,400.76
1781931600000,400.78,400.85,400.78,400.85
1781932500000,400.44,400.44,400.44,400.44
1781933400000,400.94,400.97,400.38,400.97
1781934300000,401.03,401.03,401.03,401.03
1781936100000,401.07,401.1,401.07,401.1
1781937000000,401.11,401.22,401.11,401.22
1781937900000,401.25,401.46,401.25,401.46
1781938800000,401.09,401.5,400.96,400.96
1781941500000,401.53,401.57,401.12,401.57
1781942400000,401.6,401.6,401.19,401.6
1781943300000,401.65,401.79,401.65,401.79
1781944200000,401.84,401.99,401.64,401.64
1781945100000,402,402.01,401.31,401.31
1781946000000,401.31,401.31,401.31,401.31
1781947800000,401.31,402.05,401.3,402.05
1781948700000,402.05,402.05,401.83,401.83
1781949600000,401.83,402.05,401.28,401.28
1781950500000,401.28,401.28,401.26,401.26
1781951400000,401.26,401.26,401.25,401.25
1781954100000,402.05,402.05,401.15,401.15
1781955000000,401.73,402.05,401.09,401.71
1781958600000,402.05,402.05,401.71,401.71
1781961300000,401.1,401.1,401.09,401.09
1781966700000,401.09,401.09,401.07,401.07
1781971200000,402.03,402.03,402.03,402.03
1781976600000,401.99,401.99,401.01,401.01
1781988300000,401.26,401.26,401.02,401.02
1781989200000,401.45,402.03,401.01,402.03
1781991900000,401.02,401.02,400.91,400.91
1781994600000,402,402,402,402
1781999100000,402,402,402,402
1782000900000,402.03,402.09,402,402
1782002700000,402.11,402.11,402.11,402.11
1782005400000,402.15,403,402.15,403
1782007200000,403.01,403.01,403.01,403.01
1782009000000,403.09,403.09,402.64,402.64
1782011700000,403.15,403.15,403.15,403.15
1782012600000,403.29,403.35,403.29,403.35
1782013500000,403.36,403.4,403.36,403.4
1782017100000,402.97,402.97,402.96,402.96
1782018000000,403.45,403.45,403.45,403.45
1782020700000,403.45,403.45,403.21,403.21
1782021600000,403.46,403.46,403.46,403.46
1782022500000,403.49,403.49,403.2,403.49
1782023400000,403.49,403.56,403.49,403.56
1782024300000,403.29,403.29,403.29,403.29
1782027000000,403.27,403.58,403.27,403.58
1782027900000,403.59,403.62,403.21,403.21
1782028800000,403.21,403.7,403.18,403.7
1782029700000,403.44,403.76,403.31,403.31
1782031500000,403.78,403.84,403.78,403.84
1782032400000,403.91,403.96,403.91,403.96
1782033300000,404.03,404.03,404.03,404.03
1782034200000,404.07,404.1,404.07,404.1
1782035100000,404.11,404.11,403.75,403.75
1782036000000,404.15,404.17,404.15,404.17
1782036900000,404.2,404.21,403.89,404.21
1782038700000,404.26,404.26,403.89,403.89
1782039600000,404.27,404.27,404.27,404.27
1782040500000,404.04,404.04,404.04,404.04
1782042300000,404.04,404.04,404.04,404.04
1782044100000,404.28,404.32,403.83,404.32
1782046800000,403.83,404.4,403.79,404.4
1782047700000,404.44,404.44,403.99,403.99
1782050400000,404.45,404.45,404.45,404.45
1782051300000,404.46,404.46,404.46,404.46
1782052200000,403.99,403.99,403.99,403.99
1782053100000,404.46,404.46,404.46,404.46
1782054900000,404.46,404.46,404.46,404.46
1782055800000,404.46,404.46,404.46,404.46
1782057600000,404.46,404.46,404.46,404.46
1782058500000,404.46,404.46,404.46,404.46
1782059400000,404.46,404.46,404.46,404.46
1782061200000,404.47,404.53,404.23,404.53
1782063000000,404.54,404.58,404.21,404.28
1782063900000,404.58,404.6,404.58,404.6
1782065700000,404.62,404.66,404.28,404.66
1782066600000,404.67,404.67,404.22,404.22
1782067500000,404.22,404.22,404.2,404.2
1782068400000,404.2,404.2,404.17,404.17
1782076500000,404.68,404.68,404.68,404.68
1782078300000,404.71,404.71,404.71,404.71
1782081900000,404.17,404.17,404.14,404.14
1782086400000,396.69,399,395.1,396.8
1782087300000,396.63,397.64,396,396.95
1782088200000,396.98,397.01,395.5,395.64
1782089100000,395.58,396.06,395.58,395.97
1782090000000,395.99,396.51,395.69,395.76
1782090900000,395.77,396.15,395.51,395.55
1782091800000,395.54,395.57,394.99,395.29
1782092700000,395.24,395.66,394.94,395.32
1782093600000,395.32,395.75,395.07,395.07
1782094500000,395.05,395.39,395,395.05
1782095400000,395.04,395.26,394.98,395.15
1782096300000,395.14,395.25,394.88,395.22
1782097200000,395.21,395.26,394.26,394.29
1782098100000,394.38,395,394.38,394.89
1782099000000,394.93,395.06,394.41,394.44
1782099900000,394.49,394.61,394,394.01
1782100800000,394.01,394.01,393.19,393.24
1782101700000,393.24,393.24,391.73,391.73
1782102600000,391.66,392.36,390.79,392.3
1782103500000,392.3,393.21,392.26,393.1
1782104400000,393.1,393.94,392.7,393.7
1782105300000,393.79,394.48,393.51,394.18
1782106200000,394.22,394.36,393.81,394.21
1782107100000,394.21,394.23,393.78,393.88
1782108000000,393.88,394.42,393.86,394.19
1782108900000,394.24,394.67,394.2,394.57
1782109800000,394.53,394.63,394.21,394.5
1782110700000,394.42,394.87,394.25,394.61
1782111600000,394.66,395.27,394.51,395.1
1782112500000,395.12,396.02,395.08,395.68
1782113400000,395.7,395.72,394.91,394.93
1782114300000,394.99,395.32,394.88,395.13
1782115200000,398.067,398.067,394.21,394.804
1782116100000,394.805,394.82,393.55,393.83
1782117000000,393.83,394.478,393.647,394.478
1782117900000,394.482,394.599,394.135,394.485
1782118800000,394.479,395.35,394.261,395.003
1782119700000,395.007,395.388,394.875,394.892
1782120600000,394.898,395.1,394.59,394.85
1782121500000,394.85,395.074,394.584,394.675
1782122400000,394.675,395.039,394.428,394.885
1782123300000,394.848,394.849,394.1,394.255
1782124200000,394.255,394.255,393.6,394.107
1782125100000,394.108,394.501,393.99,394.36
1782126000000,394.383,396.2,394.185,395.174
1782126900000,395.162,395.343,395.06,395.23
1782127800000,395.243,396.472,395.17,396.297
1782128700000,396.293,396.892,396.035,396.8
1782129600000,396.8,397.373,396.711,396.938
1782130500000,396.937,396.95,396.339,396.924
1782131400000,396.925,396.927,396.099,396.112
1782132300000,396.115,396.3,396.06,396.199
1782133200000,396.2,397.29,396.2,396.575
1782134100000,396.576,396.65,392.77,394.623
1782135000000,394.92,403.14,394.495,402.917
1782135900000,402.72,406.78,401.5,406.44
1782136800000,406.73,414.69,406.18,413.437
1782137700000,413.419,413.47,409.57,409.988
1782138600000,409.976,410.68,407.07,407.999
1782139500000,407.988,408.3,401.58,404.733
1782140400000,404.59,410.845,404.32,410.82
1782141300000,410.7,411.595,409.14,409.881
1782142200000,409.875,410.94,409.04,409.922
1782143100000,409.923,410.2,407.73,407.913
1782144000000,407.87,408.8,406.62,408.496
1782144900000,408.484,409.36,406.29,407.177
1782145800000,407.177,407.835,406.71,406.94
1782146700000,406.94,408.47,406.6,408.178
1782147600000,408.185,408.51,406.21,406.562
1782148500000,406.67,409.54,406.53,407.132
1782149400000,407.04,407.34,405.59,406.359
1782150300000,406.364,409.43,406.31,407.792
1782151200000,407.64,408.15,407.08,408.094
1782152100000,408.15,408.42,406.86,407.032
1782153000000,407.045,408.21,406.56,406.721
1782153900000,406.74,406.99,405.76,405.849
1782154800000,405.91,406.601,403.21,406.247
1782155700000,406.249,407.43,406.01,406.101
1782156600000,406.105,407.12,404.84,405.245
1782157500000,405.195,405.37,404.83,405.06
1782158400000,404.921,405,403.805,404.36
1782159300000,404.354,404.543,404.076,404.201
1782160200000,404.2,404.334,404.16,404.275
1782161100000,404.275,404.59,404.137,404.21
1782162000000,404.21,404.991,404.21,404.628
1782162900000,404.658,404.999,404.5,404.55
1782163800000,404.55,404.577,404.266,404.572
1782164700000,404.573,404.797,404.375,404.797
1782165600000,404.6,404.925,404.6,404.837
1782166500000,404.813,404.875,404.501,404.56
1782167400000,404.567,404.6,403.55,403.6
1782168300000,403.6,404.008,403.54,403.616
1782169200000,403.618,403.629,403.2,403.2
1782170100000,403.2,403.525,403.15,403.395
1782171000000,403.395,403.685,403.355,403.6
1782171900000,403.6,403.748,403.31,403.486
1782172800000,403.489,404.56,402.98,402.98
1782173700000,402.98,404,402.31,402.7
1782174600000,402.7,403.75,402.6,403.75
1782175500000,403.85,404.31,403.1,403.32
1782176400000,403.25,403.47,402.66,402.71
1782177300000,402.66,402.91,402.15,402.8
1782178200000,402.81,402.91,401.49,401.6
1782179100000,401.52,401.98,400.87,401.4
1782180000000,401.53,401.64,400.03,400.15
1782180900000,400.22,401.94,400.19,401.3
1782181800000,401.13,401.13,400.62,400.7
1782182700000,400.7,400.8,399.87,399.99
1782183600000,399.9,400.24,399.38,399.62
1782184500000,399.5,399.87,398.99,399.15
1782185400000,399.15,399.29,398.13,398.51
1782186300000,398.49,399.31,398.06,399.24
1782187200000,399.32,399.88,399.02,399.31
1782188100000,399.31,399.32,398.5,399.01
1782189000000,398.91,399.02,398.51,398.75
1782189900000,398.76,398.8,397.76,397.81
1782190800000,397.81,398.39,397.5,397.56
1782191700000,397.59,398,397.2,397.67
1782192600000,397.7,397.71,396.65,397.62
1782193500000,397.62,398.26,396.67,396.87
1782194400000,396.96,397.71,396.66,396.99
1782195300000,396.94,397.15,396.01,396.02
1782196200000,396.13,397.21,396,396.23
1782197100000,396.32,397.03,396.19,396.61
1782198000000,396.54,397,395.99,396.45
1782198900000,396.5,396.79,396.22,396.61
1782199800000,396.61,397.11,395.99,396.43
1782200700000,396.43,396.45,394.93,395.08
1782201600000,402.295,402.295,392.506,392.573
1782202500000,392.561,392.93,390.512,391.186
1782203400000,391.12,393.549,391.065,393.061
1782204300000,393.043,393.174,392.19,392.773
1782205200000,392.778,394.18,392.778,394.175
1782206100000,394.171,394.315,393.751,393.93
1782207000000,393.93,393.985,393.02,393.038
1782207900000,393.039,393.37,392.88,393.35
1782208800000,393.35,393.555,392.773,392.831
1782209700000,392.831,393.164,392.146,392.774
1782210600000,392.775,392.775,391.475,391.994
1782211500000,391.989,393.24,391.869,393.192
1782212400000,393.189,395.94,393.189,395.5
1782213300000,395.5,395.56,394.647,394.775
1782214200000,394.775,396.622,394.51,396.406
1782215100000,396.387,396.656,395.59,396.095
1782216000000,396.095,396.661,394.59,394.638
1782216900000,394.635,394.645,393.781,393.818
1782217800000,393.819,394.417,393.337,394.183
1782218700000,394.197,394.623,393.656,394.232
1782219600000,394.226,394.379,393.459,394.145
1782220500000,394.147,394.804,391.897,392.46
1782221400000,392.62,392.62,387.99,388.17
1782222300000,388.348,390.18,386.99,389.235
1782223200000,389.33,390.18,386.4,388.87
1782224100000,388.849,389.025,386.12,388.014
1782225000000,388.029,389.59,387.38,387.561
1782225900000,387.571,387.86,384.99,386.188
1782226800000,386.25,386.47,384.29,385.685
1782227700000,385.69,385.91,383.25,383.595
1782228600000,383.592,384.52,382.08,382.784
1782229500000,382.7,383.79,382.44,383.423
1782230400000,383.417,385.65,383.29,384.95
1782231300000,384.947,385.16,383.45,383.5
1782232200000,383.49,385.21,382.43,385.133
1782233100000,385.25,385.59,384.38,385.192
1782234000000,385.16,385.69,383.87,384.621
1782234900000,384.635,385.57,384.51,385.214
1782235800000,385.23,385.81,384.47,384.625
1782236700000,384.55,384.67,381.18,381.365
1782237600000,381.25,382.41,380.88,381.52
1782238500000,381.445,381.8,380.56,381.5
1782239400000,381.44,381.76,379.81,379.9
1782240300000,379.995,380.28,379.08,379.785
1782241200000,379.71,382.055,379.6,380.988
1782242100000,380.96,382.12,379.98,381.654
1782243000000,381.656,382.37,381.35,381.781
1782243900000,381.75,382.59,380.76,381.525
1782244800000,381.605,382.41,381.565,381.71
1782245700000,381.71,381.774,381.652,381.677
1782246600000,381.677,381.74,381.651,381.69
1782247500000,381.69,381.709,381.642,381.695
1782248400000,381.695,381.87,381.662,381.87
1782249300000,381.87,382.039,381.82,382.039
1782250200000,382.039,382.51,382.039,382.395
1782251100000,382.395,382.535,382.331,382.535
1782252000000,382.535,382.915,382.34,382.82
1782252900000,382.82,382.917,382.225,382.247
1782253800000,382.246,382.598,382.082,382.205
1782254700000,382.205,382.395,382.006,382.285
1782255600000,382.285,382.395,381.821,382.07
1782256500000,382.07,382.2,381.929,382.177
1782257400000,382.18,382.19,381.718,381.81
1782258300000,381.81,382.684,381.81,382.365
1782259200000,382.33,383.75,382.29,383.53
1782260100000,383.69,384.3,383.2,383.8
1782261000000,383.85,384.5,383.71,384.2
1782261900000,384.2,384.59,383.64,384.15
1782262800000,384.16,384.17,382.55,383.42
1782263700000,383.42,383.44,382.62,383.39
1782264600000,383.4,383.7,383.06,383.3
1782265500000,383.29,383.39,383.06,383.24
1782266400000,383.19,383.39,382.96,383.18
1782267300000,383.17,383.24,382.76,383.14
1782268200000,383.2,383.33,382.56,382.61
1782269100000,382.61,382.62,380.96,381.16
1782270000000,381.23,382.28,380.95,382.2
1782270900000,382.19,382.46,381.65,382.46
1782271800000,382.45,382.96,382.42,382.72
1782272700000,382.73,383.3,382.55,383.3
1782273600000,383.17,383.29,382.54,382.65
1782274500000,382.72,382.86,382.38,382.5
1782275400000,382.56,383.39,382.55,383.24
1782276300000,383.34,383.65,383.19,383.65
1782277200000,383.66,383.87,383.31,383.73
1782278100000,383.56,384.01,383.43,383.66
1782279000000,383.66,384.4,383.66,384.09
1782279900000,384.07,384.15,383.49,383.66
1782280800000,383.57,383.85,382.66,383.35
1782281700000,383.23,383.28,382.68,383.01
1782282600000,383.18,383.43,382.91,383.05
1782283500000,383.02,383.25,382.88,383.06
1782284400000,383.11,383.63,382.99,383.45
1782285300000,383.43,383.82,383.27,383.62
1782286200000,383.59,383.95,383.31,383.95
1782287100000,383.96,384.05,383.5,383.5
1782288000000,382.558,384.249,382.558,384.249
1782288900000,384.253,384.275,383.7,383.882
1782289800000,383.881,384.199,383.75,383.915
1782290700000,383.915,384.12,383.867,384.019
1782291600000,384.013,384.28,383.93,384.152
1782292500000,384.151,384.265,383.978,383.978
1782293400000,383.977,384.005,383.302,383.495
1782294300000,383.495,384.1,383.345,384.001
1782295200000,384.001,384.094,383.75,384.01
1782296100000,384.01,384.25,383.74,384.005
1782297000000,384.025,384.41,384.025,384.41
1782297900000,384.41,384.41,383.76,383.76
1782298800000,383.759,384.123,382.988,383.137
1782299700000,383.129,383.457,382.89,383.457
1782300600000,383.456,384.2,383.295,383.856
1782301500000,383.854,384.4,383.845,384.2
1782302400000,384.2,384.2,383.267,383.491
1782303300000,383.49,383.797,383.402,383.673
1782304200000,383.672,384.039,383.05,383.1
1782305100000,383.1,383.1,382.19,382.577
1782306000000,382.581,382.581,380.32,380.376
1782306900000,380.387,381.094,379.943,380.055
1782307800000,380.09,384.55,378.91,383.45
1782308700000,383.38,384.535,380.85,381.391
1782309600000,381.49,382.65,379.54,381.406
1782310500000,381.407,382.83,379.77,381.99
1782311400000,381.95,383.21,379.6,381.35
1782312300000,381.39,383.6,381.07,383.401
1782313200000,383.53,383.6,382,382.984
1782314100000,382.974,384.34,382.73,383.797
1782315000000,383.76,384.01,381.42,381.708
1782315900000,381.79,382.46,380.43,380.539
1782316800000,380.485,381.61,380.14,381.38
1782317700000,381.386,381.92,381.01,381.462
1782318600000,381.446,381.446,377.86,378.497
1782319500000,378.501,379.62,378.28,378.513
1782320400000,378.475,379.25,377.04,377.62
1782321300000,377.608,377.83,375.25,375.47
1782322200000,375.472,375.835,374.4,374.75
1782323100000,374.751,375.44,374.24,374.531
1782324000000,374.605,375.51,373.67,374.996
1782324900000,375.001,377.57,375.001,376.99
1782325800000,377.006,377.167,375.555,375.775
1782326700000,375.787,375.98,373.92,374.001
1782327600000,374.012,374.78,373.08,373.625
1782328500000,373.624,376.35,373.44,376.21
1782329400000,376.206,376.46,375.38,375.954
1782330300000,375.957,377.39,375.28,375.449
1782331200000,375.463,378.21,374.312,376.555
1782332100000,376.555,377.82,376.555,376.784
1782333000000,376.761,376.947,376.5,376.729
1782333900000,376.726,377.626,376.69,377.55
1782334800000,377.55,377.587,377.246,377.283
1782335700000,377.286,377.595,377.235,377.567
1782336600000,377.568,377.775,377.382,377.775
1782337500000,377.775,378.45,377.77,378.45
1782338400000,378.45,378.838,378.06,378.521
1782339300000,378.52,378.663,377.786,377.8
1782340200000,377.8,377.8,377.29,377.551
1782341100000,377.551,377.736,377.21,377.323
1782342000000,377.322,378.199,377.321,377.707
1782342900000,377.71,377.9,377.25,377.628
1782343800000,377.627,378.148,377.437,377.925
1782344700000,377.925,378.048,377.41,377.889
1782345600000,377.41,378.38,376.69,377.21
1782346500000,377.15,377.46,375.82,376.19
1782347400000,376.21,376.25,374.46,375.12
1782348300000,375.12,375.72,374.46,375.31
1782349200000,375.22,375.66,373.9,374
1782350100000,373.99,374.64,373.83,374.16
1782351000000,374.2,374.73,374.03,374.22
1782351900000,374.13,374.51,373.85,373.9
1782352800000,373.85,374.36,373.78,374.01
1782353700000,374.05,374.61,373.94,374.36
1782354600000,374.35,374.66,374.22,374.47
1782355500000,374.44,374.72,374.28,374.56
1782356400000,374.61,374.72,374.49,374.51
1782357300000,374.52,374.72,374.49,374.57
1782358200000,374.61,374.81,374.36,374.5
1782359100000,374.47,374.74,374.39,374.54
1782360000000,374.56,374.65,374.49,374.5
1782360900000,374.54,374.7,374.49,374.5
1782361800000,374.55,374.62,374.49,374.54
1782362700000,374.54,374.86,374.51,374.77
1782363600000,374.78,375.14,374.65,374.86
1782364500000,374.86,375.83,374.83,375.72
1782365400000,375.79,376.07,375.7,375.79
1782366300000,375.82,376.03,375.64,375.75
1782367200000,375.75,376.43,375.7,376.36
1782368100000,376.34,376.71,376.27,376.4
1782369000000,376.27,376.66,376.13,376.15
1782369900000,376.15,376.65,376.15,376.51
1782370800000,376.59,377.78,376.52,377.55
1782371700000,377.71,378.51,377.45,378.44
1782372600000,378.44,378.69,378.19,378.57
1782373500000,378.61,378.61,378.09,378.22
1782374400000,377.876,379.49,377.546,379.156
1782375300000,379.155,379.329,378.3,378.303
1782376200000,378.304,378.435,377.844,377.969
1782377100000,377.971,378.076,377.311,377.47
1782378000000,377.47,378.2,377.35,377.765
1782378900000,377.765,377.765,376.97,377.336
1782379800000,377.335,378.042,377.335,377.81
1782380700000,377.81,378.145,377.787,377.797
1782381600000,377.796,378.379,377.66,378.379
1782382500000,378.38,378.645,377.918,378.234
1782383400000,378.234,378.559,375.01,376.515
1782384300000,376.508,377.5,376.31,376.944
1782385200000,376.944,377.394,376,376.149
1782386100000,376.146,376.296,374.981,376.244
1782387000000,376.246,376.329,375.763,375.921
1782387900000,375.924,376.298,375.924,376.093
1782388800000,376.098,376.46,375.927,376.159
1782389700000,376.16,376.319,375.858,376.105
1782390600000,376.105,378.32,376.105,376.835
1782391500000,376.841,377.04,375.6,376.339
1782392400000,376.339,376.55,375.812,376.198
1782393300000,376.203,376.909,374.799,375.215
1782394200000,375.09,379.07,372.57,375.47
1782395100000,375.45,376.11,371.42,371.548
1782396000000,371.596,377.68,371.596,375.905
1782396900000,375.89,377.91,374.95,376.45
1782397800000,376.425,378.13,375.833,376.313
1782398700000,376.312,378.21,374.59,374.791
1782399600000,374.76,376.44,372.928,373.052
1782400500000,373.052,376.52,372.435,375
1782401400000,375,377.34,375,375.916
1782402300000,375.923,376.715,375.13,375.566
1782403200000,375.58,376.62,374.75,375.64
1782404100000,375.651,375.84,374.135,374.388
1782405000000,374.384,374.61,372.86,372.86
1782405900000,372.933,373.92,372.03,373.155
1782406800000,373.18,374.62,372.88,374.001
1782407700000,374.003,375.16,373.73,374.357
1782408600000,374.356,375.125,373.89,374.06
1782409500000,374.06,374.45,373.21,374.39
1782410400000,374.44,374.49,372.49,373.658
1782411300000,373.653,375.97,373.567,375.874
1782412200000,375.873,375.886,373.65,373.814
1782413100000,373.814,374.651,372.61,373.892
1782414000000,373.94,373.94,373.01,373.55
1782414900000,373.585,374.02,372.77,373.618
1782415800000,373.605,374.3,373.1,374.059
1782416700000,374.5,375.2,374.42,375.13
1782417600000,375.034,376.975,375.034,375.621
1782418500000,375.62,375.71,375.55,375.622
1782419400000,375.621,375.624,374.662,374.689
1782420300000,374.687,374.89,374.383,374.625
1782421200000,374.625,374.8,374.508,374.6
1782422100000,374.6,374.71,374.366,374.661
1782423000000,374.653,374.68,374.605,374.61
1782423900000,374.61,374.695,374.57,374.576
1782424800000,374.69,374.825,374.25,374.25
1782425700000,374.25,374.6,374.19,374.446
1782426600000,374.445,374.625,374.263,374.426
1782427500000,374.431,374.744,374.25,374.535
1782428400000,374.531,374.885,374.32,374.885
1782429300000,374.887,375.53,374.887,375.449
1782430200000,375.45,375.542,374.647,374.647
1782431100000,374.639,374.798,374.01,374.215
1782432000000,374.214,375,374.211,374.88
1782432900000,374.82,374.83,373.71,374.46
1782433800000,374.59,374.59,373.59,373.8
1782434700000,373.78,373.91,372.36,372.81
1782435600000,372.79,373.5,372.35,373.23
1782436500000,373.23,373.87,372.92,373
1782437400000,373.01,373.01,371.62,371.62
1782438300000,371.59,372.24,371.14,371.19
1782439200000,371.21,371.65,370.39,370.74
1782440100000,370.7,370.7,369.24,370.02
1782441000000,370.02,370.37,368.84,368.89
1782441900000,368.87,368.96,367.06,367.64
1782442800000,367.6,369.09,367.47,368.31
1782443700000,368.37,369,367.99,368.07
1782444600000,368.01,368.82,367.59,368.62
1782445500000,368.62,369.89,368.41,369.68
1782446400000,369.84,370.48,369.26,369.39
1782447300000,369.53,369.93,368.3,368.84
1782448200000,368.98,369.19,367.94,368.25
1782449100000,368.25,368.35,367.61,367.78
1782450000000,367.78,368.69,367.5,368.69
1782450900000,368.55,369.15,368.09,369.11
1782451800000,369.12,369.31,368.44,368.49
1782452700000,368.52,368.84,368.26,368.44
1782453600000,368.52,368.63,367.92,368.57
1782454500000,368.63,369.2,367.99,369.2
1782455400000,369.19,369.92,369.11,369.8
1782456300000,369.8,371.01,369.79,370.37
1782457200000,370.37,370.74,369.23,370.09
1782458100000,370.09,370.71,369.99,370.69
1782459000000,370.63,371.08,370.54,370.6
1782459900000,370.48,371.13,370.04,371.07
1782460800000,371.67,373.609,370.668,371.2
1782461700000,370.812,371.272,370.79,371.247
1782462600000,371.01,372.405,371.002,371.13
1782463500000,372.15,372.15,370.559,371
1782464400000,370.53,371,369.99,369.99
1782465300000,370.455,370.731,370.03,370.481
1782466200000,371.11,371.642,370.135,371.48
1782467100000,371.37,371.573,370.95,371.37
1782468000000,370.65,371.255,370.5,370.65
1782468900000,371.106,371.31,370.535,370.611
1782469800000,370.611,371.035,370.5,370.895
1782470700000,370.895,371.295,370.721,371.025
1782471600000,370.88,371.266,370.603,370.92
1782472500000,371,371.26,370.586,370.66
1782473400000,370.81,371.2,370.511,371.04
1782474300000,371.25,371.393,370.483,370.5
1782475200000,370.835,371.304,370.62,370.966
1782476100000,370.957,371.235,370.753,370.985
1782477000000,370.71,371.181,370.375,370.5
1782477900000,370.459,370.694,370.218,370.218
1782478800000,369.99,370.287,368.9,369.05
1782479700000,369.01,370.42,368.55,370.29
1782480600000,370.29,373.865,368.76,373.285
1782481500000,373.19,374.66,371.1,374.52
1782482400000,374.62,377.64,373.94,377.04
1782483300000,377.13,377.85,375.33,377.365
1782484200000,377.379,379.09,376.43,377.807
1782485100000,377.6,379.36,377.01,378.205
1782486000000,378.405,380.42,378.21,379.75
1782486900000,379.73,385.14,379.56,384.81
1782487800000,384.915,387.8,384.879,386.895
1782488700000,386.99,387.22,384.39,384.91
1782489600000,385,385.65,382.345,382.91
1782490500000,382.86,383.63,382.435,383.02
1782491400000,383,385.52,383,384.63
1782492300000,384.786,386.03,384.455,385.396
1782493200000,385.415,387.315,385.12,386.01
1782494100000,386.055,386.26,384.9,385.695
1782495000000,385.71,386.51,385.48,385.915
1782495900000,385.82,386.21,384.465,384.65
1782496800000,384.65,384.93,383.06,383.59
1782497700000,383.6,384.395,382.57,382.57
1782498600000,382.58,383.57,380.55,380.705
1782499500000,380.76,380.9,379.07,379.88
1782500400000,379.888,380.81,379.44,380.728
1782501300000,380.739,380.81,379.68,379.772
1782502200000,379.81,380.08,378.57,379.12
1782503100000,379.1,382.79,379.01,379.01
1782504000000,379.33,379.785,377.51,378.06
1782504900000,378.072,378.271,377.822,377.828
1782505800000,377.49,377.985,376.903,377.69
1782506700000,377.71,378.106,377.2,377.85
1782507600000,377.64,378.05,377.203,377.45
1782508500000,377.526,377.691,377.265,377.36
1782509400000,377.36,377.463,377.1,377.349
1782510300000,377.31,377.602,377.2,377.31
1782511200000,377.57,377.887,377.43,377.78
1782512100000,377.888,377.985,377.815,377.985
1782513000000,377.94,377.985,377.82,377.84
1782513900000,378.01,378.01,377.875,377.97
1782514800000,377.895,378.108,377.895,378.108
1782515700000,378.111,378.175,378,378.068
1782516600000,378.067,378.067,377.885,377.975
1782517500000,377.975,378.035,377.88,377.88
1782518400000,377.878,377.878,377.876,377.876
1782519300000,377.89,378.14,377.79,378.14
1782521100000,378.06,378.06,377.74,377.74
1782522000000,377.98,377.99,377.98,377.99
1782522900000,377.99,378,377.99,378
1782524700000,377.8,377.8,377.8,377.8
1782525600000,377.8,377.8,377.8,377.8
1782526500000,377.8,378,377.8,378
1782527400000,378,378.32,377.8,377.8
1782528300000,378.34,378.34,377.68,378.22
1782529200000,378.22,378.36,377.65,377.65
1782530100000,377.97,378.45,377.41,377.41
1782531000000,377.55,377.55,377.39,377.39
1782533700000,377.39,377.55,377.33,377.33
1782534600000,377.55,377.56,376.25,377.29
1782535500000,377.29,377.58,375.65,375.65
1782537300000,375.96,377.1,375.5,375.51
1782538200000,375.51,375.52,375.51,375.52
1782539100000,375.53,375.53,375.53,375.53
1782540000000,375.65,375.65,375.44,375.44
1782540900000,375.2,375.2,375.2,375.2
1782543600000,375.11,375.11,375.11,375.11
1782546300000,375.38,376.03,371.53,375.99
1782547200000,371.5,372.19,370.9,370.9
1782548100000,370.88,371.51,369.72,369.72
1782549000000,370.02,370.02,369.68,369.68
1782549900000,370.03,378,370.03,378
1782550800000,369.79,370.49,369.79,370.49
1782555300000,378.02,381.36,377.6,377.86
1782556200000,378.02,378.53,377.43,377.82
1782558900000,378.05,378.65,377.64,377.78
1782559800000,377.78,377.78,377.64,377.64
1782560700000,377.78,378.45,377.44,377.44
1782562500000,377.96,378.39,377.35,377.35
1782563400000,377.6,378.38,377.3,377.65
1782564300000,378,378.08,377.6,377.6
1782565200000,377.6,378.08,377.6,377.86
1782566100000,377.89,378.08,377.6,377.6
1782567000000,377.6,378.07,377.6,377.6
1782567900000,378.07,378.08,377.6,377.6
1782568800000,378.08,378.38,377.6,377.6
1782569700000,378.38,378.8,377.89,378.01
1782570600000,378.8,380.74,377.6,380.74
1782571500000,380.5,380.5,380.5,380.5
1782572400000,380.86,380.96,380.44,380.51
1782573300000,381.02,384.75,380.48,384.06
1782574200000,384.75,384.89,377.9,378.05
1782575100000,377.85,378.99,377.49,377.95
1782576000000,377.96,380.03,377.45,379.19
1782576900000,380.06,380.39,379.19,379.5
1782577800000,379.09,380.59,376.55,378.77
1782578700000,379.11,379.61,375.63,378.4
1782579600000,378.79,378.83,378.29,378.29
1782580500000,378.28,378.92,378.04,378.92
1782581400000,378.96,379.8,378.05,378.95
1782582300000,379.87,380.13,378.48,378.48
1782585000000,380.11,380.15,378.44,378.44
1782585900000,380.15,380.15,378.44,380.13
1782586800000,380.14,380.14,379.4,379.4
1782587700000,379.4,381.13,378.18,381.13
1782588600000,380.9,381.43,378.11,381.43
1782589500000,381.18,381.45,380.93,381.45
1782590400000,381.46,381.5,381.05,381.5
1782592200000,381.57,381.57,381.28,381.57
1782595800000,381.57,381.57,381.24,381.24
1782597600000,381.57,381.57,378.34,378.34
1782603000000,378.34,381.63,378.34,381.63
1782605700000,381.63,381.74,381.09,381.09
1782608400000,381.78,381.97,381.1,381.97
1782609300000,381.97,382.29,381.09,382.29
1782610200000,382.03,382.64,381.07,382.14
1782611100000,382.67,382.82,382.1,382.1
1782612000000,382.8,384.17,382.11,383.69
1782612900000,384.18,384.18,384.18,384.18
1782613800000,384.18,384.31,383.45,384.31
1782614700000,384.38,386.15,382.82,385.56
1782615600000,386.22,388.17,384.04,384.04
1782617400000,386.88,388.28,383.53,386.88
1782618300000,386.88,388.34,381.35,386.3
1782619200000,388.34,388.79,387.59,388.28
1782620100000,388.81,388.81,388.22,388.49
1782621000000,382.22,389.45,378.24,389.45
1782622800000,389.49,389.88,389.06,389.37
1782623700000,389.94,390.63,389.36,389.8
1782625500000,390.63,390.88,389.91,390.3
1782626400000,390.32,390.32,389.9,389.9
1782627300000,389.9,389.9,389.9,389.9
1782629100000,389.9,389.9,387.83,389.9
1782630000000,388.71,388.75,377.46,378.2
1782633600000,378.2,378.21,378.2,378.21
1782634500000,378.21,378.25,378.19,378.19
1782635400000,378.2,378.64,377.84,378.64
1782636300000,378.67,378.67,378.3,378.3
1782637200000,378.3,379.24,378.13,379
1782638100000,379,379.24,379,379.24
1782639000000,379.43,379.86,379.24,379.61
1782639900000,379.58,379.93,379.21,379.8
1782640800000,379.9,380.29,379.84,380.29
1782641700000,380.04,381.36,379.84,380.86
1782642600000,381,381,381,381
1782643500000,381.38,381.63,380.86,381.2
1782644400000,381.2,381.7,381.1,381.1
1782645300000,381.5,381.5,381.5,381.5
1782646200000,381.72,381.75,380.23,381.75
1782647100000,381.8,382.15,381.48,381.5
1782648000000,381.5,383.08,380.87,382.51
1782648900000,382.84,383.09,379.93,382.48
1782649800000,383.13,383.29,379.86,382.99
1782650700000,383,384.68,379.8,384.24
1782651600000,384.24,384.71,384.05,384.71
1782653400000,384.5,384.95,384.33,384.5
1782654300000,384.5,386.6,384.5,386.2
1782655200000,386.2,386.83,384.36,384.36
1782656100000,386.86,387.89,384.28,384.28
1782657000000,387.89,387.93,387.6,387.6
1782657900000,387.97,387.97,387.31,387.31
1782658800000,388.02,389.26,380.91,388.81
1782659700000,389.29,391.51,388.24,390.86
1782660600000,390.86,391.87,379.75,391.44
1782661500000,391.37,391.39,391.25,391.39
1782662400000,391.39,391.8,379.31,379.31
1782663300000,391.8,391.8,379.6,379.6
1782664200000,379.6,391.8,379.6,391.8
1782666000000,379.6,391.8,379.6,391
1782666900000,391,391.8,379.6,391.8
1782667800000,391.8,391.8,379.6,379.62
1782668700000,379.65,379.65,379.65,379.65
1782669600000,391,391,379.74,390.99
1782670500000,379.74,391.8,379.74,383
1782671400000,390.64,390.64,383,383
1782672300000,390.99,391.8,379.7,379.7
1782673200000,390.99,390.99,379.71,379.71
1782674100000,390.99,390.99,379.7,379.7
1782675900000,379.7,379.7,379.7,379.7
1782676800000,379.7,379.7,379.7,379.7
1782678600000,379.7,391.8,379.7,391.8
1782691200000,381.72,381.75,379.11,380.76
1782692100000,380.6,380.6,378.99,378.99
1782693000000,379.06,379.78,378.7,379.78
1782693900000,379.61,380.5,378.81,380.24
1782694800000,380.33,380.71,379.8,380.42
1782695700000,380.45,380.61,379.81,380.32
1782696600000,380.2,381.45,380.2,381.4
1782697500000,381.4,381.63,381.03,381.35
1782698400000,381.33,381.35,380.34,380.4
1782699300000,380.4,381.54,380.19,381.51
1782700200000,381.26,381.57,381.12,381.49
1782701100000,381.57,381.61,381.31,381.46
1782702000000,381.54,381.9,381.54,381.59
1782702900000,381.62,381.81,381.44,381.72
1782703800000,381.78,381.78,380.97,381.3
1782704700000,381.28,382.37,381.21,382.35
1782705600000,382.25,382.49,381.87,382.39
1782706500000,382.08,382.16,381.74,381.94
1782707400000,381.94,381.94,381.32,381.42
1782708300000,381.41,381.8,381.22,381.22
1782709200000,381.38,381.64,381.07,381.64
1782710100000,381.53,381.8,381.41,381.51
1782711000000,381.38,382.47,381.35,382.47
1782711900000,382.48,382.87,382.1,382.85
1782712800000,382.85,382.85,382.1,382.24
1782713700000,382.25,382.75,382.24,382.61
1782714600000,382.64,382.83,382.47,382.62
1782715500000,382.65,382.69,382.39,382.6
1782716400000,382.59,382.88,382.32,382.88
1782717300000,382.86,383.51,382.86,383.33
1782718200000,383.3,383.33,383.04,383.31
1782719100000,383.31,383.38,382.83,382.83
1782720000000,383,383.413,378.689,383.12
1782720900000,383.34,383.645,382.858,383.34
1782721800000,382.91,383.38,382.81,382.99
1782722700000,383.05,383.099,382.43,382.43
1782723600000,382.5,382.925,382.5,382.705
1782724500000,382.63,382.81,382.38,382.63
1782725400000,382.785,382.81,382.376,382.637
1782726300000,382.636,382.636,382.243,382.4
1782727200000,382.4,382.495,382.121,382.138
1782728100000,382.01,382.458,382.01,382.14
1782729000000,382.55,382.905,382.42,382.55
1782729900000,382.64,382.949,382.355,382.37
1782730800000,382.7,383.139,382.577,383.09
1782731700000,382.83,382.956,382.603,382.76
1782732600000,383.17,383.405,382.795,382.99
1782733500000,382.85,382.94,382.414,382.61
1782734400000,382.15,382.875,382.15,382.81
1782735300000,382.839,382.9,381.645,381.705
1782736200000,381.83,381.993,381.367,381.41
1782737100000,381.77,382.18,381.623,381.83
1782738000000,382.14,382.82,381.8,382.82
1782738900000,382.73,382.745,381.3,381.4
1782739800000,381.83,391.9,379.37,391.83
1782740700000,391.86,393.95,390.39,391.81
1782741600000,391.79,394.26,389.75,390.44
1782742500000,389.96,396.65,389.13,395.76
1782743400000,395.771,398.3,394.66,396.069
1782744300000,395.9,398.09,394.57,397.56
1782745200000,397.65,397.795,396.06,396.75
1782746100000,396.65,398.35,395.37,397.745
1782747000000,397.76,400.24,397.7,399.675
1782747900000,399.8,400.79,399.3,400.595
1782748800000,400.75,402.165,400.658,401.77
1782749700000,401.755,404.28,401.57,403.99
1782750600000,404.04,404.89,402.26,402.39
1782751500000,402.365,404.27,402.05,403.67
1782752400000,403.69,406.66,403.24,406.345
1782753300000,406.48,408.995,406.397,408.79
1782754200000,408.75,410.62,408.31,409.13
1782755100000,409.06,410.13,408.42,409.05
1782756000000,408.98,409.27,408.23,408.63
1782756900000,408.6,409.57,408.24,408.97
1782757800000,409.05,410.36,408.54,409.75
1782758700000,409.725,410.89,409.723,410.33
1782759600000,410.352,411.91,408.7,411.67
1782760500000,411.78,413.09,411.52,412.01
1782761400000,411.98,413.245,411.87,412.06
1782762300000,412.19,412.94,410.99,411.66
1782763200000,411.47,412.507,411.442,412.11
1782764100000,411.81,411.9,411.077,411.11
1782765000000,411.05,411.434,410.359,410.7
1782765900000,410.765,411.13,410.765,411.105
1782766800000,411,411.035,410.906,411
1782767700000,410.966,411.02,410.966,411
1782768600000,410.99,411.305,410.99,411.09
1782769500000,411.156,411.156,410.995,411.031
1782770400000,410.79,411.037,410.171,410.24
1782771300000,410.01,410.448,409.449,409.79
1782772200000,409.61,409.65,409.127,409.44
1782773100000,409.17,409.351,408.693,408.86
1782774000000,408.83,409.126,408.67,409.09
1782774900000,408.88,408.985,408.51,408.67
1782775800000,409.16,409.475,408.794,409.16
1782776700000,409.015,409.17,408.891,409.15
1782777600000,408.96,410.43,408.1,410.14
1782778500000,410.07,410.23,408.71,408.73
1782779400000,408.81,408.85,407.96,408.24
1782780300000,408.07,409.31,408.01,408.86
1782781200000,408.85,408.86,407.7,407.85
1782782100000,407.77,408.99,407.72,408.9
1782783000000,408.88,409.34,408.39,408.82
1782783900000,408.81,409.23,408.58,409.15
1782784800000,409.17,409.2,408.71,408.78
1782785700000,408.81,409.08,408.53,408.9
1782786600000,408.95,409.45,408.79,409.08
1782787500000,409.1,409.59,408.93,408.94
1782788400000,408.95,409.33,408.71,409
1782789300000,408.98,409.18,408.79,409.18
1782790200000,409.16,410.09,409.16,410.07
1782791100000,410,410.7,410,410.16
1782792000000,410.13,411.01,410.13,410.7
1782792900000,410.67,411.85,410.65,411.6
1782793800000,411.59,411.9,411.38,411.89
1782794700000,411.93,411.99,411.42,411.44
1782795600000,411.41,411.76,411.27,411.59
1782796500000,411.59,412.04,411.37,411.52
1782797400000,411.41,411.62,410.72,411.39
1782798300000,411.27,411.28,410.95,411.02
1782799200000,411.09,411.21,410.49,410.74
1782800100000,410.66,410.87,410.38,410.77
1782801000000,410.72,410.73,410.01,410.01
1782801900000,410.01,410.38,410,410.21
1782802800000,410.17,410.78,410,410.16
1782803700000,410.08,410.44,410.01,410.19
1782804600000,410.16,410.39,410.08,410.21
1782805500000,410.18,410.18,408.954,409.48
1782806400000,409.49,410.525,409.07,409.49
1782807300000,409.06,409.646,409.06,409.48
1782808200000,409.41,409.575,407.717,407.81
1782809100000,407.83,408.13,407.571,407.83
1782810000000,408.06,408.723,407.876,408.06
1782810900000,408.5,408.714,408.426,408.45
1782811800000,407.99,408.45,407.821,407.99
1782812700000,408.38,408.58,407.941,408.38
1782813600000,408.37,408.465,407.942,408.01
1782814500000,408.201,408.6,408.17,408.322
1782815400000,408.91,408.91,408.077,408.9
1782816300000,408.89,409.4,408.501,409.21
1782817200000,409.05,409.55,408.72,408.87
1782818100000,408.65,408.8,407.595,408
1782819000000,407.89,408.259,407.776,408.1
1782819900000,408.36,408.404,407.39,407.4
1782820800000,407.45,407.609,406.385,406.61
1782821700000,406.53,406.6,405.817,405.99
1782822600000,405.76,406.233,405.379,405.85
1782823500000,405.54,405.875,404.5,404.5
1782824400000,404.39,406.633,404.39,406
1782825300000,405.9,406.352,403.51,405.71
1782826200000,406.8,412.29,405.89,409.71
1782827100000,409.83,412.58,409.32,412.095
1782828000000,411.93,416.19,410.98,415.69
1782828900000,415.81,416.25,413.97,414.96
1782829800000,415.01,415.835,413.87,414.87
1782830700000,414.91,415.26,413.34,414.19
1782831600000,414.39,416.33,412.71,413.34
1782832500000,413.315,415.9,413.175,415.445
1782833400000,415.43,418,415.34,416.25
1782834300000,416.47,417.56,415.81,415.81
1782835200000,415.77,417.35,415.15,416.12
1782836100000,416.11,416.85,415.8,416.47
1782837000000,416.64,417.92,416.44,417.67
1782837900000,417.555,418.64,417.555,418
1782838800000,417.97,419.47,417.76,418.665
1782839700000,418.725,418.99,418.14,418.21
1782840600000,418.21,418.26,415.99,416.65
1782841500000,416.68,417.84,416.29,417.505
1782842400000,417.65,419.155,417.521,419.05
1782843300000,419.13,419.59,418.72,419
1782844200000,419.07,419.93,418.4,419.41
1782845100000,419.4,422.14,419.34,422.025
1782846000000,421.945,424.41,421.68,423.84
1782846900000,424.09,424.53,421.285,423.42
1782847800000,423.53,423.81,422.51,422.87
1782848700000,422.9,422.96,420.37,420.37
1782849600000,419.99,420.582,418.41,418.71
1782850500000,418.28,418.913,418.04,418.1
1782851400000,418.08,418.335,417.377,417.91
1782852300000,418,418.274,417.916,418.116
1782853200000,417.91,418.277,417.489,417.91
1782854100000,417.81,417.865,417.53,417.81
1782855000000,417.54,417.7,417.431,417.54
1782855900000,417.62,417.854,417.46,417.62
1782856800000,417.21,417.688,417.165,417.21
1782857700000,417.11,417.355,416.796,417.17
1782858600000,416.72,416.91,416.56,416.71
1782859500000,416.56,416.635,415.99,415.99
1782860400000,415.86,416.361,415.86,416.26
1782861300000,416.09,416.21,415.875,415.91
1782862200000,415.925,416.174,415.925,416.08
1782863100000,416.02,416.144,415.953,416.01
1782864000000,416.89,417.43,415.965,416.5
1782864900000,416.44,416.82,416.07,416.48
1782865800000,416.43,416.59,416.27,416.41
1782866700000,416.49,416.54,416.22,416.35
1782867600000,416.29,416.32,415.79,416.04
1782868500000,416.04,416.1,415.49,415.51
1782869400000,415.52,415.54,414.95,414.99
1782870300000,414.94,415.11,414.74,414.85
1782871200000,414.8,414.85,414.05,414.16
1782872100000,414.08,414.83,414.06,414.66
1782873000000,414.73,415.08,414.53,415.04
1782873900000,415.03,415.24,415.01,415.17
1782874800000,415.17,415.78,415.15,415.66
1782875700000,415.64,415.65,415.05,415.2
1782876600000,415.12,415.44,415.05,415.36
1782877500000,415.36,415.78,415.36,415.66
1782878400000,415.64,415.66,415.38,415.38
1782879300000,415.41,415.87,415.35,415.85
1782880200000,415.85,415.91,415.55,415.85
1782881100000,415.84,416.16,415.84,416.08
1782882000000,416.06,416.23,415.88,416.07
1782882900000,416.1,416.51,415.9,416.5
1782883800000,416.5,416.65,416.39,416.4
1782884700000,416.46,416.47,416.16,416.2
1782885600000,416.23,416.41,416.09,416.13
1782886500000,416.12,416.18,415.73,416.05
1782887400000,416.04,416.96,415.87,416.96
1782888300000,416.96,418.69,416.72,418.69
1782889200000,418.7,418.71,417.8,418.12
1782890100000,418.12,418.15,417.2,417.73
1782891000000,417.71,418.21,417.51,418
1782891900000,418.06,418.09,417.77,417.77
1782892800000,418.01,418.619,415.903,418.01
1782893700000,418.885,419.055,418.552,419.055
1782894600000,418.85,419.021,418.445,418.84
1782895500000,418.57,418.695,418.466,418.57
1782896400000,418.08,418.473,417.398,417.81
1782897300000,417.24,417.49,417.065,417.26
1782898200000,417.1,417.368,417.005,417.18
1782899100000,417.815,418.19,417.221,417.815
1782900000000,417.64,418.004,417.438,417.98
1782900900000,418.88,419.285,417.965,418.88
1782901800000,418.99,419.47,418.153,418.99
1782902700000,418.566,419.113,418.557,419.034
1782903600000,419.21,421.044,418.751,420.94
1782904500000,421.06,421.391,420.199,420.4
1782905400000,420.21,420.321,419.127,419.41
1782906300000,419.49,419.589,418.645,418.76
1782907200000,418.65,419.194,417.96,418.14
1782908100000,418.91,419.963,418.659,418.99
1782909000000,419.65,419.883,418.125,418.26
1782909900000,418.99,419.784,418.437,419.01
1782910800000,419.01,419.689,418.78,419.01
1782911700000,419.87,421.187,419.064,420.01
1782912600000,421.53,425.11,418.34,420.38
1782913500000,420.527,424.31,420.04,422.779
1782914400000,423.01,427.545,422.784,426.29
1782915300000,426.34,427.705,425.97,427.06
1782916200000,427.12,427.89,425,426.95
1782917100000,426.95,428.97,424.79,425.84
1782918000000,425.78,430.52,425.78,430.285
1782918900000,430.21,432.84,428.63,431.835
1782919800000,431.97,432.09,429.73,430.56
1782920700000,430.415,430.89,428.01,428.415
1782921600000,428.477,428.69,427.2,428.145
1782922500000,428.19,428.69,427.27,427.98
1782923400000,428.015,428.38,427.035,427.51
1782924300000,427.51,427.705,425.69,426.58
1782925200000,426.64,427.63,425.47,427.4
1782926100000,427.42,427.68,426.41,426.51
1782927000000,426.485,426.7,425.03,425.83
1782927900000,425.775,426.25,424.92,424.92
1782928800000,425.025,425.5,424.575,424.675
1782929700000,424.69,425.5,424.29,424.64
1782930600000,424.59,425.14,423.74,424.43
1782931500000,424.57,425.75,424.33,425.75
1782932400000,425.79,426.45,424.89,426.39
1782933300000,426.35,426.5,425.15,425.97
1782934200000,425.93,427.28,425.785,427.14
1782935100000,427.09,427.209,424.985,425.35
1782936000000,424.51,425.467,424.3,424.3
1782936900000,424.7,424.935,424.482,424.805
1782937800000,424.76,424.944,424.403,424.64
1782938700000,424.81,424.905,424.65,424.84
1782939600000,424.81,424.97,424.775,424.97
1782940500000,424.99,425.025,424.71,424.99
1782941400000,424.72,424.825,424.542,424.72
1782942300000,424.5,424.635,424.106,424.5
1782943200000,423.99,424.255,423.704,423.99
1782944100000,423.5,423.827,423.365,423.62
1782945000000,423.46,423.46,423.05,423.05
1782945900000,423.61,423.635,423.035,423.61
1782946800000,423.54,423.685,423.127,423.28
1782947700000,422.99,423.265,422.8,422.8
1782948600000,423.2,423.508,422.967,423.06
1782949500000,423.03,423.511,422.861,423.36
1782950400000,422.97,423.227,422.01,422.25
1782951300000,422.24,422.28,421.49,422.02
1782952200000,422,422.21,421.2,421.21
1782953100000,421.25,422.58,421.01,422.18
1782954000000,422.2,423.02,422.16,422.87
1782954900000,422.68,422.84,422.01,422.52
1782955800000,422.62,422.9,422.2,422.67
1782956700000,422.8,423.01,422.36,422.4
1782957600000,422.39,423.19,422.36,423.13
1782958500000,423.16,423.55,422.74,422.79
1782959400000,422.79,423.1,422.7,422.9
1782960300000,422.91,423.21,422.83,423.03
1782961200000,423.08,423.2,422.77,422.9
1782962100000,422.89,423.13,422.75,423.08
1782963000000,423.06,423.24,422.89,422.89
1782963900000,422.98,423.31,422.81,423.24
1782964800000,423.23,423.57,422.49,422.79
1782965700000,422.62,423.3,422.58,423.3
1782966600000,423.26,423.32,422.68,422.79
1782967500000,422.79,423.95,422.79,423.82
1782968400000,423.94,424.53,423.68,424.34
1782969300000,424.49,424.66,423.85,423.87
1782970200000,423.86,423.9,423.49,423.72
1782971100000,423.62,424.1,423.49,423.91
1782972000000,423.9,424.09,423.19,423.19
1782972900000,423.27,423.64,423.12,423.12
1782973800000,423.08,423.61,422.85,423.08
1782974700000,422.98,423.02,422.22,422.22
1782975600000,422.28,422.47,421.54,421.58
1782976500000,421.56,422.4,421.56,422.03
1782977400000,422.07,423.66,422,423.4
1782978300000,423.4,423.61,423.13,423.45
1782979200000,423.28,423.467,422.44,423.01
1782980100000,422.56,423.125,422.55,422.71
1782981000000,422.817,423.665,422.64,423.065
1782981900000,423.47,423.855,423.065,423.47
1782982800000,423.9,424.502,423.68,423.9
1782983700000,424.69,427.41,424.456,427.41
1782984600000,427.25,429.046,427.25,429
1782985500000,429.62,430,428.284,430
1782986400000,427.5,428.55,427.161,427.5
1782987300000,427.12,428.085,426.272,427.5
1782988200000,428.9,429.343,427.767,428.53
1782989100000,427.833,428.78,427.718,428.725
1782990000000,428.56,428.89,427.19,427.89
1782990900000,427.56,427.85,427.26,427.51
1782991800000,427.35,427.49,426.655,426.99
1782992700000,427.26,427.35,426.86,426.97
1782993600000,427.135,428.339,426.947,428.33
1782994500000,428.51,429.367,427.802,429.31
1782995400000,429.98,431.546,429.243,430.5
1782996300000,430.4,430.986,428.65,429.3
1782997200000,430.74,437.99,424.6,430.09
1782998100000,430.01,430.81,427.544,428.31
1782999000000,428.455,432.35,413.99,413.99
1782999900000,413.61,414.855,410.82,413.03
1783000800000,413.055,414.32,410.66,412.22
1783001700000,412.265,412.66,401.02,401.717
1783002600000,401.41,402.57,396.36,397.68
1783003500000,397.66,398.32,395.4,397.76
1783004400000,397.87,398.35,394.99,396.32
1783005300000,396.52,397.23,394.3,396.98
1783006200000,396.93,400.77,396.84,399.75
1783007100000,399.64,400.695,397.91,398.45
1783008000000,398.335,398.68,394,395.11
1783008900000,395.16,395.16,392.8,392.92
1783009800000,392.975,392.995,390.29,392.175
1783010700000,392.12,393.33,390.66,390.81
1783011600000,390.73,392.17,390.22,390.94
1783012500000,390.9,391.19,390.1,390.92
1783013400000,391.02,392.13,390.055,390.8
1783014300000,390.695,392.12,389.88,391.405
1783015200000,391.385,394.45,391.31,393.18
1783016100000,393.25,394.28,392.56,393.79
1783017000000,393.66,394.345,391.995,391.995
1783017900000,392.005,392.19,391,392.14
1783018800000,392.13,392.35,390.985,391.09
1783019700000,391.085,391.3,389.33,391.195
1783020600000,391.28,392.43,390.965,391.95
1783021500000,392.02,394.21,390.93,392.83
1783022400000,393.01,393.84,392.597,393.39
1783023300000,393.39,393.545,392.867,393.5
1783024200000,393.53,393.653,393.241,393.45
1783025100000,393.238,393.482,393.045,393.482
1783026000000,393.61,393.705,393.166,393.18
1783026900000,393.35,393.35,393.175,393.207
1783027800000,393.4,393.45,393.185,393.4
1783028700000,393.35,393.376,393.23,393.338
1783029600000,393.2,393.57,393.156,393.48
1783030500000,393.6,393.63,393.39,393.63
1783031400000,393.33,393.945,393.28,393.91
1783032300000,393.89,394.8,393.825,394.55
1783033200000,393.99,394.49,393.858,393.99
1783034100000,394.36,394.572,394.041,394.475
1783035000000,394.484,394.594,394.05,394.138
1783035900000,394.16,394.545,394.13,394.46
1783036800000,394.47,394.5,394.47,394.5
1783042200000,394.5,394.5,394.5,394.5
1783043100000,394.52,394.52,394.52,394.52
1783045800000,394.53,394.63,394.53,394.63
1783048500000,394.33,394.33,394.33,394.33
1783050300000,394.65,394.65,394.65,394.65
1783051200000,394.69,394.69,394.39,394.39
1783053900000,394.69,394.99,394.69,394.74
1783054800000,395.05,395.26,395.05,395.26
1783055700000,395.34,395.89,395.25,395.89
1783057500000,395.64,395.64,395.05,395.05
1783058400000,396.05,396.05,396.05,396.05
1783059300000,395.45,396.05,395.45,396.05
1783062000000,395.75,395.75,395.75,395.75
1783062900000,395.75,396.15,395.75,396.15
1783063800000,396.21,396.4,396.21,396.4
1783064700000,396.46,397.23,396.46,397.23
1783073700000,397.25,397.5,397.12,397.12
1783074600000,397.12,397.12,397.05,397.05
1783075500000,396.94,396.94,396.94,396.94
1783079100000,397.42,397.55,396.71,396.71
1783081800000,396.71,396.71,396.7,396.7
1783083600000,396.7,396.7,396.66,396.66
1783085400000,397.37,397.73,397.37,397.73
1783086300000,397.8,397.8,397.8,397.8
1783087200000,397.82,398.01,397.6,397.6
1783088100000,398.04,398.04,398.04,398.04
1783090800000,398.07,398.32,398.07,398.32
1783091700000,398.34,398.46,398.34,398.46
1783094400000,398.48,398.75,398.09,398.51
1783096200000,398.8,398.8,398.42,398.42
1783098000000,398.83,398.83,398.83,398.83
1783104300000,398.88,398.88,398.88,398.88
1783105200000,398.88,398.88,398.88,398.88
1783110600000,399.02,399.02,399.02,399.02
1783114200000,398.69,398.69,398.39,398.39
1783116900000,399.02,399.02,399.02,399.02
1783117800000,398.81,398.81,398.25,398.25
1783119600000,398.25,398.25,397.63,397.63
1783121400000,398.74,398.74,398.74,398.74
1783123200000,398.49,398.49,398.49,398.49
1783125900000,398.75,399.53,398.75,399.13
1783126800000,399.02,399.02,397.7,397.7
1783146600000,397.75,397.75,397.75,397.75
1783147500000,397.58,398.88,397.38,398.88
1783149300000,398.91,398.91,398.91,398.91
1783152900000,398.95,398.95,398.95,398.95
1783156500000,398.88,398.88,397.38,397.38
1783181700000,399.01,399.02,397.38,399.02
1783182600000,399.04,399.04,399.04,399.04
1783183500000,399.06,399.06,399.06,399.06
1783186200000,399,399,397.38,397.38
1783187100000,399.07,399.09,397.38,398.57
1783188000000,399.12,399.43,399.12,399.43
1783189800000,399.48,399.62,398.47,398.47
1783193400000,399.64,399.64,398.99,398.99
1783215900000,398.99,398.99,398.96,398.96
1783218600000,398.83,398.83,398.08,398.08
1783221300000,398.08,398.08,398.08,398.08
1783229400000,397.1,399.7,397.1,399.7
1783231200000,399.19,399.19,399.19,399.19
1783237500000,399.7,399.74,399.7,399.74
1783241100000,399.51,399.51,399.4,399.4
1783242900000,399.83,399.83,399.62,399.62
1783256400000,399.62,399.62,399.37,399.37
1783268100000,399.83,400.03,399.42,399.8
1783269000000,400.04,400.08,399.69,399.69
1783272600000,400.08,400.16,399.55,399.88
1783293300000,400.16,400.5,400.16,400.5
1783295100000,400.02,400.02,400.02,400.02
1783296000000,398.75,400.67,396.01,398.16
1783296900000,398.09,398.28,396.97,396.99
1783297800000,396.84,397.73,396.71,397.7
1783298700000,397.74,397.87,397.1,397.27
1783299600000,397.34,397.51,396.64,396.64
1783300500000,396.63,396.99,395.58,395.99
1783301400000,396.1,396.81,396.1,396.54
1783302300000,396.53,396.53,395.46,395.97
1783303200000,396.02,396.52,395.85,395.89
1783304100000,395.84,396.48,395.84,396
1783305000000,396.04,396.24,395.75,395.75
1783305900000,395.77,396.05,395.52,396
1783306800000,396.04,396.51,395.78,396.26
1783307700000,396.27,396.62,396.06,396.5
1783308600000,396.61,396.82,396.19,396.33
1783309500000,396.36,396.37,396.11,396.33
1783310400000,396.24,396.86,396.04,396.86
1783311300000,396.81,397.21,396.8,397.21
1783312200000,397.16,397.89,397.16,397.56
1783313100000,397.54,397.79,397.45,397.61
1783314000000,397.58,397.78,397.39,397.69
1783314900000,397.78,397.88,397.44,397.44
1783315800000,397.44,397.91,397.16,397.77
1783316700000,397.68,397.9,397.53,397.85
1783317600000,397.86,398.01,397.57,397.57
1783318500000,397.56,397.89,397.52,397.81
1783319400000,397.81,398.85,397.67,398.56
1783320300000,398.49,398.95,398.39,398.74
1783321200000,398.73,398.95,398.38,398.67
1783322100000,398.73,398.96,398.6,398.65
1783323000000,398.68,399,398.65,398.98
1783323900000,398.93,399.07,398.86,398.89
1783324800000,398.94,399.269,395.232,398.3
1783325700000,398.55,398.858,397.866,398.55
1783326600000,398.48,398.69,398.129,398.48
1783327500000,398.61,399.295,398.515,398.61
1783328400000,399.01,399.345,398.977,399.14
1783329300000,399.22,399.705,399.05,399.22
1783330200000,399.47,399.743,399.175,399.47
1783331100000,399.5,400.28,399.166,400.1
1783332000000,399.59,400.1,399.52,399.59
1783332900000,399.94,400.131,399.715,399.83
1783333800000,399.77,399.885,399.695,399.77
1783334700000,399.38,399.745,399.38,399.38
1783335600000,399.88,399.88,397.801,398.17
1783336500000,398.68,398.88,398.308,398.68
1783337400000,398.87,399.426,398.676,399.27
1783338300000,399.01,399.337,398.719,399.01
1783339200000,398.95,399.115,398.347,398.578
1783340100000,398.5,398.708,397.685,397.76
1783341000000,397.77,398.663,397.685,398.33
1783341900000,398.01,398.417,397.786,398.41
1783342800000,398.24,398.674,397.92,398.31
1783343700000,398.31,399.837,397.327,398.79
1783344600000,397.425,400.66,390.595,398
1783345500000,398.24,403.03,397.89,401.41
1783346400000,401.99,404.07,400.93,403.71
1783347300000,403.723,406.73,403.56,405.369
1783348200000,405.36,406.49,403.49,404.3
1783349100000,404.2,408.21,403.495,407.62
1783350000000,407.605,411.11,407.605,409.73
1783350900000,409.73,411.64,409.12,411.375
1783351800000,411.31,413.15,411,412.49
1783352700000,412.57,414.61,412.08,414.13
1783353600000,414.13,417.29,413.97,416.93
1783354500000,416.875,418.34,416.49,416.535
1783355400000,416.8,418.52,415.79,417.055
1783356300000,416.98,418.91,416.085,418.21
1783357200000,418.17,419.52,417.39,418.055
1783358100000,418.05,418.26,416.72,416.73
1783359000000,416.59,416.75,414.62,414.77
1783359900000,414.67,415.09,414.08,414.505
1783360800000,414.64,415.79,414.23,414.59
1783361700000,414.63,417.59,414.473,417.59
1783362600000,417.65,417.765,416.56,417.045
1783363500000,417.073,417.275,416.31,416.393
1783364400000,416.52,417.64,415.92,416.81
1783365300000,416.78,418.28,416.52,417.2
1783366200000,417.13,417.74,416.76,417.32
1783367100000,417.22,419.99,416.5,419.78
1783368000000,419.709,419.84,419.238,419.642
1783368900000,419.79,419.86,419.25,419.25
1783369800000,419.26,419.381,419.125,419.15
1783370700000,419.15,419.24,419.027,419.1
1783371600000,419.44,419.445,419.096,419.44
1783372500000,419.19,419.425,419.134,419.19
1783373400000,419.52,419.52,419.3,419.45
1783374300000,419.47,419.475,419.087,419.44
1783375200000,419.2,419.22,418.67,418.73
1783376100000,418.895,418.929,418.365,418.365
1783377000000,418.03,418.577,418.02,418.1
1783377900000,418.029,418.074,417.571,417.728
1783378800000,417.79,418.423,417.5,417.63
1783379700000,417.32,417.67,417.06,417.06
1783380600000,416.99,417.348,416.69,416.93
1783381500000,417.01,417.01,416.601,417.01
1783382400000,417.5,417.53,416.2,416.31
1783383300000,416.2,417.3,416.16,416.66
1783384200000,416.66,416.71,415.91,416.29
1783385100000,416.29,416.31,415.66,415.78
1783386000000,415.75,416.01,415.39,415.39
1783386900000,415.42,415.53,414.31,414.7
1783387800000,414.79,415.51,414.5,415.51
1783388700000,415.54,415.86,415.46,415.53
1783389600000,415.44,416.11,415.44,415.66
1783390500000,415.7,415.77,415.08,415.11
1783391400000,415.12,415.31,414.83,415.2
1783392300000,415.21,415.22,414.83,415.07
1783393200000,415.07,415.23,415.01,415.04
1783394100000,415,415.05,414.36,414.38
1783395000000,414.3,414.54,414,414.01
1783395900000,414.01,414.01,413.5,413.86
1783396800000,413.85,414.17,413.49,413.49
1783397700000,413.5,413.63,412.8,413.39
1783398600000,413.46,414.01,413.38,413.51
1783399500000,413.55,413.61,412.84,413.15
1783400400000,413.03,413.03,412.23,412.3
1783401300000,412.27,412.8,411.99,412.42
1783402200000,412.47,414.39,412.44,414.32
1783403100000,414.2,414.59,413.85,413.94
1783404000000,413.98,414.32,413.4,413.42
1783404900000,413.42,413.84,413.42,413.64
1783405800000,413.7,414.01,413.56,414.01
1783406700000,414.14,414.18,413.76,413.83
1783407600000,413.84,415.26,413.72,414.84
1783408500000,414.9,415.44,414.89,415.23
1783409400000,415.13,415.16,414.7,414.72
1783410300000,414.76,414.88,413.81,413.81
1783411200000,414.2,416.434,413.591,414.2
1783412100000,414.88,415.021,414.441,414.88
1783413000000,414.51,414.79,414.43,414.51
1783413900000,414.4,414.765,414.36,414.36
1783414800000,414.2,414.895,414.02,414.21
1783415700000,414.84,415.035,414.552,415.01
1783416600000,414.662,415.009,414.515,415.009
1783417500000,414.97,415.318,414.914,414.97
1783418400000,415.65,416.049,415.181,415.52
1783419300000,416,416.333,415.156,416
1783420200000,415.92,416.517,415.66,415.66
1783421100000,416.22,416.525,415.75,416.22
1783422000000,416.17,417.045,416.16,416.5
1783422900000,417.41,418.418,417.031,418.41
1783423800000,417.779,418,417.277,417.66
1783424700000,417.75,417.95,417.475,417.75
1783425600000,418.3,419,417.215,419
1783426500000,417.89,418.23,417.284,417.47
1783427400000,418,418.219,417.511,418.16
1783428300000,417.61,417.74,415.775,415.8
1783429200000,416.01,416.01,415.466,415.84
1783430100000,415.87,417.083,415.111,415.85
1783431000000,417.32,419.505,413.51,414.4
1783431900000,414.191,416.34,411.12,413.015
1783432800000,413.075,415.82,408.21,408.42
1783433700000,408.3,409.8,407,409.46
1783434600000,409.55,410.17,407.59,408.89
1783435500000,408.82,410.135,408.46,408.76
1783436400000,408.56,409.315,407.87,408.29
1783437300000,408.275,408.472,405.56,406.23
1783438200000,406.47,406.87,404.46,406.49
1783439100000,406.67,407.35,405.25,407.13
1783440000000,407.18,407.74,406.61,407.605
1783440900000,407.3,407.99,406.848,407.495
1783441800000,407.41,408.65,406.83,408.32
1783442700000,408.47,410.06,408.209,409.17
1783443600000,409.09,409.225,406.66,406.7
1783444500000,406.705,407.63,405.948,406.983
1783445400000,407.11,407.235,406.28,406.61
1783446300000,406.97,408.155,406.5,408.155
1783447200000,408.355,408.355,406.24,406.95
1783448100000,406.96,407.435,406.095,406.5
1783449000000,406.52,406.56,404.81,405.15
1783449900000,405.28,405.28,403.33,403.67
1783450800000,403.72,404.385,401.99,402.59
1783451700000,402.65,403.13,401.9,403.01
1783452600000,402.93,403.745,402.56,403.18
1783453500000,403.39,405.12,402.56,403
1783454400000,403.2,403.8,402.527,403.52
1783455300000,403.4,404.612,403.251,403.99
1783456200000,403.72,404.155,403.605,404.08
1783457100000,403.745,404.24,403.625,404.144
1783458000000,404.05,404.426,403.992,404.34
1783458900000,404.335,404.335,403.595,403.6
1783459800000,403.43,403.6,403.43,403.43
1783460700000,403.44,403.835,403.43,403.75
1783461600000,404.24,404.24,403.69,404.01
1783462500000,403.89,404.08,403.89,403.89
1783463400000,404,404.249,403.975,404.249
1783464300000,404.02,404.25,403.81,403.82
1783465200000,403.922,404.271,403.886,404.03
1783466100000,404.05,404.196,403.967,404.03
1783467000000,404.09,404.09,403.471,403.51
1783467900000,403.59,403.885,403.02,403.02
1783468800000,402.84,404.8,402.49,404.35
1783469700000,404.5,404.57,403.5,403.5
1783470600000,403.54,404.12,402.54,404.12
1783471500000,404,404.25,403.68,404.15
1783472400000,404.2,404.61,403.53,404.39
1783473300000,404.39,404.39,403.64,403.78
1783474200000,403.65,403.67,402.62,403.21
1783475100000,403.28,403.5,402.79,402.91
1783476000000,402.99,403,401.97,402.69
1783476900000,402.67,403.5,402.49,403.13
1783477800000,403.16,403.28,402.29,403.04
1783478700000,403.22,403.67,403.22,403.44
1783479600000,403.51,404.13,403.33,404.11
1783480500000,404.11,404.44,403.96,404.44
1783481400000,404.44,404.44,403.76,403.8
1783482300000,403.92,403.92,403.5,403.53
1783483200000,403.6,403.61,403.16,403.16
1783484100000,403.15,403.55,402.9,403.34
1783485000000,403.34,403.35,402.6,402.63
1783485900000,402.63,403,402.43,402.75
1783486800000,402.87,403.48,402.62,402.85
1783487700000,402.91,402.99,402.39,402.44
1783488600000,402.52,402.52,401.76,402.21
1783489500000,402.13,402.24,401.51,402.03
1783490400000,402.01,402.36,401.8,402
1783491300000,402.21,402.37,401.82,402.1
1783492200000,402.02,402.05,401.21,401.32
1783493100000,401.33,402.08,401.16,401.8
1783494000000,401.91,401.91,400.82,401.68
1783494900000,401.62,402.22,401.23,402.18
1783495800000,402.3,403.17,401.51,402.68
1783496700000,402.87,402.91,402.39,402.75
1783497600000,402.32,403.61,401.887,402.32
1783498500000,403.61,403.671,398.664,399
1783499400000,398.66,399.12,397.256,397.98
1783500300000,398.99,399.048,398.001,398.99
1783501200000,398.64,398.726,396.393,396.7
1783502100000,396.99,397.264,396.603,396.95
1783503000000,397,397.835,397,397.19
1783503900000,397.49,397.716,396.916,397.04
1783504800000,397.97,398.134,396.305,396.66
1783505700000,397.05,397.764,396.82,397.37
1783506600000,397.37,398.364,397.37,398.261
1783507500000,398.18,398.69,397.7,398.18
1783508400000,398.45,398.45,396.337,396.34
1783509300000,396.41,396.822,396.002,396.41
1783510200000,396.26,398.259,396.26,396.49
1783511100000,398,398.35,397.45,398.09
1783512000000,398.01,398.83,397.78,398.73
1783512900000,398.25,399.224,398.219,398.25
1783513800000,399.21,399.31,398.828,399.16
1783514700000,399.01,399.71,398.567,399.36
1783515600000,399.5,401.127,398.562,400.69
1783516500000,400.9,400.998,398.12,399.03
1783517400000,399.365,399.365,394.99,398.74
1783518300000,398.66,398.745,393.795,395.82
1783519200000,395.653,395.845,393.96,394.471
1783520100000,394.37,397.545,393.42,395.31
1783521000000,395.3,395.59,393.23,393.93
1783521900000,393.93,394.053,391.95,392.565
1783522800000,392.89,392.9,391.01,391.325
1783523700000,391.27,392.65,391.09,391.99
1783524600000,392.135,393.09,391.69,392.64
1783525500000,392.57,393.305,392.1,392.94
1783526400000,392.895,394.35,392.883,394.1
1783527300000,394.107,394.613,393.32,393.89
1783528200000,393.78,394.78,392.885,394.21
1783529100000,394.22,395,393.812,394.625
1783530000000,394.595,394.626,393.42,393.69
1783530900000,393.66,394.91,393.629,394.87
1783531800000,394.855,395.46,393.455,393.455
1783532700000,393.32,393.561,392.22,392.265
1783533600000,392.25,393.25,392.055,392.73
1783534500000,392.74,393.01,391.25,391.41
1783535400000,391.473,392.61,390.59,390.95
1783536300000,390.949,391.48,390.52,391.24
1783537200000,391.36,392.34,391.265,392.27
1783538100000,392.28,393.225,391.85,392.79
1783539000000,392.92,393.9,392.73,393.67
1783539900000,393.63,396.06,393.07,393.85
1783540800000,393.39,393.941,392.51,392.9
1783541700000,392.89,393.162,392.73,392.94
1783542600000,392.82,393.175,392.579,393.14
1783543500000,393.005,393.175,392.725,392.99
1783544400000,392.91,393.25,392.9,393.08
1783545300000,393.04,393.4,393.04,393.04
1783546200000,393.45,393.68,393.245,393.52
1783547100000,393.512,393.66,393.475,393.65
1783548000000,393.7,393.75,393.459,393.58
1783548900000,393.7,393.76,393.58,393.76
1783549800000,393.64,393.64,393.335,393.394
1783550700000,393.42,393.44,393.305,393.42
1783551600000,393.44,393.555,393.266,393.43
1783552500000,393.4,393.429,393.237,393.237
1783553400000,393.236,393.739,393.21,393.739
1783554300000,394.01,394.01,393.536,393.85
1783555200000,394.06,394.99,393.927,394.88
1783556100000,394.8,395.48,394.79,395.38
1783557000000,395.25,395.49,394.78,394.86
1783557900000,394.99,395.16,394.52,394.71
1783558800000,394.72,395.19,394.21,394.85
1783559700000,394.8,395.32,394.59,395.21
1783560600000,395.18,395.4,395,395.39
1783561500000,395.46,395.54,394.51,394.56
1783562400000,394.55,395.32,394.15,395.11
1783563300000,395.12,395.78,395.01,395.08
1783564200000,395.24,395.24,394.53,394.53
1783565100000,394.54,394.6,393.63,394.16
1783566000000,394.16,394.28,393.67,393.85
1783566900000,393.76,394.45,393.38,394.45
1783567800000,394.46,394.93,394.42,394.93
1783568700000,394.95,394.98,394.8,394.92
1783569600000,394.93,394.99,394.68,394.7
1783570500000,394.7,395.01,394.28,395.01
1783571400000,395.02,395.93,394.99,395.92
1783572300000,395.92,396.34,395.8,396.23
1783573200000,396.22,396.57,395.68,396.32
1783574100000,396.29,396.41,395.82,395.82
1783575000000,395.79,395.91,395.38,395.73
1783575900000,395.62,396.34,395.57,396.34
1783576800000,396.34,396.85,396.26,396.75
1783577700000,396.87,397.26,396.85,396.96
1783578600000,396.92,397.1,396.49,396.96
1783579500000,396.93,397.06,396.67,396.87
1783580400000,396.89,397.71,396.75,397.71
1783581300000,397.67,397.94,397.5,397.69
1783582200000,397.72,397.92,397.13,397.77
1783583100000,397.71,398,397.62,397.74
1783584000000,397.74,398.265,394.599,398.01
1783584900000,397.23,397.825,396.775,397.23
1783585800000,396.5,397.29,396.252,396.5
1783586700000,396.49,397.125,396.195,396.38
1783587600000,396.481,396.58,395.549,395.564
1783588500000,395.565,396.89,395.565,396.325
1783589400000,396.06,396.515,395.715,396.06
1783590300000,396.18,396.18,396.025,396.165
1783591200000,396.159,396.305,396.013,396.06
1783592100000,396.17,396.17,395.895,396.17
1783593000000,395.39,395.895,395.325,395.39
1783593900000,395,395.52,394.8,395
1783594800000,395.28,395.399,394.8,395.22
1783595700000,395.21,395.444,393.864,394.01
1783596600000,394.44,394.636,393.8,393.8
1783597500000,394.39,395.04,394.39,394.84
1783598400000,395.29,395.572,394.88,395.1
1783599300000,395.078,396.249,394.01,394.644
1783600200000,394.77,395.026,393.962,394.8
1783601100000,394.08,394.618,393.91,394.51
1783602000000,394.8,395.277,394.553,394.78
1783602900000,394.69,395.068,393.761,393.89
1783603800000,393.881,395.81,390.89,395.089
1783604700000,395.215,396.2,392.975,395.31
1783605600000,395.415,398.42,393.22,394.01
1783606500000,393.89,394.608,391.96,394.51
1783607400000,394.355,395.19,393.09,394.21
1783608300000,394.085,396.02,394.085,395.701
1783609200000,395.68,396.99,395.11,395.49
1783610100000,395.325,396.07,394.56,395.79
1783611000000,395.74,397.46,395.72,397.07
1783611900000,397.1,400.46,396.95,399.42
1783612800000,399.45,401.055,399.395,401.03
1783613700000,401.03,402.02,398.375,398.62
1783614600000,398.63,401.29,398.13,401.06
1783615500000,401.09,402.08,401.05,401.75
1783616400000,401.779,404.09,401.665,403.616
1783617300000,403.635,405.42,403.608,404.5
1783618200000,404.5,405.06,402.86,404.06
1783619100000,404.12,405.2,403.99,404.99
1783620000000,404.995,405.99,404.33,405.99
1783620900000,405.96,407.815,405.4,407.37
1783621800000,407.46,407.82,406.4,406.94
1783622700000,406.9,407.71,406.74,407.255
1783623600000,407.11,407.71,405.98,406.715
1783624500000,406.635,407.34,405.57,405.805
1783625400000,405.71,406.32,404.5,404.74
1783626300000,404.69,406.54,403.87,406.54
1783627200000,406.8,407.05,406.157,406.74
1783628100000,406.94,407.361,406.531,406.95
1783629000000,406.531,406.619,405.827,406.199
1783629900000,406.16,406.692,406.002,406.49
1783630800000,406.694,406.7,406.005,406.011
1783631700000,405.49,406.147,405.487,405.49
1783632600000,405.31,405.59,405.205,405.31
1783633500000,405.26,405.42,405.136,405.29
1783634400000,405.19,405.544,404.97,405.19
1783635300000,405.06,405.225,404.59,404.59
1783636200000,404.613,404.959,404.401,404.576
1783637100000,404.577,405.35,404.577,405.135
1783638000000,405.13,405.13,404.705,404.705
1783638900000,404.99,405.331,404.65,404.99
1783639800000,405.195,405.373,405.035,405.125
1783640700000,405.125,405.125,404.73,405.037
1783641600000,405.39,405.51,404.3,404.52
1783642500000,404.79,405.02,404,404.19
1783643400000,404.24,404.67,404.06,404.67
1783644300000,404.68,405.1,404.16,405.09
1783645200000,405.11,405.11,404.2,404.58
1783646100000,404.54,404.89,404.51,404.68
1783647000000,404.65,405.18,404.61,404.9
1783647900000,404.87,405.58,404.8,404.99
1783648800000,404.81,405.06,404.7,404.75
1783649700000,404.75,404.9,404.66,404.77
1783650600000,404.76,405.29,404.76,405.05
1783651500000,405.01,405.79,404.98,405.79
1783652400000,405.8,406.15,405.5,405.81
1783653300000,405.81,406.06,405.49,405.51
1783654200000,405.49,405.56,405.38,405.52
1783655100000,405.5,405.69,405.32,405.69
1783656000000,405.74,406.3,405.68,406.3
1783656900000,406.36,406.39,405.84,405.98
1783657800000,405.98,406.27,405.8,406
1783658700000,406.01,406.05,405.74,405.74
1783659600000,405.75,405.79,405.55,405.79
1783660500000,405.79,405.8,405.52,405.74
1783661400000,405.64,405.71,405.37,405.45
1783662300000,405.45,405.53,404.92,404.92
1783663200000,404.93,405.18,404.88,404.91
1783664100000,404.84,404.84,404.06,404.34
1783665000000,404.4,405.09,404.4,404.56
1783665900000,404.57,404.9,404.5,404.58
1783666800000,404.55,404.92,404.31,404.84
1783667700000,404.68,404.68,404.04,404.11
1783668600000,404.19,404.49,404.18,404.32
1783669500000,404.31,404.42,404.02,404.28
1783670400000,404.01,404.903,404.01,404.01
1783671300000,404.518,404.679,403.824,404.004
1783672200000,404.005,404.005,402.21,402.345
1783673100000,402.41,403.485,402.255,402.79
1783674000000,402.73,403.235,402.14,402.73
1783674900000,402.77,403.424,402.611,402.77
1783675800000,404.6,404.678,403.265,404.6
1783676700000,404.65,405.01,404.602,405.01
1783677600000,404.75,405.53,404.75,405.135
1783678500000,405.135,405.247,404.502,404.63
1783679400000,404.63,405.5,404.63,405.5
1783680300000,405.5,405.784,405.41,405.784
1783681200000,405.46,406.76,405.277,406.21
1783682100000,406.49,407,406.201,406.81
1783683000000,406.53,406.755,406.268,406.53
1783683900000,406.67,407.35,406.6,406.75
1783684800000,407,408.22,406.516,408.22
1783685700000,407.3,407.877,407.12,407.86
1783686600000,407.83,408.51,407.65,407.91
1783687500000,407.74,408.071,407.501,407.61
1783688400000,407.501,407.788,407.194,407.602
1783689300000,407.64,411.03,406.933,410.07
1783690200000,411.48,412.48,404.97,407.82
1783691100000,407.88,410.95,407.67,409.845
1783692000000,409.75,411.37,408.17,410.595
1783692900000,410.551,410.74,405.79,407.658
1783693800000,407.77,408.739,402.965,407.77
1783694700000,407.825,409.48,406.37,406.99
1783695600000,406.66,407.52,405.86,406.23
1783696500000,406.23,409.76,406.193,409.53
1783697400000,409.66,410.58,407.09,407.71
1783698300000,407.49,410.25,406.82,409.43
1783699200000,409.51,411.32,409.439,409.66
1783700100000,409.735,412.04,409.694,410.67
1783701000000,410.71,412.1,410.702,411.63
1783701900000,411.615,413.13,411.58,412.225
1783702800000,412.17,412.39,408.295,408.95
1783703700000,408.93,411.04,408.875,410.21
1783704600000,410.18,410.253,408.64,408.705
1783705500000,408.705,409.06,408.28,408.59
1783706400000,408.635,411.16,408.555,410.57
1783707300000,410.58,410.72,408.83,408.95
1783708200000,408.89,409.65,407.81,409.29
1783709100000,409.35,409.35,408.14,408.41
1783710000000,408.51,409.31,408.385,409.145
1783710900000,409.167,409.905,408.86,408.949
1783711800000,408.95,410.33,408.82,410.065
1783712700000,410.125,410.46,407.24,407.76
1783713600000,407.4,407.644,407.28,407.45
1783714500000,407.45,407.724,407.375,407.7
1783715400000,407.62,407.798,407.566,407.58
1783716300000,407.66,407.675,407.47,407.66
1783717200000,407.63,407.735,407.497,407.63
1783718100000,407.42,407.575,407.353,407.42
1783719000000,407.415,407.575,407.181,407.22
1783719900000,407.222,407.325,407.222,407.23
1783720800000,407.19,407.37,407.11,407.19
1783721700000,407.09,407.161,407.09,407.12
1783722600000,407.05,407.116,407.045,407.05
1783723500000,407.1,407.13,407.03,407.13
1783724400000,407.24,407.321,407.13,407.24
1783725300000,407.237,407.275,407.115,407.275
1783726200000,407.288,407.573,407.257,407.455
1783727100000,407.456,407.6,407.425,407.59
1783728000000,407.59,407.59,407.59,407.59
1783728900000,407.44,407.44,406.94,406.94
1783730700000,407.16,407.16,406.75,406.75
1783731600000,407.16,407.16,406.71,406.71
1783732500000,406.66,406.66,406.66,406.66
1783737900000,407.19,407.19,407.19,407.19
1783741500000,406.54,406.54,405.84,405.84
1783746900000,406.11,406.11,404.79,404.79
1783753200000,405.22,406.13,404.7,404.7
1783754100000,404.95,404.95,404.95,404.95
1783755000000,404.68,404.68,404.68,404.68
1783755900000,404.95,405.06,404.68,404.68
1783756800000,405.06,406.99,405.06,406.75
1783757700000,407.21,407.21,407,407
1783760400000,407.21,407.21,407.21,407.21
1783762200000,407.21,407.21,406.21,406.21
1783763100000,406.12,406.12,406.12,406.12
1783764000000,406.52,406.72,405.96,406.34
1783766700000,406.34,406.34,406.34,406.34
1783770300000,406.4,407.94,406.07,406.07
1783774800000,406.07,406.08,405.26,405.26
1783775700000,405.88,406.35,404.88,404.88
1783776600000,405.21,406.35,404.81,406.35
1783781100000,406.3,406.3,404.81,404.81
1783782000000,405.62,407.41,404.52,405.31
1783782900000,407.51,407.51,404.4,404.89
1783785600000,406.23,407.59,406.23,407.59
1783790100000,404.36,405.51,404.22,405.51
1783791000000,407.62,407.62,403.98,404.76
1783791900000,407.27,407.97,403.95,404.63
1783793700000,407.25,407.56,403.69,403.69
1783794600000,404.07,407.48,403.68,404.03
1783795500000,407.05,407.3,403.67,404.05
1783800000000,407.61,407.62,403.67,403.67
1783809000000,404.04,404.04,403.67,403.67
1783817100000,404.21,404.21,404.21,404.21
1783819800000,407.62,408.95,403.65,403.65
1783820700000,404.65,407.64,403.51,403.51
1783821600000,403.85,405.14,403.85,405.14
1783826100000,407.46,407.88,403.31,404.64
1783827000000,404.14,407.76,403.05,407.53
1783827900000,407.73,407.76,407.26,407.26
1783828800000,407.86,407.86,407.2,407.2
1783829700000,407.51,409.1,406.54,407.25
1783830600000,407.16,407.16,407.16,407.16
1783831500000,407.45,407.66,407.11,407.61
1783832400000,407.08,409.06,406.39,406.99
1783833300000,407.21,407.53,406.64,406.64
1783834200000,406.95,407.86,406.43,407.03
1783835100000,407.4,408.06,406.69,406.69
1783836000000,407.33,407.92,406.62,406.62
1783837800000,407.02,407.53,406.62,406.62
1783846800000,407.14,407.49,406.62,406.62
1783847700000,406.62,407.13,406.62,407.13
1783848600000,406.94,407.13,406.94,407.13
1783852200000,406.85,408.11,406.6,406.6
1783853100000,407.04,408.1,406.6,407.06
1783854000000,407.49,408.18,406.68,407.29
1783854900000,407.55,408.45,406.76,407.53
1783855800000,407.84,407.86,406.74,406.74
1783856700000,407,408.09,406.69,407.03
1783860300000,406.97,406.97,406.97,406.97
1783862100000,407.22,407.36,406.72,406.72
1783868400000,407.01,407.4,406.46,406.46
1783881000000,406.37,406.37,406.25,406.25
1783894500000,406.25,406.25,405.59,405.59
1783900800000,405.87,407.11,404.12,406.89
1783901700000,406.9,407.02,406.07,406.13
1783902600000,406.09,406.14,405.01,405.17
1783903500000,405.34,405.68,404.21,404.52
1783904400000,404.3,405,403.78,404.03
1783905300000,404.29,404.81,403.92,404.36
1783906200000,404.28,404.68,404.01,404.1
1783907100000,404.1,404.1,402.89,403.02
1783908000000,403.16,403.21,402.2,403
1783908900000,402.9,403.98,402.84,403.82
1783909800000,403.8,403.86,403.36,403.56
1783910700000,403.67,403.69,402.84,402.87
1783911600000,402.85,402.86,402,402.09
1783912500000,402.16,402.4,401.63,402.22
1783913400000,402.21,402.21,401.27,401.31
1783914300000,401.37,401.85,400.7,400.71
1783915200000,400.7,400.9,400.31,400.36
1783916100000,400.51,400.65,400,400.09
1783917000000,400.12,400.56,399.14,399.15
1783917900000,399.18,400.12,398.8,399.3
1783918800000,399.27,400.51,398.82,400.49
1783919700000,400.49,400.49,398.99,399.12
1783920600000,399,400.09,398.51,399.79
1783921500000,399.8,399.94,399.31,399.86
1783922400000,399.9,400.07,398.75,398.87
1783923300000,398.89,399.6,398.73,399.51
1783924200000,399.58,399.74,398.97,399.71
1783925100000,399.72,400.02,399.35,399.84
1783926000000,399.84,401.35,399.55,401.35
1783926900000,401.29,401.93,401.08,401.78
1783927800000,401.69,401.74,401.04,401.65
1783928700000,401.55,401.63,401.41,401.61
1783929600000,402.25,406.493,401.235,402.7
1783930500000,402.475,403.445,402.145,402.825
1783931400000,402.825,402.825,402.1,402.5
1783932300000,402.81,403.23,402.35,402.81
1783933200000,402.732,402.993,402.195,402.851
1783934100000,403.51,403.75,402.85,403.51
1783935000000,403.71,403.85,403.48,403.71
1783935900000,403.76,403.76,403.48,403.76
1783936800000,403.71,403.886,403.306,403.71
1783937700000,404,404,403.45,404
1783938600000,403.679,403.755,403.3,403.485
1783939500000,403.41,404.389,403.41,404.01
1783940400000,405.51,405.75,404.342,405.5
1783941300000,405.276,405.287,404.55,405.15
1783942200000,405.15,405.224,404.643,404.783
1783943100000,404.89,404.89,404.599,404.89
1783944000000,404.48,404.695,404,404.43
1783944900000,403.645,404.27,403.105,403.105
1783945800000,403.06,403.792,402.67,403.49
1783946700000,404.23,404.436,403.744,404.11
1783947600000,404.42,404.45,403.71,404.07
1783948500000,403.63,404.61,402.8,404.61
1783949400000,404.6,405.21,394.88,396.886
1783950300000,397.105,397.22,394.14,395.5
1783951200000,395.535,395.97,393.68,394.825
1783952100000,394.99,397.73,392.86,397.66
1783953000000,397.9,399.26,397.36,398.25
1783953900000,398.3,399.265,397.34,397.785
1783954800000,397.855,398.555,397.11,397.21
1783955700000,397.14,399.17,396.24,397.27
1783956600000,397.265,398.121,396.74,397.54
1783957500000,397.506,397.73,394.89,395.609
1783958400000,395.52,396.04,394.185,395.33
1783959300000,395.04,395.27,393.59,394.11
1783960200000,394.1,394.36,392.85,393.955
1783961100000,393.97,394.28,392.81,393.75
1783962000000,393.705,395.055,393.065,394.7
1783962900000,394.67,394.719,393.265,393.44
1783963800000,393.4,394.16,392.5,393.92
1783964700000,393.87,393.96,392.56,393.095
1783965600000,393.155,393.67,392.58,393.09
1783966500000,393.09,393.65,392.61,392.658
1783967400000,392.61,393.49,392.18,392.73
1783968300000,392.89,393.24,392.28,392.51
1783969200000,392.59,392.93,391.52,392.16
1783970100000,392.19,392.38,391.425,391.98
1783971000000,392.07,392.93,391.93,392.71
1783971900000,392.76,394.96,392.465,394.87
1783972800000,394.77,394.771,393.646,394.24
1783973700000,394.15,394.176,393.391,394.176
1783974600000,394.03,394.204,393.48,393.5
1783975500000,393.33,393.716,393.25,393.25
1783976400000,393.99,394,393.73,394
1783977300000,393.99,393.99,393.725,393.845
1783978200000,394,394.244,393.875,394.2
1783979100000,394.03,394.135,393.95,394.03
1783980000000,394.11,394.24,393.954,394.1
1783980900000,394.065,394.414,394.012,394.012
1783981800000,393.88,394.169,393.795,393.88
1783982700000,393.56,394.19,393.285,393.56
1783983600000,393.32,393.61,392.805,392.97
1783984500000,393.11,393.653,392.97,393.06
1783985400000,392.99,393.161,392.665,393.01
1783986300000,392.8,393.151,392.694,392.84
1783987200000,393.62,393.62,392.22,393.58
1783988100000,393.61,393.77,392.84,393.33
1783989000000,393.32,394.65,393.29,393.56
1783989900000,393.56,395.02,393.56,394.99
1783990800000,395,395.64,394.51,394.59
1783991700000,394.6,395.15,394.51,394.95
1783992600000,394.82,394.82,393.89,394.13
1783993500000,394.2,394.71,393.83,393.9
1783994400000,393.9,394.42,393.89,393.99
1783995300000,393.86,394,393.43,393.65
1783996200000,393.65,394,393.19,393.9
1783997100000,393.91,394,393.32,393.37
1783998000000,393.32,393.32,392.73,392.86
1783998900000,392.81,393.14,392.29,393.14
1783999800000,393.08,393.43,392.73,393.14
1784000700000,392.98,393.8,392.94,393.78
1784001600000,393.81,393.94,393.26,393.45
1784002500000,393.44,393.95,393.39,393.91
1784003400000,393.9,394.51,393.88,394.45
1784004300000,394.57,394.94,394.51,394.94
1784005200000,394.76,395.61,394.5,395.5
1784006100000,395.52,395.99,395.18,395.99
1784007000000,395.99,396.2,395.3,395.45
1784007900000,395.51,395.7,395.41,395.52
1784008800000,395.54,396.15,395.43,396.04
1784009700000,396.07,396.19,395.74,395.74
1784010600000,395.86,396.02,395.83,395.92
1784011500000,395.91,395.91,395.48,395.5
1784012400000,395.47,395.98,395.01,395.85
1784013300000,395.95,396.02,395.33,395.55
1784014200000,395.55,395.58,395.01,395.29
1784015100000,395.01,395.61,394.75,395.3
1784016000000,395.36,395.57,393.443,395.36
1784016900000,395.17,395.4,395.05,395.17
1784017800000,395.391,395.42,395,395.135
1784018700000,395.12,395.12,394.446,394.481
1784019600000,394.48,395.243,394.48,395.243
1784020500000,395.24,395.487,394.726,395.24
1784021400000,395.15,395.45,394.759,395.15
1784022300000,395.07,395.27,394.65,395.07
1784023200000,394.61,395.09,394.61,394.73
1784024100000,394.73,394.83,393.91,394.39
1784025000000,394.62,395.153,394.58,394.838
1784025900000,394.83,394.94,394.76,394.91
1784026800000,395,395.331,394.434,395.13
1784027700000,395.005,395.78,395.005,395.445
1784028600000,395.71,396.024,395.441,396.01
1784029500000,396.19,396.74,396.025,396.43
1784030400000,396.25,396.672,395.878,396.26
1784031300000,396.58,396.983,395.876,396.98
1784032200000,397.95,400.18,396.99,398.45
1784033100000,398.7,398.71,397.78,398.51
1784034000000,398.74,399.021,398.255,398.79
1784034900000,398.39,398.961,397.348,398.01
1784035800000,399.075,400.68,396.34,397.21
1784036700000,397.48,399.2,395.25,398.315
1784037600000,398.49,399.26,397.81,399.11
1784038500000,398.795,399.28,397.235,397.59
1784039400000,397.625,399.5,396.72,397.55
1784040300000,397.81,399.24,396.82,399.15
1784041200000,398.98,402.22,398.1,400.505
1784042100000,400.59,400.8,398.725,399.69
1784043000000,399.69,399.81,396.98,397.27
1784043900000,397.26,397.91,395.76,396.63
1784044800000,396.53,396.745,395.775,396.15
1784045700000,396.13,396.8,395.64,396.51
1784046600000,396.66,398.13,396.524,397.64
1784047500000,397.62,397.7,395.43,395.49
1784048400000,395.495,396.11,395.24,395.36
1784049300000,395.31,395.98,394.81,395.42
1784050200000,395.325,395.6,394.96,395.245
1784051100000,395.255,396.15,394.93,395.73
1784052000000,395.83,396.77,395.5,396.15
1784052900000,396.145,396.895,396.05,396.385
1784053800000,396.43,396.71,395.43,395.86
1784054700000,395.945,397.045,395.77,396.755
1784055600000,396.75,397.3,396.56,396.88
1784056500000,396.89,397.29,396.368,396.635
1784057400000,396.62,396.708,395.25,396.01
1784058300000,396.04,397.07,395.94,396.175
1784059200000,395.51,396.173,395.053,395.11
1784060100000,395.23,395.375,395.146,395.2
1784061000000,395.98,396.49,395.205,395.31
1784061900000,395.25,395.47,395.175,395.25
1784062800000,395.31,395.649,395.175,395.31
1784063700000,395.51,395.605,395.416,395.43
1784064600000,395.522,395.522,395.347,395.44
1784065500000,395.125,395.5,395.1,395.125
1784066400000,395.36,395.36,395.032,395.36
1784067300000,395.265,395.279,395.068,395.21
1784068200000,395.24,395.48,395.21,395.36
1784069100000,395.26,395.493,395.05,395.26
1784070000000,395.17,395.517,395.165,395.33
1784070900000,395.34,395.87,395.33,395.87
1784071800000,395.91,396.059,395.785,395.89
1784072700000,395.875,395.914,395.77,395.848
1784073600000,396.52,396.72,395.32,396.4
1784074500000,396.55,396.68,396.31,396.68
1784075400000,396.61,396.71,395.81,396.17
1784076300000,396.39,396.9,396.34,396.84
1784077200000,396.9,396.9,395.99,396.44
1784078100000,396.46,396.96,396.38,396.61
1784079000000,396.67,397.39,396.66,396.83
1784079900000,396.92,397.46,396.74,397.41
1784080800000,397.49,397.81,397.3,397.67
1784081700000,397.65,397.8,397.36,397.64
1784082600000,397.52,397.8,397.52,397.66
1784083500000,397.61,397.69,397.04,397.26
1784084400000,397.26,397.48,396.78,396.82
1784085300000,396.96,397.37,396.96,397.21
1784086200000,397.23,397.39,397.13,397.17
1784087100000,397.16,397.62,397.15,397.5
1784088000000,397.5,397.57,397.2,397.3
1784088900000,397.37,397.59,397.23,397.23
1784089800000,397.22,397.43,397.19,397.29
1784090700000,397.31,397.49,397.17,397.49
1784091600000,397.5,398.03,397.29,397.43
1784092500000,397.34,397.39,397,397.06
1784093400000,397.08,397.25,396.94,397.09
1784094300000,397.19,397.51,397.07,397.51
1784095200000,397.51,398,397.4,397.79
1784096100000,397.59,397.79,397.48,397.58
1784097000000,397.68,397.7,397.25,397.46
1784097900000,397.42,397.53,397.33,397.36
1784098800000,397.29,397.8,397.17,397.46
1784099700000,397.46,397.47,396.42,396.62
1784100600000,396.64,397.03,396.59,396.96
1784101500000,397.05,397.21,396.74,396.99
1784102400000,396.52,397.446,396.014,396.52
1784103300000,396.759,397.075,396.505,397.075
1784104200000,397.075,397.075,396.521,396.93
1784105100000,396.74,397.166,396.74,396.74
1784106000000,396.755,397.159,396.74,396.74
1784106900000,396.67,397.055,396.55,396.67
1784107800000,397,397,396.342,396.67
1784108700000,396.53,396.79,396.52,396.52
1784109600000,396.79,396.79,396.54,396.72
1784110500000,396.73,396.73,396.472,396.73
1784111400000,396.58,396.623,396.405,396.506
1784112300000,396.6,396.684,396.45,396.6
1784113200000,396.636,397.135,396.635,396.975
1784114100000,396.84,396.975,396.645,396.69
1784115000000,396.645,396.996,396.625,396.874
1784115900000,396.72,396.879,396.665,396.72
1784116800000,396.679,396.82,396.479,396.6
1784117700000,396.75,396.895,396.556,396.74
1784118600000,396.99,398.35,396.881,398.35
1784119500000,398.25,398.49,397.843,398.27
1784120400000,398.5,399,398.315,398.85
1784121300000,398.97,399.48,398,399.48
1784122200000,399.395,406.58,399.293,402.65
1784123100000,402.67,403,397.56,398.5
1784124000000,398.64,400.39,397.89,398.17
1784124900000,398.405,398.405,393.25,397.645
1784125800000,397.66,398.76,394.87,395.49
1784126700000,395.495,396.17,394.9,395.98
1784127600000,395.93,397.777,395.31,396.35
1784128500000,396.41,397.62,395.7,397.48
1784129400000,397.456,397.71,396.31,396.55
1784130300000,396.5,396.529,395.13,395.22
1784131200000,395.1,395.74,392.72,392.98
1784132100000,393.02,393.37,391.76,392.59
1784133000000,392.785,392.99,390.67,391.82
1784133900000,391.874,393.49,391.43,393.49
1784134800000,393.49,394.96,393.39,394.06
1784135700000,394.06,396.25,393.935,395.95
1784136600000,395.95,398.87,395.855,397.74
1784137500000,397.8,399.29,397.61,398.97
1784138400000,399.028,399.36,397.915,397.984
1784139300000,397.955,397.986,396.425,396.56
1784140200000,396.55,397.74,396.485,396.89
1784141100000,396.9,396.96,394.59,394.94
1784142000000,394.945,396.09,394.8,395.15
1784142900000,395.08,395.46,394.58,394.739
1784143800000,394.79,395.34,394.2,394.73
1784144700000,394.64,395.27,394.01,394.31
1784145600000,394,394.597,393.4,394.04
1784146500000,394.56,394.69,394.31,394.69
1784147400000,394.61,394.75,394.43,394.61
1784148300000,394.99,394.99,394.591,394.86
1784149200000,394.61,394.945,394.457,394.61
1784150100000,394.87,394.939,394.59,394.59
1784151000000,394.644,394.732,394.544,394.55
1784151900000,394.59,394.74,394.55,394.61
1784152800000,394.65,394.847,394.605,394.65
1784153700000,394.62,394.815,394.58,394.62
1784154600000,394.66,394.815,394.6,394.66
1784155500000,394.61,394.935,394.495,394.9
1784156400000,394.935,394.935,394.745,394.915
1784157300000,394.82,394.915,394.785,394.82
1784158200000,394.82,394.975,394.671,394.802
1784159100000,394.801,394.858,394.585,394.852
1784160000000,394.43,395.39,394.24,395.36
1784160900000,395.37,395.49,394.23,394.34
1784161800000,394.3,394.73,393.85,394.02
1784162700000,393.99,394.38,393.8,394.17
1784163600000,394.08,394.64,393.71,393.76
1784164500000,393.78,393.99,393.58,393.8
1784165400000,393.68,394.26,393.46,393.95
1784166300000,393.95,394.83,393.91,394.3
1784167200000,394.21,394.21,393.8,393.96
1784168100000,393.99,394.77,393.99,394.56
1784169000000,394.59,394.74,394.33,394.33
1784169900000,394.41,395.11,394.39,394.88
1784170800000,394.98,395.54,394.93,395.5
1784171700000,395.56,395.62,395.19,395.3
1784172600000,395.28,395.38,395.01,395.02
1784173500000,395.02,395.14,394.85,395.14
1784174400000,395.14,395.37,395.14,395.37
1784175300000,395.34,395.38,394.88,394.89
1784176200000,394.89,395.13,394.88,395.03
1784177100000,394.94,395.23,394.94,395.05
1784178000000,395.07,395.23,394.79,395.23
1784178900000,395.26,395.82,395.26,395.66
1784179800000,395.8,395.91,394.7,395.29
1784180700000,395.13,395.16,394.69,394.95
1784181600000,395.08,395.36,394.43,394.95
1784182500000,395.06,395.27,394.56,394.56
1784183400000,394.51,394.66,394.37,394.49
1784184300000,394.5,394.87,394.28,394.77
1784185200000,394.81,394.81,394.27,394.34
1784186100000,394.28,394.65,394.1,394.57
1784187000000,394.54,394.62,393.73,393.74
1784187900000,393.76,394.854,393.57,393.59
1784188800000,394.854,394.855,392.95,392.95
1784189700000,393.91,394.225,392.95,394.17
1784190600000,394.29,394.58,394.225,394.58
1784191500000,394.405,394.875,394.4,394.875
1784192400000,394.854,395.255,394.721,394.912
1784193300000,395.08,395.255,394.69,394.69
1784194200000,394.6,394.854,394.475,394.6
1784195100000,394.59,394.59,393.877,394.195
1784196000000,394.36,394.49,393.916,394.36
1784196900000,394.3,394.355,394.104,394.3
1784197800000,394.24,394.845,394.24,394.685
1784198700000,395.18,395.21,394.645,395.18
1784199600000,394.645,394.645,393.51,393.631
1784200500000,393.4,394.075,392.99,392.99
1784201400000,393.01,393.423,392.775,393.01
1784202300000,393,393.11,392.255,392.51
1784203200000,392.86,392.87,392.375,392.53
1784204100000,392.8,392.89,392.311,392.564
1784205000000,392.563,392.86,392.443,392.665
1784205900000,392.88,392.983,391.858,391.99
1784206800000,391.62,392.68,391.62,392.44
1784207700000,392.33,392.94,392,392.2
1784208600000,392.32,392.32,386.62,386.62
1784209500000,386.8,387.63,385.35,387.005
1784210400000,386.9,393.25,386.9,392.4
1784211300000,392.3,394.94,391.07,394.54
1784212200000,394.634,394.83,392.85,394.163
1784213100000,393.92,395.26,392.675,394.26
1784214000000,394.35,394.55,392.28,392.72
1784214900000,392.66,394.29,392.07,393.41
1784215800000,393.68,394.55,392.93,393.195
1784216700000,393.286,393.287,392.11,392.699
1784217600000,392.675,392.702,388.4,388.94
1784218500000,388.77,389.25,387.84,389.25
1784219400000,389.4,389.58,388.315,388.41
1784220300000,388.415,389.06,387.98,389.06
1784221200000,389,389.013,387.47,387.555
1784222100000,387.56,389.15,387.33,389.07
1784223000000,389.06,389.24,386.9,387.21
1784223900000,387.27,389.36,387.1,388.89
1784224800000,389.055,390.34,388.64,389.38
1784225700000,389.363,391.13,388.78,390.526
1784226600000,390.45,391,389.2,389.97
1784227500000,389.97,391.04,389.97,390.47
1784228400000,390.38,391.24,389.88,390.88
1784229300000,390.835,391.21,389.81,390.26
1784230200000,390.22,390.98,389.79,389.88
1784231100000,389.84,391.77,389.37,391.015
1784232000000,390.75,391.064,390.075,390.09
1784232900000,390.01,390.618,390,390.25
1784233800000,390.325,390.395,390.07,390.075
1784234700000,390.075,390.39,390.075,390.275
1784235600000,390.21,390.375,390.21,390.21
1784236500000,390.19,390.43,390.19,390.31
1784237400000,390.43,390.679,390.256,390.675
1784238300000,390.675,390.675,390.4,390.519
1784239200000,390.519,390.665,390.4,390.4
1784240100000,390.25,390.527,390.075,390.25
1784241000000,390.18,390.21,389.791,389.91
1784241900000,389.73,390.175,389.008,389.73
1784242800000,389.395,389.675,389.008,389.23
1784243700000,389.02,389.23,388.376,388.76
1784244600000,388.5,388.74,388.01,388.01
1784245500000,388.47,388.928,388.234,388.5
1784246400000,388.46,388.99,387.62,387.68
1784247300000,387.64,388.44,387.22,387.34
1784248200000,387.33,387.61,387.26,387.48
1784249100000,387.55,388.58,387.55,388.31
1784250000000,388.24,389.1,388.15,388.16
1784250900000,388.14,388.46,388.05,388.46
1784251800000,388.39,388.4,387.46,387.49
1784252700000,387.48,387.79,386.99,387.39
1784253600000,387.39,387.55,387.12,387.37
1784254500000,387.34,387.46,386.79,386.84
1784255400000,386.85,387.09,386.63,386.91
1784256300000,386.88,387.25,386.57,387.25
1784257200000,387.16,388.01,387.07,387.96
1784258100000,387.92,388.68,387.92,388.49
1784259000000,388.4,388.46,387.4,387.41
1784259900000,387.5,387.75,387.24,387.33
1784260800000,387.26,387.26,386.62,386.7
1784261700000,386.62,386.74,385.52,385.77
1784262600000,385.73,386.17,385.29,385.99
1784263500000,386,386.32,385.74,385.86
1784264400000,385.89,386.25,385.52,385.89
1784265300000,385.81,385.83,385.16,385.35
1784266200000,385.38,385.78,384.17,384.69
1784267100000,384.94,385.18,384.74,385.09
1784268000000,385.01,385.67,384.97,385.64
1784268900000,385.55,386.11,385.5,386.09
1784269800000,386,386.1,385.37,385.88
1784270700000,385.92,385.93,385.24,385.43
1784271600000,385.3,385.99,385.02,385.2
1784272500000,385.25,385.33,384.73,384.99
1784273400000,385,385.24,384.69,384.93
1784274300000,384.93,384.93,384.36,384.55
1784275200000,384.33,388.63,384.248,384.52
1784276100000,383.41,384.562,383.112,383.41
1784277000000,382.92,383.85,382.65,382.92
1784277900000,383.49,384.05,383.063,383.73
1784278800000,384.05,384.619,383.375,384.619
1784279700000,384.39,384.92,384.307,384.66
1784280600000,384.92,385.345,384.501,385.345
1784281500000,385.19,385.59,385.045,385.19
1784282400000,384.79,385.399,383.836,384.63
1784283300000,384.18,384.7,383.475,384.18
1784284200000,384.28,384.687,383.95,384.54
1784285100000,384.25,384.55,384.201,384.38
1784286000000,384.41,385.333,384.291,384.48
1784286900000,384.27,384.885,384.11,384.11
1784287800000,384.76,384.859,384.16,384.21
1784288700000,384.176,384.852,384.16,384.597
1784289600000,383.99,384.607,383.5,383.5
1784290500000,383.56,383.66,383.05,383.11
1784291400000,383,383.206,382.7,383.11
1784292300000,382.73,383.394,382.708,382.77
1784293200000,383.19,383.19,382.226,382.266
1784294100000,382.35,382.99,381.03,381.03
1784295000000,381.68,382.875,377.24,377.68
1784295900000,377.76,381.54,377.5,381.415
1784296800000,381.36,383.09,380.76,382.101
1784297700000,382.116,383.24,380.96,381.028
1784298600000,381.08,381.9,378.55,380.09
1784299500000,380.105,380.9,378.72,380.2
1784300400000,380.31,380.72,379.38,379.86
1784301300000,379.85,380.82,379.04,380.63
1784302200000,380.64,381.38,378.85,379.955
1784303100000,379.95,382.86,379.56,382.42
1784304000000,382.5,384.03,381.51,383.98
1784304900000,383.97,384.24,381.98,382.685
1784305800000,382.586,384.07,382.16,384.02
1784306700000,383.988,385.2,383.89,384.121
1784307600000,384.24,385.63,384.12,385.045
1784308500000,385.05,385.19,384.13,384.46
1784309400000,384.46,384.725,382.58,383
1784310300000,382.93,383.22,381.79,382.4
1784311200000,382.42,382.77,381.69,381.86
1784312100000,381.86,381.95,381.245,381.67
1784313000000,381.6,382.2,380.6,380.7
1784313900000,380.69,382.085,380.59,381.82
1784314800000,381.846,381.846,380.91,381.12
1784315700000,381.08,382.5,381,382.411
1784316600000,382.49,383.16,381.36,381.42
1784317500000,381.49,382.07,380.67,380.89
1784318400000,380.2,380.85,379.83,379.85
1784319300000,379.82,380.316,379.79,379.87
1784320200000,379.85,379.96,379.83,379.85
1784321100000,379.9,380.415,379.804,379.9
1784322000000,380.09,380.2,379.876,379.96
1784322900000,380,380.163,379.895,380
1784323800000,379.94,380.035,379.865,379.94
1784324700000,379.88,379.945,379.711,379.88
1784325600000,379.775,379.975,379.755,379.965
1784326500000,379.965,379.965,379.84,379.902
1784327400000,380,380.09,379.9,380
1784328300000,380.31,380.58,380.09,380.31
1784329200000,380.14,380.24,380.075,380.14
1784330100000,380.14,380.42,380.124,380.15
1784331000000,380.06,380.248,380.042,380.06
1784331900000,380.07,380.1,380.01,380.055
1784334600000,379.98,379.98,379.98,379.98
1784338200000,380.15,380.15,380.15,380.15
1784339100000,380.15,380.15,379.97,379.97
1784340000000,380.15,380.15,379.97,379.97
1784340900000,380.15,380.23,380.15,380.23
1784341800000,380.26,380.31,380.26,380.31
1784343600000,380.02,380.02,380.02,380.02
1784344500000,380.33,380.46,380.33,380.46
1784345400000,380.51,380.51,380.18,380.18
1784348100000,380.18,380.18,380.18,380.18
1784351700000,380.56,380.56,380.56,380.56
1784352600000,380.56,380.56,380.56,380.56
1784359800000,380.57,380.57,380.57,380.57
1784360700000,380.18,380.18,380.18,380.18
1784361600000,380.61,380.73,380.11,380.29
1784362500000,380.74,380.74,380.74,380.74
1784363400000,380.74,380.74,380.52,380.52
1784365200000,380.75,380.75,380.75,380.75
1784366100000,380.52,380.52,380.52,380.52
1784367000000,380.78,380.82,380.4,380.4
1784367900000,380.83,380.83,380.83,380.83
1784368800000,380.94,380.94,380.72,380.72
1784369700000,380.94,381.08,380.35,380.55
1784370600000,381.21,381.21,381.21,381.21
1784371500000,381.21,381.21,380.65,380.65
1784374200000,380.93,380.93,380.93,380.93
1784375100000,381.27,381.27,381.27,381.27
1784376000000,381.27,381.28,380.62,381.28
1784376900000,381.03,382.23,380.59,380.59
1784379600000,380.59,380.59,379.99,379.99
1784381400000,382.28,382.62,381.3,381.3
1784382300000,381.3,381.3,381.3,381.3
1784385000000,382.76,382.76,382.76,382.76
1784388600000,382.77,382.77,382.77,382.77
1784389500000,382.56,382.56,382.56,382.56
1784390400000,382.56,382.83,382.16,382.55
1784391300000,382.84,382.9,382.39,382.54
1784394900000,382.97,382.97,382.54,382.66
1784395800000,382.98,382.98,382.7,382.7
1784403900000,382.98,382.98,382.98,382.98
1784412000000,382.72,382.72,382.6,382.6
1784417400000,382.54,382.54,382.54,382.54
1784422800000,382.99,382.99,382.3,382.42
1784433600000,383,383,383,383
1784434500000,382.7,383.02,382.47,383.02
1784437200000,382.75,382.75,382.44,382.44
1784438100000,383.06,383.07,382.32,382.32
1784439900000,383.12,383.16,382.7,382.7
1784441700000,382.85,382.85,382.85,382.85
1784442600000,383.17,383.17,382.93,382.93
1784446200000,382.93,383.24,382.78,382.78
1784447100000,382.78,382.78,382.66,382.66
1784448900000,383.24,383.24,382.52,382.52
1784450700000,382.78,382.78,380.06,380.12
1784454300000,380.13,380.13,380.13,380.13
1784458800000,383.3,383.3,382.58,382.58
1784466000000,380.19,380.19,380.19,380.19
1784467800000,383.36,383.56,380.19,383.56
1784471400000,383.56,383.56,383.56,383.56
1784472300000,383.58,383.58,383.36,383.36
1784474100000,383.63,383.63,383.26,383.26
1784475000000,383.65,383.65,383.65,383.65
1784475900000,383.71,383.71,383.42,383.71
1784476800000,383.77,383.97,383.34,383.64
1784477700000,383.97,383.97,383.54,383.54
1784479500000,383.97,383.97,383.43,383.56
1784482200000,383.97,383.97,383.47,383.47
1784501100000,383.99,383.99,383.99,383.99
1784503800000,383.99,383.99,383.99,383.99
1784505600000,381,383.48,381,383.21
1784506500000,383.35,383.39,382.19,382.23
1784507400000,382.17,382.83,381.59,382.2
1784508300000,382.2,382.32,381.42,381.47
1784509200000,381.65,382.51,381.4,381.7
1784510100000,381.76,381.89,381.3,381.3
1784511000000,381.31,381.46,380.9,381.03
1784511900000,381.02,381.06,380.16,380.57
1784512800000,380.75,381.62,380.75,381.07
1784513700000,381.03,381.04,380.6,380.6
1784514600000,380.66,381.86,380.66,381.64
1784515500000,381.76,382.12,381.44,381.44
1784516400000,381.45,381.76,381.22,381.63
1784517300000,381.59,381.78,381.45,381.53
1784518200000,381.55,381.75,381.1,381.75
1784519100000,381.74,382.26,381.61,381.62
1784520000000,381.74,382,381.6,381.66
1784520900000,381.51,381.94,381.3,381.9
1784521800000,381.88,382.38,381.88,382.38
1784522700000,382.2,382.41,381.97,381.97
1784523600000,381.97,381.97,380.8,381.41
1784524500000,381.3,381.43,380.89,380.89
1784525400000,380.9,380.97,380,380
1784526300000,380,380.28,379.59,379.74
1784527200000,379.88,380,379.5,379.73
1784528100000,379.63,379.84,379.3,379.69
1784529000000,379.76,379.88,379.56,379.79
1784529900000,379.8,379.95,379.55,379.95
1784530800000,379.99,380.3,379.86,380.17
1784531700000,380.18,381.13,380,381.13
1784532600000,381.2,382.11,381.2,381.75
1784533500000,381.77,381.95,381.62,381.8
1784534400000,380.055,381.99,380.055,381.99
1784535300000,381.99,382.355,381.856,382.21
1784536200000,382.21,382.21,380.7,380.7
1784537100000,381.07,381.943,380.7,381.07
1784538000000,381.798,381.82,381.35,381.35
1784538900000,381.35,381.995,381.35,381.995
1784539800000,381.995,382.305,381.845,382.305
1784540700000,382.305,382.742,382.207,382.32
1784541600000,382.307,382.4,382,382
1784542500000,382,382.045,381.666,381.815
1784543400000,381.815,382.2,381.555,381.7
1784544300000,381.7,382.391,381.7,382.245
1784545200000,382.5,384.141,382.245,383.91
1784546100000,384.38,384.486,383.91,384.06
1784547000000,384.36,385.759,383.931,385.54
1784547900000,385.6,385.649,384.698,385.4
1784548800000,385,385.253,384.113,384.51
1784549700000,384.72,384.964,384.456,384.9
1784550600000,384.89,384.895,384.185,384.27
1784551500000,384.25,384.612,384.076,384.39
1784552400000,384.361,384.694,384.361,384.653
1784553300000,384.79,385.841,383.205,385.5
1784554200000,386.48,386.48,380.595,381.3
1784555100000,381.61,382.67,375.37,375.585
1784556000000,375.6,376.93,374.77,374.98
1784556900000,375.035,375.54,373.74,374.95
1784557800000,374.8,375.51,374.2,374.31
1784558700000,374.23,374.504,372.9,373.36
1784559600000,373.3,374.72,372.97,373.59
1784560500000,373.605,374.3,373.345,373.892
1784561400000,373.93,374.07,371.92,372.305
1784562300000,372.34,374.1,371.685,374.03
1784563200000,373.99,377,373.58,376.175
1784564100000,376.47,376.485,374.765,375.26
1784565000000,375.37,375.562,373.43,373.43
1784565900000,373.39,374.25,372.47,372.9
1784566800000,372.915,373.215,372.306,372.34
1784567700000,372.3,372.77,372.03,372.18
1784568600000,372.123,372.315,370.76,371.308
1784569500000,371.28,373.54,371.17,373.12
1784570400000,373.14,374.53,373.108,374.015
1784571300000,374.04,374.375,372.58,372.64
1784572200000,372.49,372.76,371.01,371.19
1784573100000,371.22,371.515,370.49,371.19
1784574000000,371.19,371.268,369.85,369.93
1784574900000,369.905,371.19,369.59,371.04
1784575800000,371.13,371.71,370.39,371.5
1784576700000,369.96,369.97,369.43,369.665
1784577600000,369.71,369.845,369.41,369.49
1784578500000,369.51,369.765,369.267,369.65
1784579400000,369.73,369.927,369.64,369.69
1784580300000,370.09,370.197,369.804,370.07
1784581200000,370.116,370.116,369.89,369.98
1784582100000,370.06,370.249,369.96,370.06
1784583000000,370.04,370.35,370.04,370.04
1784583900000,370.4,370.5,370.205,370.4
1784584800000,370.01,370.3,369.545,369.75
1784585700000,369.7,369.835,369.571,369.63
1784586600000,369.49,369.745,369.473,369.69
1784587500000,369.725,369.79,369.637,369.69
1784588400000,369.81,370.488,369.69,370.4
1784589300000,370.25,370.679,370.2,370.63
1784590200000,370.63,370.773,370.6,370.62
1784591100000,370.5,370.743,370.45,370.5
1784592000000,370.04,370.477,369.68,370
1784592900000,370.08,371.33,369.9,371.3
1784593800000,371.2,371.71,371.12,371.69
1784594700000,371.71,371.99,371.2,371.21
1784595600000,371.28,371.63,370.95,371.6
1784596500000,371.6,371.68,371.26,371.6
1784597400000,371.66,371.87,371.2,371.2
1784598300000,371.21,371.6,370.92,371.01
1784599200000,371.03,371.54,370.75,370.91
1784600100000,370.99,370.99,370.36,370.74
1784601000000,370.75,371.51,370.7,371.45
1784601900000,371.41,372,371.4,371.95
1784602800000,371.97,372.51,371.95,372.43
1784603700000,372.47,372.58,372.36,372.56
1784604600000,372.55,373.07,372.46,372.66
1784605500000,372.7,373.27,372.7,372.94
1784606400000,372.97,373.08,372.6,372.72
1784607300000,372.72,373.03,372.66,373
1784608200000,373.03,373.2,372.92,373.19
1784609100000,373.2,373.48,372.98,373.01
1784610000000,373.01,373.09,372.79,372.79
1784610900000,372.78,373.1,372.49,373.1
1784611800000,373.12,373.48,372.75,373.41
1784612700000,373.42,373.76,373.35,373.65
1784613600000,373.66,374.02,373.66,373.86
1784614500000,373.88,373.96,373.61,373.89
1784615400000,373.87,374.64,373.87,374.56
1784616300000,374.58,374.6,374.09,374.2
1784617200000,374.21,374.28,374.02,374.02
1784618100000,374.08,374.12,373.72,373.84
1784619000000,373.73,374.01,373.62,373.89
1784619900000,373.89,374,373.67,373.97
1784620800000,370.476,374.651,370.476,374.295
1784621700000,374.295,374.495,374.211,374.42
1784622600000,374.42,374.474,374.165,374.19
1784623500000,374.01,374.34,373.856,373.94
1784624400000,374.257,374.32,374.16,374.2
1784625300000,374.39,374.584,374.2,374.39
1784626200000,374.15,374.405,374.105,374.15
1784627100000,374.39,374.455,374.011,374.39
1784628000000,373.83,374.201,373.776,373.83
1784628900000,374.31,374.37,374.11,374.31
1784629800000,374.3,374.495,373.824,374.29
1784630700000,374.29,374.29,373.278,373.405
1784631600000,373.21,373.602,372.798,372.93
1784632500000,373.25,373.25,371.96,372.175
1784633400000,372.29,372.578,372.175,372.29
1784634300000,372.6,372.833,372.38,372.72
1784635200000,372.74,373.908,372.615,373.69
1784636100000,373.89,373.914,372.684,372.99
1784637000000,372.79,372.79,371.139,371.34
1784637900000,371.34,371.396,371.2,371.33
1784638800000,371.34,371.376,371.11,371.33
1784639700000,371.32,371.97,370.337,371.45
1784640600000,371.04,376.93,369.98,376.097
1784641500000,376.23,377.61,375.245,377.61
1784642400000,377.72,380.17,377.4,380.055
1784643300000,380.05,383.33,379.39,382.59
1784644200000,382.55,383.31,381.31,383.14
1784645100000,383.27,384.06,382.15,382.793
1784646000000,382.83,382.945,381.7,382.085
1784646900000,382.08,382.45,380.96,381.89
1784647800000,381.93,381.93,380.48,380.98
1784648700000,380.9,382.34,380.69,381.05
1784649600000,381.1,381.605,380.91,381.085
1784650500000,381,382.04,380.74,381.335
1784651400000,381.34,381.65,380.68,380.68
1784652300000,380.76,381.375,380.35,380.7
1784653200000,380.69,381.175,379.59,379.733
1784654100000,379.68,380.04,379.145,379.465
1784655000000,379.465,380.42,379.405,379.69
1784655900000,379.67,380.305,379.14,379.495
1784656800000,379.81,380.52,379.487,379.99
1784657700000,379.97,380.66,379.82,380.075
1784658600000,380.01,380.15,379.49,379.98
1784659500000,380.13,380.13,378.285,378.285
1784660400000,378.28,378.39,377.85,378.02
1784661300000,378.068,378.33,376.91,377.093
1784662200000,377.05,378,376.71,377.76
1784663100000,377.8,379.55,377.3,378.9
1784664000000,379.01,379.97,378.67,379.48
1784664900000,379.25,379.725,379.014,379.25
1784665800000,378.99,379.325,378.945,379.01
1784666700000,379.05,379.16,378.957,379.05
1784667600000,379.16,379.367,379.115,379.192
1784668500000,379.189,379.475,379.182,379.442
1784669400000,379.446,379.85,379.215,379.688
1784670300000,379.5,379.68,379.315,379.5
1784671200000,378.99,379.5,378.75,378.78
1784672100000,378.9,379.23,378.75,379
1784673000000,379.075,379.26,378.71,378.97
1784673900000,378.97,379.221,378.753,379.221
1784674800000,379.234,379.297,379.062,379.099
1784675700000,379.098,379.565,378.955,379.355
1784676600000,379.26,379.402,379.05,379.26
1784677500000,379.31,379.589,379.081,379.31
1784678400000,379.76,380.15,379.23,379.59
1784679300000,379.59,379.69,378.99,379.34
1784680200000,379.33,379.63,379.07,379.31
1784681100000,379.29,379.48,379,379.42
1784682000000,379.41,379.41,378.35,378.78
1784682900000,378.88,379.07,378.59,378.62
1784683800000,378.63,378.68,378.3,378.53
1784684700000,378.67,379.52,378.67,379.16
1784685600000,379.24,379.27,378.94,379.16
1784686500000,379.26,379.62,379.17,379.54
1784687400000,379.53,379.54,379.08,379.08
1784688300000,379.06,379.3,379.02,379.04
1784689200000,379.03,379.1,378.23,378.37
1784690100000,378.33,379.21,378.33,379.03
1784691000000,379.03,379.03,378.8,378.84
1784691900000,379.01,379.26,378.84,378.84
1784692800000,378.85,379.1,378.71,378.99
1784693700000,378.99,379.31,378.98,379.11
1784694600000,379.25,379.25,378.98,379.03
1784695500000,379.03,379.25,378.92,379.24
1784696400000,379.16,379.16,378.36,378.5
1784697300000,378.58,378.63,377.64,377.69
1784698200000,377.59,377.7,376.84,376.93
1784699100000,376.99,377.64,376.93,377.5
1784700000000,377.51,377.51,377.09,377.2
1784700900000,377.19,377.19,376.56,376.66
1784701800000,376.66,377.32,376.66,377.16
1784702700000,377.03,377.15,376.71,377.01
1784703600000,377.1,377.28,376.7,377.09
1784704500000,377.1,377.54,376.98,377.53
1784705400000,377.67,377.67,376.53,376.8
1784706300000,376.81,377.22,376.59,377.11
1784707200000,377.1,379.159,376.364,377.1
1784708100000,377.48,377.997,376.725,377.48
1784709000000,377.51,378,377.371,377.61
1784709900000,377.37,378.274,377.37,378.15
1784710800000,379.35,379.397,378.15,379.02
1784711700000,378.52,379.056,378.354,378.52
1784712600000,378.29,379.05,378.16,378.29
1784713500000,378.342,378.355,377.35,377.55
1784714400000,377.85,377.895,377.495,377.85
1784715300000,377.77,378.558,377.23,378.15
1784716200000,378.255,378.504,377.68,377.836
1784717100000,378.01,378.46,377.685,378.01
1784718000000,378.42,378.78,377.7,378
1784718900000,377.6,377.796,377,377
1784719800000,377.27,377.399,376.266,376.39
1784720700000,376.3,376.924,376.3,376.8
1784721600000,376.51,376.93,376.34,376.5
1784722500000,376.18,376.55,375.554,375.99
1784723400000,376.77,376.77,375.971,376.41
1784724300000,376.01,376.426,374.985,375.24
1784725200000,375.378,375.96,375.24,375.774
1784726100000,375.774,376.337,375.05,375.637
1784727000000,375.505,379.055,374.94,378.66
1784727900000,378.61,380.15,378.46,379.56
1784728800000,379.59,380.09,376.84,377.34
1784729700000,377.36,378.12,376.215,377.568
1784730600000,377.7,377.99,376.79,376.915
1784731500000,376.9,377.73,376.36,377.155
1784732400000,377.15,377.7,376.56,377.215
1784733300000,377.22,378.69,377.11,377.97
1784734200000,377.899,378.55,376.97,378.34
1784735100000,378.44,378.94,377.92,378.19
1784736000000,378.3,378.61,377.95,378.35
1784736900000,378.3,378.429,376.25,377.325
1784737800000,377.23,377.86,376.91,377.075
1784738700000,377.085,377.97,376.815,377.97
1784739600000,377.9,378.27,377.38,377.38
1784740500000,377.465,378.25,377.18,377.2
1784741400000,377.09,377.33,376.09,376.16
1784742300000,376.212,376.5,375.66,375.937
1784743200000,375.945,376.37,375.18,375.26
1784744100000,375.25,375.915,375.19,375.83
1784745000000,375.77,375.807,375.17,375.8
1784745900000,375.75,376.03,375.01,375.33
1784746800000,375.355,375.64,373.765,374.27
1784747700000,374.215,375.16,374.125,374.815
1784748600000,374.77,375.21,374.13,374.55
1784749500000,374.555,375.15,372.97,374.17
1784750400000,374.016,374.213,360.99,364.034
1784751300000,364,366.82,360.25,365.7
1784752200000,365.53,366.001,363.95,364.7
1784753100000,364.89,365.496,363.76,364.68
1784754000000,364.01,364.685,362.01,362.71
1784754900000,362.98,363.01,361.49,362.73
1784755800000,362.81,364.33,353.606,355.62
1784756700000,355.93,358.44,353.99,358.44
1784757600000,357.71,358.988,356.01,358.91
1784758500000,358.705,359.613,357.99,358.296
1784759400000,358.296,358.497,356.692,358.497
1784760300000,358.69,359.607,358.255,359.09
1784761200000,359.02,359.264,358.32,358.59
1784762100000,358.5,358.715,357.444,358.18
1784763000000,358.49,359,358.225,358.64
1784763900000,358.4,359.049,358.4,358.51
1784764800000,359.49,360.44,358.05,359.81
1784765700000,359.9,361.98,359.82,361.2
1784766600000,361.16,361.51,360.74,361.11
1784767500000,361.09,361.09,359.35,359.44
1784768400000,359.46,360.41,358.98,360.28
1784769300000,360.31,360.44,359.68,359.74
1784770200000,359.76,360.31,359.6,359.6
1784771100000,359.66,360.19,359.52,359.56
1784772000000,359.57,360.01,359.23,359.27
1784772900000,359.28,359.3,358.07,358.32
1784773800000,358.32,358.7,357.74,358.11
1784774700000,358.11,358.66,358.11,358.51
1784775600000,358.53,358.75,357.12,357.3
1784776500000,357.39,357.7,356.94,357.66
1784777400000,357.66,357.89,357.3,357.89
1784778300000,357.89,357.89,357.54,357.55
1784779200000,357.52,357.52,356.67,357.35
1784780100000,357.43,357.89,357.25,357.89
1784781000000,357.87,357.89,357.65,357.81
1784781900000,357.81,357.89,357.5,357.65
1784782800000,357.7,357.89,357.14,357.88
1784783700000,357.8,358.59,357.69,358.59
1784784600000,358.57,358.69,357.67,357.71
1784785500000,357.72,357.77,357.01,357.58
1784786400000,357.64,358.39,357.6,358.32
1784787300000,358.35,358.47,358,358.28
1784788200000,358.21,358.4,358.11,358.19
1784789100000,358.18,358.43,358,358.07
1784790000000,358.13,358.13,356.72,356.82
1784790900000,356.96,357.37,356.51,356.64
1784791800000,356.52,356.89,356,356.55
1784792700000,356.53,357,356.08,356.89
1784793600000,356.19,358.448,354.278,355.96
1784794500000,354.54,355.751,352.93,353.23
1784795400000,353,354.305,352.649,352.91
1784796300000,352.91,353.624,352.061,352.89
1784797200000,353.6,353.876,352.797,353.24
1784798100000,353.51,353.662,352.8,353.49
1784799000000,352.54,353.446,352.131,352.32
1784799900000,353.1,353.18,352.012,352.3
1784800800000,351.51,352.019,350.896,351.45
1784801700000,351.8,352.024,351.075,351.21
1784802600000,351.29,352.66,350.984,352.66
1784803500000,351.79,352.371,351.625,351.99
1784804400000,352.31,352.341,350.63,351.33
1784805300000,350.76,350.98,349.529,349.69
1784806200000,349.585,350.164,348.55,349.09
1784807100000,349.26,349.718,347.48,347.69
1784808000000,347.51,347.761,345.99,346.75
1784808900000,346.69,347.212,345.66,345.92
1784809800000,345.79,345.985,345.07,345.53
1784810700000,345.5,346.05,344.79,345.41
1784811600000,345.1,345.749,343.11,344.13
1784812500000,344.17,345.3,340.76,341.465
1784813400000,340.67,341.95,332.81,334.32
1784814300000,334.3,334.38,326.15,326.69
1784815200000,326.735,329,325.61,327.28
1784816100000,327.32,327.655,322.865,323.98
1784817000000,323.785,325.63,322.725,324.56
1784817900000,324.56,324.56,321.59,323.533
1784818800000,323.41,323.52,321.41,321.99
1784819700000,322,322.16,318.58,319.54
1784820600000,319.56,321.34,319.49,320.68
1784821500000,320.675,324.78,320.56,324.61
1784822400000,324.669,326.29,324.1,325.597
1784823300000,325.455,326.29,324.615,325.16
1784824200000,325.17,325.57,322.45,322.79
1784825100000,322.68,322.814,320.83,322.06
1784826000000,322.02,323.32,321.94,322.81
1784826900000,322.81,323.16,321.58,321.68
1784827800000,321.77,322.645,320.42,321.15
1784828700000,321.16,321.72,320.78,321.28
1784829600000,321.2,321.4,320.42,320.695
1784830500000,320.722,321.29,320.545,321.214
1784831400000,321.16,322.11,320.33,320.63
1784832300000,320.63,321.5,320.09,321.26
1784833200000,321.31,321.795,320.05,320.46
1784834100000,320.41,321.185,319.61,319.8
1784835000000,319.83,320.27,315.855,315.95
1784835900000,315.985,323.37,315.76,319.56
1784836800000,319.94,320.463,318.94,319.39
1784837700000,319.81,323.572,319.79,323.34
1784838600000,323.323,323.525,322.768,323.363
1784839500000,323.2,324.089,322.976,323.9
1784840400000,323.86,324.38,323.1,323.15
1784841300000,322.77,323.266,322.083,322.26
1784842200000,322.28,323.219,322.159,322.99
1784843100000,323.22,323.782,323.22,323.714
1784844000000,323.75,323.804,323.145,323.25
1784844900000,323.58,324.217,323.321,323.99
1784845800000,324.38,324.63,323.73,324.22
1784846700000,324.18,324.2,323.749,324.01
1784847600000,324.08,324.202,323.855,324.03
1784848500000,324.2,324.361,323.875,324.25
1784849400000,324.1,324.224,323.5,323.81
1784850300000,323.5,323.965,323.108,323.92
1784851200000,324.08,324.84,323.27,324.13
1784852100000,324.13,324.51,323.74,324.14
1784853000000,324.11,324.66,323.56,324.2
1784853900000,324.13,324.16,323.81,324.12
1784854800000,324.16,324.4,323.98,323.98
1784855700000,323.97,324.1,323.57,323.72
1784856600000,323.75,324.32,323.62,324.11
1784857500000,324.1,324.35,323.42,323.49
1784858400000,323.5,323.58,323.07,323.36
1784859300000,323.36,323.36,322.51,322.66
1784860200000,322.54,322.54,321.26,321.34
1784861100000,321.28,321.28,320.12,320.34
1784862000000,320.36,321.2,320.34,320.95
1784862900000,320.85,321.62,320.8,321.57
1784863800000,321.59,321.59,320.82,320.86
1784864700000,320.83,321.28,320.5,321.03
1784865600000,321.05,321.07,320,320.04
1784866500000,320.05,321.8,320.04,321.43
1784867400000,321.43,321.59,320.67,321.36
1784868300000,321.31,321.8,321.19,321.67
1784869200000,321.79,322.48,321.39,322.27
1784870100000,322.28,322.59,321.78,322.06
1784871000000,322.07,322.67,321.8,322.66
1784871900000,322.63,322.86,322.42,322.54
1784872800000,322.52,322.79,322.27,322.65
1784873700000,322.68,323.61,322.63,323.09
1784874600000,323.05,323.36,322.78,322.78
1784875500000,322.79,323.2,322.17,323.19
1784876400000,323.19,324.92,323.15,324.85
1784877300000,324.83,325.07,324.59,324.88
1784878200000,324.82,325.26,324.59,324.93
1784879100000,324.93,324.99,324.51,324.56
1784880000000,323.85,324.221,322.178,323.85
1784880900000,324,324,323.228,323.5
1784881800000,323.59,324.505,323.59,323.59
1784882700000,323.66,323.83,323.49,323.71
1784883600000,322.99,323.9,322.672,322.96
1784884500000,323.48,324.177,323.296,323.77
1784885400000,324.32,324.874,323.8,324.71
1784886300000,324.22,324.66,323.945,324
1784887200000,323.68,324.167,323.578,323.68
1784888100000,323.68,323.888,323.24,323.68
1784889000000,323.7,323.884,323.162,323.71
1784889900000,323.56,323.83,323.428,323.71
1784890800000,323.6,323.602,322.49,322.6
1784891700000,322.52,322.675,321.904,322.36
1784892600000,321.4,322.563,321.26,321.73
1784893500000,321.44,323,321.35,323
1784894400000,322.75,322.914,321.566,322.75
1784895300000,322.52,322.8,322.062,322.15
1784896200000,322.15,322.384,320.764,321.18
1784897100000,321.01,321.827,320.718,321.77
1784898000000,321.738,321.892,320.939,321.364
1784898900000,321.362,323.121,320.539,320.702
1784899800000,320.85,322.88,316.82,317.255
1784900700000,317.39,318.73,314.3,315.5
1784901600000,315.46,317.1,314.12,315.48
1784902500000,315.51,315.82,312.04,312.64
1784903400000,312.45,313.15,308.53,309.71
1784904300000,309.71,312.349,309.01,312.15
1784905200000,312.44,312.6,308.88,311.49
1784906100000,311.43,312.26,308.33,310.34
1784907000000,310.39,311.5,309.71,310.16
1784907900000,310.155,310.97,309.885,310.88
1784908800000,310.915,311.94,309.665,310.47
1784909700000,310.52,311.26,310.26,310.45
1784910600000,310.51,311.2,310,310.59
1784911500000,310.565,310.825,309.205,309.26
1784912400000,309.16,309.3,307.99,308.75
1784913300000,308.76,309.7,308.37,309.38
1784914200000,309.335,309.99,308.01,308.19
1784915100000,308.09,309.83,308,309.49
1784916000000,309.48,309.76,307.81,308.375
1784916900000,308.4,308.815,307.32,307.325
1784917800000,307.335,308.54,306.53,308.47
1784918700000,308.5,309.89,308.335,309.35
1784919600000,309.41,309.88,308.185,308.42
1784920500000,308.44,309.59,308.1,309.405
1784921400000,309.39,310.89,309.25,310.805
1784922300000,310.76,313.24,309.995,312.92
1784923200000,313.67,314.31,312.926,313.25
1784924100000,313.37,313.644,313.263,313.33
1784925000000,313.16,313.34,312.39,313.34
1784925900000,312.551,312.75,312.083,312.64
1784926800000,312.55,313.4,312.422,313.31
1784927700000,313.3,313.514,312.95,313.12
1784928600000,312.97,313.28,312.97,313
1784929500000,313.04,313.165,312.67,312.69
1784930400000,312.61,312.85,312.086,312.37
1784931300000,312.09,312.274,312.005,312.04
1784932200000,312.136,312.5,312.037,312.037
1784933100000,312.08,312.25,311.575,311.79
1784934000000,311.8,311.875,311.615,311.7
1784934900000,311.69,312.06,311.69,311.9
1784935800000,311.75,311.75,311.17,311.199
1784936700000,311.01,311.39,310.879,311.35
1784937600000,311.369,311.369,311.342,311.342
1784938500000,311.37,311.37,311.37,311.37
1784941200000,311.39,311.39,311.34,311.34
1784942100000,311.45,311.45,311.45,311.45
1784943000000,311.45,311.45,311.45,311.45
1784943900000,311.45,311.45,311.45,311.45
1784944800000,311.45,311.45,311.45,311.45
1784947500000,311.46,311.51,311.46,311.51
1784949300000,311.51,311.51,311.38,311.38
1784952000000,311.52,311.52,311.52,311.52
1784953800000,311.54,311.59,311.54,311.59
1784954700000,311.61,311.66,311.5,311.66
1784955600000,311.66,311.66,311.66,311.66
1784958300000,311.66,311.66,311.66,311.66
1784959200000,311.59,311.59,311.59,311.59
1784960100000,311.59,311.59,311.59,311.59
1784961000000,311.55,311.55,311.55,311.55
1784961900000,311.77,311.77,311.71,311.71
1784962800000,311.71,311.71,311.71,311.71
1784963700000,311.87,311.87,311.79,311.79
1784965500000,311.79,311.79,311.48,311.48
1784967300000,311.5,311.5,311.5,311.5
1784968200000,311.48,311.5,311.48,311.5
1784969100000,311.48,311.5,311.47,311.47
1784970000000,311.5,311.5,311.5,311.5
1784970900000,311.5,311.5,311.5,311.5
1784972700000,311.5,311.5,311.5,311.5
1784973600000,311.5,311.5,311.5,311.5
1784974500000,311.5,311.5,311.5,311.5
1784975400000,311.5,311.5,311.47,311.47
1784979900000,311.5,311.5,311.47,311.47
1784980800000,311.5,311.5,311.47,311.47
1784982600000,311.5,311.5,311.5,311.5
1784983500000,311.5,311.5,311.47,311.47
1784984400000,311.43,311.5,311.43,311.5
1784985300000,311.5,311.5,311.5,311.5
1784986200000,311.43,311.43,311.43,311.43
1784987100000,311.43,311.43,311.43,311.43
1784991600000,311.5,311.5,311.5,311.5
1784992500000,311.5,311.5,311.37,311.37
1784993400000,311.3,311.3,311.3,311.3
1784994300000,311.3,311.37,311.3,311.37
1784995200000,311.37,311.37,311.37,311.37
1784997000000,311.37,311.37,311.37,311.37
1784998800000,311.37,311.37,311.24,311.24
1784999700000,311.37,311.37,311.37,311.37
1785001500000,311.37,311.37,311.24,311.24
1785003300000,311.37,311.37,311.37,311.37
1785004200000,311.37,311.37,311.24,311.24
1785006000000,311.37,311.37,311.37,311.37
1785007800000,311.37,311.5,311.37,311.5
1785009600000,311.5,311.5,311.5,311.5
1785015000000,311.5,311.5,311.24,311.24
1785023100000,311.88,311.88,311.24,311.24
1785028500000,311.93,311.98,311.93,311.98
1785030300000,312.15,312.15,312.15,312.15
1785032100000,312.15,312.15,312.15,312.15
1785036600000,312.16,312.16,312.16,312.16
1785037500000,312.04,312.23,312.03,312.23
1785038400000,312.24,312.24,312.24,312.24
1785039300000,312.3,312.3,312.3,312.3
1785040200000,312.11,312.11,312.11,312.11
1785041100000,312.31,312.31,312.11,312.11
1785042000000,312.31,312.46,312.31,312.46
1785042900000,312.5,312.5,312.5,312.5
1785043800000,312.52,312.52,312.34,312.34
1785044700000,312.56,312.56,312.56,312.56
1785045600000,312.34,312.34,312.34,312.34
1785051000000,312.58,312.58,312.58,312.58
1785051900000,312.34,312.34,312.34,312.34
1785055500000,312.58,312.58,312.31,312.31
1785056400000,312.58,312.7,312.57,312.7
1785059100000,312.7,312.7,312.7,312.7
1785060900000,312.71,312.71,312.71,312.71
1785061800000,312.77,312.77,312.77,312.77
1785064500000,312.79,312.9,312.79,312.9
1785067200000,312.62,312.62,312.62,312.62
1785070800000,312.62,312.62,312.54,312.54
1785072600000,312.66,312.66,312.66,312.66
1785073500000,312.66,312.66,312.66,312.66
1785074400000,312.9,312.9,312.9,312.9
1785075300000,312.9,312.9,312.66,312.66
1785077100000,312.9,313.16,312.9,313.16
1785078000000,313.18,313.41,313.18,313.41
1785078900000,313.49,313.52,313.49,313.52
1785079800000,313.59,313.65,313.32,313.57
1785081600000,313.69,313.83,313.65,313.65
1785084300000,313.65,313.65,313.65,313.65
1785087000000,313.9,313.9,313.77,313.77
1785087900000,313.9,313.9,313.9,313.9
1785096000000,313.9,313.9,313.9,313.9
1785096900000,313.91,313.91,313.91,313.91
1785097800000,313.8,313.8,313.8,313.8
1785098700000,313.91,313.91,313.91,313.91
1785101400000,313.57,313.57,313.57,313.57
1785102300000,313.91,313.91,313.57,313.57
1785105000000,313.93,313.93,313.93,313.93
1785107700000,313.93,313.93,313.93,313.93
1785108600000,314.03,314.9,314.03,314.9
1785109500000,314.91,316.08,314.91,316.08
1785110400000,315.34,318.6,314.58,315.71
1785111300000,315.72,315.77,314.23,315.36
1785112200000,315.38,315.59,314.92,315.17
1785113100000,315.17,315.77,315.09,315.16
1785114000000,315.27,315.43,314.47,314.64
1785114900000,314.56,314.59,313.59,313.9
1785115800000,313.91,314.99,313.76,314.72
1785116700000,314.83,315,314.37,314.82
1785117600000,314.91,315.34,314.7,315.01
1785118500000,315.01,315.41,314.94,315.34
1785119400000,315.34,315.46,315,315.36
1785120300000,315.36,315.44,315.07,315.15
1785121200000,315.18,315.26,314.84,315.01
1785122100000,315.14,315.21,314.87,315.13
1785123000000,315.09,315.36,314.81,315.29
1785123900000,315.3,315.46,315.12,315.3
1785124800000,315.32,315.38,315.09,315.3
1785125700000,315.4,315.79,315.34,315.74
1785126600000,315.77,316.38,315.72,316.35
1785127500000,316.36,316.39,314.46,314.66
1785128400000,314.78,315.12,314.44,314.83
1785129300000,314.89,315,314.66,314.93
1785130200000,314.95,315.42,314.9,315.24
1785131100000,315.34,315.63,315.13,315.59
1785132000000,315.61,316.05,315.59,316
1785132900000,316,316.11,315.68,316.11
1785133800000,316.09,316.35,315.98,316.28
1785134700000,316.21,316.57,316.17,316.52
1785135600000,316.48,316.99,316.32,316.99
1785136500000,316.94,317.04,316.75,316.82
1785137400000,316.78,316.89,316.36,316.65
1785138300000,316.64,317.18,316.64,316.83
1785139200000,316.89,317.75,312.253,317.03
1785140100000,317.36,318.242,317.252,317.83
1785141000000,317.71,318.277,317.645,317.71
1785141900000,317.894,317.894,317.521,317.771
1785142800000,317.6,317.775,317.439,317.73
1785143700000,317.444,317.69,317.229,317.404
1785144600000,317.32,317.774,317.21,317.77
1785145500000,317.89,317.956,317.6,317.71
1785146400000,317.69,317.755,317.191,317.41
1785147300000,317.39,317.551,317.169,317.36
1785148200000,317.4,317.525,317.222,317.307
1785149100000,317,317.31,316.722,317
1785150000000,316.854,317.152,316.35,316.431
1785150900000,316,316.575,315.442,315.46
1785151800000,315.6,315.87,315.079,315.41
1785152700000,315.19,315.849,315.112,315.71
1785153600000,315.81,316.372,315.458,315.62
1785154500000,315.54,315.774,315.453,315.74
1785155400000,315.72,316.4,315.29,316.4
1785156300000,316.4,316.87,316.3,316.69
1785157200000,316.68,316.864,315.924,316.6
1785158100000,316.784,316.795,313.02,313.273
1785159000000,313.25,317.01,310.85,314.14
1785159900000,314.325,314.64,308.84,309.2
1785160800000,309.01,310.07,307.74,309.34
1785161700000,309.51,310.2,306.89,306.89
1785162600000,307.119,307.825,304.29,304.672
1785163500000,304.82,309.13,304.678,308.76
1785164400000,308.87,310.69,308.5,309.6
1785165300000,309.68,309.68,307.61,308.53
1785166200000,308.51,308.9,307.035,308.19
1785167100000,308.165,309.26,307.485,308.69
1785168000000,308.885,310.01,308.56,308.77
1785168900000,308.73,310.38,307.36,309.39
1785169800000,309.44,310.33,308.1,308.32
1785170700000,308.36,308.55,307.26,307.769
1785171600000,307.72,307.94,306.71,307.33
1785172500000,307.245,307.83,306.94,307.385
1785173400000,307.36,308.397,307.23,308.38
1785174300000,308.41,308.63,307.48,308.46
1785175200000,308.459,308.76,307.03,307.213
1785176100000,307.14,307.204,305.56,306.48
1785177000000,306.43,306.74,305.44,306.39
1785177900000,306.37,307.73,305.95,307.665
1785178800000,307.66,308.47,307.165,308.075
1785179700000,308.24,308.68,307.87,308.34
1785180600000,308.35,309.135,307.65,308.66
1785181500000,308.63,309.33,307.355,309.1
1785182400000,309.98,309.98,308.86,309.26
1785183300000,309.424,309.54,309.283,309.444
1785184200000,309.5,309.86,309.405,309.72
1785185100000,309.64,309.653,309.215,309.265
1785186000000,309.29,309.687,309.26,309.29
1785186900000,309.27,309.516,308.561,308.59
1785187800000,308.96,308.96,308.595,308.96
1785188700000,308.91,308.934,308.705,308.91
1785189600000,308.89,308.935,308.406,308.59
1785190500000,308.12,308.417,307.95,308.12
1785191400000,307.965,308.335,307.87,308.035
1785192300000,308.035,308.222,307.69,307.85
1785193200000,307.82,307.89,307.357,307.67
1785194100000,307.485,308.225,307.429,308.13
1785195000000,308.01,308.325,307.661,308.09
1785195900000,307.99,308.075,307.385,308.06
1785196800000,308.25,308.47,307.26,307.46
1785197700000,307.51,307.55,306.51,306.92
1785198600000,307.01,307.42,306.63,307.07
1785199500000,306.99,307.01,306.04,306.22
1785200400000,306.28,306.39,305.1,305.3
1785201300000,305.23,306.25,305.22,306.02
1785202200000,306.03,306.19,305.64,306.04
1785203100000,306.04,306.33,305.59,305.74
1785204000000,305.75,305.75,304.83,305.11
1785204900000,305.04,305.7,304.91,304.98
1785205800000,304.97,305,304.53,304.61
1785206700000,304.63,304.79,304.27,304.62
1785207600000,304.65,304.65,303,303.72
1785208500000,303.76,304.72,303.67,303.91
1785209400000,303.91,305.2,303.65,305.2
1785210300000,305.2,305.24,304.75,305.21
1785211200000,305.13,305.13,303.99,303.99
1785212100000,304.14,304.79,304.11,304.23
1785213000000,304.25,304.42,304.05,304.25
1785213900000,304.3,304.68,304.24,304.34
1785214800000,304.35,304.62,304.19,304.24
1785215700000,304.21,304.37,303.77,303.94
1785216600000,303.98,303.98,303.48,303.63
1785217500000,303.63,304.04,303.49,303.67
1785218400000,303.68,303.86,302.89,303.05
1785219300000,303.03,304.11,303.02,303.96
1785220200000,303.96,304.61,303.94,304.33
1785221100000,304.29,304.56,304.04,304.41
1785222000000,304.42,305,304.38,304.94
1785222900000,304.98,305.04,304.29,304.47
1785223800000,304.4,304.66,304.38,304.52
1785224700000,304.52,304.68,304.29,304.68
1785225600000,304.61,307.507,303.652,304.99
1785226500000,304.93,305.647,303.685,305.26
1785227400000,305.25,306.087,305.15,305.87
1785228300000,306.004,306.109,305.68,305.68
1785229200000,305.54,306.095,305.395,305.93
1785230100000,305.75,305.948,305.395,305.87
1785231000000,305.73,305.91,304.81,304.84
1785231900000,305.22,305.509,304.606,304.9
1785232800000,304.84,305.067,304.43,304.84
1785233700000,304.81,304.898,304.393,304.61
1785234600000,304.74,305.439,304.656,304.74
1785235500000,304.85,305.067,304.569,304.88
1785236400000,305.45,305.47,303.74,303.81
1785237300000,304.3,304.927,303.89,304.7
1785238200000,304.06,304.483,303.662,303.7
1785239100000,303.94,304.674,303.763,304.49
1785240000000,304.6,305.334,304.41,304.82
1785240900000,304.99,306.27,304.825,306.27
1785241800000,306.51,307.534,306.128,306.89
1785242700000,307.44,308.01,306.823,307.5
1785243600000,307.25,307.739,306.983,307.09
1785244500000,307.12,307.368,304.69,304.69
1785245400000,305.96,307.17,302.65,305.16
1785246300000,305.16,306.95,302.39,303.59
1785247200000,303.51,305.17,300.69,301.39
1785248100000,301.55,302.64,300.85,302.58
1785249000000,302.58,303.17,301.34,302.535
1785249900000,302.5,305.61,302.24,304.06
1785250800000,304,305.32,303.87,304.53
1785251700000,304.5,306.59,304.37,306.23
1785252600000,306.22,307.44,306.02,307.16
1785253500000,307.171,309.71,306.91,309.623
1785254400000,309.77,311.15,306.94,307.265
1785255300000,307.22,307.28,305.92,306.57
1785256200000,306.55,307.78,306.27,307.24
1785257100000,307.259,308.05,306.9,307.621
1785258000000,307.56,307.83,306.37,306.77
1785258900000,306.79,307.86,306.325,307.19
1785259800000,307.11,307.675,306.345,306.61
1785260700000,306.63,307.39,306.14,307.16
1785261600000,307.14,307.405,305.79,305.97
1785262500000,305.97,307.06,305.958,306.79
1785263400000,306.8,307.52,306.24,306.28
1785264300000,306.33,306.99,305.85,306.56
1785265200000,306.64,306.72,305.54,306.08
1785266100000,306.095,306.96,305.89,306.69
1785267000000,306.73,306.79,305.32,305.6
1785267900000,305.58,307.49,305.1,307.29
1785268800000,307.45,308.76,306.823,306.91
1785269700000,306.9,306.991,306.719,306.82
1785270600000,306.58,306.795,306.424,306.71
1785271500000,306.75,306.75,306.15,306.15
1785272400000,306.53,306.588,306.358,306.55
1785273300000,306.54,306.645,306.385,306.5
1785274200000,306.36,306.4,306.201,306.36
1785275100000,306.29,306.331,305.975,306.02
1785276000000,305.8,306.24,305.8,306.01
1785276900000,305.91,306.074,305.508,305.64
1785277800000,305.01,305.67,304.84,304.84
1785278700000,305.14,305.301,304.293,304.61
1785279600000,304.12,304.65,303.491,304.65
1785280500000,305.19,305.51,304.143,305.34
1785281400000,305.7,306.572,304.853,306.51
1785282300000,306.58,306.813,306.223,306.78
1785283200000,307.14,308.58,306.6,308.28
1785284100000,308.09,308.2,306.8,307.13
1785285000000,307.17,307.17,306.28,306.87
1785285900000,306.99,307.17,306.51,306.68
1785286800000,306.59,306.88,305.51,305.78
1785287700000,305.62,306.35,305.32,306.1
1785288600000,306.05,306.27,305.12,305.27
1785289500000,305.25,305.39,304.3,304.58
1785290400000,304.58,305.13,304.25,304.35
1785291300000,304.32,305.3,303.87,305.3
1785292200000,305.41,305.5,304.67,304.9
1785293100000,304.9,304.91,304.17,304.49
1785294000000,304.41,304.75,304.02,304.38
1785294900000,304.31,304.42,303.72,303.76
1785295800000,303.72,303.86,303.4,303.65
1785296700000,303.68,303.88,302.95,303.31
1785297600000,303.31,303.33,302.44,302.55
1785298500000,302.6,302.95,301.9,302.66
1785299400000,302.63,302.84,301.84,301.89
1785300300000,301.88,303.47,301.77,303.33
1785301200000,303.4,304.41,302.94,304.41
1785302100000,304.33,304.36,303.39,304.24
1785303000000,304.15,304.81,303.96,304.73
1785303900000,304.66,304.92,304.24,304.4
1785304800000,304.26,304.5,303.52,304.25
1785305700000,304.24,304.66,304.06,304.58
1785306600000,304.55,305.5,304.53,305.21
1785307500000,305.2,306.04,305.11,305.84
1785308400000,305.76,306.48,305.62,306.26
1785309300000,306.31,306.69,306.07,306.65
1785310200000,306.59,306.92,306.44,306.51
1785311100000,306.48,306.59,306.16,306.29
1785312000000,306.01,306.815,304.652,305.81
1785312900000,305.01,305.105,304.25,304.61
1785313800000,304.4,305.8,304.4,305.8
1785314700000,305.83,306.385,305.61,305.75
1785315600000,306.4,306.782,305.61,306.4
1785316500000,306.516,306.823,306.215,306.255
1785317400000,306.255,306.928,306.22,306.928
1785318300000,307.58,307.793,306.776,307
1785319200000,307.044,307.472,306.755,306.844
1785320100000,306.847,307.222,306.53,306.86
1785321000000,306.913,307.179,306.39,306.989
1785321900000,307.006,307.062,305.953,306.036
1785322800000,306.71,309.097,306.045,308.04
1785323700000,308.63,308.952,308.411,308.77
1785324600000,308.5,308.71,307.976,308.33
1785325500000,308.5,308.868,308.184,308.5
1785326400000,307.91,308.824,307.73,307.91
1785327300000,307.58,307.889,306.37,306.49
1785328200000,306.5,307.449,306.334,307.06
1785329100000,307.38,307.655,307.09,307.23
1785330000000,307.27,307.5,306.826,306.995
1785330900000,306.91,307.303,306.51,306.86
1785331800000,306.71,308.64,304.69,305.55
1785332700000,305.575,306.33,303.86,305.47
1785333600000,305.54,306.49,304.335,304.59
1785334500000,304.527,305.77,302.59,303.339
1785335400000,303.5,304.43,302.29,302.71
1785336300000,302.73,303.41,301.96,302.91
1785337200000,302.86,303.28,301.78,302.255
1785338100000,302.16,303.15,302.01,302.633
1785339000000,302.631,303.615,302.43,302.52
1785339900000,302.49,302.71,300.59,301.485
1785340800000,301.48,301.85,299.83,300.19
1785341700000,300.23,301.15,299.7,300.92
1785342600000,300.904,301.81,300.77,301.405
1785343500000,301.33,302.26,301.135,302.25
1785344400000,302.27,303.89,302.1,303.785
1785345300000,303.795,304.14,302.38,302.38
1785346200000,302.31,303.11,301.92,302.53
1785347100000,302.413,303.3,302.11,302.973
1785348000000,303.004,305.51,303.004,303.96
1785348900000,303.99,304.59,302.27,302.56
1785349800000,302.75,304.775,301.71,304.51
1785350700000,304.38,307.44,304.27,307.155
1785351600000,307.16,307.94,303.84,304.677
1785352500000,304.51,305.13,301.35,302.095
1785353400000,302.15,302.555,297.74,297.9
1785354300000,298.01,298.72,297.42,298.22
1785355200000,298.424,298.437,296.589,297.017
1785356100000,296.89,297.058,293.44,294.55
1785357000000,294.51,296.275,294.433,295.975
1785357900000,295.84,296.4,295.588,296.25
1785358800000,295.5,296.195,294.806,294.84
1785359700000,294.69,295.17,294.69,295.13
1785360600000,294.84,294.949,294.045,294.29
1785361500000,294.13,295.2,293.812,295.16
1785362400000,295.96,297.626,295.208,297.19
1785363300000,296.84,297.38,296.805,297.03
1785364200000,297.43,297.569,297.191,297.5
1785365100000,297.55,297.55,297.016,297.11
1785366000000,297.4,297.713,297.17,297.46
1785366900000,297.5,297.641,297.335,297.41
1785367800000,297.3,297.549,297.113,297.46
1785368700000,297.01,297.153,296.518,296.99
1785369600000,297.3,298.98,296.73,298.35
1785370500000,298.33,298.79,297.83,298.73
1785371400000,298.69,298.94,297.19,297.49
1785372300000,297.47,298.3,297.3,298.15
1785373200000,298.1,299.96,298.1,298.77
1785374100000,298.9,299.8,298.76,299.71
1785375000000,299.7,301.09,299.68,300.51
1785375900000,300.55,301.1,300.43,300.86
1785376800000,300.7,301.11,300.3,300.37
1785377700000,300.34,300.53,299.79,300.12
1785378600000,300.06,300.06,299.08,299.81
1785379500000,299.81,300.43,299.44,299.46
1785380400000,299.49,300.07,298.67,299.01
1785381300000,298.99,299.3,298.57,299.18
1785382200000,299.29,299.62,298.62,299.32
1785383100000,299.43,299.91,299.29,299.39
1785384000000,299.32,299.49,298.33,298.42
1785384900000,298.49,299.52,297.99,299.52
1785385800000,299.39,299.46,298.04,298.1
1785386700000,298.11,298.51,297.59,297.67
1785387600000,297.67,297.79,297.04,297.41
1785388500000,297.61,298.13,297.44,297.99
1785389400000,297.85,298.56,297.78,298.56
1785390300000,298.56,298.8,297.89,298.24
1785391200000,298.2,298.72,297.86,298.3
1785392100000,298.2,299.11,297.91,298.76
1785393000000,298.75,298.75,298.26,298.33
1785393900000,298.33,300.01,297.99,298.31
1785394800000,298.4,299.81,298.28,299.81
1785395700000,299.81,300.01,298.92,299.28
1785396600000,299.09,299.3,298.55,299.26
1785397500000,299.07,299.38,298.82,299.01
1785398400000,299.19,300.3,296.925,300.01
1785399300000,300.051,300.843,299.85,300.794
1785400200000,300.93,300.939,300.269,300.8
1785401100000,300.329,300.399,299.747,299.991
1785402000000,299.998,300.452,299.856,300.452
1785402900000,300.51,300.901,300.3,300.49
1785403800000,300.78,301.283,300.604,301.09
1785404700000,301.01,301.444,300.888,301.01
1785405600000,300.887,301.26,300.725,301.226
1785406500000,301.87,302.396,301.225,301.87
1785407400000,302.43,302.951,302.366,302.73
1785408300000,302.86,303.162,302.267,302.53
1785409200000,303.01,303.455,302.272,303.2
1785410100000,302.98,303.773,302.856,303.61
1785411000000,303.3,303.788,303.094,303.65
1785411900000,303.59,303.91,303.21,303.21
1785412800000,303.41,304.268,303.248,304.11
1785413700000,304.076,304.076,303.369,303.487
1785414600000,303.516,305.047,303.46,304.553
1785415500000,304.6,304.643,304.056,304.33
1785416400000,304.33,304.933,304.23,304.88
1785417300000,304.68,304.73,303.025,304.47
1785418200000,302.495,307.45,301.52,306.125
1785419100000,306.055,307.84,304.82,307.07
1785420000000,307.01,308.64,305.23,305.691
1785420900000,305.745,309.095,305.4,309.095
1785421800000,309.06,309.08,306.15,306.56
1785422700000,306.47,307,303.89,304.805
1785423600000,304.793,306.42,303.53,304.805
1785424500000,304.71,305.5,304.17,304.533
1785425400000,304.42,306.09,304.4,305.71
1785426300000,305.67,306.445,305.175,305.26
1785427200000,305.25,307.04,304.945,306.775
1785428100000,306.77,307.49,306.49,307
1785429000000,306.96,307.11,304.52,304.92
1785429900000,304.86,306.18,304.69,306.18
1785430800000,306.195,306.45,305.41,305.76
1785431700000,305.77,307.445,305.77,306.89
1785432600000,306.881,308.4,306.71,307.5
1785433500000,307.519,308.06,307.31,307.657
1785434400000,307.66,307.87,306.83,307.64
1785435300000,307.675,307.99,307.46,307.57
1785436200000,307.58,307.86,307.04,307.82
1785437100000,307.875,308.22,307.51,308.04
1785438000000,308.03,310.08,308.03,309.3
1785438900000,309.33,310.4,309.13,309.9
1785439800000,309.97,310.87,309.655,309.66
1785440700000,309.62,310.06,308.185,308.59
1785441600000,308.72,308.72,307.12,307.603
1785442500000,307.47,307.818,307.156,307.44
1785443400000,307.49,308.089,307.49,307.9
1785444300000,307.51,308.017,307.51,307.55
1785445200000,308.41,309.192,308.002,308.41
1785446100000,309.2,309.324,308.6,308.61
1785447000000,308.63,308.875,308.586,308.8
1785447900000,308.95,309.27,308.73,308.95
1785448800000,308.86,309.59,308.855,309.45
1785449700000,309.581,309.613,309.104,309.416
1785450600000,309.422,309.742,309.14,309.651
1785451500000,309.685,309.805,309.45,309.74
1785452400000,309.81,309.86,309.31,309.31
1785453300000,309.3,309.421,308.893,309.3
1785454200000,308.85,309.328,308.85,309.15
1785455100000,309.26,309.26,309.015,309.26
1785456000000,309.2,310.34,308.2,310.21
1785456900000,310.28,310.51,309.69,310.3
1785457800000,310.36,311.2,310.32,311.18
1785458700000,311.2,311.82,310.86,311.78
1785459600000,311.77,322.68,311.77,318.44
1785460500000,318.43,319.51,317.4,317.62
1785461400000,317.6,317.76,314.99,315.39
1785462300000,315.41,315.69,313.94,315.69
1785463200000,315.57,315.93,314.01,314.01
1785464100000,314.02,314.51,310.97,313.16
1785465000000,313.27,314.31,312.9,314.31
1785465900000,314.31,315.25,313.99,314.21
1785466800000,314.29,314.29,312.55,312.75
1785467700000,312.86,314.36,312.74,314.23
1785468600000,314.24,314.59,305.23,311.78
1785469500000,311.75,312.76,311.49,311.69
1785470400000,311.7,311.94,310.84,311.87
1785471300000,311.86,313.59,311.72,313.53
1785472200000,313.53,314.4,313.24,314.09
1785473100000,314.09,314.48,313.9,314.39
1785474000000,314.26,315.26,314.12,314.65
1785474900000,314.68,315.51,314.55,315.11
1785475800000,315.1,315.19,314.14,314.69
1785476700000,314.68,315.22,314.31,315.21
1785477600000,315.13,315.24,313.49,315.14
1785478500000,315.13,316.52,314.59,316.4
1785479400000,316.41,316.41,314.7,314.86
1785480300000,314.8,315.72,314.56,315.09
1785481200000,315.05,316.66,314.88,316.3
1785482100000,316.21,316.79,316,316.7
1785483000000,316.61,316.61,316.1,316.2
1785483900000,316.22,316.31,315.75,316.25
1785484800000,315.4,316.471,310.234,315.55
1785485700000,316.458,317.249,316.366,317.181
1785486600000,317.02,317.155,315.91,316.88
1785487500000,316.27,316.48,316.012,316.27
1785488400000,316,316.461,315.548,315.77
1785489300000,315.16,315.82,314.577,314.76
1785490200000,314.753,314.812,313.815,313.815
1785491100000,313.95,314.424,313.335,313.38
1785492000000,314.13,314.41,313.335,314.13
1785492900000,314.62,314.827,314.22,314.64
1785493800000,314.59,314.598,314.078,314.59
1785494700000,314.59,314.797,313.505,314.59
1785495600000,313.33,314.37,313.138,313.49
1785496500000,313.12,313.353,312.236,312.73
1785497400000,312.45,312.672,311.86,312.23
1785498300000,312.19,312.857,311.945,312.535
1785499200000,312.58,312.867,312.043,312.19
1785500100000,311.99,312.207,311.53,311.97
1785501000000,311.51,312.172,310.953,310.99
1785501900000,310.99,311.246,310.146,310.39
1785502800000,309.99,310.295,309.187,310.08
1785503700000,310.05,310.403,308.99,308.99
1785504600000,309.725,315.37,308.69,309.16
1785505500000,309.11,309.51,305.79,306.34
1785506400000,306.36,306.67,301.97,303.03
1785507300000,302.93,305.245,302.66,304.24
1785508200000,304.51,306.38,304.23,306.025
1785509100000,305.864,310.16,305.864,308.862
1785510000000,308.855,308.868,306.87,307.78
1785510900000,307.65,309.05,305.52,305.72
1785511800000,305.81,307.95,305.43,306.5
1785512700000,306.51,307.855,306,307.578
1785513600000,307.55,308.325,307.52,307.97
1785514500000,308.07,309.4,307.36,309.4
1785515400000,309.41,309.805,308.72,308.97
1785516300000,308.965,310.21,308.725,309.827
1785517200000,309.86,311.08,309.714,310.415
1785518100000,310.42,310.935,309.78,310.49
1785519000000,310.5,310.69,309.83,310.16
1785519900000,310.175,311.49,310.151,311.11
1785520800000,311.02,311.5,310.93,311.21
1785521700000,311.25,312.13,310.73,310.88
1785522600000,310.93,311.152,310.19,310.59
1785523500000,310.65,311.49,310.54,310.87
1785524400000,310.927,311.1,309.94,310.158
1785525300000,310.17,311.07,309.765,310.44
1785526200000,310.455,311.87,309.92,311.65
1785527100000,311.7,313.14,311.06,311.2
1785528000000,310.6,311.184,309.574,310.02
1785528900000,310.01,310.099,309.905,310
1785529800000,309.9,310.181,309.84,309.9
1785530700000,310.08,310.167,309.509,309.55
1785531600000,309.508,310.108,309.446,309.95
1785532500000,309.95,310,309.656,309.955
1785533400000,309.955,310.145,309.8,309.875
1785534300000,309.73,309.904,309.57,309.73
1785535200000,309.62,309.844,309.565,309.62
1785536100000,309.654,309.75,309.575,309.575
1785537000000,309.575,309.84,309.575,309.84
1785537900000,309.61,309.84,309.546,309.69
1785538800000,309.55,309.65,309.4,309.595
1785539700000,309.61,309.795,309.54,309.68
1785540600000,309.63,309.785,309.605,309.63
1785541500000,309.65,310.05,309.33,309.33
1785542400000,309.317,309.317,309.251,309.251
1785545100000,309.77,309.81,309.77,309.81
1785548700000,309.86,310.13,309.86,310.13
1785552300000,310.08,310.08,310.08,310.08
1785553200000,310.08,310.08,309.89,309.89
1785554100000,309.95,309.95,309.85,309.85
1785555000000,310.25,310.25,309.91,309.91
1785557700000,309.91,309.91,309.91,309.91
1785560400000,310.27,310.52,309.91,309.97
1785564000000,310.53,310.53,309.97,309.97
1785569400000,310.53,310.53,310.53,310.53
1785571200000,310.55,310.63,310.34,310.34
1785577500000,310.61,310.61,310.61,310.61
1785579300000,310.61,310.61,310.53,310.53
1785581100000,310.5,310.5,310.5,310.5
1785582000000,310.5,310.5,310.34,310.5
1785582900000,310.34,310.5,310.34,310.34
1785583800000,310.34,310.34,309.42,309.45
1785588300000,310.52,310.52,309.52,309.52
1785589200000,309.52,309.52,309.52,309.52
1785591000000,310.52,310.52,309.49,309.49
1785593700000,310.62,310.67,309.49,309.49
1785596400000,310.67,310.7,309.49,309.49
1785597300000,309.49,309.49,309.44,309.44
1785598200000,309.51,309.51,309.37,309.37
1785600000000,309.45,309.45,309.45,309.45
1785601800000,309.32,309.32,309.3,309.3
1785602700000,309.28,309.28,309.14,309.14
1785603600000,309.45,309.45,308.99,308.99
1785604500000,308.96,308.96,308.77,308.77
1785605400000,308.7,308.7,308.65,308.65
1785606300000,308.93,308.93,308.61,308.61
1785607200000,308.55,308.55,308.42,308.42
1785608100000,308.37,308.37,308.3,308.3
1785609000000,308.23,308.23,307.8,307.8
1785609900000,307.77,307.77,307.7,307.7
1785610800000,307.96,308.07,307.96,308.07
1785614400000,308.04,308.04,307.63,307.63
1785616200000,307.6,307.6,307.6,307.6
1785618000000,307.58,307.58,307.58,307.58
1785618900000,307.97,307.97,307.97,307.97
1785622500000,308,308,308,308
1785627000000,308,308,308,308
1785632400000,308,308.09,307.94,308.09
1785634200000,308.28,308.28,307.54,307.88
1785635100000,308.34,308.34,308.34,308.34
1785636000000,308.34,308.85,308.34,308.85
1785640500000,308.85,309.38,308.81,309.38
1785641400000,309.53,309.95,309.53,309.95
1785647700000,310.17,310.17,310.17,310.17
1785650400000,310.19,310.19,310.19,310.19
1785657600000,310.2,310.27,310.2,310.27
1785658500000,310.34,310.45,310.34,310.45
1785661200000,310.49,310.55,310.49,310.55
1785663900000,310.57,310.57,310.57,310.57
1785665700000,310.57,310.57,310.57,310.57
1785669300000,310.39,310.39,310.39,310.39
1785675600000,310.39,310.39,310.39,310.39
1785677400000,310.39,310.58,310.36,310.36
1785684600000,310.58,310.59,310.58,310.59
1785686400000,310.64,311.92,310.64,311.92
1785688200000,312.13,312.38,312.13,312.38
1785689100000,312.46,312.46,312.46,312.46
1785690000000,312.46,312.57,312.46,312.57
1785690900000,312.59,312.59,312.59,312.59
1785692700000,312.64,312.64,312.47,312.47
1785693600000,312.72,312.72,312.72,312.72
1785696300000,312.72,312.76,312.35,312.76
1785700800000,312.8,312.8,312.8,312.8
1785704400000,312.85,312.85,312.85,312.85
1785708000000,312.87,313.03,312.87,313.03
1785708900000,313.06,313.14,313.06,313.14
1785709800000,313.15,313.4,313.15,313.4
1785712500000,313.19,313.19,312.64,312.77
1785713400000,313.34,313.34,313.34,313.34
1785714300000,313.34,313.74,313.34,313.74
1785715200000,313.02,314.01,311.6,313.05
1785716100000,313.05,313.62,311.81,312.34
1785717000000,312.53,313.11,312.08,313.01
1785717900000,312.99,313.55,312.62,313.34
1785718800000,313.27,314,313.09,313.4
1785719700000,313.35,313.52,312.88,313.41
1785720600000,313.3,313.51,312.91,313.4
1785721500000,313.5,314.12,313.41,314.02
1785722400000,314.14,314.68,313.88,314.41
1785723300000,314.41,314.71,313.91,313.98
1785724200000,314.01,314.39,313.99,314.19
1785725100000,314.19,314.72,314.15,314.7
1785726000000,314.67,314.69,314.17,314.37
1785726900000,314.38,314.4,313.82,314.03
1785727800000,314.03,314.55,313.84,314.54
1785728700000,314.54,314.73,314.28,314.57
1785729600000,314.57,315.35,314.32,315.3
1785730500000,315.34,316.05,315.07,315.3
1785731400000,315.35,315.5,314.78,314.98
1785732300000,314.98,315.17,314.4,314.47
1785733200000,314.56,314.76,314.28,314.46
1785734100000,314.46,314.92,314.12,314.78
1785735000000,314.85,315.09,314.68,314.8
1785735900000,314.81,314.82,314.35,314.5
1785736800000,314.5,314.72,314.22,314.34
1785737700000,314.27,314.54,314.01,314.14
1785738600000,314.19,314.4,313.67,313.82
1785739500000,313.86,314.07,313.75,313.98
1785740400000,314.04,314.24,313.79,314.17
1785741300000,314.12,314.25,313.8,314.13
1785742200000,314.16,314.26,313.49,313.58
1785743100000,313.51,313.7,313.4,313.58
1785744000000,310.009,315.05,310.009,314.992
1785744900000,315.05,315.167,313.776,314.07
1785745800000,314.78,314.924,313.905,314.78
1785746700000,314.882,314.944,314.579,314.722
1785747600000,314.51,314.835,314.36,314.36
1785748500000,314.671,314.68,314.445,314.45
1785749400000,314.34,314.515,314.122,314.34
1785750300000,314.35,314.655,314.226,314.63
1785751200000,314.657,314.738,314.083,314.25
1785752100000,314.235,314.355,313.76,314.23
1785753000000,314.231,314.357,313.953,314.035
1785753900000,313.82,314.04,313.551,313.82
1785754800000,313.69,314.005,312.331,312.52
1785755700000,312.95,313.65,312.838,313.21
1785756600000,313.277,313.788,312.65,312.95
1785757500000,312.93,312.95,311.625,311.66
1785758400000,311.75,312.003,310.975,311.8
1785759300000,312.14,312.331,311.631,312.14
1785760200000,312.1,312.549,311.926,312.42
1785761100000,312.553,312.923,312.333,312.528
1785762000000,312.68,313.081,312.468,312.48
1785762900000,312.66,313.162,309.43,310.01
1785763800000,310.81,318.32,310.464,317.31
1785764700000,317.39,319.3,315.25,318.88
1785765600000,318.67,319.37,316.96,317.18
1785766500000,317.32,318.79,317.15,318.64
1785767400000,318.75,320.02,317.46,319.59
1785768300000,319.71,322.3,319.57,322.23
1785769200000,322.19,322.515,321.545,322.012
1785770100000,322.018,324.16,322.018,323.182
1785771000000,323.16,324.07,322.63,322.63
1785771900000,322.71,323.69,322.53,323.395
1785772800000,323.39,324.022,323,323.76
1785773700000,323.745,323.915,321.87,322.06
1785774600000,322.055,322.325,320.58,320.99
1785775500000,320.96,320.995,319.915,319.98
1785776400000,319.995,321.441,319.42,321.34
1785777300000,321.21,322.17,321.195,322.11
1785778200000,322.09,322.64,321.98,322.528
1785779100000,322.56,323.01,322.165,322.32
1785780000000,322.35,323.02,321.91,322.38
1785780900000,322.35,322.71,321.33,321.42
1785781800000,321.51,322.67,321.04,322.67
1785782700000,322.66,323.81,322.32,323.5
1785783600000,323.56,324.62,322.49,322.55
1785784500000,322.64,323.21,322.52,322.75
1785785400000,322.77,323.19,322.35,322.55
1785786300000,322.54,322.56,321.2,322.08
1785787200000,322.15,322.79,321.772,322.79
1785788100000,322.47,322.608,322.4,322.42
1785789000000,322.59,322.665,322.294,322.49
1785789900000,322.542,322.613,322.09,322.38
1785790800000,322.374,322.63,322.346,322.404
1785791700000,322.49,322.62,322.401,322.49
1785792600000,322.5,322.809,322.384,322.52
1785793500000,322.755,323,322.755,322.855
1785794400000,322.855,322.875,322.69,322.74
1785795300000,322.74,322.849,322.735,322.752
1785796200000,322.9,322.925,322.721,322.76
1785797100000,322.9,322.925,322.725,322.74
1785798000000,322.69,322.99,322.69,322.99
1785798900000,322.868,322.95,322.855,322.92
1785799800000,322.92,322.984,322.812,322.92
1785800700000,322.93,322.949,322.704,322.77
1785801600000,322.08,323.02,322.05,322.7
1785802500000,322.8,322.8,321,321
1785803400000,321.36,321.62,320.85,321.5
1785804300000,321.52,321.84,321.19,321.34
1785805200000,321.46,321.58,320.66,321.46
1785806100000,321.6,322.1,321.35,322.07
1785807000000,322,322.75,321.96,322.71
1785807900000,322.8,323.84,322.8,323.83
1785808800000,323.8,323.94,323.06,323.17
1785809700000,323.14,323.18,322.57,322.68
1785810600000,322.76,323.52,322.76,323.46
1785811500000,323.44,323.5,323.24,323.34
1785812400000,323.37,323.57,322.99,323.01
1785813300000,323.03,323.39,322.97,323.39
1785814200000,323.44,323.85,323.44,323.52
1785815100000,323.52,324.07,323.43,324.01
1785816000000,323.93,324.23,323.84,323.98
1785816900000,323.98,324.25,323.98,324.19
1785817800000,324.24,324.32,324.12,324.29
1785818700000,324.3,324.67,324.29,324.49
1785819600000,324.5,324.5,324.2,324.31
1785820500000,324.28,324.86,324.28,324.83
1785821400000,324.77,325.45,324.77,325.45
1785822300000,325.45,325.55,325.32,325.54
1785823200000,325.54,325.77,325.36,325.36
1785824100000,325.43,326.01,325.37,325.75
1785825000000,325.75,325.83,325.18,325.25
1785825900000,325.26,325.39,324.74,324.91
1785826800000,324.91,325.5,324.87,325.02
1785827700000,325.17,325.48,325.01,325.3
1785828600000,325.31,325.38,325.01,325.05
1785829500000,325.05,325.28,324.88,324.99
1785830400000,322.775,326.249,322.775,325.599
1785831300000,325.4,325.765,324.919,325.37
1785832200000,324.84,325.01,324.61,324.62
1785833100000,324.48,324.75,324.33,324.43
1785834000000,324.16,324.41,323.46,323.66
1785834900000,323.46,323.789,322.99,323.789
1785835800000,323.79,324.485,323.79,324.305
1785836700000,324.01,324.387,323.805,324.01
1785837600000,324.41,324.5,323.905,324
1785838500000,323.94,324.08,323.505,323.94
1785839400000,323.94,323.952,322.501,323.726
1785840300000,324,324.025,323.45,323.83
1785841200000,323.85,324.9,323.85,324.19
1785842100000,324.37,324.745,324.076,324.21
1785843000000,324.01,324.62,323.429,324.62
1785843900000,324.51,325.824,324.324,325.61
1785844800000,325.7,325.762,325.225,325.54
1785845700000,325.51,325.712,324.883,325.06
1785846600000,324.91,325.249,324.51,324.9
1785847500000,324.81,324.862,324.212,324.399
1785848400000,324.4,324.414,324.006,324.19
1785849300000,323.4,324.741,323.357,323.91
1785850200000,324.04,326.88,321.1,321.55
1785851100000,321.64,323.32,321.23,321.73
1785852000000,321.81,325.39,320.79,324.89
1785852900000,324.775,325.2,322.79,323.655
1785853800000,323.6,323.99,322.8,323.72
1785854700000,323.65,324.44,323.29,324.07
1785855600000,324.08,324.95,323.87,324.36
1785856500000,324.363,325.03,323.8,323.912
1785857400000,323.905,324.51,322.87,323.99
1785858300000,324,324.88,323.685,324.245
1785859200000,324.24,325.74,324.24,324.57
1785860100000,324.599,325.6,324.57,324.604
1785861000000,324.603,325.125,324.35,324.882
1785861900000,324.75,325.23,324.65,325.19
1785862800000,325.22,326.39,325.196,326.19
1785863700000,326.34,327.42,325.93,327.04
1785864600000,327.06,327.21,326.64,326.782
1785865500000,326.777,327.02,325.44,325.64
1785866400000,325.52,326.41,325.06,326.305
1785867300000,326.38,326.715,326.115,326.45
1785868200000,326.505,327.71,326.473,327.605
1785869100000,327.64,328.77,327.623,328.114
1785870000000,328.07,329.47,328.05,329.274
1785870900000,329.36,329.56,327.56,327.72
1785871800000,327.81,328.535,327.7,328.08
1785872700000,328.04,328.45,326.61,327.37
1785873600000,327.371,328.2,325.907,327.229
1785874500000,326.92,327.225,325.01,325.01
1785875400000,326.13,326.356,325.606,326
1785876300000,325.56,326.066,325.002,325.89
1785877200000,325.89,326.749,325.75,326.01
1785878100000,325.75,325.763,325.28,325.725
1785879000000,325.49,325.728,324.185,324.4
1785879900000,324.01,324.52,323.62,323.71
1785880800000,324.29,325.342,323.809,324.96
1785881700000,325.11,325.117,324.746,325.099
1785882600000,325.099,325.58,325.047,325.047
1785883500000,325.04,325.59,325.027,325.04
1785884400000,325.61,326.308,325.391,325.59
1785885300000,325.91,326.37,325.735,326.307
1785886200000,326.317,326.366,325.413,325.56
1785887100000,325.61,325.61,325.307,325.4
1785888000000,325.62,325.9,325.13,325.81
1785888900000,325.86,326.07,325.51,325.97
1785889800000,326.09,326.34,325.91,326
1785890700000,325.9,326.07,325.53,325.7
1785891600000,325.78,325.96,325.27,325.81
1785892500000,325.76,325.76,324.99,325.17
1785893400000,325.19,325.6,325.17,325.55
1785894300000,325.58,326.04,325.58,325.83
1785895200000,325.88,326.01,325.74,325.88
1785896100000,325.88,325.92,325.68,325.81
1785897000000,325.77,326,325.7,325.99
1785897900000,325.96,326.03,325.8,325.99
1785898800000,325.99,326.3,325.99,326.22
1785899700000,326.29,326.4,326.09,326.18
1785900600000,326.19,326.41,326.17,326.35
1785901500000,326.39,326.84,326.21,326.84
1785902400000,326.85,327.21,326.81,326.88
1785903300000,326.92,326.94,326.55,326.69
1785904200000,326.7,326.91,326.69,326.86
1785905100000,326.8,327.19,326.64,327.06
1785906000000,327.01,327.44,326.89,327.36
1785906900000,327.39,327.78,327.29,327.58
1785907800000,327.58,327.58,327.1,327.44
1785908700000,327.41,328.07,327.39,328.01
1785909600000,328.04,328.21,327.08,328.13
1785910500000,328.09,328.12,327.66,327.8
1785911400000,327.82,328.3,327.81,328.11
1785912300000,328.15,328.51,328.15,328.43
1785913200000,328.43,328.5,328.12,328.22
1785914100000,328.24,328.24,327.68,327.68
1785915000000,327.72,327.91,327.04,327.04
1785915900000,327.1,327.5,327.07,327.5
1785916800000,328.01,328.289,325.714,327.3
1785917700000,326.33,327.298,324.635,324.98
1785918600000,324.73,325.034,323.525,323.96
1785919500000,324.34,324.875,323.85,324.64
1785920400000,324.52,324.844,324.314,324.675
1785921300000,324.21,324.73,324.08,324.21
1785922200000,324.91,325.129,324.4,324.77
1785923100000,324.58,324.634,324.328,324.57
1785924000000,324.43,324.43,323.405,323.5
1785924900000,323.404,324.016,323.243,323.32
1785925800000,323.89,324.112,323.32,323.89
1785926700000,323.87,324.394,323.842,323.98
1785927600000,324.29,324.74,323.662,324.74
1785928500000,324.99,325.4,324.439,325.19
1785929400000,324.725,325.163,324.301,324.979
1785930300000,324.45,325.029,324.045,324.3
1785931200000,324.5,324.828,324.25,324.71
1785932100000,324.73,325.018,324.406,324.74
1785933000000,324.81,324.885,324.153,324.6
1785933900000,324.483,324.581,323.69,323.891
1785934800000,324,324.294,323.459,323.5
1785935700000,323.29,323.75,322.39,323.75
1785936600000,323.65,325.74,320.5,324.845
1785937500000,324.93,326.76,323.89,325.655
1785938400000,325.045,325.049,325.045,325.049
1785939300000,324.071,324.071,324.071,324.071
1785940200000,324.01,324.84,323.49,324.46
1785941100000,324.52,324.52,322.41,323.04
1785942000000,323.07,323.985,322.4,322.43
1785942900000,322.36,323.05,321,322.27
1785943800000,322.307,323.575,322.22,323.105
1785944700000,323.11,323.26,321.69,321.9
1785945600000,321.875,322.96,321.77,322.54
1785946500000,322.56,323.72,322.28,323.59
1785947400000,323.65,323.68,322.685,323.365
1785948300000,323.42,324.4,323.24,323.656
1785949200000,323.7,324.005,323.318,323.645
1785950100000,323.525,323.95,322.96,323.005
1785951000000,322.99,323.61,322.69,323.145
1785951900000,323.2,323.2,321.98,322.185
1785952800000,322.157,322.855,322.094,322.761
1785953700000,322.752,322.85,321.855,321.948
1785954600000,321.99,321.99,320.56,320.715
1785955500000,320.71,321,320.295,320.53
1785956400000,320.51,322.07,320.46,322.07
1785957300000,322.11,323,321.875,322.725
1785958200000,322.71,322.81,321.93,322.125
1785959100000,322.13,322.77,321.285,321.45
1785960000000,320.81,321.485,320.441,320.51
1785960900000,321.08,321.328,320.802,321.328
1785961800000,321.29,321.376,321.006,321.07
1785962700000,321.2,321.605,321.2,321.555
1785963600000,321.5,321.649,321.46,321.5
1785964500000,321.66,321.879,321.5,321.76
1785965400000,321.74,321.74,321.607,321.66
1785966300000,321.55,321.713,321.5,321.5
1785967200000,321.555,322.3,321.555,322.075
1785968100000,322.55,322.624,322.075,322.5
1785969000000,322.6,322.81,322.41,322.81
1785969900000,322.56,322.603,322.074,322.31
1785970800000,321.87,322.22,321.8,321.87
1785971700000,322.22,322.72,322.22,322.556
1785972600000,322.555,322.555,322.016,322.11
1785973500000,322.02,322.11,321.197,322.02
1785974400000,321.74,322.21,321.35,322.12
1785975300000,322.04,322.37,321.66,321.66
1785976200000,321.69,321.95,321.37,321.48
1785977100000,321.55,321.74,321.11,321.35
1785978000000,321.32,321.34,320.62,321.11
1785978900000,321.18,321.18,319.86,320.11
1785979800000,320.31,320.96,320.13,320.57
1785980700000,320.59,321.1,320.56,320.69
1785981600000,320.69,321.62,320.69,321.25
1785982500000,321.5,321.59,321.25,321.25
1785983400000,321.18,322.19,320.99,322.19
1785984300000,322.2,322.2,321.7,321.85
1785985200000,321.75,322.05,321.73,321.86
1785986100000,321.86,321.95,321.2,321.51
1785987000000,321.52,321.76,321.28,321.57
1785987900000,321.58,322,321.35,321.87
1785988800000,321.83,322.1,321.4,321.94
1785989700000,321.93,322.2,321.79,322.17
1785990600000,322.08,322.38,321.79,321.96
1785991500000,321.96,322.23,321.81,322.23
1785992400000,322.21,322.39,322.07,322.14
1785993300000,322.19,322.38,321.99,322.13
1785994200000,322.16,322.19,321.83,322.15
1785995100000,322.11,322.16,321.75,322.04
1785996000000,322.12,322.12,321.65,321.81
1785996900000,321.76,321.89,321.45,321.85
1785997800000,321.85,321.87,321.57,321.64
1785998700000,321.69,321.77,321.47,321.65
1785999600000,321.59,322.09,321.45,321.97
1786000500000,321.99,322.1,321.61,321.84
1786001400000,321.83,321.89,321.45,321.65
1786002300000,321.63,321.73,321.31,321.33
1786003200000,321.42,321.827,321.19,321.42
1786004100000,321.51,322.254,321.239,321.51
1786005000000,322.217,322.3,321.94,322.181
1786005900000,321.92,322.285,321.875,321.97
1786006800000,322.065,322.14,321.066,321.066
1786007700000,321.065,321.415,321.009,321.415
1786008600000,321.42,321.557,321.415,321.42
1786009500000,321.81,322.075,321.55,321.82
1786010400000,322.12,322.12,321.91,322.12
1786011300000,322.01,322.09,321.753,321.81
1786012200000,321.974,321.974,321.397,321.397
1786013100000,321.76,321.783,321.39,321.47
1786014000000,321.398,321.534,320.87,321.336
1786014900000,321.47,321.72,321.335,321.55
1786015800000,322.16,322.2,321.652,321.8
1786016700000,321.75,321.905,321.549,321.7
1786017600000,321.52,321.735,321.24,321.42
1786018500000,321.24,321.724,321.017,321.5
1786019400000,321.555,321.75,321.383,321.741
1786020300000,321.743,321.79,321.065,321.077
1786021200000,320.91,321.085,319.59,319.59
1786022100000,319.602,319.602,317.032,317.032
1786023000000,316.62,319.46,315.59,318.493
1786023900000,318.45,320.83,318.07,320.245
1786024800000,320.285,321.245,319.28,321.12
1786025700000,321.205,321.885,320.3,320.8
1786026600000,320.744,322.01,320.3,320.384
1786027500000,320.3,322.21,319.1,322.168
1786028400000,322.125,322.99,320.87,322.365
1786029300000,322.45,322.99,320.01,321.68
1786030200000,321.648,322.24,320.29,320.571
1786031100000,320.43,321.52,319.49,319.694
1786032000000,319.73,319.892,318.59,318.79
1786032900000,318.69,319.01,318.39,318.605
1786033800000,318.9,319.21,318.53,318.6
1786034700000,318.61,319.34,318.15,318.935
1786035600000,319.02,319.405,318.35,318.455
1786036500000,318.456,318.514,317.735,317.95
1786037400000,318,318.15,317.28,317.38
1786038300000,317.5,318.51,317.437,318.335
1786039200000,318.345,318.56,317.81,318.489
1786040100000,318.487,319.21,318.1,318.593
1786041000000,318.53,318.79,318.22,318.495
1786041900000,318.675,318.94,318.535,318.71
1786042800000,318.707,319.81,318.707,319.1
1786043700000,319.092,319.525,318.64,318.788
1786044600000,318.79,319.935,318.475,318.765
1786045500000,318.73,320.125,318.4,319.565
1786046400000,320.49,320.57,319.486,320.03
1786047300000,319.89,319.999,319.5,319.5
1786048200000,319.83,319.83,319.295,319.69
1786049100000,319.627,319.627,318.771,319.354
1786050000000,319.41,319.45,319.267,319.41
1786050900000,319.425,319.445,319.285,319.403
1786051800000,319.404,319.667,319.307,319.601
1786052700000,319.65,319.669,319.6,319.65
1786053600000,319.609,319.75,319.59,319.686
1786054500000,319.684,319.908,319.675,319.863
1786055400000,319.76,319.87,319.665,319.76
1786056300000,319.77,319.955,319.77,319.94
1786057200000,319.99,320.199,319.896,319.99
1786058100000,320.125,320.58,320.125,320.35
1786059000000,320.41,320.47,320.202,320.41
1786059900000,320.354,320.49,320.146,320.441
1786060800000,321.23,321.23,320.48,320.69
1786061700000,320.68,320.69,319.98,320.05
1786062600000,320.05,320.82,320.05,320.65
1786063500000,320.71,320.9,320.34,320.9
1786064400000,320.91,321.28,320.5,320.5
1786065300000,320.51,320.52,319.97,320.25
1786066200000,320.32,320.93,320,320.24
1786067100000,320.24,320.51,320,320.46
1786068000000,320.45,320.72,320.3,320.71
1786068900000,320.65,320.78,320.46,320.58
1786069800000,320.55,320.57,320.1,320.11
1786070700000,320.22,320.66,320.22,320.5
1786071600000,320.6,320.94,320.6,320.69
1786072500000,320.65,320.65,320.24,320.38
1786073400000,320.38,320.56,320.38,320.4
1786074300000,320.38,320.46,320.16,320.23
1786075200000,320.15,320.24,319.9,319.9
1786076100000,319.93,320.28,319.72,320.2
1786077000000,320.36,320.38,320.02,320.09
1786077900000,320.07,320.23,319.9,320.09
1786078800000,320.15,320.57,320.1,320.5
1786079700000,320.5,320.66,320.4,320.64
1786080600000,320.64,320.68,320.4,320.41
1786081500000,320.4,320.42,320.21,320.26
1786082400000,320.27,320.63,320.25,320.59
1786083300000,320.56,321,320.55,321
1786084200000,320.97,320.98,320.71,320.74
1786085100000,320.76,320.98,320.75,320.94
1786086000000,320.89,321.75,320.83,321.75
1786086900000,321.75,321.76,321.37,321.44
1786087800000,321.38,321.57,321.22,321.53
1786088700000,321.44,321.6,321.34,321.49
1786089600000,321.41,321.724,320.586,321.68
1786090500000,321.545,321.955,321.32,321.764
1786091400000,321.69,321.799,321.61,321.68
1786092300000,321.749,321.87,321.386,321.59
1786093200000,321.69,321.71,321.48,321.69
1786094100000,322.01,322.09,321.61,322.01
1786095000000,321.91,322.005,321.716,322
1786095900000,321.81,321.865,321.622,321.68
1786096800000,321.72,321.728,321.651,321.72
1786097700000,321.45,321.73,321.365,321.37
1786098600000,321.389,321.419,321.276,321.365
1786099500000,321.365,321.438,321.2,321.265
1786100400000,321.3,321.517,321.144,321.28
1786101300000,321.57,321.945,321.396,321.89
1786102200000,321.84,322.055,321.797,321.84
1786103100000,321.74,321.877,321.368,321.76
1786104000000,321.45,321.7,321.285,321.505
1786104900000,321.595,321.793,321.413,321.595
1786105800000,321.91,322.858,321.34,322.67
1786106700000,322.9,323.515,322.801,323.15
1786107600000,323.06,323.287,322.17,322.17
1786108500000,322.235,322.462,321.832,322.298
1786109400000,322.35,326.52,321.315,326.267
1786110300000,326.19,328.9,325.97,326.639
1786111200000,326.49,326.89,323.27,323.27
1786112100000,323,328.39,322.86,327.16
1786113000000,327.15,329.46,326.82,328.72
1786113900000,328.81,330.69,328.595,330.01
1786114800000,330.02,331.305,329.365,329.821
1786115700000,329.82,333.34,329.69,333.22
1786116600000,333.31,333.68,331.27,331.71
1786117500000,331.721,332.525,331.46,331.52
1786118400000,331.554,332.22,330.91,331.687
1786119300000,331.61,331.72,328.35,328.844
1786120200000,328.915,329.67,328.21,328.65
1786121100000,328.61,328.88,327.74,327.93
1786122000000,327.946,328.02,326.89,326.989
1786122900000,327.01,327.26,326.57,327.021
1786123800000,327.02,327.48,326.74,327.359
1786124700000,327.34,327.82,326.77,327.19
1786125600000,327.11,328.08,327.11,327.48
1786126500000,327.431,327.53,326.77,326.987
1786127400000,326.989,327.48,326.79,326.975
1786128300000,327,327.7,326.892,327.504
1786129200000,327.74,329.19,327.52,328.9
1786130100000,328.91,329.03,328.17,328.4
1786131000000,328.31,328.387,326.85,327.108
1786131900000,327.108,328.92,327.055,328.536
1786132800000,328.528,328.528,327.5,328.219
1786133700000,328.19,328.42,328.104,328.17
1786134600000,328.51,328.542,328.126,328.51
1786135500000,328.75,328.869,328.363,328.75
1786136400000,328.76,328.795,328.745,328.76
1786137300000,328.99,329.125,328.73,328.81
1786138200000,328.84,328.859,328.71,328.71
1786139100000,328.63,328.715,328.255,328.41
1786140000000,328.18,328.344,328.042,328.25
1786140900000,328.344,328.473,328.28,328.286
1786141800000,328.4,328.4,328.287,328.4
1786142700000,328.32,328.475,328.295,328.344
1786143600000,328.26,328.497,328.14,328.26
1786144500000,328.155,328.343,328.055,328.343
1786145400000,328.39,328.549,328.276,328.39
1786146300000,328.99,329.125,328.549,328.8
1786147200000,329.32,329.32,329.32,329.32
1786152600000,329.2,329.2,329.2,329.2
1786153500000,329.16,329.2,329.16,329.16
1786154400000,329.16,329.16,329.16,329.16
1786158900000,329.34,329.34,329.13,329.13
1786161600000,329.34,329.34,329.34,329.34
1786163400000,329.38,329.38,329.38,329.38
1786164300000,329.4,329.4,329.4,329.4
1786169700000,329.43,329.43,329.13,329.13
1786172400000,329.27,329.27,329.13,329.13
1786173300000,329.27,329.27,329.13,329.13
1786175100000,329.27,329.28,329.13,329.13
1786177800000,329.39,329.39,329.39,329.39
1786178700000,329.13,329.13,329.13,329.13
1786181400000,329.28,329.39,329.08,329.08
1786182300000,329.08,329.32,329.04,329.04
1786185900000,329.32,329.45,329.2,329.2
1786186800000,329.2,329.2,329.2,329.2
1786192200000,329.31,329.36,329.31,329.36
1786193100000,329.19,329.44,329.19,329.44
1786194000000,329.24,329.24,329.24,329.24
1786196700000,329.46,329.46,329.46,329.46
1786197600000,329.46,329.46,329.46,329.46
1786198500000,329.53,329.54,329.53,329.54
1786200300000,329.54,329.54,329.5,329.5
1786201200000,329.54,329.54,329.54,329.54
1786203000000,329.6,329.78,329.6,329.78
1786204800000,329.8,329.8,329.52,329.52
1786205700000,329.84,329.84,329.84,329.84
1786210200000,329.89,329.89,329.89,329.89
1786211100000,329.89,330.12,329.89,330.12
1786212000000,330.18,330.18,330.18,330.18
1786219200000,330.29,330.29,330.29,330.29
1786221000000,330.47,330.47,330.47,330.47
1786222800000,330.47,330.47,330.47,330.47
1786231800000,330.54,330.54,330.54,330.54
1786237200000,330.61,330.68,330.61,330.68
1786239900000,330.82,330.97,330.8,330.8
1786244400000,330.8,331.03,330.8,331.03
1786245300000,331.12,331.12,331.12,331.12
1786248000000,331.13,331.13,331.13,331.13
1786248900000,331.21,331.34,331.15,331.34
1786249800000,331.37,331.59,331.37,331.59
1786259700000,331.42,331.42,331.42,331.42
1786260600000,331.72,331.72,331.72,331.72
1786267800000,331.83,331.83,331.83,331.83
1786268700000,331.9,331.9,331.42,331.42
1786269600000,331.42,331.71,331.42,331.71
1786270500000,331.42,331.53,331.42,331.53
1786273200000,331.61,331.61,331.61,331.61
1786277700000,331.42,331.42,331.38,331.38
1786280400000,331.67,331.67,331.61,331.67
1786281300000,331.69,331.74,331.69,331.74
1786283100000,331.76,331.8,331.76,331.8
1786287600000,331.85,331.85,331.85,331.85
1786289400000,331.91,331.91,331.91,331.91
1786290300000,331.95,332.19,331.95,332.19
1786293000000,332.25,332.25,332.25,332.25
1786294800000,332.25,332.25,332.25,332.25
1786296600000,332.34,332.34,332.34,332.34
1786297500000,332.34,332.34,332.27,332.27
1786298400000,332.46,332.46,332.15,332.15
1786305600000,332.34,332.34,332.15,332.15
1786312800000,332.25,332.25,332.16,332.16
1786313700000,332.25,338.37,332.16,338.37
1786314600000,338.38,339.79,338.38,339.79
1786318200000,339.72,340,339.12,339.12
1786319100000,339.12,339.26,339.04,339.16
1786320000000,330,331.56,329.06,330.7
1786320900000,330.7,331.07,329.82,329.88
1786321800000,329.86,330.12,328.91,329.01
1786322700000,329.03,329.83,328.99,329.26
1786323600000,329.22,330.19,328.93,330.19
1786324500000,330.22,330.68,330.12,330.36
1786325400000,330.35,330.6,330.15,330.5
1786326300000,330.5,331.1,330.5,330.65
1786327200000,330.67,330.81,330.5,330.5
1786328100000,330.52,330.71,330.27,330.67
1786329000000,330.63,331,330.32,330.94
1786329900000,330.94,331.41,330.88,331.1
1786330800000,331.1,331.21,330.65,330.74
1786331700000,330.73,330.98,330.73,330.86
1786332600000,330.83,331.06,330.78,330.84
1786333500000,330.84,331.18,330.68,330.88
1786334400000,330.91,331.1,330.78,331.03
1786335300000,331,331.53,330.97,331.53
1786336200000,331.54,331.54,330.78,331.05
1786337100000,331.01,331.18,330.55,330.59
1786338000000,330.59,331.08,330.56,331.03
1786338900000,331.03,331.26,330.95,331.05
1786339800000,331.01,331.44,330.96,331.34
1786340700000,331.34,331.63,331.15,331.5
1786341600000,331.43,331.58,331.24,331.5
1786342500000,331.41,331.49,330.8,330.95
1786343400000,330.96,331.24,330.9,331.24
1786344300000,331.23,331.36,331.01,331.35
1786345200000,331.29,331.45,331.09,331.4
1786346100000,331.45,331.53,331.32,331.39
1786347000000,331.39,331.78,331.33,331.74
1786347900000,331.67,331.82,331.39,331.42
1786348800000,332.04,332.779,329.421,331.99
1786349700000,332.01,332.304,331.402,332
1786350600000,332.28,332.28,331.686,332.28
1786351500000,332.11,332.654,332.09,332.2
1786352400000,332.56,332.771,332.431,332.49
1786353300000,332.7,332.77,332.49,332.7
1786354200000,332.66,332.666,331.95,332.04
1786355100000,331.84,332.307,331.73,331.78
1786356000000,331.729,331.772,331.101,331.101
1786356900000,331.45,331.5,330.82,331.45
1786357800000,331.27,331.451,331.132,331.23
1786358700000,331.17,331.3,330.851,331.07
1786359600000,331.98,332.2,329.922,330.15
1786360500000,330.07,330.905,329.92,330.01
1786361400000,330.81,330.914,330.453,330.59
1786362300000,330.45,330.665,330.05,330.05
1786363200000,330.49,330.625,329.27,330
1786364100000,329.269,329.269,328.647,328.8
1786365000000,328.59,329.031,328.48,328.52
1786365900000,328.96,329.088,328.16,328.21
1786366800000,328.34,329.64,328.216,328.53
1786367700000,328.77,328.872,326.42,326.67
1786368600000,326.65,329.385,326.29,328.355
1786369500000,328.205,330.335,327.67,329.55
1786370400000,329.48,330.59,328.99,329.605
1786371300000,329.62,332,329.518,331.58
1786372200000,331.686,332.05,329.2,330.547
1786373100000,330.58,331.33,329.43,329.43
1786374000000,329.485,330.045,328.7,329.745
1786374900000,329.755,330.37,329.39,330.09
1786375800000,330.108,330.31,328.2,330.179
1786376700000,330.185,331.245,329.69,331.176
1786377600000,331.185,331.73,330.59,330.855
1786378500000,330.84,330.95,329.99,330.55
1786379400000,330.53,330.72,328.72,328.77
1786380300000,328.763,329.79,328.48,329.515
1786381200000,329.519,329.6,328.94,329.49
1786382100000,329.45,329.785,329.035,329.04
1786383000000,329.03,329.098,328.43,328.75
1786383900000,328.755,329.22,328.61,329.06
1786384800000,329.058,329.615,329.006,329.015
1786385700000,329.023,329.241,328.55,328.581
1786386600000,328.61,328.965,328.386,328.61
1786387500000,328.62,329.1,328.599,328.95
1786388400000,328.925,329.865,328.865,329.5
1786389300000,329.47,329.79,328.825,329.787
1786390200000,329.789,330.26,329.3,329.809
1786391100000,329.87,331.24,329.54,330.87
1786392000000,330.9,331.68,330.646,330.83
1786392900000,330.48,330.7,330.162,330.26
1786393800000,330.19,330.53,330.069,330.24
1786394700000,330.2,330.229,330.06,330.14
1786395600000,330.05,330.235,330.05,330.05
1786396500000,329.99,330.437,329.524,330.32
1786397400000,330.472,330.527,330.255,330.29
1786398300000,330.29,330.29,330,330.175
1786399200000,330.175,330.51,330.175,330.435
1786400100000,330.435,330.597,330.245,330.342
1786401000000,330.343,330.345,330.06,330.175
1786401900000,330.175,330.25,330.035,330.21
1786402800000,330.21,330.3,330.115,330.159
1786403700000,330.158,330.274,330.031,330.104
1786404600000,330.105,330.11,330.005,330.1
1786405500000,330.19,330.245,330.06,330.19
1786406400000,330.51,331.3,330.09,331.23
1786407300000,331.16,331.21,330.8,331.01
1786408200000,331.01,331.21,330.84,331.21
1786409100000,331.16,331.32,331.01,331.18
1786410000000,331.29,331.73,331.01,331.72
1786410900000,331.71,331.95,331.58,331.8
1786411800000,331.76,331.77,331.49,331.53
1786412700000,331.64,331.97,331.6,331.72
1786413600000,331.73,331.91,331.54,331.55
1786414500000,331.55,331.64,331.26,331.37
1786415400000,331.39,331.61,331.38,331.6
1786416300000,331.6,331.64,331.32,331.32
1786417200000,331.32,331.51,331.24,331.36
1786418100000,331.35,331.7,331.31,331.62
1786419000000,331.67,331.71,331.57,331.58
1786419900000,331.61,331.78,331.54,331.78
1786420800000,331.78,331.97,331.7,331.97
1786421700000,331.95,332.01,331.79,332
1786422600000,332,332,331.66,331.69
1786423500000,331.7,331.77,331.46,331.49
1786424400000,331.48,331.8,331.48,331.8
1786425300000,331.8,331.8,331.21,331.21
1786426200000,331.2,331.46,331.08,331.26
1786427100000,331.25,331.47,331,331.15
1786428000000,331.15,331.4,331.09,331.28
1786428900000,331.29,331.29,330.68,330.68
1786429800000,330.75,331.18,330.7,331.01
1786430700000,331.03,331.03,330.66,331.03
1786431600000,331.04,331.19,330.84,331.02
1786432500000,331.04,331.17,330.75,330.87
1786433400000,330.9,331.23,330.78,330.99
1786434300000,330.82,331.09,330.81,331.01
1786435200000,330.279,331.515,330.279,330.7
1786436100000,330.62,330.855,330.396,330.75
1786437000000,330.68,330.825,330.427,330.68
1786437900000,330.82,331.074,330.67,330.82
1786438800000,330.91,331.04,330.596,330.725
1786439700000,330.725,331.274,330.725,331.27
1786440600000,331.37,331.57,331.272,331.37
1786441500000,331.456,331.65,331.3,331.321
1786442400000,331.327,331.392,331.2,331.3
1786443300000,331.18,332.308,331.18,331.18
1786444200000,332.3,332.358,331.736,332.3
1786445100000,331.847,332.05,331.688,331.981
1786446000000,332.093,332.924,332.093,332.801
1786446900000,332.51,332.801,332.428,332.57
1786447800000,332.82,332.85,332.35,332.81
1786448700000,332.801,332.914,332.623,332.77
1786449600000,332.7,333.227,332.7,333.06
1786450500000,333.05,333.15,332.421,332.5
1786451400000,332.49,332.49,331.343,331.61
1786452300000,331.69,331.967,331.459,331.69
1786453200000,331.65,331.877,331.228,331.65
1786454100000,331.538,333.219,331.244,333.013
1786455000000,332.88,333.72,329.53,331.44
1786455900000,331.21,334.07,330.65,333.73
1786456800000,333.77,335.46,333.25,335.08
1786457700000,335.039,336.21,334.23,334.73
1786458600000,334.734,335.39,332.88,335.013
1786459500000,335,335.38,334.25,334.29
1786460400000,334.3,334.55,333.37,333.77
1786461300000,333.5,333.69,332.73,333.27
1786462200000,333.295,333.585,332.38,333.579
1786463100000,333.495,333.605,332.26,332.994
1786464000000,332.975,333.41,332.66,332.82
1786464900000,332.83,333.09,331.285,331.515
1786465800000,331.52,332.06,331.295,331.65
1786466700000,331.608,332.05,331.36,331.976
1786467600000,331.982,332.11,331.25,331.273
1786468500000,331.33,332.13,331.277,331.91
1786469400000,332.01,332.07,331.54,331.91
1786470300000,331.886,332.18,331.635,331.949
1786471200000,331.947,332.42,331.609,332.347
1786472100000,332.346,332.53,330.46,330.642
1786473000000,330.81,331.7,330.643,331.46
1786473900000,331.55,332.18,331.472,332.01
1786474800000,332.07,332.435,331.57,332.23
1786475700000,332.254,332.58,331.93,331.96
1786476600000,331.972,333.015,331.955,332.28
1786477500000,332.29,332.91,331.605,332.795
1786478400000,332.79,332.999,332.48,332.79
1786479300000,332.99,333.345,332.92,333.3
1786480200000,333.29,333.335,333.238,333.28
1786481100000,333.319,333.454,332.925,332.939
1786482000000,332.94,332.955,332.605,332.712
1786482900000,332.65,332.76,332.595,332.65
1786483800000,332.67,332.69,332.5,332.5
1786484700000,332.5,332.64,332.5,332.585
1786485600000,332.585,332.585,332.4,332.5
1786486500000,332.61,332.637,332.4,332.61
1786487400000,332.635,332.635,332.4,332.5
1786488300000,332.5,332.56,332.5,332.56
1786489200000,332.56,332.575,332.505,332.573
1786490100000,332.574,332.605,332.574,332.575
1786491000000,332.575,332.784,332.505,332.74
1786491900000,332.86,332.93,332.6,332.86
1786492800000,332.95,333.18,332.64,332.89
1786493700000,332.95,333.28,332.89,333
1786494600000,333,333.23,332.84,332.9
1786495500000,332.93,333.1,332.9,332.96
1786496400000,332.95,333.19,332.87,333.02
1786497300000,333.07,333.08,332.59,332.82
1786498200000,332.83,332.98,332.53,332.98
1786499100000,332.98,333.07,332.81,332.81
1786500000000,332.84,332.93,332.68,332.87
1786500900000,332.87,333.02,332.75,332.98
1786501800000,332.95,333.01,332.87,332.95
1786502700000,332.96,333.22,332.95,333.18
1786503600000,333.18,333.19,332.74,332.86
1786504500000,332.84,332.84,332.45,332.67
1786505400000,332.66,332.86,332.39,332.4
1786506300000,332.46,332.65,332.35,332.64
1786507200000,332.64,332.79,332.6,332.72
1786508100000,332.71,332.84,332.67,332.84
1786509000000,332.8,332.84,332.6,332.83
1786509900000,332.83,333.04,332.81,332.99
1786510800000,332.97,332.97,332.53,332.55
1786511700000,332.52,332.82,332.47,332.82
1786512600000,332.82,333.01,332.82,332.85
1786513500000,332.9,332.96,332.67,332.77
1786514400000,332.76,332.91,332.7,332.7
1786515300000,332.8,332.86,332.57,332.76
1786516200000,332.76,332.91,332.74,332.81
1786517100000,332.81,332.94,332.81,332.9
1786518000000,332.94,333.05,332.86,332.95
1786518900000,333.02,333.06,332.8,332.95
1786519800000,332.97,333.08,332.84,333.03
1786520700000,333.04,333.21,332.97,333.1
1786521600000,333.49,333.79,332.952,333.49
1786522500000,333.49,334.3,333.49,333.94
1786523400000,333.93,333.93,333.749,333.93
1786524300000,334.15,334.155,333.88,334.15
1786525200000,333.9,334.195,333.84,333.97
1786526100000,334.76,334.76,334.05,334.76
1786527000000,334.263,334.565,334.235,334.277
1786527900000,334.276,334.422,334.104,334.104
1786528800000,334.103,334.505,334.1,334.505
1786529700000,334.19,334.505,334.18,334.19
1786530600000,334.18,334.214,334.16,334.16
1786531500000,333.76,334.16,333.617,333.76
1786532400000,334.01,334.372,333.7,334.25
1786533300000,334.01,334.145,333.79,333.93
1786534200000,333.851,334,333.741,333.741
1786535100000,333.71,333.897,333.625,333.64
1786536000000,333.59,333.741,333.272,333.41
1786536900000,333.35,334.114,333.236,333.78
1786537800000,333.59,334.287,333.59,334.14
1786538700000,334.236,334.26,333.921,333.977
1786539600000,333.978,334.59,333.789,334.59
1786540500000,334.65,335.139,334.54,335.065
1786541400000,335.045,335.35,329.05,329.42
1786542300000,329.28,330.14,326.96,328.09
1786543200000,328.045,328.34,326.87,327.503
1786544100000,327.56,328.05,325.45,325.57
1786545000000,325.64,325.64,324.13,325.057
1786545900000,325.09,325.135,323.7,324.56
1786546800000,324.6,325.55,324.33,324.98
1786547700000,325,325.19,323.99,324.32
1786548600000,324.359,324.72,323.69,324.523
1786549500000,324.521,326.07,324.41,325.991
1786550400000,325.97,326.86,325.9,326.58
1786551300000,326.6,327.065,325.83,326.96
1786552200000,326.93,327.09,326.48,326.662
1786553100000,326.667,327.125,326.66,326.954
1786554000000,326.9,327.17,326.55,326.788
1786554900000,326.75,326.789,325.99,326.3
1786555800000,326.24,326.3,325.61,325.99
1786556700000,326.01,326.48,325.7,326.355
1786557600000,326.341,326.81,325.77,326.479
1786558500000,326.476,326.63,326.06,326.492
1786559400000,326.58,327.26,326.46,326.46
1786560300000,326.445,327.44,326.3,327.07
1786561200000,327.06,327.36,326.79,327.119
1786562100000,327.11,327.925,327.04,327.693
1786563000000,327.69,327.84,327.21,327.341
1786563900000,327.25,327.93,326.82,327.46
1786564800000,327.22,327.814,327.159,327.22
1786565700000,327.07,327.219,326.782,326.79
1786566600000,326.91,327.25,326.852,327.14
1786567500000,327.25,327.4,327.115,327.395
1786568400000,327.5,327.55,327.33,327.51
1786569300000,327.55,327.55,327.406,327.55
1786570200000,327.55,327.562,327.441,327.45
1786571100000,327.54,327.55,327.43,327.43
1786572000000,327.5,327.504,327.235,327.235
1786572900000,327.27,327.32,327.145,327.17
1786573800000,327.15,327.255,326.9,326.96
1786574700000,327.01,327.06,326.945,327.01
1786575600000,327.05,327.246,326.975,327.13
1786576500000,327.135,327.22,327.076,327.125
1786577400000,327.01,327.192,327.01,327.02
1786578300000,327.03,327.04,326.95,326.98
1786579200000,326.99,327.77,326.79,327.64
1786580100000,327.64,327.84,327.4,327.53
1786581000000,327.58,327.66,327.37,327.54
1786581900000,327.53,327.7,327.37,327.7
1786582800000,327.7,327.84,327.35,327.44
1786583700000,327.45,327.58,327.1,327.15
1786584600000,327.15,327.4,327.07,327.38
1786585500000,327.38,327.71,327.22,327.68
1786586400000,327.71,327.91,327.69,327.82
1786587300000,327.82,327.86,327.57,327.76
1786588200000,327.78,327.96,327.4,327.86
1786589100000,327.82,328.01,327.78,327.97
1786590000000,327.95,328.17,327.8,328.17
1786590900000,328.16,328.26,328.01,328.26
1786591800000,328.26,328.26,327.93,328.2
1786592700000,328.26,328.26,328.11,328.11
1786593600000,328.08,328.28,327.94,327.99
1786594500000,327.97,328.09,327.69,328.04
1786595400000,328.06,328.16,327.92,327.95
1786596300000,327.95,328.22,327.91,328.08
1786597200000,328.06,328.41,327.98,328.39
1786598100000,328.39,328.5,328.27,328.28
1786599000000,328.34,328.37,328.04,328.08
1786599900000,328.08,328.18,327.76,327.76
1786600800000,327.77,328.02,327.72,328
1786601700000,328.02,328.02,327.76,327.96
1786602600000,327.95,328,327.52,327.64
1786603500000,327.6,327.82,327.44,327.65
1786604400000,327.74,327.77,327.36,327.36
1786605300000,327.39,327.52,327.24,327.5
1786606200000,327.48,327.89,327.45,327.88
1786607100000,327.92,328.05,327.72,327.82
1786608000000,327.52,327.855,327.091,327.52
1786608900000,327.24,327.435,327.186,327.24
1786609800000,327.435,327.435,327.205,327.24
1786610700000,327.55,327.55,327.215,327.55
1786611600000,327.46,327.586,326.896,326.92
1786612500000,326.88,327.02,326.675,326.98
1786613400000,326.75,327.05,326.75,327.05
1786614300000,327.05,327.21,327.05,327.173
1786615200000,326.96,327.215,326.94,326.96
1786616100000,327.215,327.295,327.125,327.185
1786617000000,327.176,327.176,327.095,327.11
1786617900000,326.95,327.137,326.95,326.95
1786618800000,326.953,326.953,326.306,326.442
1786619700000,326.42,326.459,325.91,326
1786620600000,326.36,326.423,325.92,326.35
1786621500000,326.37,326.456,326.196,326.37
1786622400000,325.71,326.23,325.505,325.99
1786623300000,325.39,325.54,324.729,324.82
1786624200000,325.27,325.371,324.685,325.2
1786625100000,325.25,325.367,325.145,325.25
1786626000000,325.3,325.81,325.225,325.69
1786626900000,325.686,327.224,325.274,327.195
1786627800000,327.69,331.66,325.24,329.405
1786628700000,329.385,333.45,329.095,332.9
1786629600000,332.74,333.72,332.01,332.58
1786630500000,332.69,333.53,332.34,332.9
1786631400000,332.85,334.18,332.49,333.666
1786632300000,333.675,335.34,333.234,334.678
1786633200000,334.46,335.31,333.37,333.795
1786634100000,333.815,335.41,332.49,333.26
1786635000000,332.88,334.01,332.8,333.54
1786635900000,333.496,333.79,333.07,333.122
1786636800000,333.18,334.438,333.135,333.63
1786637700000,333.64,334.71,333.36,334.53
1786638600000,334.61,335.26,334.571,335.07
1786639500000,335.075,337.07,335.071,336.52
1786640400000,336.47,336.995,335.23,335.967
1786641300000,335.967,336.865,335.962,336.347
1786642200000,336.35,336.655,335.8,336.33
1786643100000,336.25,337.04,336.12,336.24
1786644000000,336.275,337.89,336,337.81
1786644900000,337.838,338.63,337.556,338.391
1786645800000,338.389,338.8,338.115,338.356
1786646700000,338.41,340.31,338.356,339.545
1786647600000,339.46,341.63,339.255,339.64
1786648500000,339.62,339.78,338.49,338.73
1786649400000,338.64,339.74,338.44,339.369
1786650300000,339.395,340.32,338.82,339.945
1786651200000,340.27,340.44,339.401,339.59
1786652100000,339.502,339.658,339.28,339.546
1786653000000,339.84,341.702,339.545,341.61
1786653900000,341.75,343.668,341.587,343.27
1786654800000,343.251,343.251,341.901,342.25
1786655700000,341.99,342.25,341.361,341.49
1786656600000,342.01,342.238,341.6,342.01
1786657500000,341.59,341.85,341.255,341.3
1786658400000,341.31,341.515,341.005,341.2
1786659300000,341.1,341.109,340.55,340.612
1786660200000,341,341.09,340.614,340.85
1786661100000,340.73,340.895,340.727,340.73
1786662000000,341.4,341.436,340.858,341.4
1786662900000,341.437,341.45,341.055,341.25
1786663800000,341.25,341.349,341.031,341.244
1786664700000,341.254,341.515,341.254,341.509
1786665600000,340.23,341.89,340.23,341.04
1786666500000,341.04,341.09,340.41,340.84
1786667400000,340.77,340.81,340.38,340.56
1786668300000,340.49,340.64,340.13,340.25
1786669200000,340.26,340.26,338.7,339.35
1786670100000,339.35,340.01,339.2,340.01
1786671000000,339.96,340.21,339.78,340.08
1786671900000,340.17,340.3,340.08,340.09
1786672800000,340.13,340.45,340.13,340.39
1786673700000,340.38,340.53,340.22,340.36
1786674600000,340.43,340.69,340.43,340.55
1786675500000,340.57,340.69,340.08,340.12
1786676400000,340.12,340.21,339.9,340.2
1786677300000,340.22,340.45,340.21,340.32
1786678200000,340.36,340.36,340.19,340.23
1786679100000,340.18,340.2,339.7,339.71
1786680000000,339.74,339.89,339.6,339.81
1786680900000,339.84,340.07,339.79,339.96
1786681800000,339.97,339.99,339.59,339.78
1786682700000,339.78,339.82,339.48,339.77
1786683600000,339.78,339.9,339.29,339.64
1786684500000,339.67,339.95,339.48,339.88
1786685400000,339.87,340.06,339.65,340.01
1786686300000,340.03,340.38,340.02,340.1
1786687200000,340.2,340.27,339.91,340.22
1786688100000,340.25,340.36,339.89,340.02
1786689000000,340.09,340.42,340.09,340.29
1786689900000,340.31,340.55,340.28,340.42
1786690800000,340.48,340.78,340.03,340.52
1786691700000,340.52,340.75,340.38,340.59
1786692600000,340.53,341,340.48,341
1786693500000,341,341.33,340.89,340.97
1786694400000,341.1,342.09,340.627,341.63
1786695300000,341.37,341.58,341.055,341.32
1786696200000,341.383,342.33,341.383,342.08
1786697100000,341.88,342.08,341.576,341.88
1786698000000,341.58,341.75,341.344,341.58
1786698900000,341.445,341.455,341.39,341.403
1786699800000,341.29,341.525,341.29,341.29
1786700700000,341.49,341.78,341.488,341.775
1786701600000,341.75,341.785,341.614,341.74
1786702500000,341.665,341.779,341.632,341.759
1786703400000,341.57,341.76,341.456,341.51
1786704300000,341.585,342.28,341.585,342.015
1786705200000,342.105,342.89,341.828,342.01
1786706100000,341.85,342.1,341.612,341.99
1786707000000,342.01,342.186,341.745,341.85
1786707900000,342.49,342.78,342.016,342.78
1786708800000,342.3,343.23,342.3,342.583
1786709700000,342.52,342.615,341.732,341.99
1786710600000,342.01,342.454,341.315,341.44
1786711500000,341.19,341.634,341.035,341.04
1786712400000,341.2,346.271,341.095,345.16
1786713300000,345.127,345.127,342.394,342.44
1786714200000,342.16,347.8,342.16,347.55
1786715100000,347.58,350.36,346.31,350.1
1786716000000,349.89,351.27,346.98,346.98
1786716900000,347.02,348.41,345.65,346.171
1786717800000,346.14,346.31,342.81,342.913
1786718700000,342.835,343.52,340.98,341.215
1786719600000,341.21,341.49,338.45,338.45
1786720500000,338.405,338.675,335.38,337.35
1786721400000,337.35,337.99,336.32,337.675
1786722300000,337.667,338.99,337.22,338.675
1786723200000,338.72,340.61,338.678,340.61
1786724100000,340.615,340.64,339.49,340.61
1786725000000,340.675,340.83,339.32,339.713
1786725900000,339.708,340.11,338.28,338.357
1786726800000,338.358,339.1,337.85,338.907
1786727700000,338.86,339.93,338.62,339.32
1786728600000,339.41,341.19,339.275,341.155
1786729500000,341.175,341.535,340.63,341.52
1786730400000,341.517,341.85,341.32,341.65
1786731300000,341.658,342.62,341.64,341.841
1786732200000,341.75,342.065,341.05,341.71
1786733100000,341.67,341.79,341.085,341.12
1786734000000,341.04,341.9,340.61,341.33
1786734900000,341.331,342.49,341.08,341.901
1786735800000,341.89,342.23,341.18,341.589
1786736700000,341.6,343.5,341.17,342.34
1786737600000,342.16,342.404,341.706,341.78
1786738500000,342.36,342.389,342.006,342.36
1786739400000,342.09,342.265,342,342.21
1786740300000,342.125,342.194,341.776,342.018
1786741200000,341.77,342.095,341.77,341.77
1786742100000,341.89,341.89,341.453,341.595
1786743000000,341.64,341.85,341.595,341.64
1786743900000,341.85,342.06,341.76,341.881
1786744800000,341.84,341.935,341.71,341.84
1786745700000,341.82,342.11,341.82,341.82
1786746600000,341.89,341.985,341.786,341.89
1786747500000,341.985,341.985,341.77,341.85
1786748400000,341.845,341.85,341.746,341.805
1786749300000,341.805,342.035,341.805,342.01
1786750200000,341.93,342.124,341.818,341.93
1786751100000,341.7,341.925,341.425,341.59
1786752000000,341.635,341.635,341.635,341.635
1786754700000,341.99,341.99,341.99,341.99
1786757400000,341.99,341.99,341.99,341.99
1786758300000,342.03,342.03,341.91,341.91
1786759200000,342.03,342.11,342.03,342.11
1786760100000,342.05,342.05,341.83,341.83
1786761000000,342.13,342.13,341.79,342
1786764600000,341.98,341.98,341.98,341.98
1786765500000,341.98,341.98,341.98,341.98
1786766400000,341.98,341.98,341.87,341.87
1786778100000,341.85,341.99,341.85,341.99
1786779000000,342.04,342.08,342.04,342.08
1786780800000,341.84,341.84,341.84,341.84
1786781700000,341.93,342.04,341.93,342.04
1786783500000,341.9,341.9,341.78,341.78
1786784400000,341.78,341.78,341.78,341.78
1786785300000,341.87,342.06,341.87,342.06
1786786200000,342.04,342.08,341.8,341.8
1786787100000,341.86,342.23,341.86,342.23
1786797900000,342.27,342.27,342.27,342.27
1786798800000,342.16,342.16,341.24,341.24
1786799700000,341.52,341.7,341.52,341.7
1786800600000,341.75,341.95,341.15,341.15
1786806000000,341.26,341.26,341.26,341.26
1786806900000,341.26,341.43,341.06,341.06
1786807800000,341.25,341.67,341.25,341.67
1786809600000,341.67,341.67,341.54,341.54
1786810500000,341.67,341.67,341.67,341.67
1786813200000,341.67,341.67,341.54,341.54
1786815000000,341.67,341.67,341.67,341.67
1786815900000,341.67,341.81,341.52,341.52
1786816800000,341.81,341.88,341.81,341.88
1786817700000,341.88,341.96,341.76,341.96
1786821300000,341.72,341.95,341.72,341.95
1786823100000,342,342,342,342
1786824000000,342,342,342,342
1786824900000,342,342,342,342
1786829400000,342,342,342,342
1786834800000,342,342.89,342,342.89
1786843800000,343.09,343.09,342.74,342.74
1786844700000,343.09,343.09,343.09,343.09
1786851000000,343.09,343.09,343.09,343.09
1786852800000,343.16,343.16,343.16,343.16
1786853700000,343.17,343.17,342.94,342.94
1786855500000,342.94,342.94,342.94,342.94
1786859100000,342.94,342.94,342.94,342.94
1786860000000,342.71,342.83,342.71,342.83
1786861800000,342.83,342.83,342.83,342.83
1786862700000,342.87,342.87,342.87,342.87
1786866300000,342.71,342.71,342.71,342.71
1786868100000,342.9,342.9,342.9,342.9
1786869900000,342.92,342.92,342.71,342.71
1786871700000,342.92,342.92,342.92,342.92
1786872600000,342.92,342.92,342.92,342.92
1786873500000,343.04,343.04,343.04,343.04
1786874400000,343.09,343.09,343.09,343.09
1786876200000,342.88,342.88,342.78,342.78
1786879800000,342.78,342.78,342.69,342.69
1786880700000,342.68,342.68,342.68,342.68
1786881600000,342.8,342.92,342.66,342.66
1786885200000,342.76,342.76,342.76,342.76
1786887000000,342.8,342.8,342.8,342.8
1786887900000,342.8,342.87,342.57,342.57
1786888800000,342.87,342.95,342.54,342.54
1786889700000,342.9,342.9,342.9,342.9
1786890600000,342.54,342.96,342.54,342.96
1786892400000,342.96,342.96,342.96,342.96
1786893300000,342.54,342.54,342.54,342.54
1786894200000,342.54,342.99,342.54,342.99
1786896000000,343.03,343.03,342.63,342.63
1786898700000,342.63,342.63,342.57,342.57
1786901400000,342.63,342.63,342.63,342.63
1786902300000,342.63,343.03,342.57,343.03
1786906800000,343.03,343.05,342.82,343.05
1786908600000,342.82,342.82,342.82,342.82
1786910400000,343.07,343.07,342.92,342.92
1786923000000,343.1,343.1,343.1,343.1
1786924800000,342.67,343.48,341.7,343.02
1786925700000,343.05,343.13,342.52,342.87
1786926600000,342.89,342.89,342.39,342.61
1786927500000,342.6,342.8,342.45,342.76
1786928400000,342.72,342.94,342.62,342.7
1786929300000,342.7,343.16,342.5,343.12
1786930200000,343.14,343.16,342.63,342.81
1786931100000,342.9,342.9,342.66,342.72
1786932000000,342.75,343.04,342.57,343.02
1786932900000,343.02,343.2,342.98,343.1
1786933800000,343.06,343.22,342.9,343.14
1786934700000,343.13,343.18,342.91,343.08
1786935600000,343.08,343.4,343.04,343.33
1786936500000,343.34,343.45,343.13,343.38
1786937400000,343.45,343.84,343.34,343.72
1786938300000,343.76,343.98,343.73,343.92
1786939200000,343.91,343.91,343.6,343.84
1786940100000,343.85,343.98,343.8,343.9
1786941000000,343.9,344.02,343.82,344.02
1786941900000,343.99,344.02,343.84,343.9
1786942800000,343.92,344.23,343.92,344.22
1786943700000,344.23,344.26,343.63,343.67
1786944600000,343.66,344.1,343.61,344.1
1786945500000,344.12,344.16,343.9,344.05
1786946400000,344.04,344.44,344.02,344.19
1786947300000,344.19,344.46,344.06,344.38
1786948200000,344.37,344.74,344.27,344.58
1786949100000,344.62,344.8,344.44,344.74
1786950000000,344.74,344.74,343.69,343.71
1786950900000,343.68,344,343.62,343.91
1786951800000,343.93,344.6,343.93,344.59
1786952700000,344.58,344.64,344.44,344.52
1786953600000,344.64,345.01,342.089,344.92
1786954500000,344.24,344.535,344.096,344.24
1786955400000,344.02,344.235,343.786,344.02
1786956300000,343.79,343.92,343.73,343.79
1786957200000,343.36,343.821,343.15,343.36
1786958100000,343.4,343.415,343.098,343.1
1786959000000,343.04,343.26,342.94,343.04
1786959900000,342.94,343.285,342.94,343.055
1786960800000,342.99,343.055,342.541,342.59
1786961700000,342.13,342.917,342.055,342.13
1786962600000,342.71,343.355,342.595,343.15
1786963500000,343.05,343.454,342.949,343.11
1786964400000,342.95,343.415,342.619,342.8
1786965300000,342.61,343.18,342.52,342.52
1786966200000,342.69,342.69,341.521,341.611
1786967100000,341.67,341.84,341.103,341.29
1786968000000,340.9,341.5,340.366,340.99
1786968900000,340.99,341.349,340.33,340.61
1786969800000,340.23,340.84,339.744,339.85
1786970700000,340.31,340.633,339.767,340.39
1786971600000,340.82,341.241,340.368,340.97
1786972500000,341,341.235,340.133,340.7
1786973400000,340.545,341.235,337.5,340.65
1786974300000,340.48,343,339,339.362
1786975200000,339.42,340.4,338.53,338.881
1786976100000,338.89,340.27,338.67,339.51
1786977000000,339.595,340.63,338.84,340.23
1786977900000,340.26,341.97,340.22,341.82
1786978800000,341.795,342.34,340.78,340.815
1786979700000,340.7,341.15,339.88,340.87
1786980600000,340.905,340.941,339.445,340.43
1786981500000,340.41,341.93,340.41,341.41
1786982400000,341.44,341.68,340.6,340.978
1786983300000,340.98,340.983,339.45,339.829
1786984200000,339.84,340.63,339.58,340.14
1786985100000,340.17,340.451,339.455,339.75
1786986000000,339.79,339.82,339.34,339.48
1786986900000,339.49,339.78,338.93,339.065
1786987800000,339.063,340.685,338.85,340.639
1786988700000,340.575,340.65,339.3,339.63
1786989600000,339.75,339.905,339.4,339.645
1786990500000,339.647,339.72,339.04,339.457
1786991400000,339.47,340.09,339.38,339.927
1786992300000,339.923,340.795,339.91,340.533
1786993200000,340.5,341.16,340.42,340.58
1786994100000,340.55,345.36,340.21,340.72
1786995000000,340.64,340.92,339.14,339.24
1786995900000,339.24,339.665,337.52,339.332
1786996800000,339.31,339.5,338.936,339.48
1786997700000,339.441,339.475,339.322,339.425
1786998600000,339.45,339.525,339.3,339.3
1786999500000,339.52,339.7,339.378,339.52
1787000400000,339.695,339.869,339.5,339.775
1787001300000,339.775,340.16,339.775,339.955
1787002200000,339.955,340.08,339.816,339.91
1787003100000,339.91,339.934,339.77,339.872
1787004000000,339.78,339.87,339.76,339.78
1787004900000,339.831,339.865,339.621,339.655
1787005800000,339.63,339.655,339.418,339.63
1787006700000,339.47,339.545,339.465,339.47
1787007600000,339.55,339.62,339.416,339.55
1787008500000,339.572,339.61,339.525,339.61
1787009400000,339.611,339.85,339.575,339.695
1787010300000,339.69,339.865,339.576,339.69
1787011200000,339.77,339.96,339.01,339.9
1787012100000,339.9,340.09,339.7,339.87
1787013000000,339.83,340.11,339.76,339.92
1787013900000,339.94,340.01,339.68,339.8
1787014800000,339.74,340.2,339.73,340.15
1787015700000,340.15,340.15,339.85,339.96
1787016600000,339.96,340,339.3,339.4
1787017500000,339.36,339.38,338.26,338.6
1787018400000,338.69,338.85,337.92,337.95
1787019300000,337.93,338.02,337.14,337.34
1787020200000,337.32,337.94,336.92,337.01
1787021100000,336.97,337.02,336.08,336.38
1787022000000,336.4,336.96,336.12,336.16
1787022900000,336.17,336.28,335.84,336.19
1787023800000,336.19,336.25,335.63,336.19
1787024700000,336.17,336.62,336.17,336.43
1787025600000,336.47,336.77,336.15,336.75
1787026500000,336.75,337.03,336.59,337.02
1787027400000,337.02,337.18,336.66,336.78
1787028300000,336.75,337.32,336.69,337.19
1787029200000,337.2,337.22,336.69,336.96
1787030100000,336.91,337.05,336.79,336.79
1787031000000,336.84,336.84,336.24,336.31
1787031900000,336.29,336.51,336,336.09
1787032800000,336.13,336.15,335.25,335.73
1787033700000,335.78,336.28,335.49,336.13
1787034600000,336.28,336.67,336.06,336.64
1787035500000,336.64,337.09,336.52,337.07
1787036400000,337.07,337.38,336.86,337.16
1787037300000,337.18,337.41,337.02,337.08
1787038200000,337.04,337.04,336.57,336.67
1787039100000,336.6,336.7,336.37,336.37
1787040000000,339.316,339.316,334.098,334.777
1787040900000,334.61,334.89,333.75,334.51
1787041800000,334.71,334.93,334.395,334.87
1787042700000,334.23,334.696,334.066,334.13
1787043600000,334.09,334.5,334.03,334.14
1787044500000,334.25,334.344,333.582,334.196
1787045400000,333.87,334.196,333.371,333.5
1787046300000,333.2,333.777,332.831,333.22
1787047200000,333.79,333.871,333.6,333.65
1787048100000,333.38,333.796,333.108,333.57
1787049000000,334.48,334.85,333.545,334.76
1787049900000,334.89,335.304,334.65,335.1
1787050800000,335.01,335.609,334.8,335.48
1787051700000,334.91,335.388,334.65,334.87
1787052600000,334.909,335.2,334.67,335.061
1787053500000,334.71,335.315,334.572,334.73
1787054400000,334.99,335.043,333.83,333.9
1787055300000,334.05,334.51,333.741,333.81
1787056200000,333.86,333.88,333.289,333.59
1787057100000,333.664,334.46,333.567,334.154
1787058000000,334.1,334.62,333.789,334.35
1787058900000,334.54,334.711,333.25,333.25
1787059800000,333.23,340.52,331.15,336.63
1787060700000,336.71,339.2,336.215,339.074
1787061600000,339.11,339.42,335.845,335.983
1787062500000,335.91,338,335.755,336.75
1787063400000,336.78,338.09,336.51,337.31
1787064300000,337.31,337.355,335.26,335.79
1787065200000,335.79,336.56,334.97,336.412
1787066100000,336.42,337.825,336.21,337.478
1787067000000,337.385,338.49,336.825,338.47
1787067900000,338.48,339.89,338.431,339.84
1787068800000,339.84,340.26,338.61,338.765
1787069700000,338.861,338.89,337.17,337.204
1787070600000,337.24,337.84,337.07,337.789
1787071500000,337.89,339.745,337.745,339.595
1787072400000,339.55,339.8,338.33,338.33
1787073300000,338.28,338.336,335.98,337.015
1787074200000,336.91,337.6,336.45,337.224
1787075100000,337.217,337.49,336.465,336.503
1787076000000,336.41,336.8,336.03,336.66
1787076900000,336.63,337.09,336.22,336.44
1787077800000,336.44,336.67,335.37,335.41
1787078700000,335.424,335.95,335.2,335.785
1787079600000,335.785,336.395,335.575,336.117
1787080500000,336.11,336.73,336,336.64
1787081400000,336.69,337.255,336.17,336.765
1787082300000,336.827,337.4,335.34,336.762
1787083200000,336.793,337.3,336.25,336.273
1787084100000,336.274,336.284,336.05,336.105
1787085000000,336.105,336.585,335.963,336.34
1787085900000,336.34,336.643,336.25,336.25
1787086800000,336.2,336.25,336,336.2
1787087700000,336.098,336.15,336.05,336.15
1787088600000,336.15,336.195,336.03,336.05
1787089500000,336.05,336.105,335.87,336.069
1787090400000,336.23,336.23,336.009,336.23
1787091300000,336.2,336.45,336.103,336.181
1787092200000,336.177,336.2,336.15,336.15
1787093100000,336.15,336.15,335.822,335.902
1787094000000,335.903,336.085,335.841,335.995
1787094900000,335.995,336.005,335.84,336.005
1787095800000,336.005,336.315,335.996,336.247
1787096700000,336.19,336.686,336.104,336.3
1787097600000,336.07,336.24,334.72,335.12
1787098500000,334.96,336.09,334.73,336.09
1787099400000,336.11,336.61,336.11,336.49
1787100300000,336.51,336.66,335.99,336.15
1787101200000,336.04,336.97,335.98,336.9
1787102100000,336.91,337.26,336.76,337.18
1787103000000,337.08,337.21,336.49,336.55
1787103900000,336.54,336.65,336.43,336.59
1787104800000,336.5,336.51,335.79,335.81
1787105700000,335.79,336.11,335.59,335.76
1787106600000,335.73,335.73,335.39,335.56
1787107500000,335.62,335.9,335.4,335.68
1787108400000,335.74,335.88,335.36,335.54
1787109300000,335.54,335.76,335.36,335.56
1787110200000,335.52,336,335.52,335.76
1787111100000,335.76,336.03,335.59,335.78
1787112000000,335.68,335.73,335.36,335.41
1787112900000,335.41,335.71,335.28,335.63
1787113800000,335.6,335.6,335.02,335.05
1787114700000,335.05,335.11,334.56,335.06
1787115600000,335.08,335.69,335.08,335.58
1787116500000,335.52,335.55,335.06,335.4
1787117400000,335.28,335.28,334.55,335
1787118300000,335.01,335.07,334.79,334.83
1787119200000,334.92,335,334.49,334.54
1787120100000,334.53,334.98,334.5,334.7
1787121000000,334.7,334.84,334.39,334.81
1787121900000,334.83,335.58,334.8,335.51
1787122800000,335.49,335.67,335.2,335.59
1787123700000,335.61,335.89,335.37,335.89
1787124600000,335.97,336.05,335.7,336
1787125500000,336.1,336.31,335.83,335.97
1787126400000,336.59,337.725,334.894,337.6
1787127300000,337.49,337.567,336.99,337.49
1787128200000,337.41,338.19,337.141,337.41
1787129100000,337.52,337.737,337.135,337.2
1787130000000,336.8,337.44,336.561,336.8
1787130900000,336.608,336.695,336.162,336.17
1787131800000,336.17,336.784,336.17,336.396
1787132700000,336.435,336.617,336.21,336.49
1787133600000,336.17,336.49,335.907,336.17
1787134500000,336.09,336.365,335.93,336.09
1787135400000,335.96,336.253,335.96,336.216
1787136300000,336.216,336.279,335.94,335.985
1787137200000,336.1,336.755,335.816,336.57
1787138100000,336.25,336.25,335.87,336.25
1787139000000,335.89,336.26,335.842,335.89
1787139900000,335.965,336.158,335.786,335.835
1787140800000,335.835,336.125,335.602,335.69
1787141700000,336.26,336.459,335.7,336.26
1787142600000,336.82,337.41,335.953,337.41
1787143500000,337.78,338.09,337.385,338.09
1787144400000,337.2,337.859,337.17,337.79
1787145300000,337.797,338.8,336.964,338.734
1787146200000,338.895,341.14,337.58,340.101
1787147100000,339.92,340.42,335.735,338.064
1787148000000,338.051,340,337.545,338.304
1787148900000,338.281,342.51,338.055,342.295
1787149800000,342.41,346.92,341.33,346.69
1787150700000,346.72,347.81,345.87,347.465
1787151600000,347.65,348.52,346.17,346.49
1787152500000,346.552,347.67,346.165,347.418
1787153400000,347.421,348.14,346.455,346.877
1787154300000,346.884,347.15,345.88,346.936
1787155200000,346.937,349.13,346.81,348.09
1787156100000,348,349.18,347.77,348.182
1787157000000,348.06,348.187,346.52,346.56
1787157900000,346.55,347.44,346.465,347.321
1787158800000,347.311,347.52,346.5,346.588
1787159700000,346.587,347.02,346.23,346.873
1787160600000,346.884,347.05,346.09,346.837
1787161500000,346.838,348.01,346.805,347.732
1787162400000,347.75,348.792,347.395,347.955
1787163300000,347.98,348.33,347.39,348.29
1787164200000,348.274,348.89,348.05,348.665
1787165100000,348.71,348.71,347.95,348.332
1787166000000,348.323,348.66,348.15,348.389
1787166900000,348.391,349.5,348.31,348.683
1787167800000,348.295,349.5,348.035,348.145
1787168700000,348.135,351.62,347.51,351.213
1787169600000,351.208,351.538,350.616,350.629
1787170500000,350.616,350.635,350.085,350.125
1787171400000,350.06,350.579,349.9,350.17
1787172300000,350.45,350.52,350.101,350.45
1787173200000,350,350.198,349.9,350.05
1787174100000,349.95,350.075,349.925,350
1787175000000,350.071,350.1,349.772,349.832
1787175900000,349.834,349.959,349.77,349.93
1787176800000,350.26,350.26,349.879,350.26
1787177700000,350.11,350.225,350.035,350.11
1787178600000,350.18,350.268,350.111,350.17
1787179500000,350.28,350.28,350.225,350.28
1787180400000,350.34,350.785,350.177,350.71
1787181300000,350.62,350.772,350.62,350.62
1787182200000,350.69,351.329,350.69,351.01
1787183100000,350.76,351.339,350.663,350.89
1787184000000,350.71,351,350.02,350.86
1787184900000,350.8,351.31,350.79,350.81
1787185800000,350.8,351.12,350.55,350.89
1787186700000,350.91,351.08,350.74,350.89
1787187600000,350.83,351.04,350.65,350.71
1787188500000,350.75,351,350.5,350.62
1787189400000,350.6,350.9,350.23,350.9
1787190300000,350.92,351.05,350.58,350.83
1787191200000,350.71,351.13,350.69,351.01
1787192100000,351.05,351.11,350.3,350.53
1787193000000,350.56,350.85,350.21,350.85
1787193900000,350.85,350.9,350.23,350.68
1787194800000,350.69,350.74,350.29,350.61
1787195700000,350.58,350.86,350.42,350.42
1787196600000,350.43,350.61,350.12,350.61
1787197500000,350.52,350.65,350.2,350.33
1787198400000,350.22,350.95,350.22,350.74
1787199300000,350.76,350.91,350.61,350.75
1787200200000,350.75,350.75,350.3,350.39
1787201100000,350.44,350.69,350.41,350.51
1787202000000,350.46,350.61,350.34,350.42
1787202900000,350.42,350.81,350.41,350.7
1787203800000,350.72,350.84,350.59,350.72
1787204700000,350.65,350.84,350.57,350.81
1787205600000,350.82,351.41,350.77,351.41
1787206500000,351.3,351.55,351.11,351.51
1787207400000,351.51,351.77,351.44,351.58
1787208300000,351.58,351.8,351.45,351.45
1787209200000,351.47,351.78,351.12,351.12
1787210100000,351.13,351.56,351.04,351.19
1787211000000,351.11,351.19,350.74,350.79
1787211900000,350.77,351.05,350.69,350.8
1787212800000,350.75,350.915,349.455,349.5
1787213700000,348.83,349.69,348.469,348.66
1787214600000,348.47,348.733,347.675,348
1787215500000,348.402,348.402,347.368,347.72
1787216400000,348.82,349.14,347.608,348.99
1787217300000,348.996,349.23,348.723,349.23
1787218200000,348.89,349.23,348.625,348.89
1787219100000,348.71,349.01,348.621,348.71
1787220000000,348.89,348.919,348.49,348.919
1787220900000,348.919,349.281,348.665,348.95
1787221800000,348.95,349.025,348.667,348.692
1787222700000,348.694,349.538,348.694,349.538
1787223600000,349.48,349.675,348.826,349.01
1787224500000,349,349.49,348.329,348.45
1787225400000,348.89,349.005,348.26,348.77
1787226300000,347.99,348.8,347.26,347.49
1787227200000,347.45,347.725,345.75,346.21
1787228100000,346.185,346.185,345.29,345.365
1787229000000,345.31,345.365,344.133,344.6
1787229900000,344.84,345.287,344.31,345.2
1787230800000,345.49,345.76,344.95,344.95
1787231700000,345.01,346.345,344.357,345.75
1787232600000,346.321,347.49,342.27,343.588
1787233500000,343.49,345.5,343.06,345.089
1787234400000,345.073,345.41,342.41,342.425
1787235300000,342.37,342.71,339.8,340.33
1787236200000,340.39,340.621,338.99,340
1787237100000,340.07,340.68,339.58,340.17
1787238000000,340.122,342.93,339.99,342.537
1787238900000,342.537,343.93,342.155,343.877
1787239800000,343.888,344.5,343.34,343.76
1787240700000,343.747,346.06,343.675,345.737
1787241600000,345.78,346.28,345.3,345.52
1787242500000,345.53,345.69,344.64,344.945
1787243400000,344.82,345.14,344.325,344.942
1787244300000,344.961,345.385,343.64,344.558
1787245200000,344.559,344.88,343.345,343.405
1787246100000,343.409,343.5,342.38,342.387
1787247000000,342.384,342.66,341.796,341.887
1787247900000,341.85,342.81,341.85,342.62
1787248800000,342.64,342.64,341.57,341.67
1787249700000,341.8,343.49,341.615,343.369
1787250600000,343.365,343.57,343.01,343.429
1787251500000,343.43,343.81,343.25,343.363
1787252400000,343.338,343.71,342.95,342.992
1787253300000,342.98,343.535,342.525,343.315
1787254200000,343.4,344.09,343.14,343.606
1787255100000,343.608,345.34,342.98,345.168
1787256000000,345.187,345.71,345.047,345.479
1787256900000,345.58,347.22,345.426,347.22
1787257800000,346.99,347.298,346.6,347
1787258700000,346.79,347.002,346.356,346.51
1787259600000,346.477,346.692,346.2,346.2
1787260500000,346.2,346.335,345.89,345.98
1787261400000,345.98,346.078,345.7,345.945
1787262300000,345.81,346.118,345.759,346.1
1787263200000,345.89,346.244,345.841,345.89
1787264100000,345.86,346.121,345.645,345.645
1787265000000,345.91,346.065,345.59,345.95
1787265900000,346.046,346.379,346.045,346.379
1787266800000,346.381,346.385,346.15,346.185
1787267700000,346.185,346.475,346.185,346.415
1787268600000,346.5,346.725,346.355,346.5
1787269500000,346.725,346.725,346.191,346.227
1787270400000,346.38,347.13,346.23,347.09
1787271300000,347.1,347.1,346.6,346.82
1787272200000,346.76,347.23,346.67,347.1
1787273100000,347.18,347.27,346.7,346.82
1787274000000,346.8,347.03,346.2,346.71
1787274900000,346.65,347.02,346.46,346.63
1787275800000,346.63,347.06,346.5,346.84
1787276700000,346.89,347.06,346.63,346.95
1787277600000,346.96,347.25,346.78,347.23
1787278500000,347.22,348.25,347.2,348.22
1787279400000,348.24,348.41,347.94,348.02
1787280300000,348.08,348.36,347.99,348.02
1787281200000,348.02,348.09,347.36,347.36
1787282100000,347.38,347.74,347.35,347.63
1787283000000,347.64,347.82,347.51,347.63
1787283900000,347.6,347.63,347.19,347.31
1787284800000,347.31,347.38,347.19,347.35
1787285700000,347.41,347.41,347.19,347.21
1787286600000,347.21,347.22,346.99,347.01
1787287500000,347.04,347.36,347.01,347.27
1787288400000,347.28,347.6,347.23,347.43
1787289300000,347.43,347.63,347.34,347.47
1787290200000,347.46,347.87,347.44,347.74
1787291100000,347.72,347.74,347.49,347.74
1787292000000,347.74,347.85,347.42,347.51
1787292900000,347.59,347.74,347.41,347.61
1787293800000,347.57,347.65,347.49,347.51
1787294700000,347.51,347.73,347.4,347.71
1787295600000,347.7,348.68,347.68,348.68
1787296500000,348.64,349.5,348.64,349.5
1787297400000,349.43,349.55,349.11,349.19
1787298300000,349.14,349.26,348.8,349.07
1787299200000,349.61,349.65,346.244,349.14
1787300100000,348.81,349.218,348.51,348.81
1787301000000,349.13,349.414,348.745,349.33
1787301900000,349.49,349.73,349.251,349.73
1787302800000,349.25,349.495,348.905,349.25
1787303700000,349.123,349.93,349.123,349.835
1787304600000,349.835,350.601,349.6,350.6
1787305500000,350.6,350.609,350.285,350.484
1787306400000,350.77,350.817,350.16,350.22
1787307300000,348.26,350.217,348.121,348.29
1787308200000,349.19,349.5,348.905,349.19
1787309100000,348.86,349.439,348.635,348.86
1787310000000,348.55,349.241,348.205,348.99
1787310900000,349.55,349.795,349.001,349.6
1787311800000,349.69,350.122,349.121,349.5
1787312700000,349.689,349.809,349.345,349.694
1787313600000,349.25,349.695,349.227,349.45
1787314500000,349.07,350.205,348.87,350
1787315400000,349.65,350.04,349.55,349.65
1787316300000,349.98,350.12,349.658,349.95
1787317200000,349.705,349.75,348.75,348.82
1787318100000,348.75,350.48,348.098,350.48
1787319000000,349.89,351.56,346.99,348.61
1787319900000,348.545,354.86,348,354.35
1787320800000,354.38,359.78,352.79,357.77
1787321700000,357.61,361.6,355.57,360.038
1787322600000,359.75,361.305,355.305,356.44
1787323500000,356.395,361.41,356.36,361.02
1787324400000,361.01,364.1,360.5,361.83
1787325300000,361.817,362.01,358.48,358.94
1787326200000,358.948,363.85,358.65,363.518
1787327100000,363.4,364.46,361.49,362.54
1787328000000,362.615,362.68,360.84,362.16
1787328900000,362.222,363.94,362.13,363.366
1787329800000,363.29,363.79,363.03,363.455
1787330700000,363.455,364.91,363.31,364.448
1787331600000,364.335,364.99,363.01,363.56
1787332500000,363.56,364.35,362.95,363.61
1787333400000,363.61,364.5,363.22,363.34
1787334300000,363.26,363.6,362.59,362.701
1787335200000,362.63,363.8,362.54,363.35
1787336100000,363.42,364.69,363.21,364.305
1787337000000,364.42,364.9,363.885,363.97
1787337900000,364.021,365.35,363.85,364.417
1787338800000,364.426,365.98,364.085,364.145
1787339700000,364.04,365.43,363,364.349
1787340600000,364.17,366.5,364.01,364.93
1787341500000,364.94,365.49,361.7,362.67
1787342400000,362.74,363.166,362.2,362.42
1787343300000,362.42,362.64,362.42,362.64
1787344200000,362.68,362.71,362.39,362.46
1787345100000,362.49,362.557,362.475,362.51
1787346000000,362.53,362.68,362.46,362.46
1787346900000,362.59,362.59,362.25,362.44
1787347800000,362.25,362.575,362.225,362.565
1787348700000,362.565,363.377,362.555,363.195
1787349600000,363,363.26,362.85,363
1787350500000,363.11,363.35,362.925,363.26
1787351400000,363.29,363.37,363.075,363.29
1787352300000,363.57,363.864,363.18,363.74
1787353200000,363.56,363.865,363.51,363.56
1787354100000,363.755,363.755,363.556,363.73
1787355000000,363.73,363.754,363.585,363.754
1787355900000,363.755,363.97,363.605,363.97
1787356800000,363.972,363.978,363.972,363.978
1787357700000,363.68,363.68,363.43,363.43
1787359500000,363.5,363.5,363.29,363.29
1787360400000,363.71,363.71,363.71,363.71
1787361300000,363.28,363.4,363.19,363.26
1787363100000,363.19,363.19,363.19,363.19
1787364000000,363.71,363.71,363.71,363.71
1787365800000,363.17,363.65,363.13,363.13
1787367600000,363.65,363.83,363.65,363.83
1787368500000,363.06,363.06,363.06,363.06
1787369400000,363.01,363.01,363.01,363.01
1787371200000,363.13,363.13,363.13,363.13
1787372100000,363.13,363.13,362.92,362.92
1787373000000,362.92,362.92,362.92,362.92
1787373900000,363.07,363.07,363.07,363.07
1787374800000,362.85,362.85,360.93,360.99
1787375700000,360.99,361.22,360.66,360.66
1787376600000,360.84,360.84,360.84,360.84
1787378400000,360.58,360.58,360.58,360.58
1787382900000,360.87,360.87,360.44,360.87
1787385600000,360.87,360.93,360.87,360.93
1787386500000,360.93,360.95,360.82,360.82
1787387400000,360.96,360.96,360.7,360.7
1787388300000,360.7,361.02,360.66,361.02
1787390100000,361.02,361.17,361.01,361.17
1787391000000,361.16,361.17,361.16,361.17
1787393700000,361.2,361.2,361.2,361.2
1787395500000,361.26,361.26,361.17,361.17
1787396400000,361.17,361.17,361.17,361.17
1787397300000,361.26,361.26,361.17,361.17
1787399100000,361.26,361.27,361,361
1787400000000,361.27,361.29,361,361
1787400900000,361.29,361.34,361,361.25
1787401800000,361.34,361.38,361.21,361.21
1787402700000,361.38,361.39,361.21,361.21
1787403600000,361.39,361.4,361.02,361.02
1787404500000,361.15,362.34,361.15,362.02
1787405400000,362.25,362.25,362.25,362.25
1787408100000,362.25,362.25,362.25,362.25
1787409000000,362.02,362.25,361.91,361.91
1787409900000,361.9,361.9,361.9,361.9
1787410800000,362.2,362.2,361.42,361.42
1787411700000,361.41,361.41,361,361
1787412600000,361,361.25,361,361.05
1787415300000,361.25,361.25,361,361
1787417100000,361.25,361.29,361,361
1787418000000,361,361.05,361,361.05
1787418900000,361.05,361.06,361.05,361.06
1787419800000,361.06,361.06,361.06,361.06
1787421600000,361.06,361.31,361.06,361.31
1787422500000,361.31,361.31,361.31,361.31
1787425200000,361.31,361.44,360.98,361.28
1787426100000,361.13,361.13,361.04,361.04
1787427900000,361.13,361.28,361.13,361.28
1787430600000,361.43,361.43,361.21,361.21
1787435100000,361.43,361.43,361.07,361.07
1787436000000,361.41,361.41,361.41,361.41
1787436900000,361.41,361.62,361.21,361.62
1787440500000,361.34,361.34,361.34,361.34
1787441400000,361.52,361.52,361.43,361.49
1787442300000,361.46,361.46,361.46,361.46
1787444100000,361.46,361.74,361.46,361.74
1787445000000,361.74,361.74,361.74,361.74
1787445900000,361.74,361.91,361.74,361.91
1787446800000,361.91,362.09,361.79,361.79
1787447700000,362.09,362.09,361.78,361.78
1787449500000,361.9,361.9,361.9,361.9
1787450400000,361.95,362.13,361.95,362.13
1787451300000,362.2,362.24,362.09,362.24
1787452200000,362.09,362.09,362,362
1787454900000,362.21,362.21,361.94,361.94
1787455800000,361.94,362.21,361.94,361.94
1787457600000,362.21,362.21,361.94,361.94
1787458500000,362.21,362.21,361.8,361.8
1787463000000,362.09,362.09,361.38,361.52
1787463900000,361.4,361.65,361.3,361.32
1787468400000,361.41,361.41,361.41,361.41
1787471100000,361.41,361.41,361.36,361.36
1787472000000,361.41,361.41,361.36,361.36
1787475600000,361.43,361.43,361.32,361.32
1787477400000,361.43,361.47,361.43,361.43
1787480100000,361.83,361.83,361.78,361.78
1787483700000,361.83,362.17,361.83,362.17
1787484600000,362.15,362.15,362.15,362.15
1787485500000,362.05,362.24,362.05,362.24
1787490000000,362.29,362.29,362.1,362.1
1787490900000,362.29,362.63,362.29,362.63
1787491800000,362.45,362.45,362.45,362.45
1787492700000,362.63,362.63,362.38,362.63
1787493600000,362.63,362.63,362.63,362.63
1787494500000,362.63,362.63,362.63,362.63
1787496300000,362.38,362.38,362.38,362.38
1787497200000,362.49,362.49,362.28,362.28
1787498100000,362.34,362.37,362.2,362.32
1787499000000,362.26,362.41,362.22,362.41
1787499900000,362.22,362.63,362.22,362.63
1787500800000,362.54,362.64,362.54,362.64
1787502600000,362.64,362.79,362.64,362.71
1787508900000,362.79,363.34,362.79,363.34
1787509800000,363.34,363.44,363.34,363.44
1787511600000,363.66,363.66,363.66,363.66
1787516100000,363.38,363.38,363.38,363.38
1787517900000,363.38,363.38,363.38,363.38
1787519700000,363.66,363.78,363.33,363.78
1787523300000,363.91,363.91,363.26,363.26
1787524200000,363.26,363.26,363.17,363.17
1787525100000,363.57,364.65,363.57,364.04
1787527800000,364.74,364.74,364.74,364.74
1787529600000,365,368.52,364.27,367
1787530500000,367.02,367.06,365.07,365.6
1787531400000,365.52,366,365.33,365.7
1787532300000,365.68,367.06,365.33,366.8
1787533200000,366.8,366.8,365.69,366.19
1787534100000,366.2,366.29,365.47,365.61
1787535000000,365.52,365.58,364.99,365.01
1787535900000,365.01,365.99,364.45,364.45
1787536800000,364.42,364.56,363.86,364.47
1787537700000,364.5,364.96,364.49,364.89
1787538600000,364.8,364.99,364.65,364.68
1787539500000,364.72,364.91,363.85,364.51
1787540400000,364.5,364.51,362.81,362.81
1787541300000,362.84,363.04,362.52,362.82
1787542200000,362.8,362.8,362.1,362.1
1787543100000,362.12,362.12,360.88,360.98
1787544000000,360.98,361.35,360.48,361.35
1787544900000,361.39,361.48,361.04,361.34
1787545800000,361.4,361.81,361.26,361.8
1787546700000,361.87,362.03,361.35,361.52
1787547600000,361.49,362.12,361.44,362.12
1787548500000,362.05,362.05,361.48,361.53
1787549400000,361.66,362.35,361.51,362.08
1787550300000,361.99,362.35,361.7,361.89
1787551200000,361.82,362.11,361.39,361.8
1787552100000,361.73,362.22,361.47,362.15
1787553000000,362.06,362.46,361.73,361.77
1787553900000,361.88,362.51,361.74,362.27
1787554800000,362.26,362.85,362.09,362.81
1787555700000,362.76,363.06,362.71,362.89
1787556600000,362.82,363.4,362.28,362.36
1787557500000,362.35,362.38,361.55,361.61
1787558400000,363.595,363.595,360.385,361.78
1787559300000,361.78,362.285,361.515,361.646
1787560200000,361.54,362.15,361.54,361.54
1787561100000,361.8,362.168,361.776,361.8
1787562000000,362.029,362.715,361.665,362.386
1787562900000,362.66,362.67,361.762,361.95
1787563800000,361.99,362.712,361.915,362.5
1787564700000,362.31,362.51,362.105,362.105
1787565600000,362.02,362.494,361.99,362.41
1787566500000,362.135,362.4,362.045,362.22
1787567400000,362.22,362.555,361.853,361.945
1787568300000,361.945,361.965,361.736,361.885
1787569200000,361.75,361.869,361.062,361.65
1787570100000,361.98,362.419,361.588,362.16
1787571000000,361.6,361.75,360.99,361.07
1787571900000,361,361.629,361,361.5
1787572800000,361.42,361.623,360.655,360.88
1787573700000,360.75,361.17,360.552,360.96
1787574600000,360.99,361.878,359.99,361.8
1787575500000,361.879,362.515,361.573,362.105
1787576400000,362.07,362.22,361.692,362.01
1787577300000,361.81,362.007,360.8,361.46
1787578200000,362.11,363.12,352.5,352.51
1787579100000,352.51,354.355,351.7,353.95
1787580000000,354.026,354.44,352.65,353.887
1787580900000,353.92,355,353.665,354.36
1787581800000,354.28,358.29,354.28,358.27
1787582700000,358.257,358.68,356.83,358.13
1787583600000,358.14,358.695,356.95,358.058
1787584500000,358.079,358.25,356.89,357.457
1787585400000,357.52,357.551,355.84,357.5
1787586300000,357.445,358.21,355.49,356.01
1787587200000,356.078,356.24,355.54,356.015
1787588100000,356.013,357.28,355.995,356.96
1787589000000,357.09,357.09,354.67,354.83
1787589900000,354.84,355.23,354.345,355.11
1787590800000,355.12,356.31,354.84,356.023
1787591700000,356.02,356.86,355.43,356.546
1787592600000,356.55,356.79,354.68,354.779
1787593500000,354.7,354.817,353.58,353.879
1787594400000,353.89,354.67,353.767,354.38
1787595300000,354.44,354.57,352.76,353.09
1787596200000,353.129,353.53,352.47,352.608
1787597100000,352.616,352.695,348.61,348.751
1787598000000,348.625,350.76,348.31,349.71
1787598900000,349.628,351.28,349.31,351.115
1787599800000,351.22,351.59,348.72,348.858
1787600700000,348.838,350.46,348.44,348.95
1787601600000,349.05,349.122,348.094,348.431
1787602500000,348.44,348.72,348.045,348.65
1787603400000,348.1,348.2,347.9,348.09
1787604300000,347.88,348.095,347.832,347.88
1787605200000,347.974,348.406,347.974,348.196
1787606100000,348.197,348.5,348.191,348.493
1787607000000,348.8,348.927,348.494,348.8
1787607900000,348.94,349.274,348.87,348.99
1787608800000,349.32,349.48,349.085,349.29
1787609700000,349.19,349.404,349.1,349.19
1787610600000,349.1,349.364,349.075,349.17
1787611500000,349.41,349.589,349.141,349.41
1787612400000,349.3,349.36,349.215,349.34
1787613300000,349.32,349.425,349.248,349.32
1787614200000,349.26,349.34,349.061,349.185
1787615100000,349.2,349.379,348.869,349.2
1787616000000,349.77,349.77,348.66,348.66
1787616900000,348.67,348.94,347.94,348.87
1787617800000,348.86,349.6,348.75,349.59
1787618700000,349.6,350.01,349.58,349.72
1787619600000,349.79,350.16,349.64,350.03
1787620500000,350.05,350.13,349.45,349.9
1787621400000,349.85,350.51,349.85,350.12
1787622300000,350.19,350.47,350.17,350.38
1787623200000,350.42,350.67,350.06,350.25
1787624100000,350.17,350.46,350.02,350.21
1787625000000,350.27,350.47,349.95,349.95
1787625900000,349.92,350.03,349.38,349.4
1787626800000,349.43,350.32,349.43,350.29
1787627700000,350.22,350.66,350.22,350.66
1787628600000,350.66,350.9,350.52,350.66
1787629500000,350.7,350.86,350.59,350.78
1787630400000,350.77,351.16,350.77,351.14
1787631300000,351.09,351.2,350.9,351.02
1787632200000,351.07,351.23,350.76,350.85
1787633100000,351.01,351.1,350.75,350.92
1787634000000,350.96,351.18,350.84,351.05
1787634900000,351.14,351.49,351.14,351.34
1787635800000,351.38,351.54,351.17,351.17
1787636700000,351.19,351.54,351.19,351.41
1787637600000,351.44,351.61,351.34,351.59
1787638500000,351.53,351.98,351.52,351.79
1787639400000,351.76,351.99,351.7,351.98
1787640300000,351.99,351.99,351.52,351.68
1787641200000,351.75,351.98,351.63,351.76
1787642100000,351.74,351.76,350.91,351.08
1787643000000,351.1,351.3,351.05,351.28
1787643900000,351.35,351.35,350.7,350.7
1787644800000,351.49,351.649,349.577,351.49
1787645700000,352.29,352.365,351.52,351.71
1787646600000,351.77,352,351.645,351.725
1787647500000,351.93,351.93,351.585,351.93
1787648400000,350.84,351.74,350.84,350.87
1787649300000,351.21,351.55,351.001,351.21
1787650200000,351.32,351.581,350.962,351.12
1787651100000,351.085,352.017,351.085,351.82
1787652000000,352.11,352.11,351.692,352.11
1787652900000,351.69,351.814,351.597,351.67
1787653800000,351.62,351.849,351.62,351.676
1787654700000,351.59,351.765,351.59,351.61
1787655600000,351.23,351.676,350.728,350.81
1787656500000,350.74,351.01,350.598,350.87
1787657400000,351.07,351.115,350.903,351.03
1787658300000,351.16,351.365,350.89,350.89
1787659200000,350.896,350.915,350.5,350.88
1787660100000,350.98,352.176,350.894,352
1787661000000,350.84,351.19,350.75,350.9
1787661900000,350.71,351.206,350.691,351.16
1787662800000,351.29,351.601,350.883,351.23
1787663700000,351.28,351.925,349.717,349.726
1787664600000,349.595,352.23,349.26,351.9
1787665500000,351.835,353.065,350.99,351.18
1787666400000,351.23,353.46,350.3,350.31
1787667300000,350.555,353.28,350.19,351.286
1787668200000,351.17,352.92,350.09,351.993
1787669100000,351.9,352.04,350.02,350.99
1787670000000,350.955,351.85,349.87,351.85
1787670900000,351.833,354.51,351.833,354.419
1787671800000,354.414,354.865,351.86,352.375
1787672700000,352.376,353.92,351.36,353.558
1787673600000,353.48,354.49,353.36,353.905
1787674500000,354.06,354.46,353.735,354.46
1787675400000,354.436,355.34,354.355,354.726
1787676300000,354.595,357,354.52,356.385
1787677200000,356.376,356.49,351.93,352.571
1787678100000,352.58,353.51,351.89,353.51
1787679000000,353.56,353.8,352.9,353.01
1787679900000,353.012,353.645,352.96,353.286
1787680800000,353.29,353.53,352.76,352.928
1787681700000,352.928,353.15,351.63,351.883
1787682600000,351.875,352.19,351.679,351.94
1787683500000,351.97,353.66,351.944,353.14
1787684400000,353.131,353.56,351.92,352.049
1787685300000,352.049,352.11,351.415,351.483
1787686200000,351.474,352.21,350.995,351.103
1787687100000,351.2,351.51,349.94,350.23
1787688000000,350.17,350.297,349.805,350.19
1787688900000,350.24,350.659,349.963,350.4
1787689800000,350.49,350.655,350.309,350.49
1787690700000,350.544,350.755,350.442,350.635
1787691600000,350.635,350.77,350.566,350.71
1787692500000,350.71,350.935,350.7,350.888
1787693400000,350.81,351,350.675,350.92
1787694300000,351,351,350.77,350.885
1787695200000,350.885,350.955,350.85,350.875
1787696100000,350.875,350.95,350.75,350.92
1787697000000,350.92,350.92,350.66,350.7
1787697900000,350.7,350.79,350.675,350.675
1787698800000,350.8,350.905,350.675,350.835
1787699700000,350.82,350.88,350.721,350.756
1787700600000,350.74,350.8,350.685,350.74
1787701500000,350.65,350.79,350.525,350.72
1787702400000,350.72,351.27,350.15,350.4
1787703300000,350.43,350.7,349.76,349.8
1787704200000,349.91,349.92,349.19,349.59
1787705100000,349.59,349.82,348.61,348.76
1787706000000,348.77,349.35,348.72,348.8
1787706900000,348.81,349.23,348.59,348.83
1787707800000,348.88,349.26,348.77,349
1787708700000,349.02,349.16,348.84,349.14
1787709600000,349.21,349.47,349.04,349.47
1787710500000,349.5,350.05,349.49,350.01
1787711400000,349.99,350.25,349.7,350.2
1787712300000,350.28,350.4,350.16,350.33
1787713200000,350.28,350.34,350.08,350.25
1787714100000,350.3,350.4,350.16,350.17
1787715000000,350.18,350.5,350.07,350.4
1787715900000,350.42,350.77,350.4,350.73
1787716800000,350.71,350.85,350.54,350.7
1787717700000,350.71,351.01,350.71,350.81
1787718600000,350.75,350.92,350.5,350.5
1787719500000,350.5,350.51,350.22,350.25
1787720400000,350.24,350.61,350.24,350.5
1787721300000,350.5,350.59,350.29,350.46
1787722200000,350.51,350.66,350.3,350.33
1787723100000,350.35,350.37,350.07,350.16
1787724000000,350.25,350.25,349.81,350.12
1787724900000,350.11,350.24,349.95,350.23
1787725800000,350.16,350.7,350.12,350.7
1787726700000,350.63,351,350.4,350.8
1787727600000,350.64,350.9,350.28,350.68
1787728500000,350.75,350.75,350.08,350.28
1787729400000,350.09,350.27,350,350.2
1787730300000,350.06,350.36,350.06,350.3
1787731200000,350.4,350.775,350.15,350.54
1787732100000,350.316,350.316,349.595,350.145
1787733000000,350.145,350.145,349.746,349.895
1787733900000,349.96,350.117,349.725,349.96
1787734800000,349.735,349.735,349.421,349.652
1787735700000,349.654,349.666,349.34,349.565
1787736600000,349.565,349.815,349.466,349.777
1787737500000,349.776,349.95,349.675,349.817
1787738400000,349.818,349.82,349.53,349.675
1787739300000,349.66,349.785,349.615,349.69
1787740200000,349.52,350.247,349.42,350.16
1787741100000,349.745,349.985,349.745,349.94
1787742000000,350.11,350.176,349.69,350.11
1787742900000,350.36,350.423,349.841,350
1787743800000,349.68,350.088,348.462,348.49
1787744700000,348.728,349.282,348.49,349.039
1787745600000,349.04,349.441,348.961,349.15
1787746500000,349.14,349.769,349.109,349.61
1787747400000,349.55,349.715,347.912,348.01
1787748300000,348.16,348.276,346.98,346.99
1787749200000,347,347.397,346.173,346.491
1787750100000,346.65,346.861,345.1,345.1
1787751000000,345.26,349.19,342.59,348.66
1787751900000,348.61,351.87,346.59,349.005
1787752800000,348.98,349.08,347.73,349.002
1787753700000,349.005,349.539,345.61,346.244
1787754600000,346.26,347.2,345.76,345.86
1787755500000,345.74,345.868,343.33,343.55
1787756400000,343.525,345.25,343.415,344.46
1787757300000,344.38,344.52,343.07,343.883
1787758200000,343.886,344.22,343.28,344.139
1787759100000,344.07,344.825,343.595,344.35
1787760000000,344.335,344.68,343.44,344.105
1787760900000,344.112,344.44,343.55,344.092
1787761800000,344.093,344.97,344,344.479
1787762700000,344.605,345.31,344.44,345.104
1787763600000,345.09,345.88,344.81,345.105
1787764500000,345.13,346.83,345.115,346.74
1787765400000,346.79,346.915,346.37,346.694
1787766300000,346.692,346.82,346.22,346.674
1787767200000,346.664,346.69,344.51,344.625
1787768100000,344.58,345.282,344.49,344.82
1787769000000,344.785,345.92,344.761,345.695
1787769900000,345.71,346.365,345.61,346.133
1787770800000,346.135,347.415,345.708,345.871
1787771700000,345.865,346.145,345.01,345.658
1787772600000,345.6,346.615,345.29,345.98
1787773500000,345.965,346.845,345.55,345.82
1787774400000,346.01,346.198,345.375,346.01
1787775300000,345.883,345.955,345.089,345.8
1787776200000,345.8,345.931,345.34,345.875
1787777100000,345.89,346.77,345.625,345.99
1787778000000,346.49,346.745,345.51,346.69
1787778900000,346.99,347.196,346.644,346.89
1787779800000,347.01,347.449,346.67,347.15
1787780700000,347.41,348.35,347.325,347.325
1787781600000,347.68,347.824,347.11,347.68
1787782500000,347.8,347.8,347.405,347.8
1787783400000,347.535,347.8,347.371,347.455
1787784300000,347.455,347.596,347.25,347.25
1787785200000,347.25,347.45,347.205,347.205
1787786100000,347.57,347.65,347.133,347.57
1787787000000,347.607,347.795,347.51,347.679
1787787900000,347.64,347.745,347.569,347.65
1787788800000,348.2,348.36,346.63,347.33
1787789700000,347.3,347.45,346.98,347.45
1787790600000,347.39,347.39,345.99,346.02
1787791500000,345.89,345.97,345.31,345.65
1787792400000,345.66,346.46,345.56,346.01
1787793300000,346.02,346.59,345.99,346.57
1787794200000,346.6,346.8,346.19,346.19
1787795100000,346.19,347.08,346.16,346.72
1787796000000,346.78,347.02,346.41,346.58
1787796900000,346.58,346.73,346.42,346.53
1787797800000,346.55,346.85,346.47,346.53
1787798700000,346.69,346.69,346.49,346.58
1787799600000,346.63,346.96,346.51,346.61
1787800500000,346.62,346.99,346.49,346.89
1787801400000,346.92,346.98,346.66,346.66
1787802300000,346.66,346.84,346.49,346.6
1787803200000,346.64,346.71,346.44,346.5
1787804100000,346.63,346.91,346.49,346.49
1787805000000,346.49,346.58,346.09,346.25
1787805900000,346.24,346.33,345.79,345.96
1787806800000,346.1,346.15,345.78,345.95
1787807700000,346,346.19,345.51,346.04
1787808600000,346.04,346.08,345.49,345.5
1787809500000,345.57,345.77,345.18,345.47
1787810400000,345.51,345.89,345.25,345.87
1787811300000,345.97,346.14,345.79,345.93
1787812200000,345.98,346.29,345.8,346.26
1787813100000,346.26,346.45,346.11,346.39
1787814000000,346.37,346.89,346.16,346.89
1787814900000,346.89,347.2,346.76,347.2
1787815800000,347.2,347.45,346.59,346.64
1787816700000,346.68,347.15,346.64,346.84
1787817600000,347,347.859,346.36,347.68
1787818500000,347.93,347.98,347.405,347.89
1787819400000,347.44,347.728,347.14,347.14
1787820300000,347.48,347.502,347.035,347.48
1787821200000,347,347.14,346.755,347
1787822100000,346.769,347.494,346.661,347.456
1787823000000,347.3,347.65,347.295,347.41
1787823900000,347.295,347.71,347.295,347.524
1787824800000,347.22,347.525,347.053,347.22
1787825700000,347.051,347.17,346.921,347.085
1787826600000,346.98,347.17,346.726,346.98
1787827500000,347.18,347.24,347.02,347.24
1787828400000,347.4,347.79,347.098,347.4
1787829300000,347.655,347.705,346.693,346.693
1787830200000,346.683,346.683,346.18,346.4
1787831100000,346.4,346.436,345.82,346.209
1787832000000,346.3,346.802,346.208,346.3
1787832900000,346.58,346.802,345.56,345.7
1787833800000,345.66,345.782,345.435,345.77
1787834700000,345.656,345.87,345.36,345.607
1787835600000,345.99,346.267,345.6,346.14
1787836500000,346.45,346.475,345.989,346.06
1787837400000,345.52,350.74,345.475,350.74
1787838300000,350.51,352.45,347.58,350.23
1787839200000,350.218,352.12,349.38,351.647
1787840100000,351.78,353.38,350.535,352.45
1787841000000,352.43,354.82,351.87,351.87
1787841900000,352.035,353.65,350.525,353.64
1787842800000,353.603,353.74,352.05,353.023
1787843700000,353.036,353.37,352.04,352.412
1787844600000,352.49,353.1,351.19,351.235
1787845500000,351.235,352.59,350.67,352.59
1787846400000,352.527,352.855,352.13,352.336
1787847300000,352.2,352.94,352.15,352.848
1787848200000,352.864,353.41,352.71,353.4
1787849100000,353.23,354.715,352.62,353.83
1787850000000,353.84,355.335,353.763,355.23
1787850900000,355.198,355.59,353.74,354.118
1787851800000,354.126,354.698,354.07,354.329
1787852700000,354.328,354.585,353.635,354.25
1787853600000,354.14,354.245,353.34,353.66
1787854500000,353.74,354.15,353.405,354
1787855400000,354.19,355.535,353.97,355.407
1787856300000,355.404,355.72,354.37,355.14
1787857200000,355.131,355.34,354.465,354.739
1787858100000,354.69,354.905,353.81,354.185
1787859000000,354.19,355.25,353.945,354.59
1787859900000,354.594,355.71,354.12,354.657
1787860800000,354.666,354.666,354,354.529
1787861700000,354.53,354.555,354.411,354.47
1787862600000,354.52,354.789,354.425,354.47
1787863500000,354.425,354.645,354.425,354.591
1787864400000,354.68,354.775,354.59,354.71
1787865300000,354.63,354.725,354.62,354.62
1787866200000,354.639,354.717,354.417,354.52
1787867100000,354.27,354.533,354.221,354.27
1787868000000,354.28,354.35,354.061,354.09
1787868900000,354.04,354.311,354.04,354.04
1787869800000,354.179,354.451,354.179,354.34
1787870700000,354.34,354.36,354.29,354.34
1787871600000,354.32,354.35,354.26,354.32
1787872500000,354.335,354.598,354.335,354.47
1787873400000,354.61,354.705,354.465,354.61
1787874300000,354.54,354.68,354.4,354.54
1787875200000,354.59,355.19,354.11,355.11
1787876100000,355.15,355.24,354.66,355.14
1787877000000,355.22,355.25,354.77,354.88
1787877900000,354.88,355.08,354.7,354.77
1787878800000,354.69,355.06,354.69,354.79
1787879700000,354.79,355,354.54,354.54
1787880600000,354.52,354.86,354.43,354.72
1787881500000,354.7,355.04,354.58,355.03
1787882400000,355.07,355.34,355,355.23
1787883300000,355.34,355.4,354.81,355.1
1787884200000,355.08,355.11,354.69,354.69
1787885100000,354.69,355.01,354.62,354.8
1787886000000,354.81,355.33,354.77,355.26
1787886900000,355.25,355.45,355.2,355.45
1787887800000,355.4,355.4,354.94,354.94
1787888700000,354.85,355.07,354.85,354.98
1787889600000,354.91,355.02,354.72,355.02
1787890500000,354.98,355.03,354.85,354.87
1787891400000,354.9,354.99,354.64,354.72
1787892300000,354.84,355.02,354.84,354.91
1787893200000,354.9,354.9,354.56,354.65
1787894100000,354.65,354.76,354.44,354.64
1787895000000,354.64,354.75,354.34,354.53
1787895900000,354.5,354.5,354.33,354.4
1787896800000,354.33,354.66,354.31,354.45
1787897700000,354.47,354.8,354.46,354.54
1787898600000,354.53,354.95,354.53,354.95
1787899500000,354.93,355.33,354.9,355.33
1787900400000,355.29,355.4,354.99,355.21
1787901300000,355.02,355.58,355.02,355.55
1787902200000,355.54,355.96,355.49,355.71
1787903100000,355.64,355.79,355.3,355.41
1787904000000,355.63,355.805,354.579,355.13
1787904900000,355.77,356.595,355.77,356.427
1787905800000,356.83,357.43,356.32,356.93
1787906700000,357.145,357.265,357.005,357.265
1787907600000,357.39,357.76,357.009,357.39
1787908500000,357.4,357.9,356.72,357.4
1787909400000,356.72,356.855,356.67,356.855
1787910300000,356.93,356.96,356.25,356.54
1787911200000,356.3,356.465,355.992,356.3
1787912100000,356.465,356.55,356.171,356.5
1787913000000,356.5,356.5,356.5,356.5
1787913900000,356.5,356.5,356.24,356.5
1787914800000,356.21,357.191,356.143,356.35
1787915700000,356.74,356.824,356.29,356.74
1787916600000,356,356.29,355.601,355.85
1787917500000,355.755,355.755,355.205,355.565
1787918400000,355.5,355.782,355.33,355.5
1787919300000,355.7,356.217,355.445,355.7
1787920200000,355.61,355.675,354.842,355.09
1787921100000,355.22,355.663,355.2,355.663
1787922000000,355.669,355.9,355.368,355.859
1787922900000,355.51,357.17,354.886,357.17
1787923800000,357.085,358.69,355,356.17
1787924700000,355.99,357.14,354.64,354.69
1787925600000,354.51,355.68,351.245,351.993
1787926500000,352.13,353.13,351.535,352.55
1787927400000,352.58,353.42,352.15,352.55
1787928300000,352.37,354.38,352.06,354.21
1787929200000,354.26,354.66,353.27,353.822
1787930100000,353.831,353.995,352.2,352.336
1787931000000,352.337,352.706,349.76,349.866
1787931900000,349.88,349.88,348.07,348.48
1787932800000,348.46,348.954,347.5,348.34
1787933700000,348.361,348.39,347.07,347.351
1787934600000,347.355,348.245,346.95,347.159
1787935500000,347.176,348.05,346.965,346.97
1787936400000,346.96,347.03,346,346.79
1787937300000,346.771,346.94,346.11,346.19
1787938200000,346.255,346.87,346.2,346.603
1787939100000,346.619,347.12,346.41,347.093
1787940000000,347.099,347.119,346.374,346.374
1787940900000,346.42,346.965,346.04,346.535
1787941800000,346.505,346.72,345.56,345.79
1787942700000,345.831,346.04,345.23,345.529
1787943600000,345.51,346.77,345.51,346.494
1787944500000,346.487,347.725,346.3,347.687
1787945400000,347.7,347.79,346.43,347.625
1787946300000,347.658,349.78,347.2,348.74
1787947200000,348.644,348.872,348.171,348.341
1787948100000,348.342,348.38,348.016,348.016
1787949000000,348.014,348.014,347.6,347.78
1787949900000,347.84,347.925,347.77,347.84
1787950800000,347.818,347.9,347.776,347.86
1787951700000,347.72,347.88,347.595,347.66
1787952600000,347.774,347.879,347.774,347.83
1787953500000,347.83,347.93,347.83,347.9
1787954400000,347.9,347.98,347.88,347.939
1787955300000,347.939,347.94,347.67,347.722
1787956200000,347.73,347.78,347.645,347.78
1787957100000,347.78,347.955,347.78,347.78
1787958000000,347.78,347.9,347.77,347.77
1787958900000,347.77,348.017,347.77,348.017
1787959800000,348.01,348.035,347.901,347.97
1787960700000,348.185,348.371,347.965,348.18
1787961600000,348.172,348.38,348.172,348.38
1787964300000,348.4,348.4,348.4,348.4
1787967000000,348.41,348.41,348.41,348.41
1787967900000,348.32,348.48,348.32,348.36
1787968800000,348.48,348.48,348.36,348.48
1787969700000,348.34,348.34,348.34,348.34
1787972400000,348.53,348.56,348.53,348.56
1787976000000,348.7,348.7,348.7,348.7
1787977800000,348.71,348.71,348.71,348.71
1787978700000,348.54,348.54,348.54,348.54
1787979600000,348.73,348.76,348.34,348.51
1787980500000,348.49,348.64,348.4,348.64
1787982300000,348.67,348.67,348.67,348.67
1787984100000,348.73,348.73,348.4,348.4
1787985000000,348.4,348.4,348.4,348.4
1787985900000,348.73,348.79,348.4,348.79
1787987700000,348.42,348.42,348.42,348.42
1787992200000,348.42,348.42,348.42,348.42
1787993100000,348.85,348.99,348.8,348.89
1787994000000,349.03,349.37,348.79,349.37
1787995800000,349.37,349.37,349.21,349.21
1787996700000,349.41,349.41,349.41,349.41
1787997600000,349.44,349.54,349.16,349.39
1787999400000,349.39,349.39,349.39,349.39
1788001200000,349.47,349.5,349.39,349.39
1788002100000,349.39,349.59,349.36,349.36
1788003900000,349.6,349.67,349.46,349.46
1788008400000,349.71,349.71,349.71,349.71
1788010200000,349.68,349.68,349.68,349.68
1788011100000,349.74,349.86,349.61,349.68
1788012000000,349.79,349.8,349.61,349.61
1788012900000,349.61,349.61,349.61,349.61
1788013800000,349.82,349.82,349.71,349.71
1788014700000,349.77,349.8,349.68,349.68
1788015600000,349.8,349.82,348.41,348.93
1788016500000,348.54,348.9,347.63,348.38
1788017400000,348.39,349.3,348.39,349.3
1788019200000,349.44,349.44,349.39,349.39
1788020100000,349.39,349.39,349.39,349.39
1788021000000,349.39,349.39,349.39,349.39
1788021900000,349.39,349.39,349.31,349.31
1788022800000,349.39,349.62,349.25,349.25
1788023700000,349.5,349.57,349.19,349.27
1788026400000,349.5,349.77,349.19,349.52
1788027300000,349.88,349.88,349.88,349.88
1788029100000,349.48,349.48,349.48,349.48
1788030000000,349.92,350.05,349.92,350.05
1788030900000,349.8,350.1,349.76,349.97
1788035400000,350.04,350.22,349.94,349.94
1788041700000,349.94,350.28,349.79,349.88
1788049800000,350.14,350.15,349.85,350.02
1788050700000,350.09,350.09,350.02,350.02
1788055200000,350.09,350.21,349.94,349.94
1788056100000,350.25,350.25,350.25,350.25
1788062400000,350.25,350.29,350.14,350.29
1788064200000,350.34,350.34,350.34,350.34
1788072300000,350.32,350.32,350.32,350.32
1788075000000,350.23,350.23,350.23,350.23
1788077700000,350.35,350.35,350.23,350.23
1788078600000,350.23,350.23,350.23,350.23
1788079500000,350.37,350.44,350.23,350.34
1788080400000,350.42,350.42,350.42,350.42
1788081300000,350.19,350.19,350.19,350.19
1788082200000,350.19,350.19,350.19,350.19
1788083100000,350.42,350.44,350.19,350.24
1788084000000,350.51,350.57,350.29,350.5
1788087600000,350.6,350.6,350.6,350.6
1788088500000,350.7,350.91,350.7,350.91
1788089400000,350.93,350.93,350.93,350.93
1788090300000,350.95,350.95,350.95,350.95
1788091200000,350.95,351.07,350.82,351.07
1788092100000,351.12,351.13,351.12,351.13
1788093000000,351.18,351.18,351.18,351.18
1788094800000,351.2,351.29,351.11,351.11
1788096600000,351.11,351.11,351.05,351.05
1788097500000,351.3,351.3,351.05,351.05
1788098400000,351.05,351.18,351.05,351.18
1788100200000,351.21,351.3,351.05,351.05
1788102000000,351.09,351.37,350.63,350.66
1788102900000,350.59,351.04,350.1,350.51
1788103800000,350.42,350.67,350.42,350.56
1788105600000,350.68,350.76,350.56,350.76
1788106500000,350.77,350.77,350.77,350.77
1788108300000,350.77,350.91,350.43,350.64
1788111000000,350.72,350.72,350.72,350.72
1788111900000,350.93,351,350.62,350.86
1788112800000,350.9,350.9,350.82,350.82
1788114600000,350.9,351.4,350.9,351.13
1788115500000,351.4,351.64,351.3,351.62
1788116400000,351.58,351.92,351.58,351.65
1788117300000,351.95,352.08,351.86,351.93
1788120000000,351.93,351.93,351.62,351.62
1788121800000,351.58,351.58,351.22,351.22
1788123600000,351.22,351.22,351.15,351.15
1788124500000,351.01,351.01,351.01,351.01
1788125400000,351.01,351.01,350.66,350.71
1788126300000,350.71,350.71,350.42,350.42
1788127200000,350.37,350.37,349.68,349.68
1788128100000,349.42,349.42,349.42,349.42
1788129900000,349.36,349.36,349.22,349.22
1788130800000,349.23,349.23,348.76,348.76
1788131700000,348.76,348.76,347.43,347.43
1788132600000,347.39,347.39,346.88,346.97
1788133500000,346.97,346.97,346.76,346.76
1788134400000,348.1,348.25,345.83,347.37
1788135300000,347.37,348.01,346.98,347.95
1788136200000,347.85,348.48,347.8,348.33
1788137100000,348.31,348.39,347.52,347.58
1788138000000,347.49,347.57,346.6,347
1788138900000,346.87,347.12,346.69,346.98
1788139800000,347.13,347.16,346.5,346.6
1788140700000,346.52,346.85,346.45,346.83
1788141600000,346.76,347.51,346.71,347.48
1788142500000,347.43,347.43,346.84,347.14
1788143400000,347.02,347.03,346.54,346.68
1788144300000,346.74,347.06,346.47,347.06
1788145200000,347.07,347.36,346.9,347.16
1788146100000,347.07,347.22,347,347.04
1788147000000,347.04,347.22,346.92,347.09
1788147900000,347.1,347.29,347.01,347.26
1788148800000,347.17,347.37,347.05,347.37
1788149700000,347.34,347.52,347.34,347.39
1788150600000,347.45,347.9,347.13,347.71
1788151500000,347.79,348.26,347.59,348.18
1788152400000,348.11,348.45,347.99,348.42
1788153300000,348.43,349.04,348.4,349.04
1788154200000,348.93,348.93,348.34,348.62
1788155100000,348.68,348.85,348.59,348.85
1788156000000,348.73,348.91,348.58,348.8
1788156900000,348.83,349.19,348.83,349.19
1788157800000,349.22,349.75,349.1,349.51
1788158700000,349.48,349.5,349.17,349.29
1788159600000,349.28,349.43,349.04,349.22
1788160500000,349.16,349.21,348.93,349.02
1788161400000,349.07,349.49,349.07,349.11
1788162300000,349.12,349.12,348.184,348.95
1788163200000,348.184,349.16,348.184,348.77
1788164100000,348.28,348.776,348.155,348.28
1788165000000,348,348.335,347.58,347.95
1788165900000,347.605,347.763,347.475,347.594
1788166800000,347.5,347.593,347.23,347.27
1788167700000,347.46,347.476,347.146,347.169
1788168600000,347.171,347.171,346.715,346.941
1788169500000,346.67,346.961,346.67,346.67
1788170400000,346.86,347.21,346.636,346.93
1788171300000,346.98,347.164,346.74,346.99
1788172200000,347.15,347.15,346.637,346.83
1788173100000,346.85,347.025,346.755,346.97
1788174000000,346.19,346.88,345.91,345.91
1788174900000,346.01,346.83,345.835,346.38
1788175800000,346.83,346.88,346.527,346.76
1788176700000,346.57,346.775,346.471,346.57
1788177600000,346.88,346.88,346.369,346.4
1788178500000,346.21,346.855,346.21,346.21
1788179400000,346.28,346.399,345.603,345.8
1788180300000,345.74,345.878,345.37,345.41
1788181200000,345.31,346.389,345.26,345.96
1788182100000,346.54,347.901,346.206,347.49
1788183000000,347.83,355.92,347.323,355.578
1788183900000,355.83,361.15,355.62,360.149
1788184800000,360.41,361.87,359.98,360.805
1788185700000,360.845,364.84,360.4,363.6
1788186600000,363.58,365.82,362.81,365.085
1788187500000,365.09,365.49,361.885,363.77
1788188400000,363.765,365.61,363.565,364.82
1788189300000,364.825,365.3,363.19,364.07
1788190200000,364.07,365.2,363.01,364.895
1788191100000,364.89,367.15,364.77,365.44
1788192000000,365.47,366.69,363.42,366.585
1788192900000,366.54,366.67,364.615,365.065
1788193800000,365.12,365.345,364.28,364.86
1788194700000,365.055,366.45,364.57,366.01
1788195600000,366.03,366.77,365.19,366.715
1788196500000,366.76,367.33,364.98,365.292
1788197400000,365.22,367.375,365.22,367.315
1788198300000,367.31,368.51,367.307,368.405
1788199200000,368.3,368.41,366.87,367.66
1788200100000,367.82,368.255,367.11,367.52
1788201000000,367.447,367.449,365.44,365.949
1788201900000,365.84,366.24,365.63,365.855
1788202800000,365.76,366.76,365.29,366.03
1788203700000,365.79,367.03,365.28,366.665
1788204600000,366.65,367.75,366.235,366.81
1788205500000,366.874,368.91,366.01,367.94
1788206400000,367.91,368.663,367.565,368.58
1788207300000,368.55,368.56,367.97,368.04
1788208200000,368.33,368.37,368,368.05
1788209100000,368.06,368.11,367.595,368
1788210000000,367.675,367.675,367.55,367.57
1788210900000,367.51,367.57,367.306,367.51
1788211800000,367.465,367.465,367.171,367.171
1788212700000,367.29,367.385,367.17,367.29
1788213600000,367.25,367.325,367.091,367.25
1788214500000,367.01,367.118,366.886,367.01
1788215400000,366.99,367.075,366.812,366.84
1788216300000,366.74,366.96,366.74,366.94
1788217200000,367,367.215,366.933,367.04
1788218100000,367.175,367.229,366.963,367.105
1788219000000,367.16,367.305,367.02,367.04
1788219900000,367.15,367.439,367.052,367.15
1788220800000,367.2,367.449,366.81,366.92
1788221700000,366.91,367.31,366.78,367.18
1788222600000,367.33,367.42,366.86,367
1788223500000,367.01,367.2,366.67,366.73
1788224400000,366.85,366.95,366.58,366.65
1788225300000,366.73,366.85,366.31,366.39
1788226200000,366.34,366.82,366.24,366.73
1788227100000,366.67,366.68,366.01,366.25
1788228000000,366.26,366.36,366.03,366.11
1788228900000,366.15,366.4,365.85,365.93
1788229800000,365.99,366.25,365.85,365.98
1788230700000,365.85,366.51,365.84,366.45
1788231600000,366.41,366.5,366.21,366.35
1788232500000,366.4,366.45,366.22,366.25
1788233400000,366.25,366.54,366.17,366.53
1788234300000,366.54,366.54,366.29,366.53
1788235200000,366.45,366.6,366.44,366.55
1788236100000,366.55,366.69,366.52,366.67
1788237000000,366.67,366.91,366.29,366.29
1788237900000,366.29,366.6,366.24,366.31
1788238800000,366.31,366.49,366.23,366.31
1788239700000,366.3,366.51,365.9,366.51
1788240600000,366.55,367.2,366.52,367.12
1788241500000,367.15,367.71,367.13,367.65
1788242400000,367.58,367.71,367.27,367.6
1788243300000,367.63,367.66,367.29,367.29
1788244200000,367.29,367.67,367.26,367.63
1788245100000,367.66,367.73,367.2,367.2
1788246000000,367.2,367.73,367.13,367.73
1788246900000,367.73,367.73,367.27,367.27
1788247800000,367.31,367.46,366.01,366.02
1788248700000,366.01,366.39,365.9,366
1788249600000,365.11,367.449,364.176,364.58
1788250500000,364.78,365.022,363.49,363.49
1788251400000,364.2,364.5,363.544,364.36
1788252300000,364.455,364.675,363.713,363.713
1788253200000,363.59,363.892,362.68,362.77
1788254100000,362.61,362.975,362.6,362.61
1788255000000,362.82,363.37,362.72,362.84
1788255900000,363.64,363.708,363.125,363.57
1788256800000,363.65,363.841,363.421,363.61
1788257700000,364.01,364.18,363.725,364.01
1788258600000,364.17,364.31,364.068,364.17
1788259500000,364,364.075,363.283,363.49
1788260400000,363.48,364.282,363.414,363.61
1788261300000,363.6,363.845,363.161,363.75
1788262200000,363.6,364.094,363.327,364
1788263100000,363.09,363.714,362.558,362.6
1788264000000,362.625,362.796,362.37,362.694
1788264900000,362.62,362.94,362.354,362.94
1788265800000,362.74,362.888,361.69,361.99
1788266700000,362.15,362.36,361.349,361.49
1788267600000,361.29,361.608,361.186,361.37
1788268500000,361.59,361.73,359.3,360.96
1788269400000,360.74,362.65,353.4,354.882
1788270300000,355.08,359.47,354.892,358.73
1788271200000,358.82,359.635,358.085,358.95
1788272100000,359.04,359.75,357.88,358.45
1788273000000,358.465,359.74,358.315,359.21
1788273900000,359.132,359.39,357.26,357.644
1788274800000,357.646,359.41,357.41,359.124
1788275700000,359.05,359.5,357.858,359.49
1788276600000,359.51,360.303,358.37,358.53
1788277500000,358.41,359.01,358.085,358.89
1788278400000,358.78,359.07,358.21,358.25
1788279300000,358.252,358.3,356.51,356.798
1788280200000,356.77,357.9,356.375,356.88
1788281100000,356.885,357.41,356.405,356.815
1788282000000,356.72,357.26,356.21,357.055
1788282900000,357.2,357.23,356.39,357.015
1788283800000,357.04,357.525,356.74,357.021
1788284700000,357.055,357.07,356.18,356.43
1788285600000,356.52,356.74,355.2,355.21
1788286500000,355.09,355.32,354.53,354.735
1788287400000,354.75,354.87,353.33,353.335
1788288300000,353.25,354.425,353.01,354.355
1788289200000,354.4,356.36,353.972,355.98
1788290100000,356.035,356.8,355.91,356.65
1788291000000,356.62,356.623,355.33,356.28
1788291900000,356.29,356.62,355.6,356.13
1788292800000,356.091,356.139,355.496,355.607
1788293700000,355.62,355.868,355.608,355.69
1788294600000,355.75,355.8,355.511,355.63
1788295500000,355.677,355.781,355.56,355.699
1788296400000,355.7,355.764,355.615,355.71
1788297300000,355.71,355.71,355.46,355.46
1788298200000,355.46,355.539,355.23,355.385
1788299100000,355.387,355.46,355.235,355.276
1788300000000,355.26,355.505,354.9,355
1788300900000,354.91,355.248,354.774,354.91
1788301800000,354.997,355.194,354.95,354.95
1788302700000,355.26,355.38,354.95,355.26
1788303600000,355.26,355.337,355.225,355.28
1788304500000,355.43,355.6,355.23,355.43
1788305400000,355.7,355.9,355.425,355.89
1788306300000,355.83,355.97,355.8,355.91
1788307200000,356.38,356.38,355.34,355.88
1788308100000,356.09,356.67,356.09,356.14
1788309000000,356.14,356.55,356.01,356.28
1788309900000,356.4,356.46,355.8,355.8
1788310800000,355.81,356.19,355.8,356.03
1788311700000,356.01,357.61,355.69,356.21
1788312600000,356.12,356.3,355.49,355.49
1788313500000,355.52,355.68,355.06,355.56
1788314400000,355.6,355.61,355.3,355.55
1788315300000,355.63,356.01,355.57,355.92
1788316200000,355.91,355.93,355.6,355.8
1788317100000,355.89,356.04,355.8,355.9
1788318000000,355.92,356.07,355.72,356.02
1788318900000,356.01,356.13,355.81,355.99
1788319800000,355.98,356.03,355.82,355.82
1788320700000,355.84,355.95,355.79,355.88
1788321600000,355.81,355.96,355.72,355.81
1788322500000,355.88,356.08,355.87,355.89
1788323400000,355.98,356.09,355.74,356
1788324300000,355.97,355.97,355.73,355.75
1788325200000,355.75,355.83,355.32,355.83
1788326100000,355.8,356.31,355.8,356.31
1788327000000,356.31,356.85,356.31,356.8
1788327900000,356.85,356.89,356.21,356.4
1788328800000,356.31,356.63,356.09,356.63
1788329700000,356.59,356.81,356.4,356.43
1788330600000,356.43,357.53,356.24,357.3
1788331500000,357.22,357.37,357.07,357.37
1788332400000,357.24,358.87,357.1,358.3
1788333300000,358.3,358.3,357.23,357.23
1788334200000,357.31,357.34,357.05,357.19
1788335100000,357.18,357.54,357.07,357.51
1788336000000,357.38,358,356.133,357.48
1788336900000,357.74,357.83,357.26,357.45
1788337800000,357.45,357.58,356.845,356.85
1788338700000,355.22,356.85,355.181,355.22
1788339600000,355.38,356.299,355.345,355.79
1788340500000,356.275,356.275,355.225,355.664
1788341400000,355.19,355.663,354.74,354.77
1788342300000,354.972,355.335,354.875,355.195
1788343200000,355.195,355.32,354.8,355.224
1788344100000,355.226,355.735,355.184,355.735
1788345000000,355.735,355.735,355.215,355.277
1788345900000,355.56,355.57,355.275,355.57
1788346800000,354.36,355.567,354.146,354.5
1788347700000,355.521,355.73,355.2,355.535
1788348600000,355.535,356.605,355.53,356.368
1788349500000,356.35,357.031,356.227,356.67
1788350400000,357.15,358.03,357.059,357.55
1788351300000,357.91,358.209,357.6,357.94
1788352200000,357.99,357.99,357.181,357.2
1788353100000,357.227,357.299,356.796,356.814
1788354000000,357.5,357.701,356.797,357.41
1788354900000,358,361.09,357.43,360.99
1788355800000,360.125,360.501,350.45,350.7
1788356700000,350.6,352.905,349.98,351.81
1788357600000,351.703,352.87,350.38,352.795
1788358500000,352.799,355.8,352.77,355.035
1788359400000,354.99,356.63,354.29,356.17
1788360300000,356.24,356.62,351.27,351.39
1788361200000,351.36,354.895,350.99,354.18
1788362100000,354.2,355.48,353.84,353.905
1788363000000,353.715,354.645,353.394,353.975
1788363900000,353.89,354.045,352.3,352.7
1788364800000,352.69,354.5,352.455,354.47
1788365700000,354.59,354.59,353.68,353.69
1788366600000,353.62,353.786,352.26,352.735
1788367500000,352.69,354.95,352.69,353.8
1788368400000,354.01,354.535,352.91,353.12
1788369300000,353.17,353.78,352.58,353.675
1788370200000,353.66,353.94,352.645,353.19
1788371100000,353.29,353.392,351.95,352.21
1788372000000,352.24,352.79,351.725,352.31
1788372900000,352.33,353.25,351.95,352.06
1788373800000,352.129,352.65,351.86,352.464
1788374700000,352.63,352.91,351.8,351.8
1788375600000,351.87,353.21,351.815,353.21
1788376500000,353.14,353.14,352.645,352.9
1788377400000,352.875,354.76,352.85,354.355
1788378300000,354.58,357.25,354.323,356.73
1788379200000,357.01,357.27,356.457,356.64
1788380100000,356.1,356.533,355.165,355.59
1788381000000,355.64,355.905,355.4,355.4
1788381900000,355.99,356.184,355.65,355.69
1788382800000,355.54,355.94,355.54,355.54
1788383700000,355.65,355.862,355.575,355.71
1788384600000,355.8,355.999,355.651,355.84
1788385500000,356.21,356.43,355.95,356.21
1788386400000,356.341,356.57,356.03,356.57
1788387300000,356.54,356.755,356.37,356.54
1788388200000,356.75,357.202,356.7,356.908
1788389100000,356.82,356.895,356.508,356.82
1788390000000,356.674,356.805,356.643,356.7
1788390900000,356.7,356.75,356.5,356.7
1788391800000,356.7,356.9,356.7,356.768
1788392700000,356.94,356.99,356.647,356.83
1788393600000,356.82,357.07,356.56,356.59
1788394500000,356.53,356.65,356.23,356.59
1788395400000,356.58,356.68,356.45,356.63
1788396300000,356.62,356.83,356.58,356.7
1788397200000,356.69,357.26,356.69,357.09
1788398100000,357.11,357.43,356.55,356.8
1788399000000,356.8,357,356.65,356.71
1788399900000,356.66,356.83,356.45,356.62
1788400800000,356.69,357.91,356.62,357.8
1788401700000,357.73,358.6,357.73,358.41
1788402600000,358.39,358.63,358.19,358.25
1788403500000,358.26,358.39,357.99,358
1788404400000,358.05,358.77,358.02,358.51
1788405300000,358.51,359.25,358.46,358.82
1788406200000,358.88,359.14,358.7,358.88
1788407100000,358.88,359.28,358.82,359.02
1788408000000,359.02,359.39,359.02,359.27
1788408900000,359.26,359.34,358.72,358.78
1788409800000,358.72,358.94,358.38,358.8
1788410700000,358.78,358.84,358.61,358.62
1788411600000,358.61,358.61,357.62,357.71
1788412500000,357.7,357.7,356.97,357.44
1788413400000,357.44,358.08,357.21,357.8
1788414300000,357.8,358.64,357.5,358.61
1788415200000,358.52,358.78,358.31,358.34
1788416100000,358.3,358.69,357.96,358.69
1788417000000,358.62,358.86,358.59,358.86
1788417900000,358.84,359,358.53,358.79
1788418800000,358.81,359.25,358.66,358.94
1788419700000,358.97,359.2,358.62,359.09
1788420600000,359.1,359.96,359.1,359.93
1788421500000,359.93,359.96,359.19,359.67
1788422400000,357.271,361.5,357.271,360.925
1788423300000,360.925,361.064,360.317,361.064
1788424200000,361.072,361.079,360.27,360.402
1788425100000,360.401,360.5,360.048,360.347
1788426000000,360.35,360.655,360.253,360.499
1788426900000,360.5,360.739,360.415,360.615
1788427800000,360.615,360.815,360.241,360.745
1788428700000,360.745,360.75,359.602,359.609
1788429600000,359.656,360.165,359.55,359.75
1788430500000,359.75,360.231,359.75,359.897
1788431400000,359.896,360.404,359.778,360.303
1788432300000,360.302,360.302,359.73,359.779
1788433200000,359.779,361.293,359.27,361.064
1788434100000,361.064,362.293,361.06,362.21
1788435000000,362.208,362.26,361.39,361.643
1788435900000,361.644,361.94,361.13,361.624
1788436800000,361.602,364.46,361.418,363.182
1788437700000,363.181,363.231,361.928,362.258
1788438600000,362.258,363.84,362.258,363.151
1788439500000,363.151,363.7,362.681,363.13
1788440400000,363.132,363.139,362.62,362.85
1788441300000,362.85,365.8,362.555,365.701
1788442200000,366,375.17,365.85,374.325
1788443100000,374.5,378.225,371.48,372.055
1788444000000,372.01,377.28,370.175,377.033
1788444900000,376.91,380.44,376.29,378.681
1788445800000,378.74,379.705,377.08,378.429
1788446700000,378.44,380.9,378.23,379.543
1788447600000,379.539,381.61,379.11,380.383
1788448500000,380.38,381.6,378.27,381.468
1788449400000,381.435,381.71,380.49,380.982
1788450300000,381.013,383.37,381.013,382.715
1788451200000,382.72,384.01,382.72,383.202
1788452100000,383.2,383.32,382.02,382.115
1788453000000,382.106,382.325,380.925,381.839
1788453900000,381.832,382.65,380.96,381.672
1788454800000,381.76,382.9,381.63,382.398
1788455700000,382.395,382.57,381.705,382.249
1788456600000,382.15,382.71,381.73,382.494
1788457500000,382.54,382.89,382.16,382.492
1788458400000,382.48,383.25,382.04,382.428
1788459300000,382.427,382.47,381.59,382.254
1788460200000,382.245,382.245,381.07,381.172
1788461100000,381.159,382,380.79,381.01
1788462000000,381.011,381.265,380.325,381.039
1788462900000,381.045,381.375,380.12,380.781
1788463800000,380.795,381.1,379.07,379.155
1788464700000,379.14,379.22,375.99,376.35
1788465600000,376.352,378.01,375.75,377.712
1788466500000,377.691,377.691,376.624,376.831
1788467400000,376.83,378.516,376.825,378.018
1788468300000,378.015,378.098,376.915,377.654
1788469200000,377.636,377.753,377,377.555
1788470100000,377.55,378.135,377.5,377.695
1788471000000,377.692,379.098,377.463,377.645
1788471900000,377.639,377.895,373.589,374.723
1788472800000,374.728,376.51,373.805,374.717
1788473700000,374.708,375.404,373.26,373.927
1788474600000,373.918,375.737,373.883,375.068
1788475500000,375.029,375.655,374.927,375.406
1788476400000,375.405,375.854,375.271,375.494
1788477300000,375.491,375.544,375.079,375.204
1788478200000,375.214,375.573,374.755,374.755
1788479100000,374.755,375.005,374.284,374.361
1788480000000,374.373,374.78,373.1,373.24
1788480900000,373.21,373.71,372.32,372.77
1788481800000,372.79,373.31,372.73,373.1
1788482700000,373.14,373.33,372.55,372.62
1788483600000,372.62,373.27,372.22,372.6
1788484500000,372.6,373.04,372.5,372.62
1788485400000,372.63,372.81,372.19,372.69
1788486300000,372.71,372.98,371.69,371.9
1788487200000,371.91,372.48,371.36,372.06
1788488100000,372.06,372.06,370.53,371.17
1788489000000,371.16,371.25,369.2,369.51
1788489900000,369.51,369.66,367.23,367.49
1788490800000,367.53,369.12,365.99,368.94
1788491700000,368.96,369.52,368.5,369.12
1788492600000,369.22,369.6,369.2,369.5
1788493500000,369.48,369.65,368.22,369.09
1788494400000,369.09,369.68,368.79,369.61
1788495300000,369.6,369.88,369.4,369.83
1788496200000,369.8,369.91,369.42,369.67
1788497100000,369.65,370.01,369.49,369.92
1788498000000,369.88,371.16,369.56,371.04
1788498900000,371.06,371.27,370.37,370.65
1788499800000,370.56,370.85,369.42,369.53
1788500700000,369.52,369.8,369.03,369.35
1788501600000,369.36,369.42,368.96,369.07
1788502500000,369.06,369.92,368.88,369.37
1788503400000,369.42,369.56,368.87,369.42
1788504300000,369.54,370.79,369.37,370.66
1788505200000,370.71,371.26,370.5,371.22
1788506100000,371.19,371.25,370.32,370.44
1788507000000,370.44,370.44,369.6,370.1
1788507900000,370.11,370.84,370.03,370.63
1788508800000,374.429,374.429,369.716,369.998
1788509700000,369.999,370.471,369.49,370.106
1788510600000,370.097,370.521,369.35,370.521
1788511500000,370.527,370.809,370.1,370.226
1788512400000,370.219,370.219,368.33,368.771
1788513300000,368.777,368.917,366.98,367.569
1788514200000,367.569,367.717,366.718,367.635
1788515100000,367.633,368.707,367.625,368.601
1788516000000,368.605,369,368.454,368.992
1788516900000,368.992,369.275,368.306,369.233
1788517800000,369.199,369.199,368.322,368.894
1788518700000,368.893,369,368.387,368.72
1788519600000,368.744,368.855,367.01,367.899
1788520500000,367.899,368.419,366.208,366.831
1788521400000,366.834,367.2,364.934,364.934
1788522300000,364.929,365.41,364.33,365.338
1788523200000,365.339,365.368,364.5,365.221
1788524100000,365.218,367.49,364.95,366.993
1788525000000,367.003,367.003,364.1,364.828
1788525900000,364.832,365.112,363.252,364.415
1788526800000,364.416,364.416,363.24,364.116
1788527700000,363.5914,364.5,361.69,362.2
1788528600000,362.18,364.69,356.67,357.2
1788529500000,357.2,360.38,356.2603,359.62
1788530400000,359.55,359.69,355.08,355.53
1788531300000,355.53,355.559,352.61,353.23
1788532200000,353.26,354.65,352.42,352.7291
1788533100000,352.735,354.39,352.45,354.295
1788534000000,354.26,355.7999,353.0901,353.21
1788534900000,353.23,353.4076,351.97,353.125
1788535800000,353.13,353.99,352.28,352.3901
1788536700000,352.4125,352.45,351.3201,351.715
1788537600000,351.685,352.735,351.495,352.47
1788538500000,352.455,352.55,351.455,351.93
1788539400000,351.93,352.5263,351.845,352.06
1788540300000,352.06,352.84,351.64,351.97
1788541200000,351.9862,352.355,351.4157,352.03
1788542100000,352.03,352.92,351.8,352.175
1788543000000,352.175,352.44,351.7,351.966
1788543900000,351.97,352.5899,351.67,352.295
1788544800000,352.3199,354.1,351.83,353.72
1788545700000,353.72,354.13,352.93,353.01
1788546600000,353.04,353.72,352.93,353.4
1788547500000,353.405,354.3199,353.07,354.2582
1788548400000,354.28,354.5897,353.31,354.4581
1788549300000,354.47,354.98,353.7273,354.705
1788550200000,354.72,354.92,353.15,353.575
1788551100000,353.5751,355.55,353.38,354.08
1788552000000,353.6168,354.08,352.78,353.73
1788552900000,353.75,354.08,352.89,353.3
1788553800000,353.2577,354.08,353.2,353.35
1788554700000,353.39,353.49,353.26,353.39
1788555600000,353.3239,353.71,353.31,353.7
1788556500000,353.6987,353.7,353.42,353.49
1788557400000,353.53,353.55,353.4,353.4399
1788558300000,353.439,353.44,353.26,353.42
1788559200000,353.4238,353.5,353.21,353.23
1788560100000,353.2423,353.29,353.07,353.1408
1788561000000,353.1408,353.15,352.73,352.89
1788561900000,352.8817,353,352.8,352.93
1788562800000,352.9299,353.03,352.92,352.96
1788563700000,353,353.11,352.9,353.04
1788564600000,353.04,353.09,352.8,352.8165
1788565500000,352.8166,353,352.7,352.8932
1788566400000,352.91,352.93,352.79,352.93
1788567300000,352.97,353.15,352.97,353.15
1788569100000,353.31,353.31,353.31,353.31
1788570000000,353.34,353.36,353.34,353.36
1788570900000,353.4,353.46,353.18,353.4
1788571800000,353.4,353.4,353.4,353.4
1788573600000,353.4,353.4,353.4,353.4
1788574500000,353.4,353.4,353.4,353.4
1788577200000,353.4,353.4,353.4,353.4
1788578100000,353.35,353.35,353.35,353.35
1788579000000,353.4,353.44,353.4,353.44
1788579900000,353.44,353.49,353.44,353.49
1788580800000,353.5,353.77,353.35,353.75
1788582600000,353.88,353.9,353.88,353.9
1788583500000,353.67,353.67,353.67,353.67
1788584400000,353.98,354.03,353.67,353.67
1788587100000,354.03,354.17,354.03,354.17
1788588000000,354.2,354.57,354.2,354.57
1788588900000,354.59,354.59,354.59,354.59
1788589800000,354.71,354.74,354.71,354.74
1788592500000,354.87,354.87,354.87,354.87
1788596100000,354.87,354.87,354.46,354.46
1788597000000,354.87,354.87,354.77,354.77
1788598800000,354.97,354.97,354.97,354.97
1788600600000,354.77,355.12,354.65,354.85
1788606000000,355.12,355.12,355.12,355.12
1788607800000,354.85,354.85,354.85,354.85
1788608700000,354.85,354.85,354.85,354.85
1788609600000,354.84,354.84,354.84,354.84
1788613200000,355.3,355.3,355.3,355.3
1788615000000,355.21,355.21,355.08,355.08
1788616800000,355.21,355.24,355.21,355.24
1788617700000,355.24,355.28,355.24,355.24
1788618600000,355.28,355.28,355.28,355.28
1788619500000,355.24,355.24,355.24,355.24
1788620400000,355.24,355.25,355.12,355.25
1788621300000,355.25,355.25,355.12,355.25
1788622200000,355.25,355.25,355.25,355.25
1788624000000,355.25,355.25,355.25,355.25
1788625800000,355.25,355.25,355,355
1788626700000,355.17,355.17,355.17,355.17
1788627600000,355.17,355.17,354.37,354.55
1788628500000,354.58,354.87,352.3,354.87
1788629400000,355.12,355.25,355.12,355.25
1788630300000,355.1,355.5,355.1,355.29
1788631200000,355.53,355.53,355.53,355.53
1788632100000,355.62,355.63,355.36,355.36
1788634800000,355.5,355.86,355.36,355.61
1788635700000,355.61,355.61,355.61,355.61
1788636600000,355.61,355.61,355.61,355.61
1788637500000,355.61,355.61,355.61,355.61
1788639300000,355.61,355.61,355.61,355.61
1788642900000,355.61,355.61,355.61,355.61
1788643800000,355.61,355.61,355.61,355.61
1788644700000,355.58,355.61,355.58,355.61
1788648300000,355.61,355.61,355.61,355.61
1788649200000,355.61,355.61,355.61,355.61
1788650100000,355.61,355.61,355.61,355.61
1788655500000,355.61,355.61,355.61,355.61
1788657300000,355.61,355.61,355.61,355.61
1788658200000,355.61,355.61,355.61,355.61
1788659100000,355.61,355.61,355.61,355.61
1788660900000,355.61,355.61,355.61,355.61
1788661800000,355.58,355.61,355.29,355.61
1788662700000,355.61,355.61,355.61,355.61
1788664500000,355.16,355.16,355.16,355.16
1788665400000,355.16,355.16,355.16,355.16
1788666300000,355.15,355.15,355.15,355.15
1788667200000,355.16,355.16,355.16,355.16
1788668100000,355.61,355.61,355.61,355.61
1788669000000,355.61,355.61,355.15,355.15
1788669900000,355.15,355.15,355.15,355.15
1788675300000,355.5,355.61,355.15,355.15
1788676200000,355.41,355.41,355.41,355.41
1788677100000,355.61,355.61,355.15,355.15
1788678000000,355.15,355.15,354.99,354.99
1788678900000,355.4,355.4,355.4,355.4
1788679800000,355.4,355.4,355.31,355.31
1788688800000,355.4,355.4,355.4,355.4
1788690600000,355.4,355.4,355.31,355.31
1788693300000,355.4,355.4,355.4,355.4
1788695100000,355.31,355.31,354.23,355.03
1788696000000,355.19,355.2,355.13,355.2
1788696900000,355.26,355.28,355.26,355.28
1788697800000,355.32,355.61,355.32,355.61
1788699600000,355.61,355.61,355.61,355.61
1788701400000,355.61,355.61,355.61,355.61
1788703200000,355.61,355.61,355.43,355.43
1788704100000,355.43,355.61,355.12,355.12
1788705000000,355.61,355.61,355.12,355.12
1788706800000,355.61,355.61,354.31,354.31
1788707700000,354.35,354.35,354.35,354.35
1788708600000,354.35,354.53,354.35,354.47
1788709500000,354.51,354.71,354.43,354.71
1788710400000,354.74,354.92,354.65,354.65
1788712200000,355.03,355.03,355.03,355.03
1788713100000,354.97,354.97,354.97,354.97
1788714000000,354.97,354.97,354.89,354.89
1788714900000,354.88,354.9,354.73,354.73
1788717600000,354.91,355.03,354.91,355.03
1788718500000,355.12,355.12,355.07,355.07
1788721200000,355.04,355.07,354.99,354.99
1788723000000,354.99,354.99,354.66,354.88
1788723900000,354.89,354.89,354.89,354.89
1788729300000,354.89,354.92,354.89,354.92
1788730200000,354.92,354.92,354.92,354.92
1788731100000,354.96,354.96,354.96,354.96
1788732000000,354.96,354.96,354.82,354.82
1788733800000,354.82,354.82,354.82,354.82
1788734700000,354.96,354.96,354.82,354.82
1788737400000,354.96,354.96,354.96,354.96
1788738300000,354.96,355,354.96,355
1788740100000,355.08,355.08,355.08,355.08
1788742800000,355.17,355.2,354.97,354.97
1788743700000,354.97,354.97,354.97,354.97
1788746400000,355.23,355.23,355.12,355.12
1788748200000,355.14,355.14,355.14,355.14
1788749100000,355.14,355.14,355.14,355.14
1788750000000,355.14,355.14,355.14,355.14
1788753600000,355.14,355.17,355.14,355.17
1788755400000,355.17,355.17,355.11,355.11
1788759000000,355.17,355.17,355.17,355.17
1788760800000,355.17,355.17,355.04,355.04
1788761700000,355.04,355.04,355.01,355.01
1788762600000,355.17,355.17,354.97,355.17
1788764400000,355.17,355.17,355.17,355.17
1788765300000,355.17,355.17,354.31,354.34
1788766200000,354.13,354.13,353.47,353.48
1788768000000,353.61,353.71,353.61,353.71
1788768900000,353.57,353.89,353.57,353.89
1788770700000,353.89,353.91,353.89,353.91
1788771600000,353.93,354.12,353.93,354.12
1788774300000,354.26,354.28,354.26,354.28
1788776100000,354.28,354.28,354.28,354.28
1788777000000,354.28,354.28,353.81,353.91
1788777900000,354,354,353.86,353.86
1788778800000,353.86,353.86,353.61,353.62
1788780600000,353.71,353.71,353.58,353.58
1788781500000,353.71,353.71,353.65,353.69
1788782400000,353.69,353.69,353.56,353.56
1788783300000,353.57,353.57,353.57,353.57
1788784200000,353.55,353.79,353,353.79
1788785100000,353.8,353.95,353.77,353.77
1788786000000,354.01,354.27,353.96,354.21
1788786900000,354.15,354.3,354.15,354.3
1788787800000,354.35,355.26,354.34,355.15
1788788700000,355.15,355.15,354.9,354.9
1788790500000,355.2,355.2,355.2,355.2
1788791400000,355.2,355.2,355.2,355.2
1788793200000,355.2,355.2,354.98,354.98
1788794100000,354.97,355.14,354.97,355.14
1788795000000,355.14,355.14,355.14,355.14
1788795900000,354.9,354.9,354.59,354.63
1788796800000,354.8,354.8,354.75,354.75
1788797700000,354.66,354.66,354.66,354.66
1788798600000,354.75,354.9,354.56,354.9
1788799500000,354.56,355.09,354.56,355.09
1788800400000,355.09,355.21,354.98,355.08
1788801300000,355.12,355.12,355.12,355.12
1788803100000,355.22,355.24,355.22,355.24
1788804000000,355.15,355.22,355.15,355.22
1788804900000,355.22,355.22,355.22,355.22
1788806700000,355.26,355.26,355.26,355.26
1788810300000,355.27,355.27,355.27,355.27
1788811200000,355.11,355.11,355.11,355.11
1788812100000,355.31,355.31,355.31,355.31
1788815700000,355.31,355.31,355.31,355.31
1788820200000,355.21,355.21,355.21,355.21
1788821100000,355.34,355.34,355.34,355.34
1788823800000,355.36,355.36,355.26,355.26
1788825600000,354.1,354.7,353.41,354.66
1788826500000,354.66,355.49,354.49,355.45
1788827400000,355.43,355.9,355,355.56
1788828300000,355.53,355.73,355.13,355.13
1788829200000,355.13,355.8,354.72,355.38
1788830100000,355.38,355.67,355.25,355.28
1788831000000,355.28,355.57,355.16,355.56
1788831900000,355.56,355.99,355.53,355.98
1788832800000,355.98,356.02,355.72,355.94
1788833700000,355.94,355.95,355.7,355.84
1788834600000,355.85,355.95,355.48,355.53
1788835500000,355.51,355.73,355.1,355.1
1788836400000,355.1,355.6,355.07,355.55
1788837300000,355.55,355.99,355.51,355.96
1788838200000,355.96,356.37,355.83,356.25
1788839100000,356.21,356.41,355.84,356.36
1788840000000,356.3,356.5,356.14,356.39
1788840900000,356.37,356.51,356.28,356.28
1788841800000,356.36,356.71,356.16,356.71
1788842700000,356.71,356.77,356.08,356.17
1788843600000,356.17,356.2,355.58,355.86
1788844500000,355.86,356.35,355.76,355.78
1788845400000,355.76,355.9,355.29,355.35
1788846300000,355.34,355.44,355.03,355.2
1788847200000,355.15,355.23,354.75,354.8
1788848100000,354.81,354.9,354.1,354.85
1788849000000,354.82,355.01,354.39,354.98
1788849900000,355.01,355.24,354.78,354.98
1788850800000,354.99,355.4,354.69,355.05
1788851700000,355.15,355.47,354.99,355.31
1788852600000,355.36,355.36,354.5,354.7
1788853500000,354.67,354.67,354.36,354.49
1788854400000,354.425,356.77,352.89,353.74
1788855300000,353.78,354.32,353.2,353.25
1788856200000,353.09,353.46,352.87,352.88
1788857100000,352.8856,353.3022,352.1971,352.4127
1788858000000,352.34,352.9735,352.18,352.8
1788858900000,352.77,353.15,352.6542,353.14
1788859800000,353.13,353.69,353.06,353.46
1788860700000,353.46,353.98,353.3812,353.87
1788861600000,353.89,354.06,353.57,353.7671
1788862500000,353.76,355.34,353.74,354.6292
1788863400000,354.6243,354.63,353.79,354
1788864300000,353.8272,354.63,353.42,354.61
1788865200000,354.53,355.08,354.08,354.64
1788866100000,354.56,354.8,354.5,354.7
1788867000000,354.6,355.39,354.6,354.84
1788867900000,354.8104,355.8289,354.61,355.818
1788868800000,355.75,355.85,354.75,354.75
1788869700000,354.75,355.4,354.75,355.3188
1788870600000,355.3,355.7396,355.01,355.42
1788871500000,355.4261,355.8053,355.2,355.7897
1788872400000,355.8347,356.72,355.7,356.53
1788873300000,356.53,357.76,355.6,357.16
1788874200000,357.27,362.42,355.97,357.67
1788875100000,357.68,360.62,357.1,360.175
1788876000000,360.2,362.62,358.37,361.9873
1788876900000,361.945,364.7499,360.25,363.37
1788877800000,363.57,365.08,363.02,364.5
1788878700000,364.535,365.1799,362.96,365.11
1788879600000,365.11,366.3599,364.2801,364.73
1788880500000,364.725,367.95,364.51,367.8299
1788881400000,367.82,368.24,365.1,366.065
1788882300000,366.13,368.15,365.87,367.7701
1788883200000,367.78,368.26,366.6,367.5951
1788884100000,367.6002,369.01,367.3,368.22
1788885000000,368.19,369.28,368.0005,369.19
1788885900000,369.18,369.68,367.87,368.27
1788886800000,368.23,370,368.18,368.3703
1788887700000,368.43,368.67,367.25,367.52
1788888600000,367.525,367.99,366.47,366.57
1788889500000,366.56,366.91,365.74,365.7801
1788890400000,365.7972,366.45,365.74,365.94
1788891300000,365.91,366.45,365.45,365.545
1788892200000,365.58,366.54,365.15,366.4669
1788893100000,366.46,367.93,364.85,367.055
1788894000000,367.09,367.51,366.51,367.3
1788894900000,367.3,368.34,366.5387,368.275
1788895800000,368.28,368.38,367.47,367.97
1788896700000,367.98,368.8,367.36,368.16
1788897600000,368.04,368.3,367.06,367.15
1788898500000,367.16,368.16,367.11,367.2303
1788899400000,367.28,368.16,367.11,367.21
1788900300000,367.21,367.29,367.05,367.07
1788901200000,367.07,367.3895,366.51,366.85
1788902100000,366.9199,368.16,366.77,366.8
1788903000000,366.8,366.92,366.75,366.8517
1788903900000,366.92,367.1172,366.7,366.7465
1788904800000,366.75,366.82,366.5,366.65
1788905700000,366.6,366.76,366.34,366.56
1788906600000,366.59,366.82,366.5,366.73
1788907500000,366.79,366.88,366.7,366.88
1788908400000,366.9,366.9984,366.56,366.6
1788909300000,366.62,366.76,366.52,366.591
1788910200000,366.58,366.7,366.58,366.63
1788911100000,366.61,366.7267,366.5,366.64
1788912000000,366.57,367.33,366.34,367.05
1788912900000,367.05,367.05,366.44,366.46
1788913800000,366.47,366.57,366.14,366.5
1788914700000,366.54,366.94,366.4,366.93
1788915600000,366.93,366.99,366.8,366.9
1788916500000,366.97,367.33,366.88,366.95
1788917400000,366.97,367.75,366.81,367.58
1788918300000,367.5,367.68,367.26,367.56
1788919200000,367.57,368.08,367.57,367.83
1788920100000,367.85,368.09,367.7,367.91
1788921000000,367.96,367.99,367.7,367.77
1788921900000,367.71,367.93,367.61,367.61
1788922800000,367.61,367.63,367.27,367.43
1788923700000,367.41,367.53,367.14,367.18
1788924600000,367.18,367.18,366.91,366.91
1788925500000,366.99,367.08,366.81,366.95
1788926400000,366.94,367.19,366.85,366.97
1788927300000,366.93,367.26,366.92,367.2
1788928200000,367.24,367.58,367.12,367.56
1788929100000,367.59,367.87,367.59,367.77
1788930000000,367.73,367.91,367.55,367.81
1788930900000,367.82,367.91,367.4,367.51
1788931800000,367.57,367.7,367.35,367.46
1788932700000,367.47,367.99,367.42,367.92
1788933600000,367.99,367.99,367.64,367.88
1788934500000,367.82,367.86,367.45,367.45
1788935400000,367.48,367.71,367.35,367.63
1788936300000,367.68,367.71,367.24,367.4
1788937200000,367.35,367.73,367.11,367.44
1788938100000,367.42,368,367.3,367.97
1788939000000,368,368.55,367.9,368.36
1788939900000,368.41,368.44,367.98,368.14
1788940800000,367.79,368.5927,366.7855,367.7
1788941700000,367.75,368.095,367.42,367.87
1788942600000,367.87,368,366.59,366.744
1788943500000,366.7,367.24,366.51,367.125
1788944400000,367.15,367.15,366.71,367
1788945300000,367,367.2242,366.4,366.622
1788946200000,366.7137,366.9785,365.61,365.885
1788947100000,365.77,365.9,364.2,364.3457
1788948000000,364.32,364.67,363.7,364.17
1788948900000,364.15,365,363.78,364.8
1788949800000,364.71,365.2,364.54,364.69
1788950700000,364.6,364.93,364.3,364.7
1788951600000,364.765,365.54,364.32,364.9031
1788952500000,364.92,365.19,364.06,364.971
1788953400000,364.97,364.99,364.21,364.33
1788954300000,364.34,365.63,364.1,364.6
1788955200000,364.7937,364.82,363.8,363.8
1788956100000,363.9268,364.47,363.8,364.23
1788957000000,364.12,364.47,364,364.28
1788957900000,364.3,364.5,364.2,364.3
1788958800000,364.3755,364.75,364.08,364.4989
1788959700000,364.44,368.48,364.18,368.079
1788960600000,368.355,375.44,367.8301,373.62
1788961500000,373.635,374.73,370.68,371.08
1788962400000,371.03,373.1306,369.81,371.25
1788963300000,371.21,372.27,370.511,371.27
1788964200000,371.27,373.48,370.37,371.7597
1788965100000,371.755,373.6,371.065,371.31
1788966000000,371.31,371.83,367.84,368.58
1788966900000,368.5409,368.8699,367.25,368.68
1788967800000,368.675,371.28,368.5701,370.1686
1788968700000,370.18,370.75,369.87,370.625
1788969600000,370.62,371.12,369.83,370.6358
1788970500000,370.61,370.76,368.56,368.7352
1788971400000,368.76,369.51,368.73,369.345
1788972300000,369.38,370.9,368.72,368.804
1788973200000,368.81,369.41,368.2501,368.53
1788974100000,368.53,368.69,367.78,368.165
1788975000000,368.13,369.2,368.05,368.86
1788975900000,368.86,369.13,368.1752,368.94
1788976800000,368.96,369.25,368.01,368.31
1788977700000,368.34,369.9,368.32,369.84
1788978600000,369.8447,370.16,368.7101,368.87
1788979500000,368.87,369.23,368.1,369.05
1788980400000,369.016,369.55,368.46,369.5
1788981300000,369.49,369.73,368.745,368.92
1788982200000,368.911,369.3,368.5,368.7
1788983100000,368.7,369.3,367.5,367.81
1788984000000,367.79,367.87,367.12,367.46
1788984900000,367.5,367.81,367.2,367.5
1788985800000,367.4592,367.81,367.3301,367.56
1788986700000,367.5015,367.6492,367.42,367.53
1788987600000,367.51,367.55,367.42,367.5152
1788988500000,367.4648,367.58,367.41,367.41
1788989400000,367.48,367.81,367.33,367.33
1788990300000,367.33,367.4,367.14,367.1401
1788991200000,367.13,367.3,366.57,366.66
1788992100000,366.66,366.8,366.42,366.58
1788993000000,366.7,366.7,366.38,366.6015
1788993900000,366.6103,366.74,366.5,366.6
1788994800000,366.65,366.74,366.4,366.4
1788995700000,366.46,366.53,366.32,366.3689
1788996600000,366.3897,366.93,366.25,366.7
1788997500000,366.65,367.3,366.6,367.1
1788998400000,367.4,367.6,366.69,366.69
1788999300000,366.73,367.26,366.73,367.25
1789000200000,367.2,367.2,366.61,366.99
1789001100000,366.93,366.93,366.21,366.22
1789002000000,366.22,366.58,366.08,366.3
1789002900000,366.11,366.35,365.45,365.53
1789003800000,365.53,365.85,365.3,365.85
1789004700000,365.83,366.3,365.75,366.19
1789005600000,366.21,366.25,365.77,366
1789006500000,366.01,366.01,365.58,365.71
1789007400000,365.71,366.3,365.52,366.22
1789008300000,366.34,366.34,366.08,366.26
1789009200000,366.33,366.65,366.26,366.4
1789010100000,366.4,366.4,366,366.23
1789011000000,366.07,366.08,365.76,365.91
1789011900000,365.95,366.13,365.87,366.01
1789012800000,366.02,366.11,365.93,365.98
1789013700000,366.02,366.09,365.91,366.02
1789014600000,366.02,366.09,365.87,365.9
1789015500000,365.91,366.2,365.89,366.09
1789016400000,366.2,366.38,366.07,366.38
1789017300000,366.45,366.75,366.3,366.75
1789018200000,366.75,366.99,366.59,366.59
1789019100000,366.64,366.92,366.6,366.77
1789020000000,366.82,366.95,366.36,366.39
1789020900000,366.39,366.74,366.29,366.73
1789021800000,366.73,366.79,366.59,366.67
1789022700000,366.78,367.02,366.63,366.68
1789023600000,366.7,367.22,366.6,367.18
1789024500000,367.15,367.21,366.56,366.56
1789025400000,366.53,366.69,366.33,366.54
1789026300000,366.55,366.55,366.39,366.49
1789027200000,367.0507,367.25,365.5412,365.69
1789028100000,365.7547,366.2788,365.5612,365.71
1789029000000,365.72,366.28,365.54,365.56
1789029900000,365.5412,365.9917,365.54,365.78
1789030800000,365.7462,366.3,365.605,366.21
1789031700000,365.932,366.64,365.932,366.38
1789032600000,366.38,366.45,365.4,365.8
1789033500000,365.5,366.45,365.5,366.3
1789034400000,366.31,366.505,366.0112,366.07
1789035300000,366.06,366.4437,365.875,365.875
1789036200000,365.95,366.234,365.5,366.12
1789037100000,366.08,366.3,365.56,365.9
1789038000000,365.99,365.99,364.98,365.2056
1789038900000,365.2057,365.37,364.5,365
1789039800000,364.95,365.5,364.36,364.36
1789040700000,364.3639,364.65,362.88,363.01
1789041600000,363.12,363.44,362.5,363.221
1789042500000,363.27,363.33,362.7,363.19
1789043400000,363.04,363.2,360.31,360.65
1789044300000,360.68,360.98,360.095,360.1535
1789045200000,360.1792,361.55,360.15,361.18
1789046100000,361.1764,361.5798,359.44,360.6
1789047000000,360.4,365.389,357.68,365.315
1789047900000,365.3895,367.07,364.08,366.07
1789048800000,366.14,369.21,365,365.82
1789049700000,365.835,367.3,365,366.2999
1789050600000,366.245,368.85,366.19,368.6
1789051500000,368.62,368.63,366.9,367.605
1789052400000,367.6,367.63,365.36,366.39
1789053300000,366.4,366.85,365.23,366.16
1789054200000,366.0803,366.9,365.3,366.865
1789055100000,366.83,367,365.63,366.7992
1789056000000,366.75,366.9499,366.08,366.29
1789056900000,366.36,366.7895,365.77,366.1301
1789057800000,366.1,366.78,365.307,366.78
1789058700000,366.75,367.43,365.45,365.85
1789059600000,365.815,366.45,365.64,366.04
1789060500000,366.12,367.1725,366.06,366.83
1789061400000,366.86,367.85,366,367.3818
1789062300000,367.385,367.5,365.3501,365.4565
1789063200000,365.455,366.04,364.88,365.6
1789064100000,365.56,366.2,365.35,365.85
1789065000000,365.8213,366.1,365.43,366.05
1789065900000,366.02,366.6299,365.7191,366.27
1789066800000,366.27,366.48,364.5208,364.82
1789067700000,364.82,365.42,363.71,363.945
1789068600000,363.96,364.49,363.46,363.835
1789069500000,363.85,364.04,362.77,363.56
1789070400000,363.57,363.97,363.04,363.5699
1789071300000,363.56,364.119,363.5,363.81
1789072200000,363.7525,364.16,363.56,363.9
1789073100000,363.9185,363.92,363.655,363.7786
1789074000000,363.7775,363.81,363.65,363.78
1789074900000,363.7797,363.8,363.56,363.75
1789075800000,363.7484,363.79,363.6,363.71
1789076700000,363.73,363.75,363.6035,363.72
1789077600000,363.7,363.9,363.6,363.76
1789078500000,363.78,363.85,363.6,363.6
1789079400000,363.69,363.8,363.38,363.46
1789080300000,363.4,363.6,363.4,363.43
1789081200000,363.47,363.6,363.4,363.4227
1789082100000,363.5,363.53,363.29,363.4494
1789083000000,363.39,363.6,363.38,363.45
1789083900000,363.4631,363.56,363.4,363.45
1789084800000,363.41,363.81,362.09,363.36
1789085700000,363.47,363.79,363.27,363.75
1789086600000,363.73,363.96,363.3,363.3
1789087500000,363.42,363.82,363.32,363.68
1789088400000,363.75,364.04,363.62,364.04
1789089300000,364.04,364.1,363.82,363.82
1789090200000,363.86,364,363.45,363.6
1789091100000,363.47,363.59,363.15,363.54
1789092000000,363.71,363.71,363.43,363.52
1789092900000,363.51,363.51,362.9,363
1789093800000,362.95,362.95,362.69,362.69
1789094700000,362.72,363,362.59,362.78
1789095600000,362.72,362.86,362.1,362.31
1789096500000,362.34,362.43,361.96,362.3
1789097400000,362.21,362.65,362.02,362.65
1789098300000,362.66,362.66,362.09,362.09
1789099200000,362.06,362.33,361.71,362.1
1789100100000,362.14,363,362.08,362.75
1789101000000,362.75,363.25,362.7,363.16
1789101900000,363.16,363.39,363.12,363.18
1789102800000,363.2,363.38,362.96,363.38
1789103700000,363.21,363.21,362.97,362.97
1789104600000,363.09,363.79,363.09,363.66
1789105500000,363.67,364.34,363.57,364.25
1789106400000,364.25,364.8,363.94,364.5
1789107300000,364.54,364.59,364.19,364.23
1789108200000,364.23,364.59,364.16,364.5
1789109100000,364.53,364.99,364.52,364.91
1789110000000,364.91,365,364.73,364.95
1789110900000,364.92,365.51,364.81,364.87
1789111800000,365,365,364.53,364.65
1789112700000,364.65,364.85,364.38,364.7
1789113600000,364.2,365.47,361.7,364.34
1789114500000,364.4277,365.17,364.17,364.52
1789115400000,364.65,365.25,364.65,364.92
1789116300000,365.08,365.2,364.905,365.09
1789117200000,365.1,365.31,364.82,364.82
1789118100000,364.9,365.2,364.6,364.61
1789119000000,364.64,364.84,364.5,364.6
1789119900000,364.6,365.175,364.501,365.1
1789120800000,365.01,365.4,364.56,364.9768
1789121700000,364.8542,365,364.6,364.62
1789122600000,364.6492,364.9232,364.6212,364.785
1789123500000,364.8,364.93,364.62,364.88
1789124400000,364.83,364.9,362.1,362.76
1789125300000,362.81,363.2,361.9,362.3985
1789126200000,362.39,362.9,360.93,361.2677
1789127100000,361.26,361.738,360.14,361.5611
1789128000000,361.61,362.49,361.2482,362.13
1789128900000,362.2,363.96,362,363.6704
1789129800000,363,363.61,361.04,362.77
1789130700000,362.53,364.97,362.15,364.7035
1789131600000,364.9,365.59,364,364.2
1789132500000,364.15,364.3,363.2324,364.03
1789133400000,363.8,368.66,361.6,367.075
1789134300000,367.075,368.4,363.71,368.4
1789135200000,368.31,368.42,364.63,365.08
1789136100000,365.0001,366.55,363.09,366.435
1789137000000,366.435,366.5,363.86,364.78
1789137900000,364.785,366.21,364.1001,364.91
1789138800000,364.8,366.11,364.74,365.7398
1789139700000,365.7257,367.23,365.11,366.33
1789140600000,366.23,366.3386,365.4,365.5
1789141500000,365.45,365.628,364.29,365.12
1789142400000,365.18,366.59,364.9005,365.07
1789143300000,365.08,365.2,364,365.06
1789144200000,365.0305,365.8099,364.42,365.375
1789145100000,365.38,365.71,364.6803,364.82
1789146000000,364.84,365.5,364.53,365.365
1789146900000,365.375,366,365.2512,365.95
1789147800000,366,366.55,365.19,365.37
1789148700000,365.37,365.65,364.88,365.12
1789149600000,365.12,365.38,364.68,365.35
1789150500000,365.3288,365.58,364.77,365.0101
1789151400000,365.065,365.25,364.4,364.65
1789152300000,364.635,365.2505,364,365.225
1789153200000,365.2502,365.39,364.2,365.03
1789154100000,365.05,365.12,364.05,364.1106
1789155000000,364.1105,366.5,364.09,366.07
1789155900000,366.059,366.23,365.07,365.44
1789156800000,365.51,365.57,364.81,365.0097
1789157700000,365.01,365.44,364.99,365.08
1789158600000,365.04,365.44,365.01,365.1456
1789159500000,365.1437,365.227,365.09,365.18
1789160400000,365.21,365.22,365.05,365.0721
1789161300000,365.0653,365.1514,364.62,364.9419
1789162200000,364.8181,364.96,364.62,364.73
1789163100000,364.704,364.88,364.6,364.75
1789164000000,364.74,364.88,364.7,364.88
1789164900000,364.85,364.95,364.7363,364.95
1789165800000,364.95,364.95,364.8,364.85
1789166700000,364.86,364.97,364.8,364.9389
1789167600000,364.93,364.97,364.82,364.9354
1789168500000,364.93,364.94,364.82,364.88
1789169400000,364.82,365.08,364.82,365.02
1789170300000,365.002,365.251,365.002,365.25
1789172100000,364.99,365.3,364.98,365.3
1789174800000,365.3,365.3,365.3,365.3
1789176600000,365.3,365.3,364.82,364.82
1789177500000,364.8,364.8,364.8,364.8
1789179300000,364.9,364.9,364.77,364.77
1789180200000,364.9,365.3,364.55,364.69
1789181100000,364.69,365.3,364.69,365.3
1789182000000,365.3,365.3,365.3,365.3
1789184700000,365.3,365.3,365.3,365.3
1789185600000,365.3,365.3,365.3,365.3
1789186500000,365.46,365.46,364.47,364.66
1789187400000,364.62,365.46,364.36,364.52
1789188300000,364.55,364.55,364.55,364.55
1789190100000,364.57,364.57,364.57,364.57
1789191000000,365.46,365.46,364.52,365.46
1789191900000,365.46,365.46,365.46,365.46
1789192800000,364.46,365.46,364.46,365.46
1789196400000,365.46,365.46,364.5,364.5
1789198200000,365.46,365.46,364.27,364.4
1789199100000,364.4,365.46,364.21,364.34
1789200000000,364.34,364.4,364.34,364.4
1789200900000,364.4,365.46,364.38,364.49
1789201800000,364.53,365.46,364.34,364.34
1789202700000,364.43,364.43,364.38,364.38
1789208100000,365.46,365.46,365.46,365.46
1789209000000,364.38,364.38,364.38,364.38
1789218000000,365.46,365.46,364.3,365.3
1789220700000,365.33,365.37,365.25,365.25
1789221600000,365.37,365.49,365.19,365.26
1789223400000,365.55,365.56,365.54,365.54
1789224300000,365.57,365.57,365.57,365.57
1789225200000,365.59,365.59,365.59,365.59
1789226100000,365.66,365.66,365.66,365.66
1789228800000,365.66,365.89,365.26,365.76
1789229700000,365.76,365.76,365.76,365.76
1789230600000,365.76,365.76,365.26,365.26
1789231500000,365.76,365.76,365.19,365.19
1789232400000,365.45,365.45,365,365
1789238700000,365.45,369.3,365.19,369.2
1789239600000,369.25,369.41,368.45,368.46
1789240500000,368.42,368.42,368.32,368.32
1789242300000,368.45,368.45,368.45,368.45
1789243200000,368.32,368.32,367.16,367.16
1789244100000,367.38,367.38,367.38,367.38
1789254000000,367.04,367.04,367.04,367.04
1789254900000,367.38,367.38,367.38,367.38
1789255800000,367.2,367.28,367.16,367.16
1789256700000,367.21,367.22,367.21,367.22
1789257600000,367.16,367.16,367.12,367.12
1789261200000,367.16,367.26,367.11,367.11
1789262100000,367.11,367.26,367.1,367.1
1789263000000,367.25,367.39,367.22,367.39
1789263900000,367.4,367.48,367.4,367.48
1789266600000,367.49,367.49,367.49,367.49
1789268400000,367.49,367.54,367.49,367.54
1789269300000,367.54,367.54,367.24,367.24
1789271100000,367.24,367.24,367.24,367.24
1789272000000,367.61,367.61,367.12,367.2
1789273800000,367.28,367.28,366.94,366.94
1789278300000,366.94,366.97,366.83,366.87
1789279200000,366.64,366.67,366.64,366.67
1789280100000,366.7,366.7,366.57,366.57
1789281900000,366.64,366.64,366.64,366.64
1789282800000,366.74,366.74,366.59,366.59
1789289100000,366.68,366.68,365.3,365.67
1789294500000,365.63,365.63,365.09,365.09
1789295400000,365,365,364.96,364.96
1789298100000,364.95,364.95,364.46,364.46
1789302600000,364.5,364.5,363.38,363.38
1789303500000,363.47,363.47,363.44,363.44
1789304400000,363.56,363.56,363.56,363.56
1789307100000,363.56,363.6,363.44,363.5
1789309800000,363.56,363.6,363.56,363.6
1789311600000,363.6,363.69,363.36,363.4
1789312500000,363.5,363.53,363.07,363.14
1789313400000,363.2,363.26,363,363
1789315200000,363.12,363.2,362.94,362.94
1789316100000,363.09,363.2,362.99,363.2
1789317000000,363.2,363.2,362.99,362.99
1789318800000,363.2,363.2,362.96,363.07
1789319700000,363.02,363.11,363.02,363.02
1789320600000,363.11,363.21,362.98,363.21
1789321500000,362.98,363.21,362.83,362.92
1789322400000,362.97,362.97,362.92,362.92
1789323300000,362.92,362.92,362.92,362.92
1789324200000,362.97,363.04,362.89,362.95
1789325100000,363,363.14,362.68,362.68
1789326000000,362.87,362.87,362.28,362.28
1789328700000,362.67,362.67,362.67,362.67
1789338600000,362.67,363.53,362.48,363.53
1789339500000,363.53,364.21,363.53,364.21
1789342200000,364.18,364.18,363.12,363.18
1789343100000,363.19,363.19,362.54,362.54
1789344000000,361.49,362.62,360.7,360.87
1789344900000,360.99,361.06,359.55,359.71
1789345800000,359.76,360.3,359.62,360.27
1789346700000,360.25,360.69,360.03,360.03
1789347600000,360.03,360.4,359.83,359.86
1789348500000,359.84,360.12,358.77,359.65
1789349400000,359.62,360.02,359.31,360.02
1789350300000,360.07,360.87,360.07,360.8
1789351200000,360.87,361.23,360.69,361.14
1789352100000,361.21,361.65,360.92,361.3
1789353000000,361.29,361.41,360.68,360.71
1789353900000,360.71,361.49,360.71,361.35
1789354800000,361.2,361.48,360.7,360.77
1789355700000,360.72,360.78,359.99,360.39
1789356600000,360.39,360.57,360.23,360.55
1789357500000,360.55,361.06,360.55,360.87
1789358400000,360.87,360.89,360.66,360.75
1789359300000,360.68,360.76,360.55,360.55
1789360200000,360.55,360.59,360.16,360.16
1789361100000,360.18,360.68,360.1,360.54
1789362000000,360.54,360.56,360.31,360.47
1789362900000,360.48,360.5,359.93,359.97
1789363800000,359.95,360.12,359.66,359.9
1789364700000,359.9,360.33,359.87,360.33
1789365600000,360.38,360.9,360.34,360.81
1789366500000,360.83,361.34,360.73,361
1789367400000,361,361.09,360.73,360.8
1789368300000,360.82,360.83,360.43,360.52
1789369200000,360.57,360.59,360.01,360.55
1789370100000,360.42,360.96,360.33,360.75
1789371000000,360.65,360.78,359.89,360
1789371900000,360.01,360.18,359.63,359.96
1789372800000,360.2,361.3922,358.1,358.4333
1789373700000,358.4537,358.88,358.05,358.05
1789374600000,358.0623,358.8,358.01,358.7662
1789375500000,358.69,358.77,358.03,358.49
1789376400000,358.79,358.8417,358.2503,358.5294
1789377300000,358.52,358.61,357.5287,357.76
1789378200000,357.8957,358.2,357.68,357.8477
1789379100000,357.84,358.4,357.7,358.0342
1789380000000,358.17,358.68,358,358.62
1789380900000,358.51,359.295,358.47,359.15
1789381800000,359.1,359.78,359,359.54
1789382700000,359.5032,359.9902,359.3,359.62
1789383600000,359.78,360.4157,359.47,359.51
1789384500000,359.5,360.96,359.5,360.65
1789385400000,360.6,360.82,359.622,359.86
1789386300000,359.92,359.97,359.24,359.5
1789387200000,359.5,359.55,358.72,358.89
1789388100000,358.85,358.96,358.6,358.93
1789389000000,358.96,359.51,358.55,359.28
1789389900000,359.4374,359.51,358.7,359.09
1789390800000,359.1272,359.1272,358.01,358.5299
1789391700000,358.43,359.97,357.99,359.72
1789392600000,359.95,367.73,359.13,361.815
1789393500000,361.73,362.42,359.9101,360.21
1789394400000,360.225,361.8,359.7601,360.9
1789395300000,360.81,361.0601,357.04,358.338
1789396200000,358.2917,359.23,357.7,358.76
1789397100000,358.71,359.38,358.06,358.57
1789398000000,358.61,359.8,358.4285,359.43
1789398900000,359.4408,360.77,359.1783,360.1368
1789399800000,360.115,363.7001,359.9001,363.4
1789400700000,363.4072,363.9,363.06,363.1542
1789401600000,363.1745,364.22,362.33,362.47
1789402500000,362.4738,364.1,362.4301,363.245
1789403400000,363.2893,363.354,362.2,362.295
1789404300000,362.2852,363.71,361.94,362.7555
1789405200000,362.775,363.1099,362.3806,362.665
1789406100000,362.655,363.25,362.25,362.9093
1789407000000,362.86,363.03,362.25,362.6
1789407900000,362.63,362.72,362.09,362.27
1789408800000,362.3,362.5,361.27,361.45
1789409700000,361.445,361.47,360.84,361.1
1789410600000,361.0775,361.22,360.64,360.895
1789411500000,360.87,361.14,360.62,360.85
1789412400000,360.83,361.07,359.65,359.7
1789413300000,359.696,360.4926,359.37,360.31
1789414200000,360.295,360.64,360.06,360.39
1789415100000,360.37,360.49,358.53,358.97
1789416000000,358.97,359.14,358.5,359.1
1789416900000,358.97,359.3,358.93,359.22
1789417800000,359.2528,359.7395,358.97,359.46
1789418700000,359.46,359.62,359.425,359.5376
1789419600000,359.52,359.62,359.45,359.52
1789420500000,359.47,359.65,359.35,359.55
1789421400000,359.522,359.61,359.45,359.511
1789422300000,359.5463,359.86,359.4612,359.8228
1789423200000,359.85,359.88,359.65,359.822
1789424100000,359.7938,359.85,359.6,359.799
1789425000000,359.7,359.8,359.641,359.7012
1789425900000,359.7088,359.88,359.7,359.8037
1789426800000,359.8363,359.84,359.6987,359.7722
1789427700000,359.71,359.79,359.66,359.72
1789428600000,359.76,359.89,359.72,359.73
1789429500000,359.73,359.89,359.65,359.89
1789430400000,359.78,359.99,359.36,359.97
1789431300000,359.95,360.15,359.52,360.07
1789432200000,360.09,360.49,359.91,360.42
1789433100000,360.42,360.6,359.75,359.83
1789434000000,359.84,360.19,359.67,359.91
1789434900000,359.92,360.07,359.7,359.73
1789435800000,359.8,359.89,359.25,359.44
1789436700000,359.44,359.8,359.42,359.76
1789437600000,359.7,359.85,359.54,359.7
1789438500000,359.7,359.77,359.66,359.76
1789439400000,359.74,359.8,359.65,359.69
1789440300000,359.66,359.74,359.51,359.63
1789441200000,359.63,359.64,359.34,359.41
1789442100000,359.44,359.44,359.29,359.32
1789443000000,359.38,359.6,359.33,359.56
1789443900000,359.58,359.65,359.38,359.45
1789444800000,359.45,359.61,359.45,359.54
1789445700000,359.51,359.58,359.43,359.43
1789446600000,359.55,359.85,359.44,359.62
1789447500000,359.62,359.62,359.1,359.1
1789448400000,359.15,359.3,358.6,358.6
1789449300000,358.58,358.73,358.37,358.67
1789450200000,358.72,359,358.6,358.95
1789451100000,359,359.21,358.88,358.88
1789452000000,358.99,359.2,358.91,359.17
1789452900000,359.17,359.25,358.9,358.97
1789453800000,358.93,358.93,358.52,358.61
1789454700000,358.53,358.73,358.4,358.62
1789455600000,358.6,358.74,358.34,358.48
1789456500000,358.45,358.97,358.34,358.7
1789457400000,358.7,358.88,357.94,358
1789458300000,358,358.1,357.75,357.93
1789459200000,358.38,359.88,356.7,356.8
1789460100000,357.03,357.7988,356.7912,357.338
1789461000000,357.29,357.7875,357,357.47
1789461900000,357.57,357.57,357.1947,357.2
1789462800000,357.3,357.7885,357.0595,357.44
1789463700000,357.4694,357.4694,356.79,357.04
1789464600000,356.9667,357.88,356.9667,357.727
1789465500000,357.88,358.38,357.46,357.88
1789466400000,358.14,358.6997,358,358.05
1789467300000,358.0012,358.36,357.92,358.06
1789468200000,358.0069,358.4712,357.9977,358.3
1789469100000,358.489,358.8027,358.149,358.8027
1789470000000,358.8,359.65,358.73,359.37
1789470900000,359.4,359.44,358.5,358.79
1789471800000,358.73,358.85,358.1301,358.44
1789472700000,358.3544,358.98,358.23,358.7434
1789473600000,358.59,359.51,358.5,359.5
1789474500000,359.4347,359.49,358.5,359.0777
1789475400000,359.0719,359.1506,358.5,358.78
1789476300000,358.8,359.38,358.04,358.6
1789477200000,358.6047,359.38,358.4,359.17
1789478100000,359.17,359.35,358.16,358.7
1789479000000,358.725,362.11,354.6313,361.05
1789479900000,361.08,362,358.63,359.15
1789480800000,359.1,360.19,358.16,359.07
1789481700000,359.05,359.965,358.67,359.29
1789482600000,359.25,359.29,357.63,357.778
1789483500000,357.8258,358.42,355.88,357.61
1789484400000,357.5609,359.98,357.5501,359.175
1789485300000,359.12,361.94,358.8501,360.84
1789486200000,360.93,361.14,359.6238,360.74
1789487100000,360.6,362.39,360.23,361.115
1789488000000,361.165,361.98,360.6201,360.816
1789488900000,360.82,361.25,359.89,361.1794
1789489800000,361.3,361.72,359.8001,360.12
1789490700000,360.1,361.54,358.88,360.495
1789491600000,360.55,360.55,358.65,359.45
1789492500000,359.45,360.3,358.85,359.125
1789493400000,359.0501,359.38,355.16,357.36
1789494300000,357.34,357.7,356.2791,357.375
1789495200000,357.38,358.11,356.8,357.41
1789496100000,357.42,358.18,357.17,358.0001
1789497000000,358.04,358.08,356.88,357.16
1789497900000,357.085,357.59,356.38,357.2655
1789498800000,357.25,357.38,355.9,356.285
1789499700000,356.2535,356.655,355.6001,355.96
1789500600000,355.93,356.0173,354.05,355.1465
1789501500000,355.13,356.76,354.4,356.58
1789502400000,356.7,358.5544,356,356.57
1789503300000,356.58,356.75,356.49,356.62
1789504200000,356.5852,356.81,356.58,356.6991
1789505100000,356.68,356.7,356.5217,356.5888
1789506000000,356.58,356.67,356.21,356.26
1789506900000,356.2,356.2,355.75,355.8
1789507800000,355.77,356,355.57,355.78
1789508700000,355.78,355.83,355.5912,355.7001
1789509600000,355.72,356.1,355.7,355.72
1789510500000,355.7178,356.09,355.7,356.01
1789511400000,356,356.4907,356,356.25
1789512300000,356.25,356.27,356.2,356.23
1789513200000,356.2288,356.23,356.01,356.06
1789514100000,356.04,356.1462,355.8,355.8095
1789515000000,355.88,356.15,355.77,355.965
1789515900000,356.01,356.13,355.7597,355.88
1789516800000,355.84,356.69,355.84,356.67
1789517700000,356.53,356.68,356.27,356.5
1789518600000,356.48,356.5,356.27,356.27
1789519500000,356.29,356.49,356.18,356.27
1789520400000,356.36,356.57,356,356.57
1789521300000,356.46,356.56,356.25,356.43
1789522200000,356.36,356.37,356.01,356.28
1789523100000,356.23,356.39,355.93,355.99
1789524000000,356.01,356.37,355.99,355.99
1789524900000,356.04,356.24,355.97,356.21
1789525800000,356.21,356.35,356.16,356.2
1789526700000,356.22,356.47,356.16,356.42
1789527600000,356.48,357.03,356.48,357.02
1789528500000,356.99,357.36,356.85,356.85
1789529400000,356.91,357.04,356.68,356.93
1789530300000,356.93,357.17,356.93,357.1
1789531200000,357.13,357.3,357.04,357.1
1789532100000,357.08,357.47,356.91,357.3
1789533000000,357.31,357.31,356.9,356.94
1789533900000,357.05,357.14,356.71,356.8
1789534800000,356.8,357,356.54,356.89
1789535700000,356.96,357.15,356.91,357.14
1789536600000,357.06,357.34,357.06,357.34
1789537500000,357.35,357.45,357.1,357.26
1789538400000,357.4,357.65,357.18,357.57
1789539300000,357.47,357.68,357.31,357.5
1789540200000,357.41,357.51,357.34,357.51
1789541100000,357.52,357.59,357.36,357.49
1789542000000,357.53,358.32,357.48,358.01
1789542900000,358.06,358.23,357.66,358.12
1789543800000,358.15,358.29,357.85,357.85
1789544700000,357.85,358.05,357.74,357.84
1789545600000,357.32,358.5,356.53,357.32
1789546500000,357.3,357.42,356.5,356.9925
1789547400000,356.9669,357.189,356.59,356.9
1789548300000,357,357.4988,356.8562,357.4988
1789549200000,357.43,357.465,357.05,357.25
1789550100000,357.4497,357.4497,356.61,356.88
1789551000000,356.9735,357.42,356.6575,357.08
1789551900000,357.08,357.4172,356.7817,357.4
1789552800000,357.4,357.4,356.5,357.1632
1789553700000,356.9012,357.1488,356.8692,357.0853
1789554600000,357.09,357.26,356.89,357.0412
1789555500000,357.2988,357.51,356.8912,357.5
1789556400000,357.565,358,357.23,357.35
1789557300000,357.35,357.5,357.0087,357.1504
1789558200000,357.23,358,357.05,357.66
1789559100000,357.6893,357.91,357.3063,357.85
1789560000000,357.8,358.39,357.6,358.09
1789560900000,358.07,358.4,357.9684,358.3
1789561800000,358.175,358.37,356.95,357.02
1789562700000,357.02,357.57,356.9,357.45
1789563600000,357.584,357.8,357,357.65
1789564500000,357.7,358.62,357.4,357.96
1789565400000,357.92,359.49,354.8913,359.29
1789566300000,359.2618,361.19,358.77,359.34
1789567200000,359.31,363.7,359.27,363.44
1789568100000,363.445,364.44,361.9,363.505
1789569000000,363.505,364.15,362.24,363.74
1789569900000,363.722,363.98,362.61,363.835
1789570800000,363.835,365.0499,363.6125,364.32
1789571700000,364.3465,364.47,362.7,363.11
1789572600000,363.11,363.1499,361.77,361.825
1789573500000,361.8042,363.213,361.77,362.33
1789574400000,362.31,362.45,361.51,361.715
1789575300000,361.6835,361.73,360.81,361.06
1789576200000,361.01,362.24,360.4401,361.97
1789577100000,361.97,363.102,361.92,362.35
1789578000000,362.355,362.4,361.3101,361.74
1789578900000,361.74,362.15,360.76,361.45
1789579800000,361.57,361.69,360.27,360.3428
1789580700000,360.36,360.9999,360.27,360.895
1789581600000,360.895,362.89,359.58,360.54
1789582500000,360.55,361.12,360.22,360.77
1789583400000,360.71,360.94,357.79,359.4599
1789584300000,359.45,360.0628,356.42,356.495
1789585200000,356.495,358.1,355.44,355.665
1789586100000,355.61,356.28,355,356.185
1789587000000,356.185,358.3699,356.1101,357.77
1789587900000,357.76,359.3,357.09,358.08
1789588800000,358.13,358.468,357.5,358.2911
1789589700000,358.14,358.33,358,358.27
1789590600000,358.23,358.27,358.08,358.2554
1789591500000,358.1829,358.27,357.931,358.069
1789592400000,358.1,358.3,357.88,358.2441
1789593300000,358.27,358.33,358.15,358.22
1789594200000,358.279,358.49,358.22,358.4
1789595100000,358.48,358.5,358.27,358.3
1789596000000,358.3,358.5,358.15,358.4012
1789596900000,358.45,359.04,358.25,359
1789597800000,359.08,359.35,358.96,359.2
1789598700000,359.23,359.27,358.28,358.4599
1789599600000,358.45,358.49,358.16,358.2999
1789600500000,358.28,359.24,358.2,359.15
1789601400000,359.14,359.44,358.9733,359.35
1789602300000,359.35,359.96,359.35,359.86
1789603200000,359.64,360.21,359.58,359.64
1789604100000,359.63,360,359.6,359.9
1789605000000,359.89,360.38,359.89,360.31
1789605900000,360.3,360.87,360.2,360.8
1789606800000,360.8,360.9,360.48,360.64
1789607700000,360.52,360.52,360.16,360.29
1789608600000,360.28,360.7,360.23,360.5
1789609500000,360.45,360.65,360.03,360.22
1789610400000,360.25,360.4,359.96,359.96
1789611300000,359.99,360.06,359.73,359.84
1789612200000,359.82,360.77,359.81,360.74
1789613100000,360.73,360.8,360.21,360.47
1789614000000,360.46,360.75,360.44,360.7
1789614900000,360.63,360.84,360.42,360.83
1789615800000,360.79,360.95,360.72,360.93
1789616700000,360.92,361.06,360.72,360.91
1789617600000,360.9,361.16,360.88,361.16
1789618500000,361.12,361.15,360.83,360.91
1789619400000,360.9,361.15,360.8,361.05
1789620300000,361.06,361.17,360.86,360.95
1789621200000,360.91,361.11,360.91,360.92
1789622100000,360.92,361,360.87,360.9
1789623000000,360.9,360.9,360.1,360.23
1789623900000,360.29,360.4,359.92,359.92
1789624800000,359.92,360.39,359.9,360.35
1789625700000,360.28,360.91,360.13,360.88
1789626600000,360.89,361.06,360.87,361
1789627500000,361,361.08,360.86,361.08
1789628400000,361.06,363,361.05,362.95
1789629300000,362.95,363.51,362.87,363.38
1789630200000,363.38,363.95,362.69,362.82
1789631100000,362.82,362.9,362.48,362.6
1789632000000,362.49,363.95,359.9,362.32
1789632900000,362.4988,362.8,362.22,362.55
1789633800000,362.53,363.1,362.37,362.72
1789634700000,362.86,363.4988,362.83,363.0912
1789635600000,363.24,363.5442,363.09,363.15
1789636500000,363.08,363.14,362.62,362.85
1789637400000,362.87,362.93,362.58,362.6212
1789638300000,362.79,363.1,362.5,362.81
1789639200000,362.84,363.29,362.8,362.95
1789640100000,363.05,363.15,362.8,362.93
1789641000000,362.96,363.05,362.52,362.605
1789641900000,362.5898,362.75,362.3677,362.62
1789642800000,362.62,362.79,362.26,362.65
1789643700000,362.65,363.02,362.17,362.7543
1789644600000,362.8,363.11,362.5588,362.8416
1789645500000,362.81,364.5,362.72,364.24
1789646400000,364.17,365.2,364.0201,364.86
1789647300000,364.81,365.38,364.27,365.0907
1789648200000,365.04,365.6,364.91,364.9173
1789649100000,365,365.05,364.44,364.55
1789650000000,364.578,365.5,364.44,365.3
1789650900000,365.25,367.89,365,367.6
1789651800000,367.59,371.29,363.22,365.22
1789652700000,365.25,369.69,364.14,369.66
1789653600000,369.7,374.12,368.09,373.538
1789654500000,373.51,373.73,369.93,370.975
1789655400000,370.975,371.52,369.61,369.77
1789656300000,369.8127,369.99,368.12,368.585
1789657200000,368.65,368.65,364.24,364.5494
1789658100000,364.5,366.98,364.01,366.5
1789659000000,366.515,367.34,365.65,366.99
1789659900000,366.99,369.25,366.6,369.1671
1789660800000,369.13,369.6,367.82,368.3799
1789661700000,368.33,368.38,367.47,367.66
1789662600000,367.74,367.76,367,367.4499
1789663500000,367.43,367.46,366.13,366.785
1789664400000,366.81,368.04,366.55,367.14
1789665300000,367.135,368.17,366.91,367.72
1789666200000,367.75,368.82,367.51,367.74
1789667100000,367.6651,368.34,367.57,368.03
1789668000000,368.08,368.38,367.39,367.4605
1789668900000,367.495,367.69,366.6801,366.775
1789669800000,366.72,366.82,365.65,365.745
1789670700000,365.74,367,365.72,366.88
1789671600000,366.845,367.5,366.42,367.18
1789672500000,367.14,367.165,366.2,366.815
1789673400000,366.79,367.34,366.39,366.8399
1789674300000,366.8,367.47,365.96,366.2
1789675200000,366.03,366.56,365.61,365.85
1789676100000,366,366.2,365.81,365.83
1789677000000,365.9,366.2,365.81,365.98
1789677900000,365.99,366.05,365.8,365.9675
1789678800000,365.93,366.2,365.8725,366.06
1789679700000,366.06,366.27,366,366.1
1789680600000,366.0379,366.11,366.0312,366.07
1789681500000,366.051,366.4,366.05,366.29
1789682400000,366.24,366.369,365.92,365.93
1789683300000,365.9468,365.95,365.69,365.69
1789684200000,365.69,365.71,365.4,365.461
1789685100000,365.62,365.62,365.12,365.405
1789686000000,365.6,365.8673,365.41,365.67
1789686900000,365.74,365.8,365.5,365.52
1789687800000,365.53,365.75,365.5,365.53
1789688700000,365.5,365.82,365.4,365.65
1789689600000,365.59,366.06,365.29,365.52
1789690500000,365.53,365.66,365.41,365.5
1789691400000,365.5,365.77,365.3,365.41
1789692300000,365.41,365.47,365.15,365.27
1789693200000,365.27,365.33,365.1,365.19
1789694100000,365.19,365.19,365,365.05
1789695000000,365.02,365.53,365,365.32
1789695900000,365.32,365.59,365.32,365.59
1789696800000,365.59,365.7,365.45,365.59
1789697700000,365.65,365.86,365.59,365.84
1789698600000,365.84,366.06,365.73,366.03
1789699500000,366.01,366.36,365.98,366.06
1789700400000,366.06,366.6,366.01,366.55
1789701300000,366.56,366.97,366.39,366.8
1789702200000,366.85,367.14,366.72,367.1
1789703100000,367.14,367.35,366.98,367.02
1789704000000,367.03,367.2,367,367.12
1789704900000,367.16,367.34,367.13,367.31
1789705800000,367.31,367.42,367.2,367.35
1789706700000,367.3,367.47,367.14,367.43
1789707600000,367.42,367.8,367.4,367.8
1789708500000,367.83,367.96,367.53,367.79
1789709400000,367.84,368.05,367.84,368
1789710300000,368.1,368.24,367.81,367.94
1789711200000,367.94,368.25,367.9,368.25
1789712100000,368.25,368.3,367.99,368.01
1789713000000,368.09,368.35,368.06,368.17
1789713900000,368.2,368.43,368.15,368.43
1789714800000,368.41,369.4,368.32,369.19
1789715700000,369.22,369.96,369.2,369.9
1789716600000,369.93,370,369.13,369.17
1789717500000,369.17,369.45,369.1,369.25
1789718400000,369.5,370,366.2,368.3139
1789719300000,368.38,369,368.32,368.43
1789720200000,368.34,369.39,368.34,368.85
1789721100000,368.85,369.09,368.7547,368.85
1789722000000,368.78,368.9488,368.51,368.6906
1789722900000,368.56,368.86,368.3,368.3
1789723800000,368.3488,368.3948,367.7795,367.81
1789724700000,368.008,368.23,367.88,368.15
1789725600000,368.0499,368.2573,367.88,368.2032
1789726500000,368.25,368.3975,368.1288,368.18
1789727400000,368.25,368.6,368.2012,368.4393
1789728300000,368.54,368.7,368.33,368.48
1789729200000,368.51,369.1,366.2,368.5
1789730100000,368.22,368.4399,367.35,368.05
1789731000000,368.1,368.41,368.0247,368.35
1789731900000,368.35,368.59,368.16,368.2
1789732800000,368.33,368.6,367.51,367.55
1789733700000,367.57,367.79,367.01,367.219
1789734600000,367.2,367.8221,367.01,367.45
1789735500000,367.4,367.8702,367.25,367.482
1789736400000,367.5155,367.5582,367.25,367.4973
1789737300000,367.45,369.7,366.66,368.85
1789738200000,369.28,370.4,365.6,369.16
1789739100000,369.18,370.9,365.42,365.64
1789740000000,365.5605,366.1,360.96,361.175
1789740900000,361.21,365.31,360.751,365.1092
1789741800000,365.0785,366.75,363.65,366.5
1789742700000,366.51,368.77,365.675,367.705
1789743600000,367.705,368.76,365.28,365.28
1789744500000,365.296,365.61,362.78,363.18
1789745400000,363.1999,363.2398,361.66,362.165
1789746300000,362.165,363.33,361.89,363.0244
1789747200000,363.04,363.24,362.4,362.7121
1789748100000,362.72,363.26,361.482,362.72
1789749000000,362.72,362.98,362.3001,362.88
1789749900000,362.89,363.46,362.45,362.98
1789750800000,362.91,363,362.25,362.73
1789751700000,362.695,363.0805,362.53,362.775
1789752600000,362.79,363.2,362.32,362.94
1789753500000,362.95,363.974,362.87,363.715
1789754400000,363.715,363.75,362.3401,362.465
1789755300000,362.4865,364.08,362.43,363.68
1789756200000,363.69,364.06,362.75,363.2352
1789757100000,363.3,364.1,362.95,364
1789758000000,364.01,364.24,363.56,364.06
1789758900000,364.09,364.98,363.4017,363.68
1789759800000,363.65,363.73,361.6003,362.6159
1789760700000,362.625,365.81,362.51,364.27
1789761600000,364.21,364.7,363.8,363.905
1789762500000,363.93,364.27,363.8301,364.15
1789763400000,364.07,364.29,364,364.21
1789764300000,364.23,365.5226,364,364.1626
1789765200000,364.2,365.5226,364.0037,364.128
1789766100000,364.13,364.3,364.11,364.26
1789767000000,364.2541,364.3,364.13,364.19
1789767900000,364.19,364.26,364.13,364.19
1789768800000,364.181,364.181,363.98,364.11
1789769700000,364.1138,364.15,363.75,363.8396
1789770600000,363.8475,364,363.75,363.8199
1789771500000,363.81,363.82,363.66,363.69
1789772400000,363.6872,364,363.68,363.98
1789773300000,363.99,364.17,363.98,364.04
1789774200000,364.07,364.13,364,364
1789775100000,364,364.19,363.8485,364.18
1789779600000,364,364,364,364
1789784100000,364,364.39,364,364.39
1789785000000,364.39,364.5,364.39,364.45
1789785900000,364.39,364.39,364.39,364.39
1789786800000,364.45,364.49,364.45,364.49
1789789500000,364.49,364.49,364.49,364.49
1789790400000,364.54,364.54,364.54,364.54
1789791300000,364.49,364.49,364.49,364.49
1789792200000,364.53,364.53,364.49,364.49
1789794000000,364.51,364.51,364.51,364.51
1789794900000,364.49,364.49,364.49,364.49
1789795800000,364.51,364.51,364.51,364.51
1789796700000,364.49,364.49,364.49,364.49
1789804800000,364.51,364.56,364.49,364.49
1789805700000,364.5,364.5,364.5,364.5
1789807500000,364.5,364.71,364.43,364.47
1789815600000,364.47,364.47,364.47,364.47
1789820100000,364.54,364.54,364.54,364.54
1789822800000,364.54,364.54,364.54,364.54
1789823700000,364.54,364.54,364.54,364.54
1789826400000,364.54,364.57,364.54,364.57
1789828200000,364.48,364.58,364.48,364.58
1789830000000,364.48,364.48,364.48,364.48
1789833600000,364.61,364.61,364.55,364.55
1789835400000,364.55,364.59,364.47,364.59
1789836300000,364.61,364.61,364.54,364.54
1789837200000,364.55,364.67,364.55,364.67
1789838100000,364.7,364.76,364.7,364.76
1789839900000,364.78,364.91,364.78,364.85
1789842600000,364.79,364.79,364.74,364.74
1789843500000,364.74,364.74,364.74,364.74
1789844400000,364.74,364.85,364.74,364.85
1789856100000,364.89,364.94,364.89,364.94
1789858800000,364.94,364.94,364.84,364.88
1789865100000,364.88,364.91,364.88,364.91
1789869600000,364.91,364.91,364.91,364.91
1789871400000,364.91,364.91,364.91,364.91
1789873200000,364.91,364.91,364.26,364.26
1789874100000,364.26,364.56,364.26,364.26
1789875000000,364.56,364.56,364.26,364.26
1789876800000,364.4,364.4,364.4,364.4
1789878600000,364.4,364.4,364.4,364.4
1789883100000,364.2,364.2,363.79,364
1789885800000,364.01,364.01,364.01,364.01
1789887600000,364.08,364.08,364.08,364.08
1789889400000,364.08,364.37,363.95,363.97
1789890300000,364.07,364.07,364.07,364.07
1789891200000,364.07,364.07,364.07,364.07
1789892100000,364.11,364.11,364.11,364.11
1789894800000,364.11,364.11,364.11,364.11
1789900200000,364.11,364.11,364.11,364.11
1789904700000,364.01,364.08,364.01,364.01
1789909200000,364.11,364.37,364.11,364.37
1789910100000,364.37,364.37,364.37,364.37
1789912800000,364.37,364.37,364.37,364.37
1789913700000,364.01,364.01,363.82,363.84
1789914600000,363.93,363.93,363.93,363.93
1789916400000,363.93,363.93,363.93,363.93
1789919100000,363.93,363.93,363.93,363.93
1789920000000,363.93,363.93,363.93,363.93
1789920900000,363.93,363.97,363.93,363.97
1789921800000,363.97,363.97,363.97,363.97
1789922700000,363.97,363.97,363.97,363.97
1789924500000,364.37,364.37,363.84,363.84
1789927200000,364.37,364.37,364.37,364.37
1789928100000,364.37,364.37,364.37,364.37
1789930800000,364.37,364.37,364.37,364.37
1789940700000,364.37,364.37,364.37,364.37
1789941600000,364.37,364.51,364.37,364.51
1789942500000,364.6,364.64,364.57,364.58
1789943400000,364.64,364.82,364.64,364.82
1789947000000,364.85,364.85,364.85,364.85
1789948800000,364.91,366.96,364.91,366.31
1789949700000,366.29,366.68,365.9,366.6
1789950600000,366.69,366.83,366.5,366.67
1789951500000,366.65,366.95,366.63,366.82
1789952400000,366.77,367.4,366.71,367
1789953300000,367,367.15,366.97,366.98
1789954200000,366.96,366.96,366.23,366.37
1789955100000,366.37,366.5,366,366
1789956000000,366,366.36,365.92,366.25
1789956900000,366.25,366.47,366.2,366.46
1789957800000,366.45,366.45,366.17,366.2
1789958700000,366.23,366.48,366.1,366.2
1789959600000,366.25,366.49,366.18,366.3
1789960500000,366.37,366.37,366.22,366.23
1789961400000,366.22,366.29,365.99,366.27
1789962300000,366.27,366.34,366.11,366.29
1789963200000,366.26,366.44,366.2,366.43
1789964100000,366.43,366.96,366.41,366.83
1789965000000,366.85,366.9,366.5,366.7
1789965900000,366.66,367,366.61,366.75
1789966800000,366.81,366.81,366.51,366.77
1789967700000,366.78,367.19,366.63,367.19
1789968600000,367.19,367.55,366.93,367.31
1789969500000,367.31,367.42,367.21,367.3
1789970400000,367.31,367.69,367.31,367.46
1789971300000,367.45,367.8,367.45,367.55
1789972200000,367.55,367.96,367.55,367.84
1789973100000,367.89,368.07,367.7,368
1789974000000,368.01,368.14,367.69,367.81
1789974900000,367.79,368.29,367.69,368.27
1789975800000,368.21,368.23,368,368.07
1789976700000,368.03,368.53,368.02,368.5
1789977600000,368.24,369.51,366.25,369.49
1789978500000,369.43,369.5955,369.1,369.3294
1789979400000,369.26,369.685,369.11,369.65
1789980300000,369.61,369.69,369.3,369.61
1789981200000,369.656,370.2955,369.56,370.0389
1789982100000,370.07,370.35,369.92,370.3
1789983000000,370.32,370.44,369.71,369.82
1789983900000,369.85,370,369.536,369.85
1789984800000,369.85,370.23,369.69,370.1
1789985700000,370.1,370.21,369.6512,369.654
1789986600000,369.65,369.84,369.45,369.48
1789987500000,369.47,369.47,369.1,369.2
1789988400000,369.14,369.391,368.67,368.8935
1789989300000,368.9,369.24,368.7,369.17
1789990200000,369.2,369.8,369,369.6
1789991100000,369.75,369.95,369.6,369.91
1789992000000,369.914,370.0899,369.5,369.6981
1789992900000,369.5,369.8,369.11,369.32
1789993800000,369.4,369.69,369.04,369.68
1789994700000,369.6482,369.69,369.2,369.3599
1789995600000,369.3475,370.3,369.15,370.094
1789996500000,370.1,372.25,370.1,371.676
1789997400000,371.64,376.51,371.365,375.44
1789998300000,375.5,378.15,374.63,376.195
1789999200000,376.18,377.37,374.01,375.84
1790000100000,375.84,377.69,375.2001,377.415
1790001000000,377.4181,378.36,374.79,375.29
1790001900000,375.295,376.48,373.85,376.16
1790002800000,376.2898,376.3,374.62,375
1790003700000,374.955,375.2,374.46,374.735
1790004600000,374.735,374.83,373.94,374.25
1790005500000,374.23,375.55,373.99,375.22
1790006400000,375.215,375.5,374.12,374.965
1790007300000,375,375.4,374.29,374.92
1790008200000,374.85,375.29,374.05,374.09
1790009100000,374.11,374.37,373.4,374.03
1790010000000,373.9718,374.04,372.83,372.97
1790010900000,372.91,373.46,372.655,373.22
1790011800000,373.235,373.88,372.9,373.615
1790012700000,373.615,374.35,373.15,373.55
1790013600000,373.555,374.78,373.5501,374.545
1790014500000,374.545,375.05,374.21,374.41
1790015400000,374.475,375,373.87,374.94
1790016300000,374.94,376.23,374.88,375.84
1790017200000,375.845,375.95,375.2905,375.41
1790018100000,375.42,375.8,375.06,375.3338
1790019000000,375.25,376.58,375,375.04
1790019900000,375.07,375.88,373.4,375.3
1790020800000,375.3,375.89,375,375.21
1790021700000,375.22,375.3,374.7,375.0833
1790022600000,375.08,375.18,374.8537,374.95
1790023500000,374.93,375.1747,374.88,375.0839
1790024400000,374.9971,375.15,374.9,374.9372
1790025300000,374.91,375.3,374.85,374.99
